{"general_figure_info": {"figure_info": {"bbox": {"x": 207, "y": 92, "w": 571.5999755859375, "h": 443.0999755859375}}, "title": {"bbox": {"x": 15, "y": 12, "w": 433.1875, "h": 29.015625}, "text": "Child mortality by source, Ghana, 1985"}, "x_axis": {"major_labels": {"bboxes": [{"x": 102, "y": 172, "w": 100.53125, "h": 15.015625}, {"x": 10, "y": 394, "w": 192.03125, "h": 15.015625}], "values": ["UN IGME (2018)", "UN Population Division (2019)"]}}, "y_axis": {"major_labels": {"bboxes": [{"x": 196, "y": 542, "w": 23.421875, "h": 18}, {"x": 270, "y": 542, "w": 23.421875, "h": 18}, {"x": 344, "y": 542, "w": 23.4375, "h": 18}, {"x": 418, "y": 542, "w": 23.421875, "h": 18}, {"x": 493, "y": 542, "w": 23.4375, "h": 18}, {"x": 562, "y": 542, "w": 32.4375, "h": 18}, {"x": 637, "y": 542, "w": 32.4375, "h": 18}, {"x": 711, "y": 542, "w": 32.4375, "h": 18}], "values": ["0%", "2%", "4%", "6%", "8%", "10%", "12%", "14%"]}}}, "models": [{"name": "bars", "bboxes": [{"x": 207, "y": 92, "w": 571.5999755859375, "h": 177.239990234375}, {"x": 207, "y": 314, "w": 527.7999267578125, "h": 177.239990234375}], "y": ["15.4%", "14.22%"], "x": ["UN IGME (2018)", "UN Population Division (2019)"], "colors": ["#b13507", "#3c4e66"]}], "type": "h_bar"}