{"general_figure_info": {"figure_info": {"bbox": {"x": 97, "y": 77, "w": 682.2000122070312, "h": 458.6999816894531}}, "title": {"bbox": {"x": 15, "y": 12, "w": 504.96875, "h": 29.015625}, "text": "Tax reduction in income inequality (%), 2005"}, "x_axis": {"major_labels": {"bboxes": [{"x": 48, "y": 129, "w": 44.78125, "h": 15.015625}, {"x": 10, "y": 282, "w": 81.765625, "h": 15.015625}, {"x": 43, "y": 435, "w": 49.265625, "h": 15.015625}], "values": ["France", "Luxembourg", "Estonia"]}}, "y_axis": {"major_labels": {"bboxes": [{"x": 85, "y": 542, "w": 23.4375, "h": 18}, {"x": 189, "y": 542, "w": 23.4375, "h": 18}, {"x": 289, "y": 542, "w": 32.4375, "h": 18}, {"x": 394, "y": 542, "w": 32.4375, "h": 18}, {"x": 498, "y": 542, "w": 32.4375, "h": 18}, {"x": 603, "y": 542, "w": 32.4375, "h": 18}, {"x": 707, "y": 542, "w": 32.4375, "h": 18}], "values": ["0%", "5%", "10%", "15%", "20%", "25%", "30%"]}}}, "models": [{"name": "bars", "bboxes": [{"x": 97, "y": 77, "w": 682.2000122070312, "h": 122.32000732421875}, {"x": 97, "y": 230, "w": 650.5999755859375, "h": 122.32000732421875}, {"x": 97, "y": 382, "w": 450.79998779296875, "h": 122.32000732421875}], "y": ["32.66%", "31.15%", "21.58%"], "x": ["France", "Luxembourg", "Estonia"], "colors": ["#6d3e91", "#cf0a66", "#b13507"]}], "type": "h_bar"}