{"general_figure_info": {"figure_info": {"bbox": {"x": 95, "y": 92, "w": 652.7000122070312, "h": 443.0999755859375}}, "title": {"bbox": {"x": 15, "y": 12, "w": 307.640625, "h": 29.015625}, "text": "Inequality of incomes, 1986"}, "x_axis": {"major_labels": {"bboxes": [{"x": 11, "y": 128, "w": 80.265625, "h": 15.015625}, {"x": 30, "y": 239, "w": 60.515625, "h": 15.015625}, {"x": 27, "y": 350, "w": 63.515625, "h": 15.015625}, {"x": 42, "y": 460, "w": 48, "h": 15.015625}], "values": ["South Africa", "Mauritius", "Indonesia", "Finland"]}}, "y_axis": {"major_labels": {"bboxes": [{"x": 91, "y": 542, "w": 9.03125, "h": 18}, {"x": 184, "y": 542, "w": 18.03125, "h": 18}, {"x": 281, "y": 542, "w": 18.046875, "h": 18}, {"x": 378, "y": 542, "w": 18.03125, "h": 18}, {"x": 476, "y": 542, "w": 18.03125, "h": 18}, {"x": 573, "y": 542, "w": 18.046875, "h": 18}, {"x": 671, "y": 542, "w": 18.03125, "h": 18}], "values": ["0", "10", "20", "30", "40", "50", "60"]}}}, "models": [{"name": "bars", "bboxes": [{"x": 95, "y": 92, "w": 652.7000122070312, "h": 88.6199951171875}, {"x": 95, "y": 203, "w": 387.70001220703125, "h": 88.6199951171875}, {"x": 95, "y": 314, "w": 311.70001220703125, "h": 88.6199951171875}, {"x": 95, "y": 425, "w": 196.8000030517578, "h": 88.62002563476562}], "y": ["67.01 (1991)", "39.8", "32 (1987)", "20.2 (1987)"], "x": ["South Africa", "Mauritius", "Indonesia", "Finland"], "colors": ["#6d3e91", "#00847e", "#b13507", "#3c4e66"]}], "type": "h_bar"}