{"general_figure_info": {"figure_info": {"bbox": {"x": 248, "y": 92, "w": 539, "h": 415.70001220703125}}, "title": {"bbox": {"x": 15, "y": 12, "w": 590.484375, "h": 29.015625}, "text": "Share of food lost in post-harvest processes by region"}, "x_axis": {"major_labels": {"bboxes": [{"x": 94, "y": 102, "w": 148.53125, "h": 15.015625}, {"x": 72, "y": 148, "w": 171.03125, "h": 15.015625}, {"x": 118, "y": 195, "w": 125.296875, "h": 15.015625}, {"x": 204, "y": 241, "w": 38, "h": 15.015625}, {"x": 32, "y": 287, "w": 210.3125, "h": 15.015625}, {"x": 49, "y": 333, "w": 194.296875, "h": 15.015625}, {"x": 69, "y": 379, "w": 173.5625, "h": 15.015625}, {"x": 12, "y": 425, "w": 231.328125, "h": 15.015625}, {"x": 71, "y": 472, "w": 171.796875, "h": 15.015625}], "values": ["Central and South Asia", "North America and Europe", "Sub-Saharan Africa", "World", "Latin America and the Caribbean", "Western Asia and North Africa", "Oceania (excl. Aus and NZ)", "Eastern Asia and Southeastern Asia", "Australia and New Zealand"]}}, "y_axis": {"major_labels": {"bboxes": [{"x": 236, "y": 514, "w": 23.4375, "h": 18.015625}, {"x": 366, "y": 514, "w": 23.4375, "h": 18.015625}, {"x": 492, "y": 514, "w": 32.4375, "h": 18.015625}, {"x": 622, "y": 514, "w": 32.4375, "h": 18.015625}, {"x": 752, "y": 514, "w": 32.4375, "h": 18.015625}], "values": ["0%", "5%", "10%", "15%", "20%"]}}}, "models": [{"name": "bars", "bboxes": [{"x": 248, "y": 92, "w": 539, "h": 36.95111083984375}, {"x": 248, "y": 138, "w": 408.79998779296875, "h": 36.95111083984375}, {"x": 248, "y": 185, "w": 364.5, "h": 36.95111083984375}, {"x": 248, "y": 231, "w": 359.29998779296875, "h": 36.95111083984375}, {"x": 248, "y": 277, "w": 302, "h": 36.95111083984375}, {"x": 248, "y": 323, "w": 281.20001220703125, "h": 36.95111083984375}, {"x": 248, "y": 369, "w": 231.70001220703125, "h": 36.95111083984375}, {"x": 248, "y": 416, "w": 203.10000610351562, "h": 36.95111083984375}, {"x": 248, "y": 462, "w": 151, "h": 36.95111083984375}], "y": ["20.7%", "15.7%", "14%", "13.8%", "11.6%", "10.8%", "8.9%", "7.8%", "5.8%"], "x": ["Central and South Asia", "North America and Europe", "Sub-Saharan Africa", "World", "Latin America and the Caribbean", "Western Asia and North Africa", "Oceania (excl. Aus and NZ)", "Eastern Asia and Southeastern Asia", "Australia and New Zealand"], "colors": ["#ca2628", "#ca2628", "#ca2628", "#818282", "#ca2628", "#ca2628", "#ca2628", "#ca2628", "#ca2628"]}], "type": "h_bar"}