{"general_figure_info": {"legend": {"items": [{"model": "Freedom", "label": {"bbox": {"x": 181, "y": 132, "w": 59, "h": 17}, "text": "Freedom"}}, {"model": "Leash", "label": {"bbox": {"x": 133, "y": 131, "w": 40, "h": 16}, "text": "Leash"}}]}, "title": {"bbox": {"x": 0, "y": 0, "w": 309, "h": 127}, "text": "Older Adults Most Likely Age Group to Describe Their Smartphone as 'Freeing,' \"Connecting % of U.S. smartphone owners who say that the following itemsfrom each pair describe how they feelabout their phone "}, "figure_info": {"bbox": {"x": 5, "y": 127, "w": 300, "h": 317}}, "x_axis": {"major_labels": {"bboxes": [{"x": 50, "y": 156, "w": 28, "h": 12}, {"x": 45, "y": 180, "w": 32, "h": 13}, {"x": 44, "y": 205, "w": 33, "h": 11}, {"x": 45, "y": 229, "w": 32, "h": 12}, {"x": 56, "y": 254, "w": 21, "h": 11}, {"x": 53, "y": 317, "w": 27, "h": 11}, {"x": 45, "y": 340, "w": 33, "h": 12}, {"x": 45, "y": 364, "w": 33, "h": 12}, {"x": 46, "y": 388, "w": 32, "h": 12}, {"x": 57, "y": 414, "w": 21, "h": 10}], "values": ["Total", "18-29", "30-49", "50-64", "65+", "Total", "18-29", "30-49", "50-64", "65+"]}}}, "models": [{"name": "Leash", "color": "dark blue", "y": ["28", "37", "29", "18", "18"], "x": ["Total", "18-29", "30-49", "50-64", "65+"], "bboxes": [{"x": 133, "y": 316, "w": 17, "h": 12}, {"x": 120, "y": 340, "w": 16, "h": 12}, {"x": 132, "y": 365, "w": 16, "h": 11}, {"x": 144, "y": 389, "w": 16, "h": 11}, {"x": 144, "y": 413, "w": 16, "h": 11}]}, {"name": "Freedom", "color": "light blue", "y": ["72", "63", "71", "81", "82"], "x": ["Total", "18-29", "30-49", "50-64", "65+"], "bboxes": [{"x": 246, "y": 316, "w": 15, "h": 12}, {"x": 234, "y": 340, "w": 15, "h": 12}, {"x": 245, "y": 365, "w": 15, "h": 11}, {"x": 258, "y": 389, "w": 16, "h": 11}, {"x": 261, "y": 414, "w": 16, "h": 10}]}], "type": "h_bar"}