{"general_figure_info": {"legend": {"items": [{"model": "Conservative", "label": {"bbox": {"x": 64, "y": 89, "w": 77, "h": 15}, "text": "Conservative"}}, {"model": "Middle of the road", "label": {"bbox": {"x": 147, "y": 86, "w": 108, "h": 20}, "text": "Middle of the road"}}, {"model": "Liberal", "label": {"bbox": {"x": 258, "y": 89, "w": 49, "h": 16}, "text": "Liberal"}}]}, "title": {"bbox": {"x": 0, "y": 0, "w": 306, "h": 83}, "text": "Liberals, Conservatives Have Very Different Views of Court's Ideology % saying the Supreme Court is . "}, "figure_info": {"bbox": {"x": 5, "y": 83, "w": 299, "h": 229}}, "x_axis": {"major_labels": {"bboxes": [{"x": 52, "y": 114, "w": 28, "h": 12}, {"x": 20, "y": 161, "w": 58, "h": 14}, {"x": 25, "y": 185, "w": 52, "h": 12}, {"x": 12, "y": 210, "w": 68, "h": 12}, {"x": 13, "y": 257, "w": 67, "h": 14}, {"x": 16, "y": 281, "w": 62, "h": 11}], "values": ["Total", "Republican", "Democrat", "Independent", "Conserv Rep", "Liberal Dem"]}}}, "models": [{"name": "Conservative", "color": "UNK", "y": ["28", "16", "40", "28", "12", "56"], "x": ["Total", "Republican", "Democrat", "Independent", "Conserv Rep", "Liberal Dem"], "bboxes": [{"x": 121, "y": 114, "w": 16, "h": 12}, {"x": 96, "y": 164, "w": 16, "h": 10}, {"x": 148, "y": 186, "w": 16, "h": 11}, {"x": 121, "y": 209, "w": 16, "h": 12}, {"x": 86, "y": 258, "w": 16, "h": 11}, {"x": 182, "y": 281, "w": 16, "h": 12}]}, {"name": "Middle of the road", "color": "UNK", "y": ["38", "36", "40", "38", "38", "31"], "x": ["Total", "Republican", "Democrat", "Independent", "Conserv Rep", "Liberal Dem"], "bboxes": [{"x": 204, "y": 114, "w": 16, "h": 12}, {"x": 173, "y": 162, "w": 17, "h": 12}, {"x": 234, "y": 186, "w": 18, "h": 11}, {"x": 204, "y": 209, "w": 17, "h": 12}, {"x": 169, "y": 258, "w": 17, "h": 11}, {"x": 249, "y": 282, "w": 19, "h": 11}]}, {"name": "Liberal", "color": "UNK", "y": ["26", "44", "13", "25", "48", "8"], "x": ["Total", "Republican", "Democrat", "Independent", "Conserv Rep", "Liberal Dem"], "bboxes": [{"x": 248, "y": 114, "w": 16, "h": 12}, {"x": 237, "y": 164, "w": 15, "h": 9}, {"x": 264, "y": 185, "w": 16, "h": 12}, {"x": 246, "y": 209, "w": 16, "h": 12}, {"x": 237, "y": 258, "w": 16, "h": 11}, {"x": 278, "y": 282, "w": 8, "h": 11}]}], "type": "h_bar"}