{"general_figure_info": {"title": {"bbox": {"x": 0, "y": 13, "w": 209, "h": 77}, "text": "Few Dems Bothered About Clintons' Role in Party % who say continued role of Clinton family in Democratic Party . "}, "figure_info": {"bbox": {"x": 0, "y": 90, "w": 210, "h": 165}}}, "models": [{"name": "DK", "color": "UNK", "bboxes": [], "value": "", "text_label": "DK", "text_bbox": {"x": 58, "y": 98, "w": 47, "h": 35}}, {"name": "Bothers me", "color": "UNK", "bboxes": [], "value": "11", "text_label": "Bothers me", "text_bbox": {"x": 106, "y": 121, "w": 46, "h": 42}}, {"name": "Doesn't really bother me", "color": "UNK", "bboxes": [], "value": "88", "text_label": "Doesn't really bother me", "text_bbox": {"x": 57, "y": 213, "w": 78, "h": 42}}], "type": "pie"}