{"general_figure_info": {"figure_info": {"bbox": {"x": 51, "y": 75, "w": 751, "h": 461}}, "title": {"bbox": {"x": 15, "y": 12, "w": 561.78125, "h": 29.015625}, "text": "OECD average trust in governments, 2006 to 2014"}, "x_axis": {"major_labels": {"bboxes": [{"x": 35, "y": 542, "w": 36.046875, "h": 18}, {"x": 128, "y": 542, "w": 36.0625, "h": 18}, {"x": 221, "y": 542, "w": 36.046875, "h": 18}, {"x": 315, "y": 542, "w": 36.046875, "h": 18}, {"x": 408, "y": 542, "w": 36.0625, "h": 18}, {"x": 502, "y": 542, "w": 34.84375, "h": 18}, {"x": 595, "y": 542, "w": 36.046875, "h": 18}, {"x": 689, "y": 542, "w": 36.046875, "h": 18}, {"x": 782, "y": 542, "w": 36.0625, "h": 18}], "values": [2006.0, 2007.0, 2008.0, 2009.0, 2010.0, 2011.0, 2012.0, 2013.0, 2014.0]}}, "y_axis": {"major_labels": {"bboxes": [{"x": 15, "y": 524, "w": 32.4375, "h": 18.015625}, {"x": 15, "y": 461, "w": 32.4375, "h": 18.015625}, {"x": 15, "y": 398, "w": 32.4375, "h": 18.015625}, {"x": 15, "y": 334, "w": 32.4375, "h": 18.015625}, {"x": 15, "y": 271, "w": 32.4375, "h": 18.015625}, {"x": 15, "y": 208, "w": 32.4375, "h": 18.015625}, {"x": 15, "y": 144, "w": 32.4375, "h": 18.015625}, {"x": 15, "y": 81, "w": 32.4375, "h": 18.015625}], "values": [30.0, 32.0, 34.0, 36.0, 38.0, 40.0, 42.0, 44.0]}}, "legend": {"items": []}}, "models": [], "type": "line"}