{"general_figure_info": {"title": {"bbox": {"x": 0, "y": 0, "w": 186, "h": 63}, "text": "Strong Support for Army to Fight Drug Traffickers "}, "figure_info": {"bbox": {"x": 0, "y": 63, "w": 187, "h": 194}}}, "models": [{"name": "Support", "color": "dark brown", "bboxes": [], "value": "85", "text_label": "Support", "text_bbox": {"x": 43, "y": 104, "w": 67, "h": 38}}, {"name": "Oppose", "color": "light brown", "bboxes": [], "value": "13", "text_label": "Oppose", "text_bbox": {"x": 99, "y": 187, "w": 62, "h": 30}}, {"name": "DK", "color": "grey", "bboxes": [], "value": "3", "text_label": "DK", "text_bbox": {"x": 83, "y": 230, "w": 42, "h": 27}}], "type": "pie"}