{"general_figure_info": {"legend": {"items": [{"model": "Romney supporters", "label": {"bbox": {"x": 95, "y": 77, "w": 125, "h": 15}, "text": "Romney supporters"}}, {"model": "Obama supporters", "label": {"bbox": {"x": 97, "y": 171, "w": 118, "h": 16}, "text": "Obama supporters"}}]}, "title": {"bbox": {"x": 0, "y": 3, "w": 293, "h": 62}, "text": "Romney Voters Remain More Engaged Percent given \"a lot of thought\" to the election "}, "figure_info": {"bbox": {"x": 5, "y": 65, "w": 269, "h": 192}}, "x_axis": {"major_labels": {"bboxes": [{"x": 6, "y": 244, "w": 23, "h": 13}, {"x": 70, "y": 243, "w": 25, "h": 14}, {"x": 137, "y": 244, "w": 23, "h": 12}, {"x": 204, "y": 244, "w": 18, "h": 12}], "values": ["Apr", "May", "Jun", "Jul"]}}}, "models": [{"name": "Romney supporters", "color": "red", "y": ["72", 0, "70", "70"], "x": ["Apr", "May", "Jun", "Jul"], "bboxes": [{"x": 41, "y": 102, "w": 15, "h": 12}, {"x": 0, "y": 0, "w": 0, "h": 0}, {"x": 114, "y": 105, "w": 18, "h": 12}, {"x": 222, "y": 105, "w": 16, "h": 12}]}, {"name": "Obama supporters", "color": "blue", "y": ["59", 0, "57", "62"], "x": ["Apr", "May", "Jun", "Jul"], "bboxes": [{"x": 41, "y": 152, "w": 15, "h": 12}, {"x": 0, "y": 0, "w": 0, "h": 0}, {"x": 117, "y": 157, "w": 13, "h": 9}, {"x": 222, "y": 148, "w": 16, "h": 10}]}], "type": "line"}