{"general_figure_info": {"legend": {"items": [{"model": "Obama", "label": {"bbox": {"x": 125, "y": 42, "w": 51, "h": 16}, "text": "Obama"}}, {"model": "Romney", "label": {"bbox": {"x": 127, "y": 167, "w": 55, "h": 13}, "text": "Romney"}}]}, "title": {"bbox": {"x": 0, "y": 10, "w": 294, "h": 20}, "text": "Obama Maintains Campaign Lead "}, "figure_info": {"bbox": {"x": 5, "y": 30, "w": 265, "h": 200}}, "x_axis": {"major_labels": {"bboxes": [{"x": 8, "y": 216, "w": 21, "h": 12}, {"x": 33, "y": 216, "w": 24, "h": 12}, {"x": 60, "y": 217, "w": 24, "h": 11}, {"x": 88, "y": 217, "w": 21, "h": 11}, {"x": 114, "y": 216, "w": 22, "h": 12}, {"x": 140, "y": 217, "w": 22, "h": 11}, {"x": 165, "y": 216, "w": 23, "h": 13}, {"x": 192, "y": 215, "w": 24, "h": 15}, {"x": 220, "y": 217, "w": 21, "h": 11}, {"x": 249, "y": 217, "w": 17, "h": 11}], "values": ["Oct", "Nov", "Dec", "Jan", "Feb", "Mar", "Apr", "May", "Jun", "Jul"]}}}, "models": [{"name": "Obama", "color": "blue", "y": ["48", "49", 0, 0, "52", "54", "49", 0, "49", "50"], "x": ["Oct", "Nov", "Dec", "Jan", "Feb", "Mar", "Apr", "May", "Jun", "Jul"], "bboxes": [{"x": 13, "y": 93, "w": 16, "h": 11}, {"x": 49, "y": 89, "w": 16, "h": 11}, {"x": 0, "y": 0, "w": 0, "h": 0}, {"x": 0, "y": 0, "w": 0, "h": 0}, {"x": 126, "y": 76, "w": 18, "h": 12}, {"x": 152, "y": 68, "w": 16, "h": 12}, {"x": 182, "y": 90, "w": 16, "h": 10}, {"x": 0, "y": 0, "w": 0, "h": 0}, {"x": 212, "y": 88, "w": 17, "h": 12}, {"x": 254, "y": 84, "w": 16, "h": 12}]}, {"name": "Romney", "color": "red", "y": ["48", "47", 0, 0, "4544", "42", 0, "45", "42", "43"], "x": ["Oct", "Nov", "Dec", "Jan", "Feb", "Mar", "Apr", "May", "Jun", "Jul"], "bboxes": [{"x": 13, "y": 122, "w": 16, "h": 11}, {"x": 49, "y": 126, "w": 15, "h": 11}, {"x": 0, "y": 0, "w": 0, "h": 0}, {"x": 0, "y": 0, "w": 0, "h": 0}, {"x": 104, "y": 131, "w": 41, "h": 20}, {"x": 150, "y": 146, "w": 18, "h": 12}, {"x": 0, "y": 0, "w": 0, "h": 0}, {"x": 181, "y": 134, "w": 19, "h": 11}, {"x": 212, "y": 146, "w": 17, "h": 12}, {"x": 254, "y": 142, "w": 16, "h": 11}]}], "type": "line"}