{"general_figure_info": {"title": {"bbox": {"x": 0, "y": 7, "w": 290, "h": 39}, "text": "U.S. Influence Irrelevant to Current Political Situation "}, "figure_info": {"bbox": {"x": 0, "y": 46, "w": 291, "h": 194}}}, "models": [{"name": "Negative", "color": "UNK", "bboxes": [], "value": "21", "text_label": "Negative", "text_bbox": {"x": 78, "y": 84, "w": 63, "h": 32}}, {"name": "Positive", "color": "UNK", "bboxes": [], "value": "15", "text_label": "Positive", "text_bbox": {"x": 61, "y": 139, "w": 57, "h": 32}}, {"name": "Neither (Vol)", "color": "UNK", "bboxes": [], "value": "62", "text_label": "Neither (Vol)", "text_bbox": {"x": 165, "y": 141, "w": 62, "h": 47}}, {"name": "DK", "color": "UNK", "bboxes": [], "value": "2", "text_label": "DK", "text_bbox": {"x": 46, "y": 210, "w": 32, "h": 30}}], "type": "pie"}