{"general_figure_info": {"title": {"bbox": {"x": 0, "y": 0, "w": 355, "h": 84}, "text": "Most Latinos Disapprove of Obama's Handling of Deportations (% saying they .. of the way the Obama administration is handling the issue of deportations) "}, "figure_info": {"bbox": {"x": 0, "y": 84, "w": 360, "h": 151}}}, "models": [{"name": "Approve", "color": "UNK", "bboxes": [], "value": "27", "text_label": "Approve", "text_bbox": {"x": 120, "y": 128, "w": 68, "h": 43}}, {"name": "Disapprove", "color": "UNK", "bboxes": [], "value": "59", "text_label": "Disapprove", "text_bbox": {"x": 186, "y": 186, "w": 94, "h": 49}}, {"name": "DK/Ref", "color": "UNK", "bboxes": [], "value": "13", "text_label": "DK/Ref", "text_bbox": {"x": 110, "y": 194, "w": 67, "h": 34}}], "type": "pie"}