{"general_figure_info": {"figure_info": {"bbox": {"x": 77, "y": 92, "w": 669, "h": 443.0999755859375}}, "title": {"bbox": {"x": 15, "y": 12, "w": 298.765625, "h": 29.015625}, "text": "Plastic waste littered, 2010"}, "x_axis": {"major_labels": {"bboxes": [{"x": 23, "y": 143, "w": 50.03125, "h": 15.015625}, {"x": 10, "y": 290, "w": 62.78125, "h": 15.015625}, {"x": 26, "y": 438, "w": 46.515625, "h": 15.015625}], "values": ["Ukraine", "Barbados", "Kiribati"]}}, "y_axis": {"major_labels": {"bboxes": [{"x": 46, "y": 542, "w": 62.171875, "h": 18}, {"x": 162, "y": 542, "w": 93.703125, "h": 18}, {"x": 294, "y": 542, "w": 93.703125, "h": 18}, {"x": 425, "y": 542, "w": 93.703125, "h": 18}, {"x": 557, "y": 542, "w": 93.703125, "h": 18}, {"x": 688, "y": 542, "w": 93.6875, "h": 18}], "values": ["0 tonnes", "1,000 tonnes", "2,000 tonnes", "3,000 tonnes", "4,000 tonnes", "5,000 tonnes"]}}}, "models": [{"name": "bars", "bboxes": [{"x": 77, "y": 92, "w": 669, "h": 118.16000366210938}, {"x": 77, "y": 240, "w": 150.80001831054688, "h": 118.15998840332031}, {"x": 77, "y": 388, "w": 9.199996948242188, "h": 118.1600341796875}], "y": ["5,088 tonnes", "1,147 tonnes", "70 tonnes"], "x": ["Ukraine", "Barbados", "Kiribati"], "colors": ["#2e5778", "#2e5778", "#2e5778"]}], "type": "h_bar"}