{"general_figure_info": {"figure_info": {"bbox": {"x": 101, "y": 77, "w": 654.9000244140625, "h": 458.6999816894531}}, "title": {"bbox": {"x": 15, "y": 12, "w": 534.625, "h": 29.015625}, "text": "Power outages in firms in a typical month, 2009"}, "x_axis": {"major_labels": {"bboxes": [{"x": 53, "y": 129, "w": 43.515625, "h": 15.015625}, {"x": 10, "y": 282, "w": 86.296875, "h": 15.015625}, {"x": 40, "y": 435, "w": 56.03125, "h": 15.015625}], "values": ["Congo", "Burkina Faso", "Slovenia"]}}, "y_axis": {"major_labels": {"bboxes": [{"x": 96, "y": 542, "w": 9.03125, "h": 18}, {"x": 248, "y": 542, "w": 9.03125, "h": 18}, {"x": 396, "y": 542, "w": 18.03125, "h": 18}, {"x": 549, "y": 542, "w": 18.046875, "h": 18}, {"x": 701, "y": 542, "w": 18.046875, "h": 18}], "values": ["0", "5", "10", "15", "20"]}}}, "models": [{"name": "bars", "bboxes": [{"x": 101, "y": 77, "w": 654.9000244140625, "h": 122.32000732421875}, {"x": 101, "y": 230, "w": 298.5, "h": 122.32000732421875}, {"x": 101, "y": 382, "w": 30.5, "h": 122.32000732421875}], "y": ["21.5 (2009)", "9.8 (2009)", "1 (2009)"], "x": ["Congo", "Burkina Faso", "Slovenia"], "colors": ["#6d3e91", "#00847e", "#3c4e66"]}], "type": "h_bar"}