{"general_figure_info": {"figure_info": {"bbox": {"x": 60, "y": 90, "w": 711, "h": 445}}, "title": {"bbox": {"x": 15, "y": 12, "w": 489.5, "h": 29.015625}, "text": "Share of electricity from low-carbon sources"}, "x_axis": {"major_labels": {"bboxes": [{"x": 44, "y": 542, "w": 36.046875, "h": 18}, {"x": 201, "y": 542, "w": 36.0625, "h": 18}, {"x": 358, "y": 542, "w": 36.046875, "h": 18}, {"x": 515, "y": 542, "w": 36.0625, "h": 18}, {"x": 672, "y": 542, "w": 36.0625, "h": 18}, {"x": 751, "y": 542, "w": 36.046875, "h": 18}], "values": [2000.0, 2002.0, 2004.0, 2006.0, 2008.0, 2009.0]}}, "y_axis": {"major_labels": {"bboxes": [{"x": 33, "y": 524, "w": 23.4375, "h": 18.015625}, {"x": 24, "y": 436, "w": 32.4375, "h": 18.015625}, {"x": 24, "y": 347, "w": 32.4375, "h": 18.015625}, {"x": 24, "y": 259, "w": 32.4375, "h": 18.015625}, {"x": 24, "y": 170, "w": 32.4375, "h": 18.015625}, {"x": 15, "y": 81, "w": 41.453125, "h": 18.015625}], "values": [0.0, 20.0, 40.0, 60.0, 80.0, 100.0]}}, "legend": {"items": [{"model": "Laos", "label": {"bbox": {"x": 773, "y": 91, "w": 29.53125, "h": 15}, "text": "Laos"}}, {"model": "Togo", "label": {"bbox": {"x": 773, "y": 175, "w": 29.78125, "h": 15}, "text": "Togo"}}]}}, "models": [{"name": "Laos", "bboxes": [{"x": 62.0, "y": 92.0, "w": 78.0, "h": 0.0}, {"x": 140.0, "y": 92.0, "w": 79.0, "h": 0.0}, {"x": 219.0, "y": 92.0, "w": 79.0, "h": 0.0}, {"x": 298.0, "y": 92.0, "w": 78.0, "h": 0.0}, {"x": 376.0, "y": 92.0, "w": 79.0, "h": 0.0}, {"x": 455.0, "y": 92.0, "w": 78.0, "h": 0.0}, {"x": 533.0, "y": 92.0, "w": 79.0, "h": 0.0}, {"x": 612.0, "y": 92.0, "w": 79.0, "h": 0.0}, {"x": 691.0, "y": 92.0, "w": 78.0, "h": 0.0}], "y": [102.28, 102.28, 102.28, 102.28, 102.28, 102.28, 102.28, 102.28, 102.28, 102.28], "x": [2000, 2001, 2002, 2003, 2004, 2005, 2006, 2007, 2008, 2009], "color": "#3c4e66"}, {"name": "Togo", "bboxes": [{"x": 62.0, "y": 277.0, "w": 78.0, "h": 74.0}, {"x": 140.0, "y": 278.0, "w": 79.0, "h": 73.0}, {"x": 219.0, "y": 222.0, "w": 79.0, "h": 56.0}, {"x": 298.0, "y": 222.0, "w": 78.0, "h": 113.0}, {"x": 376.0, "y": 335.0, "w": 79.0, "h": 19.0}, {"x": 455.0, "y": 341.0, "w": 78.0, "h": 13.0}, {"x": 533.0, "y": 300.0, "w": 79.0, "h": 41.0}, {"x": 612.0, "y": 196.0, "w": 79.0, "h": 104.0}, {"x": 691.0, "y": 183.0, "w": 78.0, "h": 13.0}], "y": [60.23, 43.41, 60.0, 72.73, 47.05, 42.73, 45.69, 55.0, 78.64, 81.59], "x": [2000, 2001, 2002, 2003, 2004, 2005, 2006, 2007, 2008, 2009], "color": "#b13507"}], "type": "line"}