{"general_figure_info": {"title": {"bbox": {"x": 0, "y": 0, "w": 618, "h": 188}, "text": "Six-in-ten in U.S. say scientists should take an active role in policy debates % of U.S. adults who say scientists should comes to public policy debates about scientific issues when it "}, "figure_info": {"bbox": {"x": 0, "y": 188, "w": 620, "h": 333}}}, "models": [{"name": "Focus on establishing  sound scientific facts", "color": "green", "bboxes": [], "value": "39", "text_label": "Focus on establishing  sound scientific facts", "text_bbox": {"x": 20, "y": 301, "w": 279, "h": 124}}, {"name": "Take an active role  in policy debates", "color": "blue", "bboxes": [], "value": "60", "text_label": "Take an active role  in policy debates", "text_bbox": {"x": 375, "y": 305, "w": 229, "h": 146}}, {"name": "No answer :", "color": "grey", "bboxes": [], "value": "1", "text_label": "No answer :", "text_bbox": {"x": 85, "y": 468, "w": 172, "h": 53}}], "type": "pie"}