{"general_figure_info": {"title": {"bbox": {"x": 0, "y": 19, "w": 769, "h": 123}, "text": "Who participated in lowa's 2016 caucuses? Among Iowa's active voters, as of Feb. 1, 2016 "}, "figure_info": {"bbox": {"x": 0, "y": 142, "w": 840, "h": 490}}}, "models": [{"name": "- . of all registered Democrats", "color": "UNK", "bboxes": [], "value": "-29.2", "text_label": "- . of all registered Democrats", "text_bbox": {"x": 490, "y": 172, "w": 161, "h": 97}}, {"name": "All registered Democrats .", "color": "UNK", "bboxes": [], "value": "30.3", "text_label": "All registered Democrats .", "text_bbox": {"x": 264, "y": 240, "w": 148, "h": 104}}, {"name": "Not registered with the Democratic or Republican parties .", "color": "UNK", "bboxes": [], "value": "37.9", "text_label": "Not registered with the Democratic or Republican parties .", "text_bbox": {"x": 31, "y": 312, "w": 213, "h": 123}}, {"name": ". of all registered voters participated in the  caucuses", "color": "UNK", "bboxes": [], "value": "18.52016", "text_label": ". of all registered voters participated in the  caucuses", "text_bbox": {"x": 539, "y": 327, "w": 271, "h": 96}}, {"name": "All registered Republicans .", "color": "UNK", "bboxes": [], "value": "31.8", "text_label": "All registered Republicans .", "text_bbox": {"x": 263, "y": 429, "w": 144, "h": 105}}, {"name": ". of all registered Republicans", "color": "UNK", "bboxes": [], "value": "30.3", "text_label": ". of all registered Republicans", "text_bbox": {"x": 495, "y": 542, "w": 144, "h": 90}}], "type": "pie"}