{"general_figure_info": {"legend": {"items": [{"model": "Very important", "label": {"bbox": {"x": 466, "y": 274, "w": 190, "h": 94}, "text": "Very important"}}, {"model": "Somewhat important", "label": {"bbox": {"x": 688, "y": 278, "w": 193, "h": 94}, "text": "Somewhat important"}}, {"model": "Not too important", "label": {"bbox": {"x": 906, "y": 276, "w": 184, "h": 103}, "text": "Not too important"}}, {"model": "Not at all important", "label": {"bbox": {"x": 1107, "y": 272, "w": 188, "h": 105}, "text": "Not at all important"}}]}, "title": {"bbox": {"x": 0, "y": 0, "w": 1308, "h": 239}, "text": "Majorities in U.S. see increased border security, path to legal status as important immigration policy goals % who say each is a goal for U.S. immigration policY "}, "figure_info": {"bbox": {"x": 5, "y": 239, "w": 1305, "h": 884}}, "x_axis": {"major_labels": {"bboxes": [{"x": 45, "y": 433, "w": 371, "h": 82}, {"x": 45, "y": 588, "w": 377, "h": 142}, {"x": 28, "y": 781, "w": 389, "h": 136}, {"x": 37, "y": 969, "w": 391, "h": 136}], "values": ["Increase security along U.S.-Mexico border", "Establish a way for immigrants here illegally to stay legally", "Take in refugees escaping from war and violence", "Increase deportations of those in the U.S. illegally"]}}}, "models": [{"name": "Very important", "color": "UNK", "y": ["40", "33", "32", "28"], "x": ["Increase security along U.S.-Mexico border", "Establish a way for immigrants here illegally to stay legally", "Take in refugees escaping from war and violence", "Increase deportations of those in the U.S. illegally"], "bboxes": [{"x": 589, "y": 461, "w": 46, "h": 31}, {"x": 559, "y": 648, "w": 46, "h": 30}, {"x": 557, "y": 837, "w": 43, "h": 30}, {"x": 537, "y": 1023, "w": 48, "h": 33}]}, {"name": "Somewhat important", "color": "UNK", "y": ["28", "34", "40", "26"], "x": ["Increase security along U.S.-Mexico border", "Establish a way for immigrants here illegally to stay legally", "Take in refugees escaping from war and violence", "Increase deportations of those in the U.S. illegally"], "bboxes": [{"x": 867, "y": 461, "w": 48, "h": 31}, {"x": 837, "y": 648, "w": 45, "h": 32}, {"x": 852, "y": 837, "w": 45, "h": 30}, {"x": 761, "y": 1023, "w": 47, "h": 33}]}, {"name": "Not too important", "color": "UNK", "y": ["21", "18", "18", "29"], "x": ["Increase security along U.S.-Mexico border", "Establish a way for immigrants here illegally to stay legally", "Take in refugees escaping from war and violence", "Increase deportations of those in the U.S. illegally"], "bboxes": [{"x": 1071, "y": 459, "w": 45, "h": 33}, {"x": 1051, "y": 648, "w": 46, "h": 32}, {"x": 1093, "y": 837, "w": 45, "h": 30}, {"x": 988, "y": 1023, "w": 46, "h": 33}]}, {"name": "Not at all important", "color": "UNK", "y": ["10", "15", "0", "16"], "x": ["Increase security along U.S.-Mexico border", "Establish a way for immigrants here illegally to stay legally", "Take in refugees escaping from war and violence", "Increase deportations of those in the U.S. illegally"], "bboxes": [{"x": 1199, "y": 461, "w": 45, "h": 31}, {"x": 1188, "y": 648, "w": 43, "h": 32}, {"x": 1207, "y": 837, "w": 27, "h": 28}, {"x": 1175, "y": 1023, "w": 46, "h": 33}]}], "type": "h_bar"}