{"general_figure_info": {"legend": {"items": [{"model": "Optimistic", "label": {"bbox": {"x": 412, "y": 194, "w": 130, "h": 44}, "text": "Optimistic"}}, {"model": "Pessimistic", "label": {"bbox": {"x": 230, "y": 202, "w": 145, "h": 39}, "text": "Pessimistic"}}]}, "title": {"bbox": {"x": 0, "y": 0, "w": 615, "h": 199}, "text": "Argentines mostly pessimistic about political system, positive about culture % who are pessimistic/optimistic about_ thinking about the future when "}, "figure_info": {"bbox": {"x": 5, "y": 199, "w": 610, "h": 557}}, "x_axis": {"major_labels": {"bboxes": [{"x": 22, "y": 250, "w": 167, "h": 80}, {"x": 2, "y": 358, "w": 186, "h": 81}, {"x": 7, "y": 484, "w": 181, "h": 50}, {"x": 24, "y": 577, "w": 161, "h": 53}, {"x": 48, "y": 687, "w": 135, "h": 49}], "values": ["The way our political system works", "Reducing the gap between the rich and poor", "Our country's education system", "Availability of well-paying jobs", "Our country's culture"]}}}, "models": [{"name": "Pessimistic", "color": "blue", "y": ["72", "52", "52", "51", "35"], "x": ["The way our political system works", "Reducing the gap between the rich and poor", "Our country's education system", "Availability of well-paying jobs", "Our country's culture"], "bboxes": [{"x": 225, "y": 278, "w": 46, "h": 22}, {"x": 281, "y": 384, "w": 30, "h": 22}, {"x": 281, "y": 490, "w": 30, "h": 21}, {"x": 284, "y": 597, "w": 29, "h": 22}, {"x": 330, "y": 703, "w": 30, "h": 21}]}, {"name": "Optimistic", "color": "green", "y": ["23", "43", "46", "45", "61"], "x": ["The way our political system works", "Reducing the gap between the rich and poor", "Our country's education system", "Availability of well-paying jobs", "Our country's culture"], "bboxes": [{"x": 430, "y": 278, "w": 47, "h": 22}, {"x": 491, "y": 384, "w": 30, "h": 22}, {"x": 500, "y": 490, "w": 30, "h": 21}, {"x": 497, "y": 597, "w": 30, "h": 22}, {"x": 543, "y": 703, "w": 30, "h": 21}]}], "type": "h_bar"}