{"general_figure_info": {"legend": {"items": [{"model": "NET Excellent/good", "label": {"bbox": {"x": 2, "y": 153, "w": 108, "h": 21}, "text": "NET Excellent/good"}}, {"model": "NET Only fair/ poor", "label": {"bbox": {"x": 0, "y": 246, "w": 109, "h": 14}, "text": "NET Only fair/ poor"}}]}, "title": {"bbox": {"x": 0, "y": 14, "w": 305, "h": 133}, "text": "U.S. Catholics increasingly critical of the way Pope Francis has handled sex abuse scandal % of U.S. Catholics who say Pope Francis is doing an scandal in the Catholic Church __job addressing the sex abuse "}, "figure_info": {"bbox": {"x": 5, "y": 147, "w": 299, "h": 224}}, "x_axis": {"major_labels": {"bboxes": [{"x": 263, "y": 339, "w": 41, "h": 28}, {"x": 17, "y": 340, "w": 38, "h": 26}, {"x": 90, "y": 340, "w": 34, "h": 28}, {"x": 228, "y": 341, "w": 30, "h": 30}], "values": ["Sept. 2018", "Feb. 2014", "June 2015", "Jan. 2018"]}}}, "models": [{"name": "NET Excellent/good", "color": "blue", "y": ["54", "55", "45", "31"], "x": ["Feb. 2014", "June 2015", "Jan. 2018", "Sept. 2018"], "bboxes": [{"x": 4, "y": 180, "w": 25, "h": 12}, {"x": 98, "y": 189, "w": 16, "h": 12}, {"x": 222, "y": 216, "w": 18, "h": 10}, {"x": 286, "y": 244, "w": 16, "h": 10}]}, {"name": "NET Only fair/ poor", "color": "orange", "y": ["39", "34", "46", "0"], "x": ["Feb. 2014", "June 2015", "Jan. 2018", "Sept. 2018"], "bboxes": [{"x": 2, "y": 221, "w": 27, "h": 12}, {"x": 98, "y": 218, "w": 18, "h": 20}, {"x": 224, "y": 188, "w": 14, "h": 10}, {"x": 289, "y": 158, "w": 13, "h": 10}]}], "type": "line"}