{"general_figure_info": {"legend": {"items": [{"model": "Favorable view of the U.S.", "label": {"bbox": {"x": 32, "y": 114, "w": 143, "h": 18}, "text": "Favorable view of the U.S."}}, {"model": "Confidence in U.S. president", "label": {"bbox": {"x": 184, "y": 233, "w": 156, "h": 19}, "text": "Confidence in U.S. president"}}]}, "title": {"bbox": {"x": 0, "y": 0, "w": 415, "h": 73}, "text": "In Canada, only a quarter of the public has confidence in Trump Among Canadians. "}, "figure_info": {"bbox": {"x": 5, "y": 73, "w": 392, "h": 228}}, "x_axis": {"major_labels": {"bboxes": [{"x": 111, "y": 288, "w": 31, "h": 11}, {"x": 281, "y": 288, "w": 31, "h": 13}, {"x": 366, "y": 288, "w": 31, "h": 13}, {"x": 28, "y": 289, "w": 29, "h": 12}, {"x": 197, "y": 289, "w": 29, "h": 12}], "values": ["2006", "2014", "2018", "2002", "2010"]}}}, "models": [{"name": "Favorable view of the U.S.", "color": "green", "y": ["72", "59", "0", "68", "43"], "x": ["2002", "2006", "2010", "2014", "2018"], "bboxes": [{"x": 20, "y": 134, "w": 16, "h": 12}, {"x": 98, "y": 146, "w": 15, "h": 11}, {"x": 189, "y": 162, "w": 13, "h": 8}, {"x": 301, "y": 156, "w": 19, "h": 12}, {"x": 363, "y": 176, "w": 19, "h": 15}]}, {"name": "Confidence in U.S. president", "color": "blue", "y": ["59", "40", "88", "81", "25"], "x": ["2002", "2006", "2010", "2014", "2018"], "bboxes": [{"x": 50, "y": 176, "w": 15, "h": 12}, {"x": 101, "y": 213, "w": 16, "h": 11}, {"x": 182, "y": 90, "w": 16, "h": 11}, {"x": 268, "y": 102, "w": 16, "h": 12}, {"x": 381, "y": 240, "w": 16, "h": 12}]}], "type": "line"}