{"general_figure_info": {"legend": {"items": [{"model": "Unfavorable", "label": {"bbox": {"x": 180, "y": 63, "w": 71, "h": 13}, "text": "Unfavorable"}}, {"model": "Favorable", "label": {"bbox": {"x": 254, "y": 63, "w": 56, "h": 12}, "text": "Favorable"}}]}, "title": {"bbox": {"x": 0, "y": 1, "w": 310, "h": 53}, "text": "Netanyahu viewed extremely poorly Views of Israeli Prime Minister Benjamin Netanyahu "}, "figure_info": {"bbox": {"x": 5, "y": 54, "w": 301, "h": 156}}, "x_axis": {"major_labels": {"bboxes": [{"x": 10, "y": 83, "w": 37, "h": 14}, {"x": 13, "y": 115, "w": 37, "h": 16}, {"x": 13, "y": 149, "w": 35, "h": 11}, {"x": 2, "y": 177, "w": 47, "h": 16}], "values": ["Tunisia", "Turkey", "Jordan", "Lebanon"]}}}, "models": [{"name": "Unfavorable", "color": "orange", "y": ["71", "79", "96", "99"], "x": ["Tunisia", "Turkey", "Jordan", "Lebanon"], "bboxes": [{"x": 100, "y": 85, "w": 25, "h": 12}, {"x": 94, "y": 116, "w": 16, "h": 12}, {"x": 65, "y": 148, "w": 17, "h": 12}, {"x": 61, "y": 178, "w": 15, "h": 12}]}, {"name": "Favorable", "color": "green", "y": ["7", "7", "1", "0"], "x": ["Tunisia", "Turkey", "Jordan", "Lebanon"], "bboxes": [{"x": 269, "y": 85, "w": 17, "h": 12}, {"x": 265, "y": 116, "w": 19, "h": 15}, {"x": 258, "y": 147, "w": 15, "h": 17}, {"x": 252, "y": 178, "w": 14, "h": 13}]}], "type": "h_bar"}