{"general_figure_info": {"legend": {"items": [{"model": "Increase", "label": {"bbox": {"x": 69, "y": 129, "w": 61, "h": 15}, "text": "Increase"}}, {"model": "Keep the same", "label": {"bbox": {"x": 138, "y": 128, "w": 94, "h": 18}, "text": "Keep the same"}}, {"model": "Decrease", "label": {"bbox": {"x": 240, "y": 130, "w": 58, "h": 16}, "text": "Decrease"}}]}, "title": {"bbox": {"x": 0, "y": 0, "w": 308, "h": 121}, "text": "Americans think European allies should increase spending on defense; Germans say their country spends enough Should European allies/Germany increase spending on national defense, keep it about the same or decrease it? "}, "figure_info": {"bbox": {"x": 5, "y": 121, "w": 300, "h": 141}}, "x_axis": {"major_labels": {"bboxes": [{"x": 6, "y": 168, "w": 56, "h": 12}, {"x": 13, "y": 230, "w": 49, "h": 12}], "values": ["Americans", "Germans"]}}}, "models": [{"name": "Increase", "color": "green", "y": ["45", "32"], "x": ["Americans", "Germans"], "bboxes": [{"x": 148, "y": 168, "w": 25, "h": 12}, {"x": 124, "y": 230, "w": 16, "h": 12}]}, {"name": "Keep the same", "color": "grey", "y": ["37", "51"], "x": ["Americans", "Germans"], "bboxes": [{"x": 212, "y": 168, "w": 26, "h": 12}, {"x": 201, "y": 230, "w": 16, "h": 12}]}, {"name": "Decrease", "color": "orange", "y": ["9", "13"], "x": ["Americans", "Germans"], "bboxes": [{"x": 272, "y": 168, "w": 18, "h": 12}, {"x": 281, "y": 230, "w": 16, "h": 12}]}], "type": "h_bar"}