{"general_figure_info": {"legend": {"items": [{"model": "\u0410pprove", "label": {"bbox": {"x": 485, "y": 206, "w": 109, "h": 27}, "text": "\u0410pprove"}}, {"model": "Disapprove", "label": {"bbox": {"x": 323, "y": 206, "w": 134, "h": 29}, "text": "Disapprove"}}]}, "title": {"bbox": {"x": 0, "y": 27, "w": 615, "h": 171}, "text": "Few within G20 countries support U.S. withdrawal from trade agreements of President Donald Trump's proposed policy to withdraw U.S. support for major trade agreements "}, "figure_info": {"bbox": {"x": 5, "y": 198, "w": 610, "h": 610}}, "x_axis": {"major_labels": {"bboxes": [{"x": 64, "y": 243, "w": 70, "h": 24}, {"x": 41, "y": 276, "w": 95, "h": 25}, {"x": 7, "y": 309, "w": 127, "h": 22}, {"x": 63, "y": 342, "w": 71, "h": 20}, {"x": 54, "y": 375, "w": 80, "h": 20}, {"x": 44, "y": 408, "w": 90, "h": 20}, {"x": 98, "y": 440, "w": 29, "h": 20}, {"x": 77, "y": 473, "w": 57, "h": 20}, {"x": 37, "y": 506, "w": 97, "h": 24}, {"x": 71, "y": 540, "w": 64, "h": 24}, {"x": 90, "y": 572, "w": 46, "h": 23}, {"x": 93, "y": 603, "w": 37, "h": 22}, {"x": 66, "y": 635, "w": 70, "h": 26}, {"x": 10, "y": 668, "w": 124, "h": 21}, {"x": 65, "y": 702, "w": 69, "h": 20}, {"x": 34, "y": 735, "w": 99, "h": 20}, {"x": 83, "y": 768, "w": 51, "h": 20}], "values": ["France", "Germany", "South Korea", "Mexico", "Canada", "Australia", "UK", "Brazil", "Argentina", "Japan", "Italy", "U.S.", "Turkey", "South Africa", "Russia", "Indonesia", "India"]}}}, "models": [{"name": "Disapprove", "color": "orange", "y": ["83", "81", "80", "80", "78", "73", "72", "71", "69", "66", "66", "57", "50", "50", "49", "45", "28"], "x": ["France", "Germany", "South Korea", "Mexico", "Canada", "Australia", "UK", "Brazil", "Argentina", "Japan", "Italy", "U.S.", "Turkey", "South Africa", "Russia", "Indonesia", "India"], "bboxes": [{"x": 209, "y": 246, "w": 47, "h": 20}, {"x": 216, "y": 279, "w": 29, "h": 20}, {"x": 219, "y": 311, "w": 30, "h": 20}, {"x": 219, "y": 344, "w": 30, "h": 20}, {"x": 228, "y": 377, "w": 28, "h": 20}, {"x": 243, "y": 410, "w": 29, "h": 18}, {"x": 246, "y": 441, "w": 30, "h": 20}, {"x": 251, "y": 474, "w": 30, "h": 20}, {"x": 256, "y": 507, "w": 29, "h": 22}, {"x": 266, "y": 540, "w": 30, "h": 20}, {"x": 266, "y": 573, "w": 30, "h": 19}, {"x": 296, "y": 606, "w": 29, "h": 20}, {"x": 321, "y": 638, "w": 28, "h": 20}, {"x": 321, "y": 671, "w": 28, "h": 20}, {"x": 324, "y": 704, "w": 30, "h": 20}, {"x": 337, "y": 737, "w": 30, "h": 20}, {"x": 394, "y": 768, "w": 30, "h": 20}]}, {"name": "\u0410pprove", "color": "green", "y": ["15", "13", "12", "14", "15", "19", "17", "17", "18", "16", "18", "38", "20", "35", "28", "34", "24"], "x": ["France", "Germany", "South Korea", "Mexico", "Canada", "Australia", "UK", "Brazil", "Argentina", "Japan", "Italy", "U.S.", "Turkey", "South Africa", "Russia", "Indonesia", "India"], "bboxes": [{"x": 477, "y": 245, "w": 46, "h": 21}, {"x": 483, "y": 279, "w": 29, "h": 20}, {"x": 481, "y": 311, "w": 29, "h": 20}, {"x": 486, "y": 344, "w": 28, "h": 20}, {"x": 491, "y": 377, "w": 29, "h": 20}, {"x": 500, "y": 408, "w": 29, "h": 20}, {"x": 489, "y": 441, "w": 28, "h": 20}, {"x": 489, "y": 474, "w": 28, "h": 20}, {"x": 489, "y": 507, "w": 30, "h": 22}, {"x": 489, "y": 540, "w": 30, "h": 20}, {"x": 489, "y": 573, "w": 30, "h": 20}, {"x": 565, "y": 605, "w": 28, "h": 21}, {"x": 506, "y": 638, "w": 30, "h": 20}, {"x": 555, "y": 671, "w": 30, "h": 20}, {"x": 533, "y": 704, "w": 30, "h": 20}, {"x": 555, "y": 737, "w": 30, "h": 20}, {"x": 519, "y": 768, "w": 28, "h": 20}]}], "type": "h_bar"}