{"general_figure_info": {"figure_info": {"bbox": {"x": 81, "y": 77, "w": 610, "h": 459}}, "title": {"bbox": {"x": 15, "y": 12, "w": 709.21875, "h": 29.015625}, "text": "Weekly hours worked by age group, United States, 1930 to 1980"}, "x_axis": {"major_labels": {"bboxes": [{"x": 65, "y": 542, "w": 36.0625, "h": 18}, {"x": 186, "y": 542, "w": 36.0625, "h": 18}, {"x": 308, "y": 542, "w": 36.046875, "h": 18}, {"x": 429, "y": 542, "w": 36.0625, "h": 18}, {"x": 550, "y": 542, "w": 36.046875, "h": 18}, {"x": 671, "y": 542, "w": 36.0625, "h": 18}], "values": [1930.0, 1940.0, 1950.0, 1960.0, 1970.0, 1980.0]}}, "y_axis": {"major_labels": {"bboxes": [{"x": 24, "y": 524, "w": 54.046875, "h": 18.015625}, {"x": 15, "y": 433, "w": 63.0625, "h": 18.015625}, {"x": 15, "y": 341, "w": 63.0625, "h": 18.015625}, {"x": 15, "y": 249, "w": 63.0625, "h": 18.015625}, {"x": 15, "y": 158, "w": 63.0625, "h": 18.015625}, {"x": 15, "y": 66, "w": 63.0625, "h": 18.015625}], "values": [0.0, 10.0, 20.0, 30.0, 40.0, 50.0]}}, "legend": {"items": [{"model": "Ages 14+ (male)", "label": {"bbox": {"x": 692, "y": 282, "w": 100.953125, "h": 15.015625}, "text": "Ages 14+ (male)"}}, {"model": "Ages 14+ (total)", "label": {"bbox": {"x": 692, "y": 340, "w": 97.203125, "h": 15}, "text": "Ages 14+ (total)"}}, {"model": "Ages 14+ (female)", "label": {"bbox": {"x": 692, "y": 393, "w": 112.203125, "h": 15.015625}, "text": "Ages 14+ (female)"}}]}}, "models": [{"name": "Ages 14+ (male)", "bboxes": [{"x": 83.0, "y": 183.0, "w": 122.0, "h": 40.0}, {"x": 205.0, "y": 220.0, "w": 121.0, "h": 3.0}, {"x": 326.0, "y": 220.0, "w": 121.0, "h": 21.0}, {"x": 447.0, "y": 241.0, "w": 121.0, "h": 25.0}, {"x": 568.0, "y": 266.0, "w": 121.0, "h": 24.0}], "y": [39.45, 35.06, 35.39, 33.08, 30.33, 27.69], "x": [1930, 1940, 1950, 1960, 1970, 1980], "color": "#00847e"}, {"name": "Ages 14+ (total)", "bboxes": [{"x": 83.0, "y": 311.0, "w": 122.0, "h": 23.0}, {"x": 205.0, "y": 331.0, "w": 121.0, "h": 3.0}, {"x": 326.0, "y": 331.0, "w": 121.0, "h": 8.0}, {"x": 447.0, "y": 339.0, "w": 121.0, "h": 8.0}, {"x": 568.0, "y": 347.0, "w": 121.0, "h": 1.0}], "y": [25.39, 22.86, 23.19, 22.31, 21.43, 21.32], "x": [1930, 1940, 1950, 1960, 1970, 1980], "color": "#b13507"}, {"name": "Ages 14+ (female)", "bboxes": [{"x": 83.0, "y": 440.0, "w": 122.0, "h": 4.0}, {"x": 205.0, "y": 438.0, "w": 121.0, "h": 6.0}, {"x": 326.0, "y": 430.0, "w": 121.0, "h": 8.0}, {"x": 447.0, "y": 421.0, "w": 121.0, "h": 9.0}, {"x": 568.0, "y": 401.0, "w": 121.0, "h": 20.0}], "y": [11.21, 10.77, 11.43, 12.31, 13.3, 15.5], "x": [1930, 1940, 1950, 1960, 1970, 1980], "color": "#3c4e66"}], "type": "line"}