{"general_figure_info": {"figure_info": {"bbox": {"x": 121, "y": 90, "w": 521, "h": 446}}, "title": {"bbox": {"x": 14, "y": 12, "w": 283, "h": 29.015625}, "text": "Antarctic ozone hole area"}, "x_axis": {"major_labels": {"bboxes": [{"x": 105, "y": 542, "w": 36.0625, "h": 18}, {"x": 260, "y": 542, "w": 36.0625, "h": 18}, {"x": 389, "y": 542, "w": 36.0625, "h": 18}, {"x": 519, "y": 542, "w": 36.046875, "h": 18}, {"x": 622, "y": 542, "w": 36.046875, "h": 18}], "values": [1979.0, 1985.0, 1990.0, 1995.0, 1999.0]}}, "y_axis": {"major_labels": {"bboxes": [{"x": 77, "y": 524, "w": 41.125, "h": 18.015625}, {"x": 27, "y": 445, "w": 91.53125, "h": 18.015625}, {"x": 18, "y": 366, "w": 100.546875, "h": 18.015625}, {"x": 18, "y": 286, "w": 100.546875, "h": 18.015625}, {"x": 18, "y": 207, "w": 100.546875, "h": 18.015625}, {"x": 18, "y": 128, "w": 100.546875, "h": 18.015625}], "values": [0.0, 5.0, 10.0, 15.0, 20.0, 25.0]}}, "legend": {"items": [{"model": "Maximum ozone hole area", "label": {"bbox": {"x": 644, "y": 118, "w": 159.59375, "h": 15.015625}, "text": "Maximum ozone hole area"}}, {"model": "Mean ozone hole area", "label": {"bbox": {"x": 644, "y": 157, "w": 134.859375, "h": 15.015625}, "text": "Mean ozone hole area"}}]}}, "models": [{"name": "Maximum ozone hole area", "bboxes": [{"x": 123.0, "y": 483.0, "w": 26.0, "h": 35.0}, {"x": 149.0, "y": 483.0, "w": 26.0, "h": 3.0}, {"x": 175.0, "y": 364.0, "w": 25.0, "h": 122.0}, {"x": 200.0, "y": 342.0, "w": 26.0, "h": 22.0}, {"x": 226.0, "y": 302.0, "w": 26.0, "h": 40.0}, {"x": 252.0, "y": 237.0, "w": 26.0, "h": 65.0}, {"x": 278.0, "y": 237.0, "w": 26.0, "h": 70.0}, {"x": 304.0, "y": 180.0, "w": 26.0, "h": 127.0}, {"x": 330.0, "y": 180.0, "w": 26.0, "h": 136.0}, {"x": 356.0, "y": 191.0, "w": 26.0, "h": 125.0}, {"x": 382.0, "y": 191.0, "w": 26.0, "h": 9.0}, {"x": 408.0, "y": 176.0, "w": 25.0, "h": 24.0}, {"x": 433.0, "y": 140.0, "w": 26.0, "h": 36.0}, {"x": 459.0, "y": 126.0, "w": 26.0, "h": 14.0}, {"x": 485.0, "y": 126.0, "w": 26.0, "h": 9.0}, {"x": 511.0, "y": 108.0, "w": 52.0, "h": 27.0}, {"x": 563.0, "y": 108.0, "w": 26.0, "h": 29.0}, {"x": 589.0, "y": 92.0, "w": 26.0, "h": 45.0}, {"x": 615.0, "y": 92.0, "w": 25.0, "h": 34.0}], "y": [1.52, 3.74, 3.55, 11.27, 12.66, 15.19, 19.3, 14.87, 22.91, 14.3, 22.22, 21.65, 23.17, 25.44, 26.33, 25.76, 27.47, 25.63, 28.48, 26.33], "x": [1979, 1980, 1981, 1982, 1983, 1984, 1985, 1986, 1987, 1988, 1989, 1990, 1991, 1992, 1993, 1994, 1996, 1997, 1998, 1999], "color": "#b13507"}, {"name": "Mean ozone hole area", "bboxes": [{"x": 123.0, "y": 513.0, "w": 26.0, "h": 21.0}, {"x": 149.0, "y": 513.0, "w": 26.0, "h": 13.0}, {"x": 175.0, "y": 459.0, "w": 25.0, "h": 67.0}, {"x": 200.0, "y": 410.0, "w": 26.0, "h": 49.0}, {"x": 226.0, "y": 375.0, "w": 26.0, "h": 35.0}, {"x": 252.0, "y": 310.0, "w": 26.0, "h": 65.0}, {"x": 278.0, "y": 310.0, "w": 26.0, "h": 46.0}, {"x": 304.0, "y": 229.0, "w": 26.0, "h": 127.0}, {"x": 330.0, "y": 229.0, "w": 26.0, "h": 148.0}, {"x": 356.0, "y": 238.0, "w": 26.0, "h": 139.0}, {"x": 382.0, "y": 230.0, "w": 26.0, "h": 8.0}, {"x": 408.0, "y": 230.0, "w": 25.0, "h": 7.0}, {"x": 433.0, "y": 181.0, "w": 26.0, "h": 56.0}, {"x": 459.0, "y": 151.0, "w": 26.0, "h": 30.0}, {"x": 485.0, "y": 151.0, "w": 26.0, "h": 10.0}, {"x": 511.0, "y": 161.0, "w": 52.0, "h": 12.0}, {"x": 563.0, "y": 173.0, "w": 26.0, "h": 11.0}, {"x": 589.0, "y": 124.0, "w": 26.0, "h": 60.0}, {"x": 615.0, "y": 124.0, "w": 25.0, "h": 41.0}], "y": [0.51, 1.84, 1.01, 5.25, 8.36, 10.57, 14.68, 11.77, 19.81, 10.44, 19.24, 19.75, 19.3, 22.85, 24.75, 24.11, 23.36, 22.66, 26.46, 23.86], "x": [1979, 1980, 1981, 1982, 1983, 1984, 1985, 1986, 1987, 1988, 1989, 1990, 1991, 1992, 1993, 1994, 1996, 1997, 1998, 1999], "color": "#3c4e66"}], "type": "line"}