{"general_figure_info": {"legend": {"items": [{"model": "Favorable", "label": {"bbox": {"x": 291, "y": 109, "w": 62, "h": 16}, "text": "Favorable"}}, {"model": "Unfavorable", "label": {"bbox": {"x": 294, "y": 232, "w": 70, "h": 19}, "text": "Unfavorable"}}]}, "title": {"bbox": {"x": 0, "y": 0, "w": 637, "h": 53}, "text": "Americans are now divided in their views of China U.S. views of China "}, "figure_info": {"bbox": {"x": 5, "y": 53, "w": 623, "h": 283}}, "x_axis": {"major_labels": {"bboxes": [{"x": 13, "y": 324, "w": 29, "h": 12}, {"x": 62, "y": 324, "w": 30, "h": 12}, {"x": 110, "y": 324, "w": 30, "h": 12}, {"x": 160, "y": 324, "w": 30, "h": 12}, {"x": 208, "y": 324, "w": 29, "h": 12}, {"x": 257, "y": 324, "w": 29, "h": 12}, {"x": 305, "y": 324, "w": 31, "h": 12}, {"x": 354, "y": 324, "w": 31, "h": 12}, {"x": 404, "y": 324, "w": 29, "h": 12}, {"x": 453, "y": 324, "w": 29, "h": 12}, {"x": 501, "y": 324, "w": 31, "h": 12}, {"x": 550, "y": 324, "w": 31, "h": 12}, {"x": 598, "y": 324, "w": 30, "h": 12}], "values": ["2005", "2006", "2007", "2008", "2009", "2010", "2011", "2012", "2013", "2014", "2015", "2016", "2017"]}}}, "models": [{"name": "Favorable", "color": "green", "y": ["0", "52", "42", "39", "50", "49", "51", "40", "37", "35", "38", "37", "44"], "x": ["2005", "2006", "2007", "2008", "2009", "2010", "2011", "2012", "2013", "2014", "2015", "2016", "2017"], "bboxes": [{"x": 21, "y": 164, "w": 13, "h": 8}, {"x": 65, "y": 130, "w": 18, "h": 18}, {"x": 119, "y": 161, "w": 14, "h": 18}, {"x": 165, "y": 206, "w": 16, "h": 12}, {"x": 214, "y": 140, "w": 16, "h": 10}, {"x": 264, "y": 144, "w": 16, "h": 10}, {"x": 313, "y": 137, "w": 15, "h": 11}, {"x": 360, "y": 170, "w": 18, "h": 15}, {"x": 410, "y": 214, "w": 15, "h": 10}, {"x": 458, "y": 218, "w": 16, "h": 12}, {"x": 508, "y": 209, "w": 16, "h": 12}, {"x": 556, "y": 213, "w": 16, "h": 11}, {"x": 604, "y": 189, "w": 20, "h": 20}]}, {"name": "Unfavorable", "color": "orange", "y": ["35", "29", "39", "42", "38", "36", "36", "40", "0", "55", "54", "55", "47"], "x": ["2005", "2006", "2007", "2008", "2009", "2010", "2011", "2012", "2013", "2014", "2015", "2016", "2017"], "bboxes": [{"x": 20, "y": 220, "w": 14, "h": 10}, {"x": 68, "y": 237, "w": 16, "h": 12}, {"x": 117, "y": 206, "w": 15, "h": 12}, {"x": 162, "y": 162, "w": 24, "h": 19}, {"x": 214, "y": 209, "w": 16, "h": 12}, {"x": 262, "y": 216, "w": 18, "h": 10}, {"x": 312, "y": 216, "w": 17, "h": 12}, {"x": 362, "y": 205, "w": 15, "h": 9}, {"x": 412, "y": 136, "w": 13, "h": 9}, {"x": 460, "y": 126, "w": 14, "h": 10}, {"x": 509, "y": 129, "w": 15, "h": 9}, {"x": 557, "y": 125, "w": 16, "h": 11}, {"x": 603, "y": 150, "w": 25, "h": 15}]}], "type": "line"}