{"general_figure_info": {"legend": {"items": [{"model": "Not be affected", "label": {"bbox": {"x": 358, "y": 80, "w": 50, "h": 29}, "text": "Not be affected"}}, {"model": "Gain influence", "label": {"bbox": {"x": 282, "y": 81, "w": 56, "h": 28}, "text": "Gain influence"}}, {"model": "Lose influence", "label": {"bbox": {"x": 184, "y": 82, "w": 65, "h": 27}, "text": "Lose influence"}}]}, "title": {"bbox": {"x": 0, "y": 8, "w": 414, "h": 64}, "text": "Most Americans think corporations and the military will increase influence with Trump in the White House % who say each group will by Donald Trump taking office "}, "figure_info": {"bbox": {"x": 5, "y": 72, "w": 409, "h": 181}}, "x_axis": {"major_labels": {"bboxes": [{"x": 21, "y": 116, "w": 79, "h": 12}, {"x": 38, "y": 140, "w": 61, "h": 16}, {"x": 30, "y": 169, "w": 71, "h": 12}, {"x": 28, "y": 194, "w": 72, "h": 12}, {"x": 6, "y": 221, "w": 94, "h": 12}], "values": ["Business corps", "The military", "D.C. lobbyists", "Union leaders", "Environmentalists"]}}}, "models": [{"name": "Lose influence", "color": "light brown", "y": ["10", "12", "37", "54", "60"], "x": ["Business corps", "The military", "D.C. lobbyists", "Union leaders", "Environmentalists"], "bboxes": [{"x": 228, "y": 116, "w": 16, "h": 12}, {"x": 228, "y": 142, "w": 14, "h": 12}, {"x": 196, "y": 169, "w": 14, "h": 11}, {"x": 169, "y": 196, "w": 16, "h": 12}, {"x": 161, "y": 222, "w": 16, "h": 11}]}, {"name": "Gain influence", "color": "dark brown", "y": ["74", "64", "36", "20", "13"], "x": ["Business corps", "The military", "D.C. lobbyists", "Union leaders", "Environmentalists"], "bboxes": [{"x": 333, "y": 117, "w": 15, "h": 9}, {"x": 317, "y": 144, "w": 16, "h": 10}, {"x": 274, "y": 169, "w": 16, "h": 11}, {"x": 250, "y": 196, "w": 16, "h": 12}, {"x": 246, "y": 222, "w": 15, "h": 11}]}, {"name": "Not be affected", "color": "UNK", "y": ["14", "22", "21", "21", "21"], "x": ["Business corps", "The military", "D.C. lobbyists", "Union leaders", "Environmentalists"], "bboxes": [{"x": 392, "y": 116, "w": 14, "h": 12}, {"x": 392, "y": 142, "w": 16, "h": 12}, {"x": 392, "y": 169, "w": 14, "h": 12}, {"x": 392, "y": 196, "w": 16, "h": 12}, {"x": 392, "y": 222, "w": 14, "h": 11}]}], "type": "h_bar"}