{"general_figure_info": {"legend": {"items": [{"model": "Not sure", "label": {"bbox": {"x": 366, "y": 94, "w": 52, "h": 19}, "text": "Not sure"}}, {"model": "Yes", "label": {"bbox": {"x": 239, "y": 95, "w": 29, "h": 19}, "text": "Yes"}}, {"model": "No", "label": {"bbox": {"x": 209, "y": 96, "w": 21, "h": 19}, "text": "No"}}]}, "title": {"bbox": {"x": 0, "y": 0, "w": 419, "h": 79}, "text": "Americans express mixed views of the benefits of internet-enabled 'gig work' % of U.S. adults who say that these jobs . "}, "figure_info": {"bbox": {"x": 5, "y": 79, "w": 410, "h": 318}}, "x_axis": {"major_labels": {"bboxes": [{"x": 12, "y": 118, "w": 149, "h": 27}, {"x": 12, "y": 160, "w": 129, "h": 25}, {"x": 12, "y": 208, "w": 144, "h": 28}, {"x": 11, "y": 252, "w": 113, "h": 26}, {"x": 13, "y": 297, "w": 128, "h": 27}, {"x": 12, "y": 338, "w": 101, "h": 39}], "values": ["Are great for people who want flexible work schedules", "Are good for older people who don't work full time", "Are good entry-level jobs for those entering workforce", "Let companies take advantage of workers", "Place too much financial burden on workers", "Are the kind of jobs people can build careers out of"]}}}, "models": [{"name": "No", "color": "dark blue", "y": ["6", "10", "21", "32", "29", "41"], "x": ["Are great for people who want flexible work schedules", "Are good for older people who don't work full time", "Are good entry-level jobs for those entering workforce", "Let companies take advantage of workers", "Place too much financial burden on workers", "Are the kind of jobs people can build careers out of"], "bboxes": [{"x": 205, "y": 123, "w": 23, "h": 19}, {"x": 198, "y": 172, "w": 16, "h": 12}, {"x": 182, "y": 218, "w": 14, "h": 10}, {"x": 164, "y": 262, "w": 16, "h": 12}, {"x": 169, "y": 308, "w": 15, "h": 12}, {"x": 150, "y": 352, "w": 17, "h": 18}]}, {"name": "Yes", "color": "light blue", "y": ["68", "54", "37", "23", "21", "16"], "x": ["Are great for people who want flexible work schedules", "Are good for older people who don't work full time", "Are good entry-level jobs for those entering workforce", "Let companies take advantage of workers", "Place too much financial burden on workers", "Are the kind of jobs people can build careers out of"], "bboxes": [{"x": 349, "y": 126, "w": 16, "h": 11}, {"x": 329, "y": 173, "w": 13, "h": 11}, {"x": 302, "y": 218, "w": 14, "h": 10}, {"x": 280, "y": 262, "w": 14, "h": 12}, {"x": 276, "y": 308, "w": 14, "h": 12}, {"x": 269, "y": 354, "w": 16, "h": 11}]}, {"name": "Not sure", "color": "UNK", "y": ["26", "36", "41", "46", "50", "43"], "x": ["Are great for people who want flexible work schedules", "Are good for older people who don't work full time", "Are good entry-level jobs for those entering workforce", "Let companies take advantage of workers", "Place too much financial burden on workers", "Are the kind of jobs people can build careers out of"], "bboxes": [{"x": 382, "y": 125, "w": 18, "h": 12}, {"x": 382, "y": 172, "w": 16, "h": 12}, {"x": 377, "y": 215, "w": 24, "h": 15}, {"x": 382, "y": 262, "w": 16, "h": 12}, {"x": 382, "y": 308, "w": 16, "h": 12}, {"x": 382, "y": 353, "w": 16, "h": 11}]}], "type": "h_bar"}