{"general_figure_info": {"legend": {"items": [{"model": "Bad time", "label": {"bbox": {"x": 135, "y": 116, "w": 59, "h": 14}, "text": "Bad time"}}, {"model": "Good time", "label": {"bbox": {"x": 210, "y": 119, "w": 65, "h": 11}, "text": "Good time"}}]}, "title": {"bbox": {"x": 0, "y": 4, "w": 308, "h": 102}, "text": "Scientists closely divided over the state of their field, outlook for new entrants % of AAAS working Ph.D. scientists who say this is a for their scientificspecialty/to begin a career in their specialty "}, "figure_info": {"bbox": {"x": 5, "y": 106, "w": 299, "h": 120}}, "x_axis": {"major_labels": {"bboxes": [{"x": 10, "y": 153, "w": 92, "h": 12}, {"x": 9, "y": 181, "w": 91, "h": 25}], "values": ["For their specialty", "To begin a career in their specialty"]}}}, "models": [{"name": "Bad time", "color": "green", "y": ["44", "53"], "x": ["For their specialty", "To begin a career in their specialty"], "bboxes": [{"x": 121, "y": 154, "w": 16, "h": 10}, {"x": 108, "y": 188, "w": 16, "h": 12}]}, {"name": "Good time", "color": "blue", "y": ["55", "47"], "x": ["For their specialty", "To begin a career in their specialty"], "bboxes": [{"x": 289, "y": 154, "w": 15, "h": 10}, {"x": 281, "y": 189, "w": 13, "h": 9}]}], "type": "h_bar"}