{"general_figure_info": {"title": {"bbox": {"x": 0, "y": 0, "w": 401, "h": 265}, "text": "Two-thirds of Hispanic adults said being Hispanic was part of their racial background % of Hispanic adults who said being Hispanic was part of their ... "}, "figure_info": {"bbox": {"x": 0, "y": 265, "w": 404, "h": 398}}}, "models": [{"name": "Racial background", "color": "UNK", "bboxes": [], "value": "11", "text_label": "Racial background", "text_bbox": {"x": 0, "y": 324, "w": 140, "h": 91}}, {"name": "Ethnic background", "color": "UNK", "bboxes": [], "value": "19", "text_label": "Ethnic background", "text_bbox": {"x": 35, "y": 468, "w": 147, "h": 93}}, {"name": "Both, racial and ethnic background", "color": "UNK", "bboxes": [], "value": "56", "text_label": "Both, racial and ethnic background", "text_bbox": {"x": 205, "y": 476, "w": 136, "h": 156}}, {"name": "Don't know", "color": "UNK", "bboxes": [], "value": "13", "text_label": "Don't know", "text_bbox": {"x": 97, "y": 572, "w": 78, "h": 91}}], "type": "pie"}