{"general_figure_info": {"figure_info": {"bbox": {"x": 59, "y": 125, "w": 671, "h": 411}}, "title": {"bbox": {"x": 15, "y": 12, "w": 630.78125, "h": 46.625}, "text": "Disability-adjusted life years: Mental and substance use disorders,age-standardized rate, 1997 to 2007"}, "x_axis": {"major_labels": {"bboxes": [{"x": 43, "y": 542, "w": 36.0625, "h": 18}, {"x": 109, "y": 542, "w": 36.0625, "h": 18}, {"x": 243, "y": 542, "w": 36.046875, "h": 18}, {"x": 376, "y": 542, "w": 36.0625, "h": 18}, {"x": 510, "y": 542, "w": 36.046875, "h": 18}, {"x": 643, "y": 542, "w": 36.0625, "h": 18}, {"x": 710, "y": 542, "w": 36.046875, "h": 18}], "values": [1997.0, 1998.0, 2000.0, 2002.0, 2004.0, 2006.0, 2007.0]}}, "y_axis": {"major_labels": {"bboxes": [{"x": 47, "y": 524, "w": 9.03125, "h": 18.015625}, {"x": 29, "y": 473, "w": 27.046875, "h": 18.015625}, {"x": 29, "y": 422, "w": 27.046875, "h": 18.015625}, {"x": 29, "y": 370, "w": 27.046875, "h": 18.015625}, {"x": 29, "y": 319, "w": 27.046875, "h": 18.015625}, {"x": 15, "y": 268, "w": 40.5625, "h": 18.015625}, {"x": 15, "y": 216, "w": 40.5625, "h": 18.015625}, {"x": 15, "y": 165, "w": 40.5625, "h": 18.015625}], "values": [0.0, 200.0, 400.0, 600.0, 800.0, 1000.0, 1200.0, 1400.0]}}, "legend": {"items": [{"model": "Cape Verde", "label": {"bbox": {"x": 732, "y": 126, "w": 71.8125, "h": 15.015625}, "text": "Cape Verde"}}]}}, "models": [{"name": "Cape Verde", "bboxes": [{"x": 61.0, "y": 134.0, "w": 67.0, "h": 1.0}, {"x": 128.0, "y": 132.0, "w": 66.0, "h": 2.0}, {"x": 194.0, "y": 131.0, "w": 67.0, "h": 1.0}, {"x": 261.0, "y": 130.0, "w": 67.0, "h": 1.0}, {"x": 328.0, "y": 129.0, "w": 66.0, "h": 1.0}, {"x": 394.0, "y": 128.0, "w": 67.0, "h": 1.0}, {"x": 461.0, "y": 127.0, "w": 67.0, "h": 1.0}, {"x": 528.0, "y": 127.0, "w": 66.0, "h": 0.0}, {"x": 594.0, "y": 127.0, "w": 67.0, "h": 0.0}, {"x": 661.0, "y": 127.0, "w": 67.0, "h": 0.0}], "y": [1596.14, 1600.06, 1607.9, 1611.83, 1615.75, 1619.67, 1623.59, 1627.51, 1627.51, 1627.51, 1627.51], "x": [1997, 1998, 1999, 2000, 2001, 2002, 2003, 2004, 2005, 2006, 2007], "color": "#3c4e66"}], "type": "line"}