{"general_figure_info": {"figure_info": {"bbox": {"x": 94, "y": 92, "w": 696.9000244140625, "h": 443.0999755859375}}, "title": {"bbox": {"x": 15, "y": 12, "w": 307.359375, "h": 29.015625}, "text": "Sex ratio by age, Togo, 1972"}, "x_axis": {"major_labels": {"bboxes": [{"x": 10, "y": 109, "w": 79.296875, "h": 15.015625}, {"x": 10, "y": 172, "w": 79.296875, "h": 15.015625}, {"x": 10, "y": 236, "w": 79.296875, "h": 15.015625}, {"x": 10, "y": 299, "w": 79.296875, "h": 15.015625}, {"x": 10, "y": 362, "w": 79.296875, "h": 15.015625}, {"x": 10, "y": 426, "w": 79.296875, "h": 15.015625}, {"x": 10, "y": 489, "w": 79.296875, "h": 15.015625}], "values": ["15-year olds", "20-year olds", "30-year olds", "40-year olds", "50-year olds", "60-year olds", "70-year olds"]}}, "y_axis": {"major_labels": {"bboxes": [{"x": 90, "y": 542, "w": 9.015625, "h": 18}, {"x": 225, "y": 542, "w": 18.046875, "h": 18}, {"x": 365, "y": 542, "w": 18.046875, "h": 18}, {"x": 505, "y": 542, "w": 18.046875, "h": 18}, {"x": 645, "y": 542, "w": 18.046875, "h": 18}], "values": ["0", "20", "40", "60", "80"]}}}, "models": [{"name": "bars", "bboxes": [{"x": 94, "y": 92, "w": 696.9000244140625, "h": 50.63999938964844}, {"x": 94, "y": 156, "w": 696.2999877929688, "h": 50.6400146484375}, {"x": 94, "y": 219, "w": 695.2000122070312, "h": 50.6400146484375}, {"x": 94, "y": 282, "w": 675.5, "h": 50.6400146484375}, {"x": 94, "y": 345, "w": 650.5, "h": 50.6400146484375}, {"x": 94, "y": 409, "w": 593, "h": 50.6400146484375}, {"x": 94, "y": 472, "w": 565.7999877929688, "h": 50.6400146484375}], "y": ["99.55", "99.47", "99.32", "96.5", "92.92", "84.72", "80.83"], "x": ["15-year olds", "20-year olds", "30-year olds", "40-year olds", "50-year olds", "60-year olds", "70-year olds"], "colors": ["#c05917", "#4c6a9c", "#00823f", "#883039", "#cf0a66", "#6d3e91", "#00847e"]}], "type": "h_bar"}