{"general_figure_info": {"figure_info": {"bbox": {"x": 102, "y": 80, "w": 696.2999877929688, "h": 455.29998779296875}}, "title": {"bbox": {"x": 15, "y": 12, "w": 689.125, "h": 46.625}, "text": "Women in the USA: Weekly hours dedicated to home production, by agegroup, 1930"}, "x_axis": {"major_labels": {"bboxes": [{"x": 10, "y": 102, "w": 87.28125, "h": 15.015625}, {"x": 10, "y": 178, "w": 87.28125, "h": 15.015625}, {"x": 22, "y": 254, "w": 75.28125, "h": 15.015625}, {"x": 22, "y": 330, "w": 75.28125, "h": 15.015625}, {"x": 10, "y": 405, "w": 87.28125, "h": 15.015625}, {"x": 10, "y": 481, "w": 87.28125, "h": 15.015625}], "values": ["Women 25-54", "Women 55-64", "Women 14+", "Women 65+", "Women 18-24", "Women 14-17"]}}, "y_axis": {"major_labels": {"bboxes": [{"x": 98, "y": 542, "w": 9.03125, "h": 18}, {"x": 245, "y": 542, "w": 18.046875, "h": 18}, {"x": 397, "y": 542, "w": 18.046875, "h": 18}, {"x": 548, "y": 542, "w": 18.03125, "h": 18}, {"x": 700, "y": 542, "w": 18.03125, "h": 18}], "values": ["0", "10", "20", "30", "40"]}}}, "models": [{"name": "bars", "bboxes": [{"x": 102, "y": 80, "w": 696.2999877929688, "h": 60.7066650390625}, {"x": 102, "y": 156, "w": 656.9000244140625, "h": 60.7066650390625}, {"x": 102, "y": 232, "w": 600.7999877929688, "h": 60.7066650390625}, {"x": 102, "y": 308, "w": 576.5, "h": 60.7066650390625}, {"x": 102, "y": 384, "w": 490, "h": 60.7066650390625}, {"x": 102, "y": 459, "w": 262.5, "h": 60.706634521484375}], "y": ["45.9", "43.3", "39.6", "38", "32.3", "17.3"], "x": ["Women 25-54", "Women 55-64", "Women 14+", "Women 65+", "Women 18-24", "Women 14-17"], "colors": ["#883039", "#cf0a66", "#00847e", "#6d3e91", "#b13507", "#3c4e66"]}], "type": "h_bar"}