{"general_figure_info": {"legend": {"items": [{"model": "SPANISH", "label": {"bbox": {"x": 329, "y": 83, "w": 48, "h": 14}, "text": "SPANISH"}}, {"model": "BILINGUAL", "label": {"bbox": {"x": 200, "y": 82, "w": 58, "h": 14}, "text": "BILINGUAL"}}, {"model": "ENGLISH", "label": {"bbox": {"x": 98, "y": 83, "w": 51, "h": 14}, "text": "ENGLISH"}}]}, "title": {"bbox": {"x": 0, "y": 10, "w": 419, "h": 58}, "text": "Catholic Hispanics More Likely to Use Spanish % of Hispanic adults who mainly use English, Spanish or both "}, "figure_info": {"bbox": {"x": 5, "y": 68, "w": 410, "h": 141}}, "x_axis": {"major_labels": {"bboxes": [{"x": 64, "y": 108, "w": 13, "h": 10}, {"x": 28, "y": 150, "w": 49, "h": 14}, {"x": 4, "y": 177, "w": 73, "h": 12}], "values": ["All", "Catholics", "Non-Catholics"]}}}, "models": [{"name": "ENGLISH", "color": "light brown", "y": ["25", "20", "32"], "x": ["All", "Catholics", "Non-Catholics"], "bboxes": [{"x": 109, "y": 106, "w": 25, "h": 14}, {"x": 105, "y": 150, "w": 16, "h": 12}, {"x": 132, "y": 176, "w": 14, "h": 12}]}, {"name": "BILINGUAL", "color": "grey", "y": ["36", "37", "36"], "x": ["All", "Catholics", "Non-Catholics"], "bboxes": [{"x": 212, "y": 106, "w": 26, "h": 14}, {"x": 198, "y": 150, "w": 16, "h": 12}, {"x": 236, "y": 176, "w": 16, "h": 12}]}, {"name": "SPANISH", "color": "dark brown", "y": ["38", "43", "32"], "x": ["All", "Catholics", "Non-Catholics"], "bboxes": [{"x": 332, "y": 108, "w": 26, "h": 12}, {"x": 333, "y": 150, "w": 15, "h": 12}, {"x": 349, "y": 176, "w": 16, "h": 12}]}], "type": "h_bar"}