{"general_figure_info": {"figure_info": {"bbox": {"x": 76, "y": 35, "w": 634, "h": 731}}, "y_axis": {"label": {"bbox": [{"x": 288, "y": 797, "w": 210.140625, "h": 11}], "text": "Mean annual out-of-pocket expense per person"}, "major_labels": {"bboxes": [{"x": 55.5, "y": 772, "w": 22.266666666666666, "h": 26.0}, {"x": 100.5, "y": 772, "w": 22.266666666666666, "h": 26.0}, {"x": 146.5, "y": 772, "w": 22.266666666666666, "h": 26.0}, {"x": 191.5, "y": 772, "w": 22.266666666666666, "h": 26.0}, {"x": 236.5, "y": 772, "w": 22.266666666666666, "h": 26.0}, {"x": 281.5, "y": 772, "w": 22.266666666666666, "h": 26.0}, {"x": 327.5, "y": 772, "w": 22.266666666666666, "h": 26.0}, {"x": 372.5, "y": 772, "w": 22.266666666666666, "h": 26.0}, {"x": 417.5, "y": 772, "w": 22.266666666666666, "h": 26.0}, {"x": 463.5, "y": 772, "w": 22.266666666666666, "h": 26.0}, {"x": 508.5, "y": 772, "w": 22.266666666666666, "h": 26.0}, {"x": 553.5, "y": 772, "w": 22.266666666666666, "h": 26.0}, {"x": 598.5, "y": 772, "w": 22.266666666666666, "h": 26.0}, {"x": 644.5, "y": 772, "w": 22.266666666666666, "h": 26.0}, {"x": 690.5, "y": 772, "w": 22.266666666666666, "h": 26.0}]}}, "x_axis": {"major_labels": {"bboxes": [{"x": 39, "y": 47, "h": 12, "w": 24.484375}, {"x": 39, "y": 84, "h": 12, "w": 24.484375}, {"x": 39, "y": 120, "h": 12, "w": 24.484375}, {"x": 39, "y": 157, "h": 12, "w": 23.65625}, {"x": 39, "y": 193, "h": 12, "w": 24.484375}, {"x": 39, "y": 230, "h": 12, "w": 24.484375}, {"x": 39, "y": 267, "h": 12, "w": 24.484375}, {"x": 39, "y": 303, "h": 12, "w": 24.484375}, {"x": 39, "y": 340, "h": 12, "w": 24.484375}, {"x": 39, "y": 376, "h": 12, "w": 24.484375}, {"x": 39, "y": 413, "h": 12, "w": 24.484375}, {"x": 39, "y": 449, "h": 12, "w": 24.484375}, {"x": 39, "y": 486, "h": 12, "w": 24.484375}, {"x": 39, "y": 522, "h": 12, "w": 24.484375}, {"x": 39, "y": 559, "h": 12, "w": 24.484375}, {"x": 39, "y": 596, "h": 12, "w": 24.484375}, {"x": 39, "y": 632, "h": 12, "w": 24.484375}, {"x": 39, "y": 669, "h": 12, "w": 24.484375}, {"x": 39, "y": 705, "h": 12, "w": 24.484375}, {"x": 39, "y": 742, "h": 12, "w": 24.484375}], "values": ["2014", "2013", "2012", "2011", "2010", "2009", "2008", "2007", "2006", "2005", "2004", "2003", "2002", "2001", "2000", "1999", "1998", "1997", "1996", "1987"]}, "label": {}}, "legend": {"bbox": {"x": 137, "y": 826, "w": 470, "h": 34}, "items": [{"model": "Uninsured all year", "label": {"bbox": {"x": 490, "y": 838, "w": 104.369140625, "h": 14}, "text": "Uninsured all year"}, "preview": {"bbox": {"x": 471, "y": 838, "w": 12, "h": 12}}}, {"model": "Public insurance only", "label": {"bbox": {"x": 329, "y": 838, "w": 124.357421875, "h": 14}, "text": "Public insurance only"}, "preview": {"bbox": {"x": 310, "y": 838, "w": 12, "h": 12}}}, {"model": "Any private insurance", "label": {"bbox": {"x": 166, "y": 838, "w": 125.705078125, "h": 14}, "text": "Any private insurance"}, "preview": {"bbox": {"x": 147, "y": 838, "w": 12, "h": 12}}}]}}, "models": [{"name": "Uninsured all year", "bboxes": [{"x": 75, "y": 38, "w": 325, "h": 10}, {"x": 75, "y": 74, "w": 357, "h": 10}, {"x": 75, "y": 111, "w": 329, "h": 10}, {"x": 75, "y": 147, "w": 318, "h": 10}, {"x": 75, "y": 184, "w": 347, "h": 10}, {"x": 75, "y": 220, "w": 352, "h": 10}, {"x": 75, "y": 257, "w": 493, "h": 10}, {"x": 75, "y": 293, "w": 437, "h": 10}, {"x": 75, "y": 330, "w": 574, "h": 10}, {"x": 75, "y": 366, "w": 555, "h": 10}, {"x": 75, "y": 403, "w": 528, "h": 10}, {"x": 75, "y": 440, "w": 499, "h": 10}, {"x": 75, "y": 476, "w": 508, "h": 10}, {"x": 75, "y": 513, "w": 407, "h": 10}, {"x": 75, "y": 549, "w": 410, "h": 10}, {"x": 75, "y": 586, "w": 315, "h": 10}, {"x": 75, "y": 622, "w": 313, "h": 10}, {"x": 75, "y": 659, "w": 275, "h": 10}, {"x": 75, "y": 695, "w": 248, "h": 10}, {"x": 75, "y": 732, "w": 140, "h": 10}], "colors": ["#bababa", "#bababa", "#bababa", "#bababa", "#bababa", "#bababa", "#bababa", "#bababa", "#bababa", "#bababa", "#bababa", "#bababa", "#bababa", "#bababa", "rgb(186,186,186)", "#bababa", "#bababa", "#bababa", "#bababa", "#bababa"], "y": ["359", "394", "363", "351", "383", "389", "544", "482", "634", "613", "583", "551", "561", "449", "453", "348", "346", "304", "274", "155"], "labels": ["2014", "2013", "2012", "2011", "2010", "2009", "2008", "2007", "2006", "2005", "2004", "2003", "2002", "2001", "2000", "1999", "1998", "1997", "1996", "1987"], "x": ["2014", "2013", "2012", "2011", "2010", "2009", "2008", "2007", "2006", "2005", "2004", "2003", "2002", "2001", "2000", "1999", "1998", "1997", "1996", "1987"]}, {"name": "Public insurance only", "bboxes": [{"x": 75, "y": 48, "w": 86, "h": 10}, {"x": 75, "y": 85, "w": 105, "h": 10}, {"x": 75, "y": 121, "w": 127, "h": 10}, {"x": 75, "y": 158, "w": 160, "h": 10}, {"x": 75, "y": 194, "w": 139, "h": 10}, {"x": 75, "y": 231, "w": 135, "h": 10}, {"x": 75, "y": 267, "w": 207, "h": 10}, {"x": 75, "y": 304, "w": 200, "h": 10}, {"x": 75, "y": 340, "w": 295, "h": 10}, {"x": 75, "y": 377, "w": 349, "h": 10}, {"x": 75, "y": 413, "w": 399, "h": 10}, {"x": 75, "y": 450, "w": 449, "h": 10}, {"x": 75, "y": 487, "w": 319, "h": 10}, {"x": 75, "y": 523, "w": 348, "h": 10}, {"x": 75, "y": 560, "w": 355, "h": 10}, {"x": 75, "y": 596, "w": 325, "h": 10}, {"x": 75, "y": 633, "w": 279, "h": 10}, {"x": 75, "y": 669, "w": 187, "h": 10}, {"x": 75, "y": 706, "w": 147, "h": 10}, {"x": 75, "y": 742, "w": 89, "h": 10}], "colors": ["#0f283e", "#0f283e", "#0f283e", "#0f283e", "#0f283e", "#0f283e", "#0f283e", "#0f283e", "#0f283e", "#0f283e", "#0f283e", "#0f283e", "#0f283e", "#0f283e", "rgb(15,40,62)", "#0f283e", "#0f283e", "#0f283e", "#0f283e", "#0f283e"], "y": ["95", "116", "140", "177", "154", "149", "229", "221", "326", "385", "441", "496", "352", "384", "392", "359", "308", "207", "162", "98"], "labels": ["2014", "2013", "2012", "2011", "2010", "2009", "2008", "2007", "2006", "2005", "2004", "2003", "2002", "2001", "2000", "1999", "1998", "1997", "1996", "1987"], "x": ["2014", "2013", "2012", "2011", "2010", "2009", "2008", "2007", "2006", "2005", "2004", "2003", "2002", "2001", "2000", "1999", "1998", "1997", "1996", "1987"]}, {"name": "Any private insurance", "bboxes": [{"x": 75, "y": 58, "w": 196, "h": 10}, {"x": 75, "y": 95, "w": 207, "h": 10}, {"x": 75, "y": 132, "w": 244, "h": 10}, {"x": 75, "y": 168, "w": 244, "h": 10}, {"x": 75, "y": 205, "w": 258, "h": 10}, {"x": 75, "y": 241, "w": 238, "h": 10}, {"x": 75, "y": 278, "w": 257, "h": 10}, {"x": 75, "y": 314, "w": 280, "h": 10}, {"x": 75, "y": 351, "w": 352, "h": 10}, {"x": 75, "y": 387, "w": 341, "h": 10}, {"x": 75, "y": 424, "w": 312, "h": 10}, {"x": 75, "y": 461, "w": 330, "h": 10}, {"x": 75, "y": 497, "w": 259, "h": 10}, {"x": 75, "y": 534, "w": 247, "h": 10}, {"x": 75, "y": 570, "w": 213, "h": 10}, {"x": 75, "y": 607, "w": 200, "h": 10}, {"x": 75, "y": 643, "w": 178, "h": 10}, {"x": 75, "y": 680, "w": 181, "h": 10}, {"x": 75, "y": 716, "w": 151, "h": 10}, {"x": 75, "y": 753, "w": 133, "h": 10}], "colors": ["#2876dd", "#2876dd", "#2876dd", "#2876dd", "#2876dd", "#2876dd", "#2876dd", "#2876dd", "#2876dd", "#2876dd", "#2876dd", "#2876dd", "#2876dd", "#2876dd", "rgb(40,118,221)", "#2876dd", "#2876dd", "#2876dd", "#2876dd", "#2876dd"], "y": ["216", "228", "269", "269", "285", "263", "284", "309", "389", "376", "345", "364", "286", "273", "235", "221", "196", "200", "167", "147"], "labels": ["2014", "2013", "2012", "2011", "2010", "2009", "2008", "2007", "2006", "2005", "2004", "2003", "2002", "2001", "2000", "1999", "1998", "1997", "1996", "1987"], "x": ["2014", "2013", "2012", "2011", "2010", "2009", "2008", "2007", "2006", "2005", "2004", "2003", "2002", "2001", "2000", "1999", "1998", "1997", "1996", "1987"]}], "type": "h_bar"}