{"general_figure_info": {"figure_info": {"bbox": {"x": 82, "y": 45, "w": 643, "h": 333}}, "y_axis": {"label": {"bbox": [{"x": 40, "y": 164, "w": 11, "h": 95.609375}], "text": "Inhabitants in millions"}, "major_labels": {"bboxes": [{"x": 65, "y": 363.5, "w": 7.0, "h": 27.57142857142857}, {"x": 65, "y": 308.5, "w": 7.0, "h": 27.57142857142857}, {"x": 65, "y": 252.5, "w": 7.0, "h": 27.57142857142857}, {"x": 65, "y": 197.5, "w": 7.0, "h": 27.57142857142857}, {"x": 65, "y": 141.5, "w": 7.0, "h": 27.57142857142857}, {"x": 65, "y": 86.5, "w": 7.0, "h": 27.57142857142857}, {"x": 65, "y": 29.5, "w": 7.0, "h": 27.57142857142857}]}}, "x_axis": {"major_labels": {"bboxes": [{"x": 99, "y": 388, "h": 12, "w": 23.65625}, {"x": 157, "y": 388, "h": 12, "w": 24.484375}, {"x": 216, "y": 388, "h": 12, "w": 24.484375}, {"x": 274, "y": 388, "h": 12, "w": 24.484375}, {"x": 333, "y": 388, "h": 12, "w": 24.484375}, {"x": 391, "y": 388, "h": 12, "w": 24.484375}, {"x": 450, "y": 388, "h": 12, "w": 24.484375}, {"x": 508, "y": 388, "h": 12, "w": 24.484375}, {"x": 567, "y": 388, "h": 12, "w": 24.484375}, {"x": 625, "y": 388, "h": 12, "w": 24.484375}, {"x": 684, "y": 388, "h": 12, "w": 24.484375}], "values": ["2011", "2012", "2013", "2014", "2015", "2016", "2017", "2018", "2019", "2020", "2021"]}, "label": {}}, "legend": {"bbox": {"x": 220, "y": 416, "w": 319, "h": 34}, "items": [{"model": "Norwegian citizenship", "label": {"bbox": {"x": 249, "y": 428, "w": 126.6875, "h": 14}, "text": "Norwegian citizenship"}, "preview": {"bbox": {"x": 230, "y": 428, "w": 12, "h": 12}}}, {"model": "Foreign citizenship", "label": {"bbox": {"x": 415, "y": 428, "w": 109.34375, "h": 14}, "text": "Foreign citizenship"}, "preview": {"bbox": {"x": 396, "y": 428, "w": 12, "h": 12}}}]}}, "models": [{"name": "Norwegian citizenship", "bboxes": [{"x": 89, "y": 125, "w": 44, "h": 253}, {"x": 147, "y": 125, "w": 44, "h": 254}, {"x": 205, "y": 123, "w": 44, "h": 255}, {"x": 265, "y": 121, "w": 44, "h": 257}, {"x": 323, "y": 121, "w": 44, "h": 258}, {"x": 381, "y": 119, "w": 44, "h": 260}, {"x": 439, "y": 117, "w": 44, "h": 261}, {"x": 499, "y": 115, "w": 44, "h": 263}, {"x": 557, "y": 115, "w": 44, "h": 263}, {"x": 615, "y": 115, "w": 44, "h": 264}, {"x": 673, "y": 113, "w": 44, "h": 266}], "colors": ["#2876dd", "#2876dd", "#2876dd", "#2876dd", "#2876dd", "#2876dd", "#2876dd", "#2876dd", "#2876dd", "#2876dd", "#2876dd"], "y": ["4.55", "4.58", "4.6", "4.63", "4.65", "4.68", "4.7", "4.73", "4.74", "4.76", "4.79"], "labels": ["2011", "2012", "2013", "2014", "2015", "2016", "2017", "2018", "2019", "2020", "2021"], "x": ["2011", "2012", "2013", "2014", "2015", "2016", "2017", "2018", "2019", "2020", "2021"]}, {"name": "Foreign citizenship", "bboxes": [{"x": 89, "y": 105, "w": 44, "h": 20}, {"x": 147, "y": 101, "w": 44, "h": 23}, {"x": 205, "y": 99, "w": 44, "h": 25}, {"x": 265, "y": 95, "w": 44, "h": 27}, {"x": 323, "y": 93, "w": 44, "h": 28}, {"x": 381, "y": 89, "w": 44, "h": 30}, {"x": 439, "y": 87, "w": 44, "h": 31}, {"x": 499, "y": 85, "w": 44, "h": 31}, {"x": 557, "y": 83, "w": 44, "h": 32}, {"x": 615, "y": 81, "w": 44, "h": 33}, {"x": 673, "y": 79, "w": 44, "h": 34}], "colors": ["#0f283e", "#0f283e", "#0f283e", "#0f283e", "#0f283e", "#0f283e", "#0f283e", "#0f283e", "#0f283e", "#0f283e", "#0f283e"], "y": ["0.37", "0.41", "0.45", "0.48", "0.51", "0.54", "0.56", "0.57", "0.58", "0.6", "0.61"], "labels": ["2011", "2012", "2013", "2014", "2015", "2016", "2017", "2018", "2019", "2020", "2021"], "x": ["2011", "2012", "2013", "2014", "2015", "2016", "2017", "2018", "2019", "2020", "2021"]}], "type": "v_bar"}