{"general_figure_info": {"figure_info": {"bbox": {"x": 118, "y": 35, "w": 592, "h": 581}}, "y_axis": {"label": {"bbox": [{"x": 366, "y": 647, "w": 95.625, "h": 11}], "text": "Share of respondents"}, "major_labels": {"bboxes": [{"x": 97.5, "y": 622, "w": 33.81818181818182, "h": 26.0}, {"x": 156.5, "y": 622, "w": 33.81818181818182, "h": 26.0}, {"x": 215.5, "y": 622, "w": 33.81818181818182, "h": 26.0}, {"x": 275.5, "y": 622, "w": 33.81818181818182, "h": 26.0}, {"x": 334.5, "y": 622, "w": 33.81818181818182, "h": 26.0}, {"x": 393.5, "y": 622, "w": 33.81818181818182, "h": 26.0}, {"x": 452.5, "y": 622, "w": 33.81818181818182, "h": 26.0}, {"x": 511.5, "y": 622, "w": 33.81818181818182, "h": 26.0}, {"x": 571.5, "y": 622, "w": 33.81818181818182, "h": 26.0}, {"x": 630.5, "y": 622, "w": 33.81818181818182, "h": 26.0}, {"x": 690.5, "y": 622, "w": 33.81818181818182, "h": 26.0}]}}, "x_axis": {"major_labels": {"bboxes": [{"x": 64, "y": 48, "h": 12, "w": 40.546875}, {"x": 65, "y": 87, "h": 12, "w": 40.359375}, {"x": 53, "y": 126, "h": 12, "w": 52.84765625}, {"x": 70, "y": 165, "h": 12, "w": 35.484375}, {"x": 63, "y": 203, "h": 12, "w": 41.578125}, {"x": 87, "y": 242, "h": 12, "w": 18.34375}, {"x": 81, "y": 281, "h": 12, "w": 24.46875}, {"x": 68, "y": 320, "h": 12, "w": 36.703125}, {"x": 71, "y": 358, "h": 12, "w": 34.380859375}, {"x": 74, "y": 397, "h": 12, "w": 30.578125}, {"x": 73, "y": 436, "h": 12, "w": 32.72998046875}, {"x": 54, "y": 474, "h": 12, "w": 51.6953125}, {"x": 84, "y": 513, "h": 12, "w": 20.796875}, {"x": 43, "y": 552, "h": 12, "w": 62.68994140625}, {"x": 62, "y": 591, "h": 12, "w": 43.40625}], "values": ["Walmart", "Amazon", "Coca-Cola", "Google", "PepsiCo", "J&J", "Shell", "Verizon", "Macy's", "Exxon", "Twitter", "Budweiser", "Intel", "Under Armor", "Comcast"]}, "label": {}}, "legend": {"bbox": {"x": 275, "y": 676, "w": 194, "h": 34}, "items": [{"model": "Republican", "label": {"bbox": {"x": 395, "y": 688, "w": 64.6875, "h": 14}, "text": "Republican"}, "preview": {"bbox": {"x": 376, "y": 688, "w": 12, "h": 12}}}, {"model": "Democrat", "label": {"bbox": {"x": 304, "y": 688, "w": 55.359375, "h": 14}, "text": "Democrat"}, "preview": {"bbox": {"x": 285, "y": 688, "w": 12, "h": 12}}}]}}, "models": [{"name": "Republican", "bboxes": [{"x": 117, "y": 39, "w": 491, "h": 15}, {"x": 117, "y": 77, "w": 480, "h": 15}, {"x": 117, "y": 116, "w": 432, "h": 15}, {"x": 117, "y": 155, "w": 426, "h": 15}, {"x": 117, "y": 193, "w": 343, "h": 15}, {"x": 117, "y": 232, "w": 361, "h": 15}, {"x": 117, "y": 271, "w": 296, "h": 15}, {"x": 117, "y": 310, "w": 266, "h": 15}, {"x": 117, "y": 348, "w": 207, "h": 15}, {"x": 117, "y": 387, "w": 225, "h": 15}, {"x": 117, "y": 426, "w": 189, "h": 15}, {"x": 117, "y": 465, "w": 207, "h": 15}, {"x": 117, "y": 503, "w": 207, "h": 15}, {"x": 117, "y": 542, "w": 207, "h": 15}, {"x": 117, "y": 581, "w": 172, "h": 15}], "colors": ["#0f283e", "#0f283e", "#0f283e", "#0f283e", "#0f283e", "#0f283e", "#0f283e", "#0f283e", "#0f283e", "#0f283e", "#0f283e", "#0f283e", "#0f283e", "#0f283e", "#0f283e"], "y": ["83%", "81%", "73%", "72%", "58%", "61%", "50%", "45%", "35%", "38%", "32%", "35%", "35%", "35%", "29%"], "labels": ["Walmart", "Amazon", "Coca-Cola", "Google", "PepsiCo", "J&J", "Shell", "Verizon", "Macy's", "Exxon", "Twitter", "Budweiser", "Intel", "Under Armor", "Comcast"], "x": ["Walmart", "Amazon", "Coca-Cola", "Google", "PepsiCo", "J&J", "Shell", "Verizon", "Macy's", "Exxon", "Twitter", "Budweiser", "Intel", "Under Armor", "Comcast"]}, {"name": "Democrat", "bboxes": [{"x": 117, "y": 55, "w": 456, "h": 15}, {"x": 117, "y": 93, "w": 491, "h": 15}, {"x": 117, "y": 132, "w": 444, "h": 15}, {"x": 117, "y": 171, "w": 450, "h": 15}, {"x": 117, "y": 210, "w": 373, "h": 15}, {"x": 117, "y": 248, "w": 337, "h": 15}, {"x": 117, "y": 287, "w": 284, "h": 15}, {"x": 117, "y": 326, "w": 225, "h": 15}, {"x": 117, "y": 365, "w": 243, "h": 15}, {"x": 117, "y": 403, "w": 201, "h": 15}, {"x": 117, "y": 442, "w": 219, "h": 15}, {"x": 117, "y": 481, "w": 189, "h": 15}, {"x": 117, "y": 519, "w": 178, "h": 15}, {"x": 117, "y": 558, "w": 184, "h": 15}, {"x": 117, "y": 597, "w": 195, "h": 15}], "colors": ["#2876dd", "#2876dd", "#2876dd", "#2876dd", "#2876dd", "#2876dd", "#2876dd", "#2876dd", "#2876dd", "#2876dd", "#2876dd", "#2876dd", "#2876dd", "#2876dd", "#2876dd"], "y": ["77%", "83%", "75%", "76%", "63%", "57%", "48%", "38%", "41%", "34%", "37%", "32%", "30%", "31%", "33%"], "labels": ["Walmart", "Amazon", "Coca-Cola", "Google", "PepsiCo", "J&J", "Shell", "Verizon", "Macy's", "Exxon", "Twitter", "Budweiser", "Intel", "Under Armor", "Comcast"], "x": ["Walmart", "Amazon", "Coca-Cola", "Google", "PepsiCo", "J&J", "Shell", "Verizon", "Macy's", "Exxon", "Twitter", "Budweiser", "Intel", "Under Armor", "Comcast"]}], "type": "h_bar"}