{"general_figure_info": {"figure_info": {"bbox": {"x": 137, "y": 35, "w": 573, "h": 321}}, "y_axis": {"label": {"bbox": [{"x": 357, "y": 387, "w": 133.40625, "h": 11}], "text": "Sales revenue in million euros"}, "major_labels": {"bboxes": [{"x": 116.5, "y": 362, "w": 27.75, "h": 26.0}, {"x": 168.5, "y": 362, "w": 27.75, "h": 26.0}, {"x": 220.5, "y": 362, "w": 27.75, "h": 26.0}, {"x": 272.5, "y": 362, "w": 27.75, "h": 26.0}, {"x": 324.5, "y": 362, "w": 27.75, "h": 26.0}, {"x": 376.5, "y": 362, "w": 27.75, "h": 26.0}, {"x": 429.5, "y": 362, "w": 27.75, "h": 26.0}, {"x": 481.5, "y": 362, "w": 27.75, "h": 26.0}, {"x": 533.5, "y": 362, "w": 27.75, "h": 26.0}, {"x": 585.5, "y": 362, "w": 27.75, "h": 26.0}, {"x": 637.5, "y": 362, "w": 27.75, "h": 26.0}, {"x": 690.5, "y": 362, "w": 27.75, "h": 26.0}]}}, "x_axis": {"major_labels": {"bboxes": [{"x": 79, "y": 69, "h": 12, "w": 45.7353515625}, {"x": 109, "y": 149, "h": 12, "w": 15.94384765625}, {"x": 96, "y": 230, "h": 12, "w": 28.140625}, {"x": 43, "y": 310, "h": 12, "w": 81.82373046875}], "values": ["Germany", "UK", "Spain", "The Netherlands"]}, "label": {}}, "legend": {"bbox": {"x": 304, "y": 416, "w": 137, "h": 34}, "items": [{"model": "2014*", "label": {"bbox": {"x": 395, "y": 428, "w": 31.6953125, "h": 14}, "text": "2014*"}, "preview": {"bbox": {"x": 376, "y": 428, "w": 12, "h": 12}}}, {"model": "2013", "label": {"bbox": {"x": 333, "y": 428, "w": 27.021484375, "h": 14}, "text": "2013"}, "preview": {"bbox": {"x": 314, "y": 428, "w": 12, "h": 12}}}]}}, "models": [{"name": "2014*", "bboxes": [{"x": 136, "y": 43, "w": 485, "h": 30}, {"x": 136, "y": 124, "w": 412, "h": 30}, {"x": 136, "y": 204, "w": 207, "h": 30}, {"x": 136, "y": 284, "w": 110, "h": 30}], "colors": ["#0f283e", "#0f283e", "#0f283e", "#0f283e"], "y": ["465.69", "395.45", "198.99", "105.3"], "labels": ["Germany", "UK", "Spain", "The Netherlands"], "x": ["Germany", "UK", "Spain", "The Netherlands"]}, {"name": "2013", "bboxes": [{"x": 136, "y": 77, "w": 175, "h": 30}, {"x": 136, "y": 157, "w": 147, "h": 30}, {"x": 136, "y": 237, "w": 78, "h": 30}, {"x": 136, "y": 318, "w": 40, "h": 30}], "colors": ["#2876dd", "#2876dd", "#2876dd", "#2876dd"], "y": ["167.95", "140.67", "75.25", "38.87"], "labels": ["Germany", "UK", "Spain", "The Netherlands"], "x": ["Germany", "UK", "Spain", "The Netherlands"]}], "type": "h_bar"}