{"general_figure_info": {"figure_info": {"bbox": {"x": 89, "y": 45, "w": 636, "h": 333}}, "y_axis": {"label": {"bbox": [{"x": 40, "y": 164, "w": 11, "h": 95.625}], "text": "Share of respondents"}, "major_labels": {"bboxes": [{"x": 65, "y": 363.5, "w": 14.0, "h": 46.599999999999994}, {"x": 65, "y": 280.5, "w": 14.0, "h": 46.599999999999994}, {"x": 65, "y": 197.5, "w": 14.0, "h": 46.599999999999994}, {"x": 65, "y": 113.5, "w": 14.0, "h": 46.599999999999994}, {"x": 65, "y": 29.5, "w": 14.0, "h": 46.599999999999994}]}}, "x_axis": {"major_labels": {"bboxes": [{"x": 123, "y": 388, "h": 12, "w": 90.8291015625}, {"x": 300, "y": 388, "h": 12, "w": 54.234375}, {"x": 458, "y": 388, "h": 12, "w": 58.3896484375}, {"x": 614, "y": 388, "h": 12, "w": 63.8583984375}], "values": ["Instant Messenger", "Video Chat", "Video Kiosk", "Social Media"]}, "label": {}}, "legend": {"bbox": {"x": 315, "y": 416, "w": 130, "h": 34}, "items": [{"model": "2012", "label": {"bbox": {"x": 344, "y": 428, "w": 27.021484375, "h": 14}, "text": "2012"}, "preview": {"bbox": {"x": 325, "y": 428, "w": 12, "h": 12}}}, {"model": "2014", "label": {"bbox": {"x": 406, "y": 428, "w": 27.021484375, "h": 14}, "text": "2014"}, "preview": {"bbox": {"x": 387, "y": 428, "w": 12, "h": 12}}}]}}, "models": [{"name": "2012", "bboxes": [{"x": 106, "y": 113, "w": 60, "h": 266}, {"x": 265, "y": 204, "w": 60, "h": 175}, {"x": 424, "y": 221, "w": 60, "h": 158}, {"x": 583, "y": 296, "w": 60, "h": 83}], "colors": ["#2876dd", "#2876dd", "#2876dd", "#2876dd"], "y": ["32", "21", "19", "10"], "labels": ["Instant Messenger", "Video Chat", "Video Kiosk", "Social Media"], "x": ["Instant Messenger", "Video Chat", "Video Kiosk", "Social Media"]}, {"name": "2014", "bboxes": [{"x": 172, "y": 196, "w": 60, "h": 183}, {"x": 331, "y": 246, "w": 60, "h": 133}, {"x": 490, "y": 287, "w": 60, "h": 92}, {"x": 649, "y": 287, "w": 60, "h": 92}], "colors": ["#0f283e", "#0f283e", "#0f283e", "#0f283e"], "y": ["22", "16", "11", "11"], "labels": ["Instant Messenger", "Video Chat", "Video Kiosk", "Social Media"], "x": ["Instant Messenger", "Video Chat", "Video Kiosk", "Social Media"]}], "type": "v_bar"}