{"general_figure_info": {"figure_info": {"bbox": {"x": 101, "y": 47, "w": 626, "h": 333}}, "y_axis": {"label": {"bbox": [{"x": 42, "y": 143, "w": 11, "h": 140.640625}], "text": "Life expectancy at birth in years"}, "major_labels": {"bboxes": [{"x": 69, "y": 363.5, "w": 22.0, "h": 35.5}, {"x": 69, "y": 296.5, "w": 22.0, "h": 35.5}, {"x": 69, "y": 230.5, "w": 22.0, "h": 35.5}, {"x": 69, "y": 163.5, "w": 22.0, "h": 35.5}, {"x": 69, "y": 97.5, "w": 22.0, "h": 35.5}, {"x": 69, "y": 29.5, "w": 22.0, "h": 35.5}]}}, "x_axis": {"major_labels": {"bboxes": [{"x": 117, "y": 390, "h": 12, "w": 24.484375}, {"x": 174, "y": 390, "h": 12, "w": 24.484375}, {"x": 231, "y": 390, "h": 12, "w": 24.484375}, {"x": 288, "y": 390, "h": 12, "w": 23.65625}, {"x": 345, "y": 390, "h": 12, "w": 24.484375}, {"x": 402, "y": 390, "h": 12, "w": 24.484375}, {"x": 459, "y": 390, "h": 12, "w": 24.484375}, {"x": 516, "y": 390, "h": 12, "w": 24.484375}, {"x": 572, "y": 390, "h": 12, "w": 24.484375}, {"x": 629, "y": 390, "h": 12, "w": 24.484375}, {"x": 686, "y": 390, "h": 12, "w": 24.484375}], "values": ["2008", "2009", "2010", "2011", "2012", "2013", "2014", "2015", "2016", "2017", "2018"]}, "label": {}}, "legend": {"bbox": {"x": 312, "y": 418, "w": 139, "h": 34}, "items": [{"model": "female", "label": {"bbox": {"x": 341, "y": 430, "w": 38.34765625, "h": 14}, "text": "female"}, "preview": {"bbox": {"x": 320, "y": 437, "w": 16, "h": 0}}}, {"model": "male", "label": {"bbox": {"x": 414, "y": 430, "w": 27.677734375, "h": 14}, "text": "male"}, "preview": {"bbox": {"x": 393, "y": 437, "w": 16, "h": 0}}}]}}, "models": [{"name": "female", "bboxes": [{"x": 128, "y": 180, "w": 57, "h": 8}, {"x": 185, "y": 170, "w": 57, "h": 10}, {"x": 242, "y": 158, "w": 57, "h": 12}, {"x": 299, "y": 146, "w": 57, "h": 12}, {"x": 356, "y": 134, "w": 57, "h": 12}, {"x": 413, "y": 125, "w": 56, "h": 9}, {"x": 469, "y": 116, "w": 57, "h": 9}, {"x": 526, "y": 109, "w": 57, "h": 7}, {"x": 583, "y": 104, "w": 57, "h": 5}, {"x": 640, "y": 98, "w": 57, "h": 6}], "colors": "#2876dd", "y": ["72.17", "72.47", "72.86", "73.31", "73.76", "74.18", "74.55", "74.86", "75.12", "75.34", "75.55"], "labels": ["2008", "2009", "2010", "2011", "2012", "2013", "2014", "2015", "2016", "2017", "2018"], "x": ["2008", "2009", "2010", "2011", "2012", "2013", "2014", "2015", "2016", "2017", "2018"]}, {"name": "male", "bboxes": [{"x": 128, "y": 364, "w": 57, "h": 8}, {"x": 185, "y": 353, "w": 57, "h": 11}, {"x": 242, "y": 342, "w": 57, "h": 11}, {"x": 299, "y": 330, "w": 57, "h": 12}, {"x": 356, "y": 320, "w": 57, "h": 10}, {"x": 413, "y": 311, "w": 56, "h": 9}, {"x": 469, "y": 303, "w": 57, "h": 8}, {"x": 526, "y": 297, "w": 57, "h": 6}, {"x": 583, "y": 292, "w": 57, "h": 5}, {"x": 640, "y": 287, "w": 57, "h": 5}], "colors": "#0f283e", "y": ["65.25", "65.57", "65.96", "66.4", "66.84", "67.23", "67.56", "67.84", "68.06", "68.25", "68.44"], "labels": ["2008", "2009", "2010", "2011", "2012", "2013", "2014", "2015", "2016", "2017", "2018"], "x": ["2008", "2009", "2010", "2011", "2012", "2013", "2014", "2015", "2016", "2017", "2018"]}], "type": "line"}