{"general_figure_info": {"figure_info": {"bbox": {"x": 101, "y": 47, "w": 626, "h": 333}}, "y_axis": {"label": {"bbox": [{"x": 42, "y": 166, "w": 11, "h": 95.609375}], "text": "Inhabitants in millions"}, "major_labels": {"bboxes": [{"x": 69, "y": 363.5, "w": 22.0, "h": 35.5}, {"x": 69, "y": 296.5, "w": 22.0, "h": 35.5}, {"x": 69, "y": 230.5, "w": 22.0, "h": 35.5}, {"x": 69, "y": 163.5, "w": 22.0, "h": 35.5}, {"x": 69, "y": 97.5, "w": 22.0, "h": 35.5}, {"x": 69, "y": 29.5, "w": 22.0, "h": 35.5}]}}, "x_axis": {"major_labels": {"bboxes": [{"x": 117, "y": 390, "h": 12, "w": 24.484375}, {"x": 174, "y": 390, "h": 12, "w": 24.484375}, {"x": 231, "y": 390, "h": 12, "w": 24.484375}, {"x": 288, "y": 390, "h": 12, "w": 23.65625}, {"x": 345, "y": 390, "h": 12, "w": 24.484375}, {"x": 402, "y": 390, "h": 12, "w": 24.484375}, {"x": 459, "y": 390, "h": 12, "w": 24.484375}, {"x": 516, "y": 390, "h": 12, "w": 24.484375}, {"x": 572, "y": 390, "h": 12, "w": 24.484375}, {"x": 629, "y": 390, "h": 12, "w": 24.484375}, {"x": 686, "y": 390, "h": 12, "w": 24.484375}], "values": ["2008", "2009", "2010", "2011", "2012", "2013", "2014", "2015", "2016", "2017", "2018"]}, "label": {}}, "legend": {"bbox": {"x": 280, "y": 418, "w": 203, "h": 34}, "items": [{"model": "Female", "label": {"bbox": {"x": 309, "y": 430, "w": 41.681640625, "h": 14}, "text": "Female"}, "preview": {"bbox": {"x": 288, "y": 437, "w": 16, "h": 0}}}, {"model": "Male", "label": {"bbox": {"x": 384, "y": 430, "w": 27.00390625, "h": 14}, "text": "Male"}, "preview": {"bbox": {"x": 363, "y": 437, "w": 16, "h": 0}}}, {"model": "Total", "label": {"bbox": {"x": 444, "y": 430, "w": 27.78125, "h": 14}, "text": "Total"}, "preview": {"bbox": {"x": 423, "y": 437, "w": 16, "h": 0}}}]}}, "models": [{"name": "Female", "bboxes": [{"x": 128, "y": 350, "w": 57, "h": 3}, {"x": 185, "y": 348, "w": 57, "h": 2}, {"x": 242, "y": 346, "w": 57, "h": 2}, {"x": 299, "y": 343, "w": 57, "h": 3}, {"x": 356, "y": 341, "w": 57, "h": 2}, {"x": 413, "y": 339, "w": 56, "h": 2}, {"x": 469, "y": 336, "w": 57, "h": 3}, {"x": 526, "y": 333, "w": 57, "h": 3}, {"x": 583, "y": 329, "w": 57, "h": 4}, {"x": 640, "y": 326, "w": 57, "h": 3}], "colors": "#2876dd", "y": ["8.49", "8.58", "8.67", "8.75", "8.84", "8.92", "9.02", "9.12", "9.24", "9.37", "9.5"], "labels": ["2008", "2009", "2010", "2011", "2012", "2013", "2014", "2015", "2016", "2017", "2018"], "x": ["2008", "2009", "2010", "2011", "2012", "2013", "2014", "2015", "2016", "2017", "2018"]}, {"name": "Male", "bboxes": [{"x": 128, "y": 357, "w": 57, "h": 3}, {"x": 185, "y": 355, "w": 57, "h": 2}, {"x": 242, "y": 353, "w": 57, "h": 2}, {"x": 299, "y": 351, "w": 57, "h": 2}, {"x": 356, "y": 348, "w": 57, "h": 3}, {"x": 413, "y": 346, "w": 56, "h": 2}, {"x": 469, "y": 343, "w": 57, "h": 3}, {"x": 526, "y": 340, "w": 57, "h": 3}, {"x": 583, "y": 336, "w": 57, "h": 4}, {"x": 640, "y": 333, "w": 57, "h": 3}], "colors": "#0f283e", "y": ["8.22", "8.31", "8.4", "8.48", "8.56", "8.65", "8.74", "8.84", "8.97", "9.1", "9.23"], "labels": ["2008", "2009", "2010", "2011", "2012", "2013", "2014", "2015", "2016", "2017", "2018"], "x": ["2008", "2009", "2010", "2011", "2012", "2013", "2014", "2015", "2016", "2017", "2018"]}, {"name": "Total", "bboxes": [{"x": 128, "y": 129, "w": 57, "h": 5}, {"x": 185, "y": 124, "w": 57, "h": 5}, {"x": 242, "y": 120, "w": 57, "h": 4}, {"x": 299, "y": 115, "w": 57, "h": 5}, {"x": 356, "y": 111, "w": 57, "h": 4}, {"x": 413, "y": 106, "w": 56, "h": 5}, {"x": 469, "y": 100, "w": 57, "h": 6}, {"x": 526, "y": 94, "w": 57, "h": 6}, {"x": 583, "y": 87, "w": 57, "h": 7}, {"x": 640, "y": 80, "w": 57, "h": 7}], "colors": "#bababa", "y": ["16.71", "16.89", "17.06", "17.23", "17.4", "17.57", "17.76", "17.97", "18.21", "18.47", "18.73"], "labels": ["2008", "2009", "2010", "2011", "2012", "2013", "2014", "2015", "2016", "2017", "2018"], "x": ["2008", "2009", "2010", "2011", "2012", "2013", "2014", "2015", "2016", "2017", "2018"]}], "type": "line"}