{"general_figure_info": {"figure_info": {"bbox": {"x": 131, "y": 45, "w": 594, "h": 318}}, "y_axis": {"label": {"bbox": [{"x": 40, "y": 123, "w": 11, "h": 162.671875}], "text": "Average lifetime costs in U.S. dollars"}, "major_labels": {"bboxes": [{"x": 65, "y": 348.5, "w": 56.0, "h": 25.42857142857143}, {"x": 65, "y": 295.5, "w": 56.0, "h": 25.42857142857143}, {"x": 65, "y": 242.5, "w": 56.0, "h": 25.42857142857143}, {"x": 65, "y": 189.5, "w": 56.0, "h": 25.42857142857143}, {"x": 65, "y": 136.5, "w": 56.0, "h": 25.42857142857143}, {"x": 65, "y": 83.5, "w": 56.0, "h": 25.42857142857143}, {"x": 65, "y": 29.5, "w": 56.0, "h": 25.42857142857143}]}}, "x_axis": {"major_labels": {"bboxes": [{"x": 146, "y": 373, "h": 24, "w": 119.21875}, {"x": 295, "y": 373, "h": 24, "w": 116.78125}, {"x": 453, "y": 373, "h": 12, "w": 97.89599609375}, {"x": 595, "y": 373, "h": 24, "w": 111.78369140625}], "values": ["High tetraplegia (C1-C4)", "Low tetraplegia (C5-C8)", "Paraplegia AIS ABC", "Motor functional at any"]}, "label": {}}, "legend": {"bbox": {"x": 224, "y": 416, "w": 311, "h": 34}, "items": [{"model": "25 years old patient", "label": {"bbox": {"x": 253, "y": 428, "w": 112.046875, "h": 14}, "text": "25 years old patient"}, "preview": {"bbox": {"x": 234, "y": 428, "w": 12, "h": 12}}}, {"model": "50 years old patient", "label": {"bbox": {"x": 406, "y": 428, "w": 112.046875, "h": 14}, "text": "50 years old patient"}, "preview": {"bbox": {"x": 387, "y": 428, "w": 12, "h": 12}}}]}}, "models": [{"name": "25 years old patient", "bboxes": [{"x": 147, "y": 90, "w": 56, "h": 274}, {"x": 295, "y": 164, "w": 56, "h": 200}, {"x": 444, "y": 230, "w": 56, "h": 134}, {"x": 592, "y": 273, "w": 56, "h": 91}], "colors": ["#2876dd", "#2876dd", "#2876dd", "#2876dd"], "y": ["5 162 152", "3 771 791", "2 524 270", "1 724 594"], "labels": ["High tetraplegia (C1-C4)", "Low tetraplegia (C5-C8)", "Paraplegia AIS ABC", "Motor functional at any"], "x": ["High tetraplegia (C1-C4)", "Low tetraplegia (C5-C8)", "Paraplegia AIS ABC", "Motor functional at any"]}, {"name": "50 years old patient", "bboxes": [{"x": 208, "y": 214, "w": 56, "h": 150}, {"x": 357, "y": 241, "w": 56, "h": 123}, {"x": 505, "y": 276, "w": 56, "h": 88}, {"x": 654, "y": 299, "w": 56, "h": 65}], "colors": ["#0f283e", "#0f283e", "#0f283e", "#0f283e"], "y": ["2 837 031", "2 319 988", "1 656 602", "1 217 266"], "labels": ["High tetraplegia (C1-C4)", "Low tetraplegia (C5-C8)", "Paraplegia AIS ABC", "Motor functional at any"], "x": ["High tetraplegia (C1-C4)", "Low tetraplegia (C5-C8)", "Paraplegia AIS ABC", "Motor functional at any"]}], "type": "v_bar"}