{"general_figure_info": {"figure_info": {"bbox": {"x": 149, "y": 35, "w": 561, "h": 323}}, "y_axis": {"label": {"bbox": [{"x": 385, "y": 387, "w": 88.953125, "h": 11}], "text": "Share of employees"}, "major_labels": {"bboxes": [{"x": 128.5, "y": 362, "w": 42.333333333333336, "h": 24.0}, {"x": 198.5, "y": 362, "w": 42.333333333333336, "h": 24.0}, {"x": 268.5, "y": 362, "w": 42.333333333333336, "h": 24.0}, {"x": 338.5, "y": 362, "w": 42.333333333333336, "h": 24.0}, {"x": 409.5, "y": 362, "w": 42.333333333333336, "h": 24.0}, {"x": 479.5, "y": 362, "w": 42.333333333333336, "h": 24.0}, {"x": 549.5, "y": 362, "w": 42.333333333333336, "h": 24.0}, {"x": 619.5, "y": 362, "w": 42.333333333333336, "h": 24.0}, {"x": 690.5, "y": 362, "w": 42.333333333333336, "h": 24.0}]}}, "x_axis": {"major_labels": {"bboxes": [{"x": 108, "y": 56, "h": 12, "w": 28.125}, {"x": 108, "y": 110, "h": 12, "w": 27.53125}, {"x": 61, "y": 164, "h": 12, "w": 75.21875}, {"x": 109, "y": 217, "h": 12, "w": 27.3984375}, {"x": 108, "y": 271, "h": 12, "w": 27.84765625}, {"x": 45, "y": 325, "h": 12, "w": 91.5830078125}], "values": ["White", "Asian", "Hispanic/Latino", "Black", "Other", "Two or more races"]}, "label": {}}, "legend": {"bbox": {"x": 189, "y": 416, "w": 367, "h": 34}, "items": [{"model": "Non-tech", "label": {"bbox": {"x": 491, "y": 428, "w": 52, "h": 14}, "text": "Non-tech"}, "preview": {"bbox": {"x": 472, "y": 428, "w": 12, "h": 12}}}, {"model": "Tech", "label": {"bbox": {"x": 429, "y": 428, "w": 27.125, "h": 14}, "text": "Tech"}, "preview": {"bbox": {"x": 410, "y": 428, "w": 12, "h": 12}}}, {"model": "Leaders (Directors and above)", "label": {"bbox": {"x": 218, "y": 428, "w": 172.734375, "h": 14}, "text": "Leaders (Directors and above)"}, "preview": {"bbox": {"x": 199, "y": 428, "w": 12, "h": 12}}}]}}, "models": [{"name": "Non-tech", "bboxes": [{"x": 148, "y": 39, "w": 442, "h": 14}, {"x": 148, "y": 93, "w": 105, "h": 14}, {"x": 148, "y": 147, "w": 91, "h": 14}, {"x": 148, "y": 201, "w": 35, "h": 14}, {"x": 148, "y": 255, "w": 7, "h": 14}, {"x": 148, "y": 309, "w": 14, "h": 14}], "colors": ["#bababa", "#bababa", "#bababa", "#bababa", "#bababa", "#bababa"], "y": ["63%", "15%", "13%", "5%", "1%", "2%"], "labels": ["White", "Asian", "Hispanic/Latino", "Black", "Other", "Two or more races"], "x": ["White", "Asian", "Hispanic/Latino", "Black", "Other", "Two or more races"]}, {"name": "Tech", "bboxes": [{"x": 148, "y": 55, "w": 182, "h": 14}, {"x": 148, "y": 109, "w": 491, "h": 14}, {"x": 148, "y": 163, "w": 14, "h": 14}, {"x": 148, "y": 216, "w": 7, "h": 14}, {"x": 148, "y": 270, "w": 0, "h": 14}, {"x": 148, "y": 324, "w": 7, "h": 14}], "colors": ["#0f283e", "#0f283e", "#0f283e", "#0f283e", "#0f283e", "#0f283e"], "y": ["26%", "70%", "2%", "1%", "0%", "1%"], "labels": ["White", "Asian", "Hispanic/Latino", "Black", "Other", "Two or more races"], "x": ["White", "Asian", "Hispanic/Latino", "Black", "Other", "Two or more races"]}, {"name": "Leaders (Directors and above)", "bboxes": [{"x": 148, "y": 70, "w": 428, "h": 14}, {"x": 148, "y": 124, "w": 231, "h": 14}, {"x": 148, "y": 178, "w": 21, "h": 14}, {"x": 148, "y": 232, "w": 14, "h": 14}, {"x": 148, "y": 286, "w": 0, "h": 14}, {"x": 148, "y": 339, "w": 14, "h": 14}], "colors": ["#2876dd", "#2876dd", "#2876dd", "#2876dd", "#2876dd", "#2876dd"], "y": ["61%", "33%", "3%", "2%", "0%", "2%"], "labels": ["White", "Asian", "Hispanic/Latino", "Black", "Other", "Two or more races"], "x": ["White", "Asian", "Hispanic/Latino", "Black", "Other", "Two or more races"]}], "type": "h_bar"}