{"general_figure_info": {"figure_info": {"bbox": {"x": 76, "y": 35, "w": 634, "h": 321}}, "y_axis": {"label": {"bbox": [{"x": 355, "y": 387, "w": 75.4873046875, "h": 11}], "text": "Crude death rate"}, "major_labels": {"bboxes": [{"x": 55.5, "y": 362, "w": 43.4, "h": 26.0}, {"x": 125.5, "y": 362, "w": 43.4, "h": 26.0}, {"x": 196.5, "y": 362, "w": 43.4, "h": 26.0}, {"x": 266.5, "y": 362, "w": 43.4, "h": 26.0}, {"x": 337.5, "y": 362, "w": 43.4, "h": 26.0}, {"x": 407.5, "y": 362, "w": 43.4, "h": 26.0}, {"x": 478.5, "y": 362, "w": 43.4, "h": 26.0}, {"x": 548.5, "y": 362, "w": 43.4, "h": 26.0}, {"x": 619.5, "y": 362, "w": 43.4, "h": 26.0}, {"x": 690.5, "y": 362, "w": 43.4, "h": 26.0}]}}, "x_axis": {"major_labels": {"bboxes": [{"x": 39, "y": 61, "h": 12, "w": 24.484375}, {"x": 39, "y": 125, "h": 12, "w": 24.484375}, {"x": 39, "y": 190, "h": 12, "w": 24.484375}, {"x": 39, "y": 254, "h": 12, "w": 24.484375}, {"x": 39, "y": 318, "h": 12, "w": 24.484375}], "values": ["2015", "2016", "2017", "2018", "2019"]}, "label": {}}, "legend": {"bbox": {"x": 199, "y": 416, "w": 347, "h": 34}, "items": [{"model": "Others**", "label": {"bbox": {"x": 485, "y": 428, "w": 48.34765625, "h": 14}, "text": "Others**"}, "preview": {"bbox": {"x": 466, "y": 428, "w": 12, "h": 12}}}, {"model": "Bumiputera", "label": {"bbox": {"x": 383, "y": 428, "w": 67, "h": 14}, "text": "Bumiputera"}, "preview": {"bbox": {"x": 364, "y": 428, "w": 12, "h": 12}}}, {"model": "Chinese", "label": {"bbox": {"x": 303, "y": 428, "w": 47.0078125, "h": 14}, "text": "Chinese"}, "preview": {"bbox": {"x": 284, "y": 428, "w": 12, "h": 12}}}, {"model": "Indians", "label": {"bbox": {"x": 228, "y": 428, "w": 42.33203125, "h": 14}, "text": "Indians"}, "preview": {"bbox": {"x": 209, "y": 428, "w": 12, "h": 12}}}]}}, "models": [{"name": "Others**", "bboxes": [{"x": 75, "y": 40, "w": 120, "h": 13}, {"x": 75, "y": 104, "w": 99, "h": 13}, {"x": 75, "y": 168, "w": 106, "h": 13}, {"x": 75, "y": 232, "w": 99, "h": 13}, {"x": 75, "y": 296, "w": 106, "h": 13}], "colors": ["#a60b0b", "#a60b0b", "#a60b0b", "#a60b0b", "#a60b0b"], "y": ["1.7", "1.4", "1.5", "1.4", "1.5"], "labels": ["2015", "2016", "2017", "2018", "2019"], "x": ["2015", "2016", "2017", "2018", "2019"]}, {"name": "Bumiputera", "bboxes": [{"x": 75, "y": 53, "w": 352, "h": 13}, {"x": 75, "y": 118, "w": 366, "h": 13}, {"x": 75, "y": 182, "w": 373, "h": 13}, {"x": 75, "y": 246, "w": 380, "h": 13}, {"x": 75, "y": 310, "w": 373, "h": 13}], "colors": ["#bababa", "#bababa", "#bababa", "#bababa", "#bababa"], "y": ["5", "5.2", "5.3", "5.4", "5.3"], "labels": ["2015", "2016", "2017", "2018", "2019"], "x": ["2015", "2016", "2017", "2018", "2019"]}, {"name": "Chinese", "bboxes": [{"x": 75, "y": 67, "w": 430, "h": 13}, {"x": 75, "y": 131, "w": 451, "h": 13}, {"x": 75, "y": 196, "w": 465, "h": 13}, {"x": 75, "y": 260, "w": 472, "h": 13}, {"x": 75, "y": 324, "w": 479, "h": 13}], "colors": ["#0f283e", "#0f283e", "#0f283e", "#0f283e", "#0f283e"], "y": ["6.1", "6.4", "6.6", "6.7", "6.8"], "labels": ["2015", "2016", "2017", "2018", "2019"], "x": ["2015", "2016", "2017", "2018", "2019"]}, {"name": "Indians", "bboxes": [{"x": 75, "y": 81, "w": 451, "h": 13}, {"x": 75, "y": 145, "w": 479, "h": 13}, {"x": 75, "y": 209, "w": 486, "h": 13}, {"x": 75, "y": 274, "w": 507, "h": 13}, {"x": 75, "y": 338, "w": 514, "h": 13}], "colors": ["#2876dd", "#2876dd", "#2876dd", "#2876dd", "#2876dd"], "y": ["6.4", "6.8", "6.9", "7.2", "7.3"], "labels": ["2015", "2016", "2017", "2018", "2019"], "x": ["2015", "2016", "2017", "2018", "2019"]}], "type": "h_bar"}