{"general_figure_info": {"figure_info": {"bbox": {"x": 98, "y": 97, "w": 629, "h": 293}}, "y_axis": {"label": {"bbox": [{"x": 378, "y": 439, "w": 70.1572265625, "h": 11}], "text": "Trade value in million U.S. dollars"}, "major_labels": {"bboxes": [{"x": 405, "y": 373.5, "w": 297.0, "h": 38.6}, {"x": 405, "y": 300.5, "w": 297.0, "h": 38.6}, {"x": 405, "y": 227.5, "w": 297.0, "h": 38.6}, {"x": 405, "y": 153.5, "w": 297.0, "h": 38.6}, {"x": 405, "y": 79.5, "w": 297.0, "h": 38.6}]}}, "x_axis": {"major_labels": {"bboxes": [{"x": 97, "y": 400, "h": 24, "w": 17.75}, {"x": 127, "y": 400, "h": 24, "w": 19.28076171875}, {"x": 157, "y": 400, "h": 24, "w": 21.28076171875}, {"x": 191, "y": 400, "h": 24, "w": 14.0625}, {"x": 219, "y": 400, "h": 24, "w": 19.578125}, {"x": 249, "y": 400, "h": 24, "w": 20.0615234375}, {"x": 281, "y": 400, "h": 24, "w": 17.75}, {"x": 311, "y": 400, "h": 24, "w": 19.28076171875}, {"x": 341, "y": 400, "h": 24, "w": 21.28076171875}, {"x": 375, "y": 400, "h": 24, "w": 14.0625}, {"x": 403, "y": 400, "h": 24, "w": 19.578125}, {"x": 433, "y": 400, "h": 24, "w": 20.0615234375}, {"x": 465, "y": 400, "h": 24, "w": 17.75}, {"x": 495, "y": 400, "h": 24, "w": 19.28076171875}, {"x": 525, "y": 400, "h": 24, "w": 21.28076171875}, {"x": 559, "y": 400, "h": 24, "w": 14.0625}, {"x": 587, "y": 400, "h": 24, "w": 19.578125}, {"x": 617, "y": 400, "h": 24, "w": 20.0615234375}, {"x": 649, "y": 400, "h": 24, "w": 17.75}, {"x": 679, "y": 400, "h": 24, "w": 19.28076171875}, {"x": 705, "y": 400, "h": 24, "w": 21.28076171875}], "values": ["Jan", "Mar", "May", "Jul", "Sep", "Nov", "Jan", "Mar", "May", "Jul", "Sep", "Nov", "Jan", "Mar", "May", "Jul", "Sep", "Nov", "Jan", "Mar", "May"]}, "label": {}}, "legend": {"bbox": {"x": 301, "y": 468, "w": 162, "h": 34}, "items": [{"model": "Imports", "label": {"bbox": {"x": 330, "y": 430, "w": 44.330078125, "h": 14}, "text": "Imports"}, "preview": {"bbox": {"x": 309, "y": 437, "w": 16, "h": 0}}}, {"model": "Exports", "label": {"bbox": {"x": 408, "y": 430, "w": 45.00390625, "h": 14}, "text": "Exports"}, "preview": {"bbox": {"x": 387, "y": 437, "w": 16, "h": 0}}}]}}, "models": [{"name": "Imports", "bboxes": [{"x": 104, "y": 334, "w": 16, "h": 9}, {"x": 120, "y": 343, "w": 15, "h": 3}, {"x": 135, "y": 331, "w": 15, "h": 15}, {"x": 150, "y": 331, "w": 16, "h": 5}, {"x": 166, "y": 336, "w": 15, "h": 13}, {"x": 181, "y": 344, "w": 15, "h": 5}, {"x": 196, "y": 340, "w": 16, "h": 4}, {"x": 212, "y": 326, "w": 15, "h": 14}, {"x": 227, "y": 317, "w": 15, "h": 9}, {"x": 242, "y": 317, "w": 16, "h": 14}, {"x": 258, "y": 331, "w": 15, "h": 10}, {"x": 273, "y": 322, "w": 15, "h": 19}, {"x": 288, "y": 322, "w": 16, "h": 4}, {"x": 304, "y": 322, "w": 15, "h": 4}, {"x": 319, "y": 315, "w": 15, "h": 7}, {"x": 334, "y": 309, "w": 16, "h": 6}, {"x": 350, "y": 307, "w": 15, "h": 2}, {"x": 365, "y": 307, "w": 15, "h": 23}, {"x": 380, "y": 323, "w": 16, "h": 7}, {"x": 396, "y": 323, "w": 15, "h": 17}, {"x": 411, "y": 320, "w": 15, "h": 20}, {"x": 426, "y": 320, "w": 16, "h": 4}, {"x": 442, "y": 324, "w": 15, "h": 11}, {"x": 457, "y": 331, "w": 15, "h": 4}, {"x": 472, "y": 331, "w": 16, "h": 4}, {"x": 488, "y": 313, "w": 15, "h": 22}, {"x": 503, "y": 298, "w": 15, "h": 15}, {"x": 518, "y": 144, "w": 16, "h": 154}, {"x": 534, "y": 144, "w": 15, "h": 154}, {"x": 549, "y": 298, "w": 15, "h": 3}, {"x": 564, "y": 301, "w": 16, "h": 6}, {"x": 580, "y": 291, "w": 15, "h": 16}, {"x": 595, "y": 291, "w": 15, "h": 29}, {"x": 610, "y": 320, "w": 16, "h": 8}, {"x": 626, "y": 321, "w": 15, "h": 7}, {"x": 641, "y": 314, "w": 15, "h": 7}, {"x": 656, "y": 304, "w": 16, "h": 10}, {"x": 672, "y": 304, "w": 15, "h": 13}, {"x": 687, "y": 317, "w": 15, "h": 6}, {"x": 702, "y": 323, "w": 16, "h": 24}], "colors": "#2876dd", "y": ["75.18", "62.38", "59.18", "78.55", "71.73", "55.04", "60.96", "66.3", "86.57", "98.08", "79.11", "65.47", "90.93", "85.35", "91.69", "101.19", "109.53", "112.42", "80.89", "89.95", "66.58", "94.43", "89.09", "73.43", "78.88", "73.92", "104.04", "124.46", "334.61", "124.38", "119.77", "112.57", "133.43", "93.7", "83.48", "92.67", "101.9", "116.44", "98.69", "90.18", "56.84"], "labels": ["Jan", "Mar", "May", "Jul", "Sep", "Nov", "Jan", "Mar", "May", "Jul", "Sep", "Nov", "Jan", "Mar", "May", "Jul", "Sep", "Nov", "Jan", "Mar", "May"], "x": ["Jan", "Mar", "May", "Jul", "Sep", "Nov", "Jan", "Mar", "May", "Jul", "Sep", "Nov", "Jan", "Mar", "May", "Jul", "Sep", "Nov", "Jan", "Mar", "May"]}, {"name": "Exports", "bboxes": [{"x": 104, "y": 362, "w": 16, "h": 12}, {"x": 120, "y": 351, "w": 15, "h": 23}, {"x": 135, "y": 351, "w": 15, "h": 23}, {"x": 150, "y": 357, "w": 16, "h": 17}, {"x": 166, "y": 357, "w": 15, "h": 7}, {"x": 181, "y": 359, "w": 15, "h": 5}, {"x": 196, "y": 359, "w": 16, "h": 9}, {"x": 212, "y": 363, "w": 15, "h": 5}, {"x": 227, "y": 362, "w": 15, "h": 1}, {"x": 242, "y": 362, "w": 16, "h": 1}, {"x": 258, "y": 358, "w": 15, "h": 5}, {"x": 273, "y": 358, "w": 15, "h": 10}, {"x": 288, "y": 362, "w": 16, "h": 6}, {"x": 304, "y": 354, "w": 15, "h": 8}, {"x": 319, "y": 354, "w": 15, "h": 12}, {"x": 334, "y": 360, "w": 16, "h": 6}, {"x": 350, "y": 360, "w": 15, "h": 2}, {"x": 365, "y": 354, "w": 15, "h": 8}, {"x": 380, "y": 354, "w": 16, "h": 12}, {"x": 396, "y": 352, "w": 15, "h": 14}, {"x": 411, "y": 352, "w": 15, "h": 9}, {"x": 426, "y": 361, "w": 16, "h": 0}, {"x": 442, "y": 356, "w": 15, "h": 5}, {"x": 457, "y": 356, "w": 15, "h": 0}, {"x": 472, "y": 356, "w": 16, "h": 3}, {"x": 488, "y": 358, "w": 15, "h": 1}, {"x": 503, "y": 358, "w": 15, "h": 9}, {"x": 518, "y": 349, "w": 16, "h": 18}, {"x": 534, "y": 349, "w": 15, "h": 3}, {"x": 549, "y": 352, "w": 15, "h": 8}, {"x": 564, "y": 356, "w": 16, "h": 4}, {"x": 580, "y": 356, "w": 15, "h": 2}, {"x": 595, "y": 356, "w": 15, "h": 2}, {"x": 610, "y": 356, "w": 16, "h": 2}, {"x": 626, "y": 358, "w": 15, "h": 0}, {"x": 641, "y": 358, "w": 15, "h": 8}, {"x": 656, "y": 359, "w": 16, "h": 7}, {"x": 672, "y": 353, "w": 15, "h": 6}, {"x": 687, "y": 353, "w": 15, "h": 18}, {"x": 702, "y": 363, "w": 16, "h": 8}], "colors": "#0f283e", "y": ["36.8", "20.64", "51.96", "20.38", "43.28", "33.69", "40.69", "29.29", "35.89", "37.44", "35.61", "42.87", "28.43", "37.47", "47.81", "31.29", "39.79", "36.19", "47.84", "31.22", "50.09", "38.86", "37.82", "44.75", "44.96", "41.3", "42.6", "30.55", "54.56", "51.06", "39.28", "45.49", "42.76", "45.43", "42.9", "42.22", "31.84", "40.56", "49.21", "24.77", "35.12"], "labels": ["Jan", "Mar", "May", "Jul", "Sep", "Nov", "Jan", "Mar", "May", "Jul", "Sep", "Nov", "Jan", "Mar", "May", "Jul", "Sep", "Nov", "Jan", "Mar", "May"], "x": ["Jan", "Mar", "May", "Jul", "Sep", "Nov", "Jan", "Mar", "May", "Jul", "Sep", "Nov", "Jan", "Mar", "May", "Jul", "Sep", "Nov", "Jan", "Mar", "May"]}], "type": "h_bar"}