{"general_figure_info": {"figure_info": {"bbox": {"x": 120, "y": 45, "w": 605, "h": 333}}, "y_axis": {"label": {"bbox": [{"x": 40, "y": 171, "w": 11, "h": 79.9306640625}], "text": "Number of people"}, "major_labels": {"bboxes": [{"x": 65, "y": 363.5, "w": 45.0, "h": 35.5}, {"x": 65, "y": 296.5, "w": 45.0, "h": 35.5}, {"x": 65, "y": 230.5, "w": 45.0, "h": 35.5}, {"x": 65, "y": 163.5, "w": 45.0, "h": 35.5}, {"x": 65, "y": 97.5, "w": 45.0, "h": 35.5}, {"x": 65, "y": 29.5, "w": 45.0, "h": 35.5}]}}, "x_axis": {"major_labels": {"bboxes": [{"x": 135, "y": 388, "h": 12, "w": 24.484375}, {"x": 191, "y": 388, "h": 12, "w": 23.65625}, {"x": 245, "y": 388, "h": 12, "w": 24.484375}, {"x": 300, "y": 388, "h": 12, "w": 24.484375}, {"x": 355, "y": 388, "h": 12, "w": 24.484375}, {"x": 410, "y": 388, "h": 12, "w": 24.484375}, {"x": 465, "y": 388, "h": 12, "w": 24.484375}, {"x": 520, "y": 388, "h": 12, "w": 24.484375}, {"x": 575, "y": 388, "h": 12, "w": 24.484375}, {"x": 630, "y": 388, "h": 12, "w": 24.484375}, {"x": 685, "y": 388, "h": 12, "w": 24.484375}], "values": ["2010", "2011", "2012", "2013", "2014", "2015", "2016", "2017", "2018", "2019", "2020"]}, "label": {}}, "legend": {"bbox": {"x": 276, "y": 416, "w": 207, "h": 34}, "items": [{"model": "Immigration", "label": {"bbox": {"x": 305, "y": 428, "w": 68.671875, "h": 14}, "text": "Immigration"}, "preview": {"bbox": {"x": 286, "y": 428, "w": 12, "h": 12}}}, {"model": "Emigration", "label": {"bbox": {"x": 410, "y": 428, "w": 62.671875, "h": 14}, "text": "Emigration"}, "preview": {"bbox": {"x": 391, "y": 428, "w": 12, "h": 12}}}]}}, "models": [{"name": "Immigration", "bboxes": [{"x": 126, "y": 133, "w": 21, "h": 246}, {"x": 181, "y": 114, "w": 21, "h": 265}, {"x": 236, "y": 117, "w": 21, "h": 262}, {"x": 291, "y": 127, "w": 21, "h": 252}, {"x": 346, "y": 146, "w": 21, "h": 233}, {"x": 401, "y": 155, "w": 21, "h": 224}, {"x": 456, "y": 157, "w": 21, "h": 222}, {"x": 511, "y": 185, "w": 21, "h": 194}, {"x": 566, "y": 204, "w": 21, "h": 175}, {"x": 621, "y": 205, "w": 21, "h": 174}, {"x": 676, "y": 252, "w": 21, "h": 127}], "colors": ["#2876dd", "#2876dd", "#2876dd", "#2876dd", "#2876dd", "#2876dd", "#2876dd", "#2876dd", "#2876dd", "#2876dd", "#2876dd"], "y": ["73852", "79498", "78570", "75789", "70030", "67276", "66800", "58192", "52485", "52153", "38075"], "labels": ["2010", "2011", "2012", "2013", "2014", "2015", "2016", "2017", "2018", "2019", "2020"], "x": ["2010", "2011", "2012", "2013", "2014", "2015", "2016", "2017", "2018", "2019", "2020"]}, {"name": "Emigration", "bboxes": [{"x": 149, "y": 274, "w": 21, "h": 105}, {"x": 204, "y": 271, "w": 21, "h": 108}, {"x": 259, "y": 275, "w": 21, "h": 104}, {"x": 314, "y": 260, "w": 21, "h": 119}, {"x": 369, "y": 273, "w": 21, "h": 106}, {"x": 424, "y": 254, "w": 21, "h": 125}, {"x": 479, "y": 243, "w": 21, "h": 136}, {"x": 534, "y": 256, "w": 21, "h": 123}, {"x": 589, "y": 265, "w": 21, "h": 114}, {"x": 644, "y": 290, "w": 21, "h": 89}, {"x": 699, "y": 290, "w": 21, "h": 89}], "colors": ["#0f283e", "#0f283e", "#0f283e", "#0f283e", "#0f283e", "#0f283e", "#0f283e", "#0f283e", "#0f283e", "#0f283e", "#0f283e"], "y": ["31506", "32466", "31227", "35716", "31875", "37474", "40724", "36843", "34382", "26826", "26744"], "labels": ["2010", "2011", "2012", "2013", "2014", "2015", "2016", "2017", "2018", "2019", "2020"], "x": ["2010", "2011", "2012", "2013", "2014", "2015", "2016", "2017", "2018", "2019", "2020"]}], "type": "v_bar"}