{"general_figure_info": {"figure_info": {"bbox": {"x": 253, "y": 35, "w": 457, "h": 701}}, "y_axis": {"label": {"bbox": [{"x": 421, "y": 767, "w": 120.09375, "h": 11}], "text": "Percentage of respondents"}, "major_labels": {"bboxes": [{"x": 232.5, "y": 742, "w": 45.28571428571429, "h": 26.0}, {"x": 308.5, "y": 742, "w": 45.28571428571429, "h": 26.0}, {"x": 384.5, "y": 742, "w": 45.28571428571429, "h": 26.0}, {"x": 461.5, "y": 742, "w": 45.28571428571429, "h": 26.0}, {"x": 537.5, "y": 742, "w": 45.28571428571429, "h": 26.0}, {"x": 613.5, "y": 742, "w": 45.28571428571429, "h": 26.0}, {"x": 690.5, "y": 742, "w": 45.28571428571429, "h": 26.0}]}}, "x_axis": {"major_labels": {"bboxes": [{"x": 165, "y": 47, "h": 12, "w": 75.21875}, {"x": 142, "y": 84, "h": 12, "w": 97.828125}, {"x": 134, "y": 121, "h": 12, "w": 106.115234375}, {"x": 113, "y": 158, "h": 12, "w": 127.6767578125}, {"x": 102, "y": 195, "h": 12, "w": 138.1875}, {"x": 135, "y": 232, "h": 12, "w": 105.05908203125}, {"x": 159, "y": 269, "h": 12, "w": 81.328125}, {"x": 133, "y": 306, "h": 12, "w": 107.015625}, {"x": 102, "y": 343, "h": 12, "w": 137.578125}, {"x": 171, "y": 379, "h": 12, "w": 69.09375}, {"x": 141, "y": 416, "h": 12, "w": 99.54296875}, {"x": 117, "y": 453, "h": 12, "w": 123.5}, {"x": 66, "y": 490, "h": 12, "w": 173.671875}, {"x": 164, "y": 527, "h": 12, "w": 76.4375}, {"x": 120, "y": 564, "h": 12, "w": 119.84375}, {"x": 56, "y": 601, "h": 12, "w": 184.0625}, {"x": 127, "y": 638, "h": 12, "w": 112.5}, {"x": 115, "y": 675, "h": 12, "w": 124.71875}, {"x": 116, "y": 712, "h": 12, "w": 123.53125}], "values": ["Go to a concert", "Use public transport", "Go to a movie theater", "Go to an amusement park", "Go to a theater performance", "Go to sporting events", "Go to a museum", "Go to a shopping mall", "Go to a party or social event", "Go to the gym", "Go to a political rally", "Use a ride-hailing service", "Go out to eat in a restaurant or cafe", "Take a vacation", "Go to a work conference", "Go to a religious gathering or meeting", "Go to the grocery store", "Invest in the stock market", "Vote in a political election"]}, "label": {}}, "legend": {"bbox": {"x": 88, "y": 796, "w": 568, "h": 34}, "items": [{"model": "More likely", "label": {"bbox": {"x": 581, "y": 808, "w": 62.353515625, "h": 14}, "text": "More likely"}, "preview": {"bbox": {"x": 562, "y": 808, "w": 12, "h": 12}}}, {"model": "Don't know/no opinion", "label": {"bbox": {"x": 410, "y": 808, "w": 128.828125, "h": 14}, "text": "Don't know/no opinion"}, "preview": {"bbox": {"x": 391, "y": 808, "w": 12, "h": 12}}}, {"model": "Neither more nor less likely", "label": {"bbox": {"x": 211, "y": 808, "w": 157.05859375, "h": 14}, "text": "Neither more nor less likely"}, "preview": {"bbox": {"x": 192, "y": 808, "w": 12, "h": 12}}}, {"model": "Less likely", "label": {"bbox": {"x": 117, "y": 808, "w": 61.03515625, "h": 14}, "text": "Less likely"}, "preview": {"bbox": {"x": 98, "y": 808, "w": 12, "h": 12}}}]}}, "models": [{"name": "More likely", "bboxes": [{"x": 253, "y": 39, "w": 240, "h": 29}, {"x": 253, "y": 77, "w": 240, "h": 29}, {"x": 253, "y": 113, "w": 236, "h": 29}, {"x": 253, "y": 149, "w": 236, "h": 29}, {"x": 253, "y": 187, "w": 236, "h": 29}, {"x": 253, "y": 223, "w": 232, "h": 29}, {"x": 253, "y": 261, "w": 232, "h": 29}, {"x": 253, "y": 297, "w": 228, "h": 29}, {"x": 253, "y": 335, "w": 225, "h": 29}, {"x": 253, "y": 371, "w": 225, "h": 29}, {"x": 253, "y": 409, "w": 221, "h": 29}, {"x": 253, "y": 445, "w": 217, "h": 29}, {"x": 253, "y": 481, "w": 213, "h": 29}, {"x": 253, "y": 519, "w": 194, "h": 29}, {"x": 253, "y": 555, "w": 194, "h": 29}, {"x": 253, "y": 593, "w": 190, "h": 29}, {"x": 253, "y": 629, "w": 152, "h": 29}, {"x": 253, "y": 667, "w": 141, "h": 29}, {"x": 253, "y": 703, "w": 126, "h": 29}], "colors": ["#2876dd", "#2876dd", "#2876dd", "#2876dd", "#2876dd", "#2876dd", "#2876dd", "#2876dd", "#2876dd", "#2876dd", "#2876dd", "#2876dd", "#2876dd", "#2876dd", "rgb(40,118,221)", "#2876dd", "#2876dd", "#2876dd", "#2876dd"], "y": ["63%", "63%", "62%", "62%", "62%", "61%", "61%", "60%", "59%", "59%", "58%", "57%", "56%", "51%", "51%", "50%", "40%", "37%", "33%"], "labels": ["Go to a concert", "Use public transport", "Go to a movie theater", "Go to an amusement park", "Go to a theater performance", "Go to sporting events", "Go to a museum", "Go to a shopping mall", "Go to a party or social event", "Go to the gym", "Go to a political rally", "Use a ride-hailing service", "Go out to eat in a restaurant or cafe", "Take a vacation", "Go to a work conference", "Go to a religious gathering or meeting", "Go to the grocery store", "Invest in the stock market", "Vote in a political election"], "x": ["Go to a concert", "Use public transport", "Go to a movie theater", "Go to an amusement park", "Go to a theater performance", "Go to sporting events", "Go to a museum", "Go to a shopping mall", "Go to a party or social event", "Go to the gym", "Go to a political rally", "Use a ride-hailing service", "Go out to eat in a restaurant or cafe", "Take a vacation", "Go to a work conference", "Go to a religious gathering or meeting", "Go to the grocery store", "Invest in the stock market", "Vote in a political election"]}, {"name": "Don't know/no opinion", "bboxes": [{"x": 493, "y": 39, "w": 88, "h": 29}, {"x": 493, "y": 77, "w": 80, "h": 29}, {"x": 489, "y": 113, "w": 92, "h": 29}, {"x": 489, "y": 149, "w": 88, "h": 29}, {"x": 489, "y": 187, "w": 92, "h": 29}, {"x": 485, "y": 223, "w": 92, "h": 29}, {"x": 485, "y": 261, "w": 92, "h": 29}, {"x": 481, "y": 297, "w": 92, "h": 29}, {"x": 477, "y": 335, "w": 99, "h": 29}, {"x": 477, "y": 371, "w": 95, "h": 29}, {"x": 473, "y": 409, "w": 99, "h": 29}, {"x": 469, "y": 445, "w": 95, "h": 29}, {"x": 465, "y": 481, "w": 107, "h": 29}, {"x": 447, "y": 519, "w": 114, "h": 29}, {"x": 447, "y": 555, "w": 111, "h": 29}, {"x": 443, "y": 593, "w": 118, "h": 29}, {"x": 405, "y": 629, "w": 153, "h": 29}, {"x": 393, "y": 667, "w": 148, "h": 29}, {"x": 379, "y": 703, "w": 156, "h": 29}], "colors": ["#0f283e", "#0f283e", "#0f283e", "#0f283e", "#0f283e", "#0f283e", "#0f283e", "#0f283e", "#0f283e", "#0f283e", "#0f283e", "#0f283e", "#0f283e", "#0f283e", "rgb(15,40,62)", "#0f283e", "#0f283e", "#0f283e", "#0f283e"], "y": ["23%", "21%", "24%", "23%", "24%", "24%", "24%", "24%", "26%", "25%", "26%", "25%", "28%", "30%", "29%", "31%", "40%", "39%", "41%"], "labels": ["Go to a concert", "Use public transport", "Go to a movie theater", "Go to an amusement park", "Go to a theater performance", "Go to sporting events", "Go to a museum", "Go to a shopping mall", "Go to a party or social event", "Go to the gym", "Go to a political rally", "Use a ride-hailing service", "Go out to eat in a restaurant or cafe", "Take a vacation", "Go to a work conference", "Go to a religious gathering or meeting", "Go to the grocery store", "Invest in the stock market", "Vote in a political election"], "x": ["Go to a concert", "Use public transport", "Go to a movie theater", "Go to an amusement park", "Go to a theater performance", "Go to sporting events", "Go to a museum", "Go to a shopping mall", "Go to a party or social event", "Go to the gym", "Go to a political rally", "Use a ride-hailing service", "Go out to eat in a restaurant or cafe", "Take a vacation", "Go to a work conference", "Go to a religious gathering or meeting", "Go to the grocery store", "Invest in the stock market", "Vote in a political election"]}, {"name": "Neither more nor less likely", "bboxes": [{"x": 581, "y": 39, "w": 38, "h": 29}, {"x": 573, "y": 77, "w": 42, "h": 29}, {"x": 581, "y": 113, "w": 34, "h": 29}, {"x": 577, "y": 149, "w": 38, "h": 29}, {"x": 581, "y": 187, "w": 38, "h": 29}, {"x": 577, "y": 223, "w": 42, "h": 29}, {"x": 577, "y": 261, "w": 42, "h": 29}, {"x": 573, "y": 297, "w": 30, "h": 29}, {"x": 577, "y": 335, "w": 34, "h": 29}, {"x": 573, "y": 371, "w": 42, "h": 29}, {"x": 573, "y": 409, "w": 46, "h": 29}, {"x": 565, "y": 445, "w": 46, "h": 29}, {"x": 573, "y": 481, "w": 27, "h": 29}, {"x": 561, "y": 519, "w": 35, "h": 29}, {"x": 557, "y": 555, "w": 61, "h": 29}, {"x": 561, "y": 593, "w": 42, "h": 29}, {"x": 557, "y": 629, "w": 26, "h": 29}, {"x": 541, "y": 667, "w": 69, "h": 29}, {"x": 535, "y": 703, "w": 42, "h": 29}], "colors": ["#bababa", "#bababa", "#bababa", "#bababa", "#bababa", "#bababa", "#bababa", "#bababa", "#bababa", "#bababa", "#bababa", "#bababa", "#bababa", "#bababa", "rgb(186,186,186)", "#bababa", "#bababa", "#bababa", "#bababa"], "y": ["10%", "11%", "9%", "10%", "10%", "11%", "11%", "8%", "9%", "11%", "12%", "12%", "7%", "9%", "16%", "11%", "7%", "18%", "11%"], "labels": ["Go to a concert", "Use public transport", "Go to a movie theater", "Go to an amusement park", "Go to a theater performance", "Go to sporting events", "Go to a museum", "Go to a shopping mall", "Go to a party or social event", "Go to the gym", "Go to a political rally", "Use a ride-hailing service", "Go out to eat in a restaurant or cafe", "Take a vacation", "Go to a work conference", "Go to a religious gathering or meeting", "Go to the grocery store", "Invest in the stock market", "Vote in a political election"], "x": ["Go to a concert", "Use public transport", "Go to a movie theater", "Go to an amusement park", "Go to a theater performance", "Go to sporting events", "Go to a museum", "Go to a shopping mall", "Go to a party or social event", "Go to the gym", "Go to a political rally", "Use a ride-hailing service", "Go out to eat in a restaurant or cafe", "Take a vacation", "Go to a work conference", "Go to a religious gathering or meeting", "Go to the grocery store", "Invest in the stock market", "Vote in a political election"]}, {"name": "Less likely", "bboxes": [{"x": 619, "y": 39, "w": 22, "h": 29}, {"x": 615, "y": 77, "w": 19, "h": 29}, {"x": 615, "y": 113, "w": 23, "h": 29}, {"x": 615, "y": 149, "w": 23, "h": 29}, {"x": 619, "y": 187, "w": 19, "h": 29}, {"x": 619, "y": 223, "w": 19, "h": 29}, {"x": 619, "y": 261, "w": 19, "h": 29}, {"x": 603, "y": 297, "w": 27, "h": 29}, {"x": 611, "y": 335, "w": 19, "h": 29}, {"x": 615, "y": 371, "w": 19, "h": 29}, {"x": 619, "y": 409, "w": 19, "h": 29}, {"x": 611, "y": 445, "w": 23, "h": 29}, {"x": 599, "y": 481, "w": 34, "h": 29}, {"x": 595, "y": 519, "w": 42, "h": 29}, {"x": 619, "y": 555, "w": 15, "h": 29}, {"x": 603, "y": 593, "w": 31, "h": 29}, {"x": 583, "y": 629, "w": 46, "h": 29}, {"x": 611, "y": 667, "w": 27, "h": 29}, {"x": 577, "y": 703, "w": 57, "h": 29}], "colors": ["#a60b0b", "#a60b0b", "#a60b0b", "#a60b0b", "#a60b0b", "#a60b0b", "#a60b0b", "#a60b0b", "#a60b0b", "#a60b0b", "#a60b0b", "#a60b0b", "#a60b0b", "#a60b0b", "rgb(166,11,11)", "#a60b0b", "#a60b0b", "#a60b0b", "#a60b0b"], "y": ["6%", "5%", "6%", "6%", "5%", "5%", "5%", "7%", "5%", "5%", "5%", "6%", "9%", "11%", "4%", "8%", "12%", "7%", "15%"], "labels": ["Go to a concert", "Use public transport", "Go to a movie theater", "Go to an amusement park", "Go to a theater performance", "Go to sporting events", "Go to a museum", "Go to a shopping mall", "Go to a party or social event", "Go to the gym", "Go to a political rally", "Use a ride-hailing service", "Go out to eat in a restaurant or cafe", "Take a vacation", "Go to a work conference", "Go to a religious gathering or meeting", "Go to the grocery store", "Invest in the stock market", "Vote in a political election"], "x": ["Go to a concert", "Use public transport", "Go to a movie theater", "Go to an amusement park", "Go to a theater performance", "Go to sporting events", "Go to a museum", "Go to a shopping mall", "Go to a party or social event", "Go to the gym", "Go to a political rally", "Use a ride-hailing service", "Go out to eat in a restaurant or cafe", "Take a vacation", "Go to a work conference", "Go to a religious gathering or meeting", "Go to the grocery store", "Invest in the stock market", "Vote in a political election"]}], "type": "h_bar"}