{"general_figure_info": {"figure_info": {"bbox": {"x": 108, "y": 47, "w": 619, "h": 333}}, "y_axis": {"label": {"bbox": [{"x": 42, "y": 187, "w": 11, "h": 52.6796875}], "text": "Growth rate"}, "major_labels": {"bboxes": [{"x": 69, "y": 363.5, "w": 29.0, "h": 17.0}, {"x": 69, "y": 321.5, "w": 29.0, "h": 17.0}, {"x": 69, "y": 280.5, "w": 29.0, "h": 17.0}, {"x": 69, "y": 238.5, "w": 29.0, "h": 17.0}, {"x": 69, "y": 197.5, "w": 29.0, "h": 17.0}, {"x": 69, "y": 155.5, "w": 29.0, "h": 17.0}, {"x": 69, "y": 113.5, "w": 29.0, "h": 17.0}, {"x": 69, "y": 72.5, "w": 29.0, "h": 17.0}, {"x": 69, "y": 29.5, "w": 29.0, "h": 17.0}]}}, "x_axis": {"major_labels": {"bboxes": [{"x": 131, "y": 390, "h": 12, "w": 42.203125}, {"x": 220, "y": 390, "h": 12, "w": 42.203125}, {"x": 308, "y": 390, "h": 12, "w": 42.8125}, {"x": 396, "y": 390, "h": 12, "w": 42.203125}, {"x": 485, "y": 390, "h": 12, "w": 42.8125}, {"x": 573, "y": 390, "h": 12, "w": 42.203125}, {"x": 648, "y": 390, "h": 12, "w": 69.71875}], "values": ["Q1 2020", "Q2 2020", "6M 2020", "Q3 2020", "9M 2020", "Q4 2020", "Full year 2020"]}, "label": {}}, "legend": {"bbox": {"x": 111, "y": 418, "w": 541, "h": 34}, "items": [{"model": "Scenario 1 (Covid-19 ends in Q1 2020)", "label": {"bbox": {"x": 140, "y": 430, "w": 217.421875, "h": 14}, "text": "Scenario 1 (Covid-19 ends in Q1 2020)"}, "preview": {"bbox": {"x": 119, "y": 437, "w": 16, "h": 0}}}, {"model": "Scenario 2 (Covid-19 ends in Q2 2020)", "label": {"bbox": {"x": 408, "y": 430, "w": 217.421875, "h": 14}, "text": "Scenario 2 (Covid-19 ends in Q2 2020)"}, "preview": {"bbox": {"x": 387, "y": 437, "w": 16, "h": 0}}}]}}, "models": [{"name": "Scenario 1 (Covid-19 ends in Q1 2020)", "bboxes": [{"x": 151, "y": 127, "w": 88, "h": 212}, {"x": 239, "y": 127, "w": 89, "h": 67}, {"x": 328, "y": 91, "w": 88, "h": 103}, {"x": 416, "y": 91, "w": 88, "h": 67}, {"x": 504, "y": 63, "w": 89, "h": 95}, {"x": 593, "y": 63, "w": 88, "h": 65}], "colors": "#2876dd", "y": ["-0.02%", "2.53%", "1.72%", "2.96%", "2.16%", "3.3%", "2.51%"], "labels": ["Q1 2020", "Q2 2020", "6M 2020", "Q3 2020", "9M 2020", "Q4 2020", "Full year 2020"], "x": ["Q1 2020", "Q2 2020", "6M 2020", "Q3 2020", "9M 2020", "Q4 2020", "Full year 2020"]}, {"name": "Scenario 2 (Covid-19 ends in Q2 2020)", "bboxes": [{"x": 151, "y": 165, "w": 88, "h": 174}, {"x": 239, "y": 165, "w": 89, "h": 55}, {"x": 328, "y": 98, "w": 88, "h": 122}, {"x": 416, "y": 98, "w": 88, "h": 79}, {"x": 504, "y": 63, "w": 89, "h": 114}, {"x": 593, "y": 63, "w": 88, "h": 79}], "colors": "#0f283e", "y": ["-0.02%", "2.07%", "1.41%", "2.88%", "1.93%", "3.3%", "2.35%"], "labels": ["Q1 2020", "Q2 2020", "6M 2020", "Q3 2020", "9M 2020", "Q4 2020", "Full year 2020"], "x": ["Q1 2020", "Q2 2020", "6M 2020", "Q3 2020", "9M 2020", "Q4 2020", "Full year 2020"]}], "type": "line"}