{"general_figure_info": {"figure_info": {"bbox": {"x": 94, "y": 45, "w": 631, "h": 318}}, "y_axis": {"label": {"bbox": [{"x": 40, "y": 156, "w": 11, "h": 95.625}], "text": "Share of respondents"}, "major_labels": {"bboxes": [{"x": 65, "y": 348.5, "w": 19.0, "h": 19.75}, {"x": 65, "y": 303.5, "w": 19.0, "h": 19.75}, {"x": 65, "y": 257.5, "w": 19.0, "h": 19.75}, {"x": 65, "y": 212.5, "w": 19.0, "h": 19.75}, {"x": 65, "y": 166.5, "w": 19.0, "h": 19.75}, {"x": 65, "y": 121.5, "w": 19.0, "h": 19.75}, {"x": 65, "y": 75.5, "w": 19.0, "h": 19.75}, {"x": 65, "y": 29.5, "w": 19.0, "h": 19.75}]}}, "x_axis": {"major_labels": {"bboxes": [{"x": 123, "y": 373, "h": 12, "w": 33.51611328125}, {"x": 197, "y": 373, "h": 24, "w": 64.203125}, {"x": 302, "y": 373, "h": 12, "w": 35.35302734375}, {"x": 374, "y": 373, "h": 24, "w": 70.328125}, {"x": 473, "y": 373, "h": 24, "w": 53.09375}, {"x": 566, "y": 373, "h": 24, "w": 48.81298828125}, {"x": 651, "y": 373, "h": 24, "w": 58.7978515625}], "values": ["Asians", "Foreigners in", "Italians", "French people", "Your", "Your", "Your friends"]}, "label": {}}, "legend": {"bbox": {"x": 211, "y": 416, "w": 337, "h": 34}, "items": [{"model": "Total worried", "label": {"bbox": {"x": 240, "y": 428, "w": 74.453125, "h": 14}, "text": "Total worried"}, "preview": {"bbox": {"x": 221, "y": 428, "w": 12, "h": 12}}}, {"model": "Very worried", "label": {"bbox": {"x": 353, "y": 428, "w": 72.046875, "h": 14}, "text": "Very worried"}, "preview": {"bbox": {"x": 334, "y": 428, "w": 12, "h": 12}}}, {"model": "A bit worried", "label": {"bbox": {"x": 461, "y": 428, "w": 72.890625, "h": 14}, "text": "A bit worried"}, "preview": {"bbox": {"x": 442, "y": 428, "w": 12, "h": 12}}}]}}, "models": [{"name": "Total worried", "bboxes": [{"x": 102, "y": 91, "w": 24, "h": 273}, {"x": 192, "y": 105, "w": 24, "h": 259}, {"x": 282, "y": 110, "w": 24, "h": 254}, {"x": 372, "y": 155, "w": 24, "h": 209}, {"x": 462, "y": 196, "w": 24, "h": 168}, {"x": 552, "y": 196, "w": 24, "h": 168}, {"x": 642, "y": 264, "w": 24, "h": 100}], "colors": ["#2876dd", "#2876dd", "#2876dd", "#2876dd", "#2876dd", "#2876dd", "#2876dd"], "y": ["60%", "57%", "56%", "46%", "37%", "37%", "22%"], "labels": ["Asians", "Foreigners in", "Italians", "French people", "Your", "Your", "Your friends"], "x": ["Asians", "Foreigners in", "Italians", "French people", "Your", "Your", "Your friends"]}, {"name": "Very worried", "bboxes": [{"x": 127, "y": 241, "w": 24, "h": 123}, {"x": 218, "y": 255, "w": 24, "h": 109}, {"x": 308, "y": 269, "w": 24, "h": 95}, {"x": 398, "y": 282, "w": 24, "h": 82}, {"x": 488, "y": 319, "w": 24, "h": 45}, {"x": 578, "y": 314, "w": 24, "h": 50}, {"x": 668, "y": 337, "w": 24, "h": 27}], "colors": ["#0f283e", "#0f283e", "#0f283e", "#0f283e", "#0f283e", "#0f283e", "#0f283e"], "y": ["27%", "24%", "21%", "18%", "10%", "11%", "6%"], "labels": ["Asians", "Foreigners in", "Italians", "French people", "Your", "Your", "Your friends"], "x": ["Asians", "Foreigners in", "Italians", "French people", "Your", "Your", "Your friends"]}, {"name": "A bit worried", "bboxes": [{"x": 153, "y": 214, "w": 24, "h": 150}, {"x": 243, "y": 214, "w": 24, "h": 150}, {"x": 334, "y": 205, "w": 24, "h": 159}, {"x": 424, "y": 237, "w": 24, "h": 127}, {"x": 514, "y": 241, "w": 24, "h": 123}, {"x": 604, "y": 246, "w": 24, "h": 118}, {"x": 694, "y": 291, "w": 24, "h": 73}], "colors": ["#bababa", "#bababa", "#bababa", "#bababa", "#bababa", "#bababa", "#bababa"], "y": ["33%", "33%", "35%", "28%", "27%", "26%", "16%"], "labels": ["Asians", "Foreigners in", "Italians", "French people", "Your", "Your", "Your friends"], "x": ["Asians", "Foreigners in", "Italians", "French people", "Your", "Your", "Your friends"]}], "type": "v_bar"}