{"general_figure_info": {"figure_info": {"bbox": {"x": 103, "y": 45, "w": 622, "h": 333}}, "y_axis": {"label": {"bbox": [{"x": 40, "y": 151, "w": 11, "h": 121.171875}], "text": "Sales in million U.S. dollars"}, "major_labels": {"bboxes": [{"x": 65, "y": 363.5, "w": 28.0, "h": 35.5}, {"x": 65, "y": 296.5, "w": 28.0, "h": 35.5}, {"x": 65, "y": 230.5, "w": 28.0, "h": 35.5}, {"x": 65, "y": 163.5, "w": 28.0, "h": 35.5}, {"x": 65, "y": 97.5, "w": 28.0, "h": 35.5}, {"x": 65, "y": 29.5, "w": 28.0, "h": 35.5}]}}, "x_axis": {"major_labels": {"bboxes": [{"x": 135, "y": 388, "h": 12, "w": 24.484375}, {"x": 224, "y": 388, "h": 12, "w": 24.484375}, {"x": 313, "y": 388, "h": 12, "w": 24.484375}, {"x": 402, "y": 388, "h": 12, "w": 24.484375}, {"x": 491, "y": 388, "h": 12, "w": 24.484375}, {"x": 579, "y": 388, "h": 12, "w": 24.484375}, {"x": 668, "y": 388, "h": 12, "w": 24.484375}], "values": ["2014", "2015", "2016", "2017", "2018", "2019", "2020"]}, "label": {}}, "legend": {"bbox": {"x": 205, "y": 416, "w": 349, "h": 34}, "items": [{"model": "Recreational total", "label": {"bbox": {"x": 234, "y": 428, "w": 100.703125, "h": 14}, "text": "Recreational total"}, "preview": {"bbox": {"x": 215, "y": 428, "w": 12, "h": 12}}}, {"model": "Medical total", "label": {"bbox": {"x": 371, "y": 428, "w": 72.6875, "h": 14}, "text": "Medical total"}, "preview": {"bbox": {"x": 352, "y": 428, "w": 12, "h": 12}}}, {"model": "Total sales", "label": {"bbox": {"x": 480, "y": 428, "w": 61.462890625, "h": 14}, "text": "Total sales"}, "preview": {"bbox": {"x": 461, "y": 428, "w": 12, "h": 12}}}]}}, "models": [{"name": "Recreational total", "bboxes": [{"x": 110, "y": 339, "w": 23, "h": 40}, {"x": 199, "y": 302, "w": 23, "h": 77}, {"x": 288, "y": 264, "w": 23, "h": 115}, {"x": 377, "y": 234, "w": 23, "h": 145}, {"x": 466, "y": 217, "w": 23, "h": 162}, {"x": 555, "y": 191, "w": 23, "h": 188}, {"x": 644, "y": 146, "w": 23, "h": 233}], "colors": ["#2876dd", "#2876dd", "#2876dd", "#2876dd", "#2876dd", "#2876dd", "#2876dd"], "y": ["303.24", "577.54", "861.59", "1 091.19", "1 213.52", "1 409.5", "1 748.55"], "labels": ["2014", "2015", "2016", "2017", "2018", "2019", "2020"], "x": ["2014", "2015", "2016", "2017", "2018", "2019", "2020"]}, {"name": "Medical total", "bboxes": [{"x": 136, "y": 328, "w": 23, "h": 51}, {"x": 225, "y": 323, "w": 23, "h": 56}, {"x": 314, "y": 320, "w": 23, "h": 59}, {"x": 403, "y": 324, "w": 23, "h": 55}, {"x": 491, "y": 335, "w": 23, "h": 44}, {"x": 580, "y": 334, "w": 23, "h": 45}, {"x": 669, "y": 320, "w": 23, "h": 59}], "colors": ["#0f283e", "#0f283e", "#0f283e", "#0f283e", "#0f283e", "#0f283e", "#0f283e"], "y": ["380.28", "418.05", "445.62", "416.52", "332.17", "338.49", "442.54"], "labels": ["2014", "2015", "2016", "2017", "2018", "2019", "2020"], "x": ["2014", "2015", "2016", "2017", "2018", "2019", "2020"]}, {"name": "Total sales", "bboxes": [{"x": 161, "y": 288, "w": 23, "h": 91}, {"x": 250, "y": 246, "w": 23, "h": 133}, {"x": 339, "y": 205, "w": 23, "h": 174}, {"x": 428, "y": 178, "w": 23, "h": 201}, {"x": 517, "y": 173, "w": 23, "h": 206}, {"x": 606, "y": 146, "w": 23, "h": 233}, {"x": 695, "y": 87, "w": 23, "h": 292}], "colors": ["#bababa", "#bababa", "#bababa", "#bababa", "#bababa", "#bababa", "#bababa"], "y": ["683.52", "995.59", "1 307.2", "1 507.7", "1 545.69", "1 747.99", "2 191.09"], "labels": ["2014", "2015", "2016", "2017", "2018", "2019", "2020"], "x": ["2014", "2015", "2016", "2017", "2018", "2019", "2020"]}], "type": "v_bar"}