{"general_figure_info": {"figure_info": {"bbox": {"x": 94, "y": 45, "w": 631, "h": 333}}, "y_axis": {"label": {"bbox": [{"x": 40, "y": 167, "w": 11, "h": 89.5}], "text": "Percentage of users"}, "major_labels": {"bboxes": [{"x": 65, "y": 363.5, "w": 19.0, "h": 46.599999999999994}, {"x": 65, "y": 280.5, "w": 19.0, "h": 46.599999999999994}, {"x": 65, "y": 197.5, "w": 19.0, "h": 46.599999999999994}, {"x": 65, "y": 113.5, "w": 19.0, "h": 46.599999999999994}, {"x": 65, "y": 29.5, "w": 19.0, "h": 46.599999999999994}]}}, "x_axis": {"major_labels": {"bboxes": [{"x": 125, "y": 388, "h": 12, "w": 28.140625}, {"x": 215, "y": 388, "h": 12, "w": 28.140625}, {"x": 305, "y": 388, "h": 12, "w": 28.140625}, {"x": 395, "y": 388, "h": 12, "w": 28.140625}, {"x": 486, "y": 388, "h": 12, "w": 28.140625}, {"x": 576, "y": 388, "h": 12, "w": 28.140625}, {"x": 671, "y": 388, "h": 12, "w": 18.671875}], "values": ["13-17", "18-24", "25-34", "35-44", "45-54", "55-64", "65+"]}, "label": {}}, "legend": {"bbox": {"x": 310, "y": 416, "w": 140, "h": 34}, "items": [{"model": "Female", "label": {"bbox": {"x": 339, "y": 428, "w": 41.681640625, "h": 14}, "text": "Female"}, "preview": {"bbox": {"x": 320, "y": 428, "w": 12, "h": 12}}}, {"model": "Male", "label": {"bbox": {"x": 414, "y": 428, "w": 27.00390625, "h": 14}, "text": "Male"}, "preview": {"bbox": {"x": 395, "y": 428, "w": 12, "h": 12}}}]}}, "models": [{"name": "Female", "bboxes": [{"x": 104, "y": 316, "w": 34, "h": 63}, {"x": 194, "y": 146, "w": 34, "h": 233}, {"x": 284, "y": 119, "w": 34, "h": 260}, {"x": 374, "y": 236, "w": 34, "h": 143}, {"x": 464, "y": 299, "w": 34, "h": 80}, {"x": 554, "y": 341, "w": 34, "h": 38}, {"x": 644, "y": 357, "w": 34, "h": 22}], "colors": ["#2876dd", "#2876dd", "#2876dd", "#2876dd", "#2876dd", "#2876dd", "#2876dd"], "y": ["3.8%", "14%", "15.6%", "8.6%", "4.8%", "2.3%", "1.3%"], "labels": ["13-17", "18-24", "25-34", "35-44", "45-54", "55-64", "65+"], "x": ["13-17", "18-24", "25-34", "35-44", "45-54", "55-64", "65+"]}, {"name": "Male", "bboxes": [{"x": 141, "y": 317, "w": 34, "h": 62}, {"x": 231, "y": 119, "w": 34, "h": 260}, {"x": 321, "y": 93, "w": 34, "h": 286}, {"x": 411, "y": 259, "w": 34, "h": 120}, {"x": 502, "y": 321, "w": 34, "h": 58}, {"x": 592, "y": 354, "w": 34, "h": 25}, {"x": 682, "y": 364, "w": 34, "h": 15}], "colors": ["#0f283e", "#0f283e", "#0f283e", "#0f283e", "#0f283e", "#0f283e", "#0f283e"], "y": ["3.7%", "15.6%", "17.2%", "7.2%", "3.5%", "1.5%", "0.9%"], "labels": ["13-17", "18-24", "25-34", "35-44", "45-54", "55-64", "65+"], "x": ["13-17", "18-24", "25-34", "35-44", "45-54", "55-64", "65+"]}], "type": "v_bar"}