{"general_figure_info": {"figure_info": {"bbox": {"x": 120, "y": 45, "w": 605, "h": 282}}, "y_axis": {"label": {"bbox": [{"x": 40, "y": 137, "w": 11, "h": 97.828125}], "text": "Number of employees"}, "major_labels": {"bboxes": [{"x": 65, "y": 312.5, "w": 45.0, "h": 36.4}, {"x": 65, "y": 242.5, "w": 45.0, "h": 36.4}, {"x": 65, "y": 171.5, "w": 45.0, "h": 36.4}, {"x": 65, "y": 101.5, "w": 45.0, "h": 36.4}, {"x": 65, "y": 29.5, "w": 45.0, "h": 36.4}]}}, "x_axis": {"major_labels": {"bboxes": [{"x": 130, "y": 337, "h": 48, "w": 80.109375}, {"x": 246, "y": 337, "h": 24, "w": 50.63916015625}, {"x": 338, "y": 337, "h": 36, "w": 69.09375}, {"x": 433, "y": 337, "h": 24, "w": 79.484375}, {"x": 535, "y": 337, "h": 60, "w": 77.671875}, {"x": 634, "y": 337, "h": 24, "w": 80.734375}], "values": ["Newspaper,", "Software", "Motion picture", "Broadcasting", "Internet", "Sound recording"]}, "label": {}}, "legend": {"bbox": {"x": 91, "y": 416, "w": 577, "h": 34}, "items": [{"model": "2009", "label": {"bbox": {"x": 120, "y": 428, "w": 27.021484375, "h": 14}, "text": "2009"}, "preview": {"bbox": {"x": 101, "y": 428, "w": 12, "h": 12}}}, {"model": "2010", "label": {"bbox": {"x": 183, "y": 428, "w": 27.021484375, "h": 14}, "text": "2010"}, "preview": {"bbox": {"x": 164, "y": 428, "w": 12, "h": 12}}}, {"model": "2011", "label": {"bbox": {"x": 247, "y": 428, "w": 26.359375, "h": 14}, "text": "2011"}, "preview": {"bbox": {"x": 228, "y": 428, "w": 12, "h": 12}}}, {"model": "2012", "label": {"bbox": {"x": 310, "y": 428, "w": 27.021484375, "h": 14}, "text": "2012"}, "preview": {"bbox": {"x": 291, "y": 428, "w": 12, "h": 12}}}, {"model": "2013", "label": {"bbox": {"x": 374, "y": 428, "w": 27.021484375, "h": 14}, "text": "2013"}, "preview": {"bbox": {"x": 355, "y": 428, "w": 12, "h": 12}}}, {"model": "2014", "label": {"bbox": {"x": 437, "y": 428, "w": 27.021484375, "h": 14}, "text": "2014"}, "preview": {"bbox": {"x": 418, "y": 428, "w": 12, "h": 12}}}, {"model": "2015", "label": {"bbox": {"x": 501, "y": 428, "w": 27.021484375, "h": 14}, "text": "2015"}, "preview": {"bbox": {"x": 482, "y": 428, "w": 12, "h": 12}}}, {"model": "2016", "label": {"bbox": {"x": 564, "y": 428, "w": 27.021484375, "h": 14}, "text": "2016"}, "preview": {"bbox": {"x": 545, "y": 428, "w": 12, "h": 12}}}, {"model": "2017", "label": {"bbox": {"x": 628, "y": 428, "w": 27.021484375, "h": 14}, "text": "2017"}, "preview": {"bbox": {"x": 609, "y": 428, "w": 12, "h": 12}}}]}}, "models": [{"name": "2009", "bboxes": [{"x": 128, "y": 119, "w": 9, "h": 209}, {"x": 228, "y": 198, "w": 9, "h": 130}, {"x": 329, "y": 216, "w": 9, "h": 112}, {"x": 430, "y": 232, "w": 9, "h": 96}, {"x": 531, "y": 296, "w": 9, "h": 32}, {"x": 632, "y": 320, "w": 9, "h": 8}], "colors": ["#2876dd", "#2876dd", "#2876dd", "#2876dd", "#2876dd", "#2876dd"], "y": ["593 253", "370 019", "316 409", "272 772", "91 134", "23 644"], "labels": ["Newspaper,", "Software", "Motion picture", "Broadcasting", "Internet", "Sound recording"], "x": ["Newspaper,", "Software", "Motion picture", "Broadcasting", "Internet", "Sound recording"]}, {"name": "2010", "bboxes": [{"x": 137, "y": 137, "w": 9, "h": 191}, {"x": 238, "y": 200, "w": 9, "h": 128}, {"x": 339, "y": 224, "w": 9, "h": 104}, {"x": 440, "y": 235, "w": 9, "h": 93}, {"x": 541, "y": 296, "w": 9, "h": 32}, {"x": 641, "y": 320, "w": 9, "h": 8}], "colors": ["#0f283e", "#0f283e", "#0f283e", "#0f283e", "#0f283e", "#0f283e"], "y": ["542 689", "364 463", "295 179", "263 009", "90 892", "23 419"], "labels": ["Newspaper,", "Software", "Motion picture", "Broadcasting", "Internet", "Sound recording"], "x": ["Newspaper,", "Software", "Motion picture", "Broadcasting", "Internet", "Sound recording"]}, {"name": "2011", "bboxes": [{"x": 147, "y": 154, "w": 9, "h": 174}, {"x": 248, "y": 200, "w": 9, "h": 128}, {"x": 348, "y": 227, "w": 9, "h": 101}, {"x": 449, "y": 235, "w": 9, "h": 93}, {"x": 550, "y": 280, "w": 9, "h": 48}, {"x": 651, "y": 320, "w": 9, "h": 8}], "colors": ["#bababa", "#bababa", "#bababa", "#bababa", "#bababa", "#bababa"], "y": ["494 250", "362 410", "287 341", "263 623", "135 554", "22 629"], "labels": ["Newspaper,", "Software", "Motion picture", "Broadcasting", "Internet", "Sound recording"], "x": ["Newspaper,", "Software", "Motion picture", "Broadcasting", "Internet", "Sound recording"]}, {"name": "2012", "bboxes": [{"x": 156, "y": 169, "w": 9, "h": 159}, {"x": 257, "y": 188, "w": 9, "h": 140}, {"x": 358, "y": 225, "w": 9, "h": 103}, {"x": 459, "y": 231, "w": 9, "h": 97}, {"x": 560, "y": 272, "w": 9, "h": 56}, {"x": 661, "y": 320, "w": 9, "h": 8}], "colors": ["#a60b0b", "#a60b0b", "#a60b0b", "#a60b0b", "#a60b0b", "#a60b0b"], "y": ["450 258", "397 145", "292 904", "274 226", "159 673", "22 897"], "labels": ["Newspaper,", "Software", "Motion picture", "Broadcasting", "Internet", "Sound recording"], "x": ["Newspaper,", "Software", "Motion picture", "Broadcasting", "Internet", "Sound recording"]}, {"name": "2013", "bboxes": [{"x": 166, "y": 174, "w": 9, "h": 154}, {"x": 267, "y": 177, "w": 9, "h": 151}, {"x": 368, "y": 215, "w": 9, "h": 113}, {"x": 469, "y": 230, "w": 9, "h": 98}, {"x": 569, "y": 266, "w": 9, "h": 62}, {"x": 670, "y": 320, "w": 9, "h": 8}], "colors": ["#87bc24", "#87bc24", "#87bc24", "#87bc24", "#87bc24", "#87bc24"], "y": ["437 385", "428 030", "321 463", "278 647", "176 292", "22 957"], "labels": ["Newspaper,", "Software", "Motion picture", "Broadcasting", "Internet", "Sound recording"], "x": ["Newspaper,", "Software", "Motion picture", "Broadcasting", "Internet", "Sound recording"]}, {"name": "2014", "bboxes": [{"x": 176, "y": 176, "w": 9, "h": 152}, {"x": 277, "y": 172, "w": 9, "h": 156}, {"x": 377, "y": 195, "w": 9, "h": 133}, {"x": 478, "y": 234, "w": 9, "h": 94}, {"x": 579, "y": 258, "w": 9, "h": 70}, {"x": 680, "y": 318, "w": 9, "h": 10}], "colors": ["#ebb523", "#ebb523", "#ebb523", "#ebb523", "#ebb523", "#ebb523"], "y": ["431 427", "442 246", "377 987", "267 130", "199 656", "27 477"], "labels": ["Newspaper,", "Software", "Motion picture", "Broadcasting", "Internet", "Sound recording"], "x": ["Newspaper,", "Software", "Motion picture", "Broadcasting", "Internet", "Sound recording"]}, {"name": "2015", "bboxes": [{"x": 185, "y": 184, "w": 9, "h": 144}, {"x": 286, "y": 162, "w": 9, "h": 166}, {"x": 387, "y": 186, "w": 9, "h": 142}, {"x": 488, "y": 237, "w": 9, "h": 91}, {"x": 589, "y": 253, "w": 9, "h": 75}, {"x": 690, "y": 318, "w": 9, "h": 10}], "colors": ["#5d2b76", "#5d2b76", "#5d2b76", "#5d2b76", "#5d2b76", "#5d2b76"], "y": ["407 500", "469 845", "403 035", "259 527", "212 902", "28 519"], "labels": ["Newspaper,", "Software", "Motion picture", "Broadcasting", "Internet", "Sound recording"], "x": ["Newspaper,", "Software", "Motion picture", "Broadcasting", "Internet", "Sound recording"]}, {"name": "2016", "bboxes": [{"x": 195, "y": 197, "w": 9, "h": 131}, {"x": 296, "y": 135, "w": 9, "h": 193}, {"x": 397, "y": 178, "w": 9, "h": 150}, {"x": 497, "y": 234, "w": 9, "h": 94}, {"x": 598, "y": 245, "w": 9, "h": 83}, {"x": 699, "y": 320, "w": 9, "h": 8}], "colors": ["#c271da", "#c271da", "#c271da", "#c271da", "#c271da", "#c271da"], "y": ["370 408", "546 191", "424 638", "267 072", "236 464", "22 940"], "labels": ["Newspaper,", "Software", "Motion picture", "Broadcasting", "Internet", "Sound recording"], "x": ["Newspaper,", "Software", "Motion picture", "Broadcasting", "Internet", "Sound recording"]}, {"name": "2017", "bboxes": [{"x": 205, "y": 199, "w": 9, "h": 129}, {"x": 305, "y": 101, "w": 9, "h": 227}, {"x": 406, "y": 209, "w": 9, "h": 119}, {"x": 507, "y": 236, "w": 9, "h": 92}, {"x": 709, "y": 320, "w": 9, "h": 8}], "colors": ["#76a5e3", "#76a5e3", "#76a5e3", "#76a5e3", "#76a5e3"], "y": ["365 529", "643 794", "338 250", "261 295", "22 602"], "labels": ["Newspaper,", "Software", "Motion picture", "Broadcasting", "Internet", "Sound recording"], "x": ["Newspaper,", "Software", "Motion picture", "Broadcasting", "Internet", "Sound recording"]}], "type": "v_bar"}