{"general_figure_info": {"figure_info": {"bbox": {"x": 110, "y": 45, "w": 615, "h": 333}}, "y_axis": {"label": {"bbox": [{"x": 40, "y": 161, "w": 11, "h": 100.609375}], "text": "Number of participants"}, "major_labels": {"bboxes": [{"x": 65, "y": 363.5, "w": 35.0, "h": 35.5}, {"x": 65, "y": 296.5, "w": 35.0, "h": 35.5}, {"x": 65, "y": 230.5, "w": 35.0, "h": 35.5}, {"x": 65, "y": 163.5, "w": 35.0, "h": 35.5}, {"x": 65, "y": 97.5, "w": 35.0, "h": 35.5}, {"x": 65, "y": 29.5, "w": 35.0, "h": 35.5}]}}, "x_axis": {"major_labels": {"bboxes": [{"x": 121, "y": 388, "h": 12, "w": 39.765625}, {"x": 183, "y": 388, "h": 12, "w": 38.953125}, {"x": 244, "y": 388, "h": 12, "w": 38.953125}, {"x": 305, "y": 388, "h": 12, "w": 39.765625}, {"x": 367, "y": 388, "h": 12, "w": 39.765625}, {"x": 428, "y": 388, "h": 12, "w": 39.765625}, {"x": 490, "y": 388, "h": 12, "w": 39.765625}, {"x": 551, "y": 388, "h": 12, "w": 39.765625}, {"x": 613, "y": 388, "h": 12, "w": 39.765625}, {"x": 674, "y": 388, "h": 12, "w": 39.765625}], "values": ["2009/10", "2010/11", "2011/12", "2012/13", "2013/14", "2014/15", "2015/16", "2016/17", "2017/18", "2018/19"]}, "label": {}}, "legend": {"bbox": {"x": 318, "y": 416, "w": 124, "h": 34}, "items": [{"model": "Boys", "label": {"bbox": {"x": 347, "y": 428, "w": 29.669921875, "h": 14}, "text": "Boys"}, "preview": {"bbox": {"x": 328, "y": 428, "w": 12, "h": 12}}}, {"model": "Girls", "label": {"bbox": {"x": 406, "y": 428, "w": 27.671875, "h": 14}, "text": "Girls"}, "preview": {"bbox": {"x": 387, "y": 428, "w": 12, "h": 12}}}]}}, "models": [{"name": "Boys", "bboxes": [{"x": 117, "y": 253, "w": 46, "h": 126}, {"x": 179, "y": 241, "w": 46, "h": 138}, {"x": 241, "y": 267, "w": 46, "h": 111}, {"x": 301, "y": 271, "w": 46, "h": 107}, {"x": 363, "y": 235, "w": 46, "h": 143}, {"x": 425, "y": 271, "w": 46, "h": 107}, {"x": 487, "y": 271, "w": 46, "h": 107}, {"x": 547, "y": 281, "w": 46, "h": 98}, {"x": 609, "y": 307, "w": 46, "h": 72}, {"x": 671, "y": 281, "w": 46, "h": 98}], "colors": ["#2876dd", "#2876dd", "#2876dd", "#2876dd", "#2876dd", "#2876dd", "#2876dd", "#2876dd", "#2876dd", "#2876dd"], "y": ["9 463", "10 394", "8 345", "8 049", "10 701", "8 001", "8 001", "7 346", "5 412", "7 385"], "labels": ["2009/10", "2010/11", "2011/12", "2012/13", "2013/14", "2014/15", "2015/16", "2016/17", "2017/18", "2018/19"], "x": ["2009/10", "2010/11", "2011/12", "2012/13", "2013/14", "2014/15", "2015/16", "2016/17", "2017/18", "2018/19"]}, {"name": "Girls", "bboxes": [{"x": 117, "y": 145, "w": 46, "h": 107}, {"x": 179, "y": 125, "w": 46, "h": 116}, {"x": 241, "y": 175, "w": 46, "h": 93}, {"x": 301, "y": 183, "w": 46, "h": 89}, {"x": 363, "y": 119, "w": 46, "h": 117}, {"x": 425, "y": 181, "w": 46, "h": 91}, {"x": 487, "y": 181, "w": 46, "h": 91}, {"x": 547, "y": 201, "w": 46, "h": 79}, {"x": 609, "y": 249, "w": 46, "h": 57}, {"x": 671, "y": 203, "w": 46, "h": 78}], "colors": ["#0f283e", "#0f283e", "#0f283e", "#0f283e", "#0f283e", "#0f283e", "#0f283e", "#0f283e", "#0f283e", "#0f283e"], "y": ["8 035", "8 655", "6 964", "6 670", "8 814", "6 888", "6 888", "5 974", "4 246", "5 800"], "labels": ["2009/10", "2010/11", "2011/12", "2012/13", "2013/14", "2014/15", "2015/16", "2016/17", "2017/18", "2018/19"], "x": ["2009/10", "2010/11", "2011/12", "2012/13", "2013/14", "2014/15", "2015/16", "2016/17", "2017/18", "2018/19"]}], "type": "v_bar"}