{"general_figure_info": {"figure_info": {"bbox": {"x": 106, "y": 45, "w": 619, "h": 333}}, "y_axis": {"label": {"bbox": [{"x": 40, "y": 155, "w": 11, "h": 112.828125}], "text": "Shipments in million units"}, "major_labels": {"bboxes": [{"x": 65, "y": 363.5, "w": 31.0, "h": 46.599999999999994}, {"x": 65, "y": 280.5, "w": 31.0, "h": 46.599999999999994}, {"x": 65, "y": 197.5, "w": 31.0, "h": 46.599999999999994}, {"x": 65, "y": 113.5, "w": 31.0, "h": 46.599999999999994}, {"x": 65, "y": 29.5, "w": 31.0, "h": 46.599999999999994}]}}, "x_axis": {"major_labels": {"bboxes": [{"x": 122, "y": 388, "h": 12, "w": 24.484375}, {"x": 178, "y": 388, "h": 12, "w": 24.484375}, {"x": 234, "y": 388, "h": 12, "w": 24.484375}, {"x": 291, "y": 388, "h": 12, "w": 24.484375}, {"x": 347, "y": 388, "h": 12, "w": 24.484375}, {"x": 403, "y": 388, "h": 12, "w": 24.484375}, {"x": 457, "y": 388, "h": 12, "w": 29.470703125}, {"x": 514, "y": 388, "h": 12, "w": 29.470703125}, {"x": 570, "y": 388, "h": 12, "w": 29.470703125}, {"x": 626, "y": 388, "h": 12, "w": 29.470703125}, {"x": 682, "y": 388, "h": 12, "w": 29.470703125}], "values": ["2012", "2013", "2014", "2015", "2016", "2017", "2018*", "2019*", "2020*", "2021*", "2022*"]}, "label": {}}, "legend": {"bbox": {"x": 134, "y": 416, "w": 491, "h": 34}, "items": [{"model": "Low-end smartphone", "label": {"bbox": {"x": 163, "y": 428, "w": 121.662109375, "h": 14}, "text": "Low-end smartphone"}, "preview": {"bbox": {"x": 144, "y": 428, "w": 12, "h": 12}}}, {"model": "Mid-tier smartphone", "label": {"bbox": {"x": 324, "y": 428, "w": 115.66796875, "h": 14}, "text": "Mid-tier smartphone"}, "preview": {"bbox": {"x": 305, "y": 428, "w": 12, "h": 12}}}, {"model": "High-end smartphone", "label": {"bbox": {"x": 482, "y": 428, "w": 124.328125, "h": 14}, "text": "High-end smartphone"}, "preview": {"bbox": {"x": 463, "y": 428, "w": 12, "h": 12}}}]}}, "models": [{"name": "Low-end smartphone", "bboxes": [{"x": 111, "y": 337, "w": 44, "h": 42}, {"x": 169, "y": 313, "w": 44, "h": 65}, {"x": 225, "y": 291, "w": 44, "h": 87}, {"x": 281, "y": 289, "w": 44, "h": 90}, {"x": 337, "y": 295, "w": 44, "h": 83}, {"x": 393, "y": 295, "w": 44, "h": 83}, {"x": 449, "y": 295, "w": 44, "h": 83}, {"x": 505, "y": 299, "w": 44, "h": 80}, {"x": 563, "y": 299, "w": 44, "h": 80}, {"x": 619, "y": 299, "w": 44, "h": 80}, {"x": 675, "y": 297, "w": 44, "h": 82}], "colors": ["#2876dd", "#2876dd", "#2876dd", "#2876dd", "#2876dd", "#2876dd", "#2876dd", "#2876dd", "#2876dd", "#2876dd", "#2876dd"], "y": ["250", "390", "520", "540", "500", "500", "500", "480", "480", "480", "490"], "labels": ["2012", "2013", "2014", "2015", "2016", "2017", "2018*", "2019*", "2020*", "2021*", "2022*"], "x": ["2012", "2013", "2014", "2015", "2016", "2017", "2018*", "2019*", "2020*", "2021*", "2022*"]}, {"name": "Mid-tier smartphone", "bboxes": [{"x": 111, "y": 317, "w": 44, "h": 20}, {"x": 169, "y": 279, "w": 44, "h": 35}, {"x": 225, "y": 241, "w": 44, "h": 51}, {"x": 281, "y": 227, "w": 44, "h": 62}, {"x": 337, "y": 221, "w": 44, "h": 75}, {"x": 393, "y": 215, "w": 44, "h": 80}, {"x": 449, "y": 209, "w": 44, "h": 87}, {"x": 505, "y": 207, "w": 44, "h": 91}, {"x": 563, "y": 203, "w": 44, "h": 96}, {"x": 619, "y": 203, "w": 44, "h": 95}, {"x": 675, "y": 201, "w": 44, "h": 96}], "colors": ["#0f283e", "#0f283e", "#0f283e", "#0f283e", "#0f283e", "#0f283e", "#0f283e", "#0f283e", "#0f283e", "#0f283e", "#0f283e"], "y": ["120", "210", "310", "370", "450", "480", "520", "550", "580", "570", "580"], "labels": ["2012", "2013", "2014", "2015", "2016", "2017", "2018*", "2019*", "2020*", "2021*", "2022*"], "x": ["2012", "2013", "2014", "2015", "2016", "2017", "2018*", "2019*", "2020*", "2021*", "2022*"]}, {"name": "High-end smartphone", "bboxes": [{"x": 111, "y": 265, "w": 44, "h": 51}, {"x": 169, "y": 215, "w": 44, "h": 63}, {"x": 225, "y": 167, "w": 44, "h": 73}, {"x": 281, "y": 149, "w": 44, "h": 78}, {"x": 337, "y": 145, "w": 44, "h": 75}, {"x": 393, "y": 137, "w": 44, "h": 78}, {"x": 449, "y": 129, "w": 44, "h": 80}, {"x": 505, "y": 123, "w": 44, "h": 84}, {"x": 563, "y": 119, "w": 44, "h": 84}, {"x": 619, "y": 115, "w": 44, "h": 88}, {"x": 675, "y": 113, "w": 44, "h": 88}], "colors": ["#bababa", "#bababa", "#bababa", "#bababa", "#bababa", "#bababa", "#bababa", "#bababa", "#bababa", "#bababa", "#bababa"], "y": ["310", "380", "440", "470", "450", "470", "480", "500", "500", "530", "530"], "labels": ["2012", "2013", "2014", "2015", "2016", "2017", "2018*", "2019*", "2020*", "2021*", "2022*"], "x": ["2012", "2013", "2014", "2015", "2016", "2017", "2018*", "2019*", "2020*", "2021*", "2022*"]}], "type": "v_bar"}