{"general_figure_info": {"figure_info": {"bbox": {"x": 105, "y": 47, "w": 622, "h": 333}}, "y_axis": {"label": {"bbox": [{"x": 42, "y": 147, "w": 11, "h": 132.859375}], "text": "Share of mobile coupon users"}, "major_labels": {"bboxes": [{"x": 69, "y": 363.5, "w": 26.0, "h": 35.5}, {"x": 69, "y": 296.5, "w": 26.0, "h": 35.5}, {"x": 69, "y": 230.5, "w": 26.0, "h": 35.5}, {"x": 69, "y": 163.5, "w": 26.0, "h": 35.5}, {"x": 69, "y": 97.5, "w": 26.0, "h": 35.5}, {"x": 69, "y": 29.5, "w": 26.0, "h": 35.5}]}}, "x_axis": {"major_labels": {"bboxes": [{"x": 155, "y": 390, "h": 12, "w": 24.484375}, {"x": 279, "y": 390, "h": 12, "w": 24.484375}, {"x": 402, "y": 390, "h": 12, "w": 29.470703125}, {"x": 526, "y": 390, "h": 12, "w": 29.470703125}, {"x": 650, "y": 390, "h": 12, "w": 29.470703125}], "values": ["2012", "2013", "2014*", "2015*", "2016*"]}, "label": {}}, "legend": {"bbox": {"x": 258, "y": 418, "w": 247, "h": 34}, "items": [{"model": "Tablet", "label": {"bbox": {"x": 287, "y": 430, "w": 34.453125, "h": 14}, "text": "Tablet"}, "preview": {"bbox": {"x": 266, "y": 437, "w": 16, "h": 0}}}, {"model": "Smartphone", "label": {"bbox": {"x": 358, "y": 430, "w": 70.333984375, "h": 14}, "text": "Smartphone"}, "preview": {"bbox": {"x": 337, "y": 437, "w": 16, "h": 0}}}, {"model": "Other", "label": {"bbox": {"x": 463, "y": 430, "w": 32.333984375, "h": 14}, "text": "Other"}, "preview": {"bbox": {"x": 442, "y": 437, "w": 16, "h": 0}}}]}}, "models": [{"name": "Tablet", "bboxes": [{"x": 166, "y": 118, "w": 124, "h": 10}, {"x": 290, "y": 112, "w": 125, "h": 6}, {"x": 415, "y": 112, "w": 124, "h": 8}, {"x": 539, "y": 120, "w": 124, "h": 3}], "colors": "#2876dd", "y": ["75.4%", "78.4%", "80.2%", "77.7%", "76.8%"], "labels": ["2012", "2013", "2014*", "2015*", "2016*"], "x": ["2012", "2013", "2014*", "2015*", "2016*"]}, {"name": "Smartphone", "bboxes": [{"x": 166, "y": 146, "w": 124, "h": 0}, {"x": 290, "y": 128, "w": 125, "h": 18}, {"x": 415, "y": 105, "w": 124, "h": 23}, {"x": 539, "y": 88, "w": 124, "h": 17}], "colors": "#0f283e", "y": ["70%", "69.9%", "75.4%", "82.4%", "87.4%"], "labels": ["2012", "2013", "2014*", "2015*", "2016*"], "x": ["2012", "2013", "2014*", "2015*", "2016*"]}, {"name": "Other", "bboxes": [{"x": 166, "y": 355, "w": 124, "h": 12}, {"x": 290, "y": 367, "w": 125, "h": 6}, {"x": 415, "y": 373, "w": 124, "h": 2}, {"x": 539, "y": 375, "w": 124, "h": 1}], "colors": "#bababa", "y": ["7.1%", "3.6%", "1.9%", "1.3%", "1%"], "labels": ["2012", "2013", "2014*", "2015*", "2016*"], "x": ["2012", "2013", "2014*", "2015*", "2016*"]}], "type": "line"}