{"general_figure_info": {"figure_info": {"bbox": {"x": 96, "y": 45, "w": 629, "h": 333}}, "y_axis": {"label": {"bbox": [{"x": 40, "y": 164, "w": 11, "h": 95.625}], "text": "Share of respondents"}, "major_labels": {"bboxes": [{"x": 65, "y": 363.5, "w": 21.0, "h": 46.599999999999994}, {"x": 65, "y": 280.5, "w": 21.0, "h": 46.599999999999994}, {"x": 65, "y": 197.5, "w": 21.0, "h": 46.599999999999994}, {"x": 65, "y": 113.5, "w": 21.0, "h": 46.599999999999994}, {"x": 65, "y": 29.5, "w": 21.0, "h": 46.599999999999994}]}}, "x_axis": {"major_labels": {"bboxes": [{"x": 244, "y": 388, "h": 12, "w": 18.44482421875}, {"x": 561, "y": 388, "h": 12, "w": 14.0625}], "values": ["Yes", "No"]}, "label": {}}, "legend": {"bbox": {"x": 266, "y": 416, "w": 228, "h": 34}, "items": [{"model": "Private sector", "label": {"bbox": {"x": 295, "y": 428, "w": 79.70703125, "h": 14}, "text": "Private sector"}, "preview": {"bbox": {"x": 276, "y": 428, "w": 12, "h": 12}}}, {"model": "Public sector", "label": {"bbox": {"x": 409, "y": 428, "w": 75.6875, "h": 14}, "text": "Public sector"}, "preview": {"bbox": {"x": 390, "y": 428, "w": 12, "h": 12}}}]}}, "models": [{"name": "Private sector", "bboxes": [{"x": 129, "y": 104, "w": 118, "h": 275}, {"x": 444, "y": 258, "w": 118, "h": 121}], "colors": ["#2876dd", "#2876dd"], "y": ["66%", "29%"], "labels": ["Yes", "No"], "x": ["Yes", "No"]}, {"name": "Public sector", "bboxes": [{"x": 260, "y": 171, "w": 118, "h": 208}, {"x": 574, "y": 175, "w": 118, "h": 204}], "colors": ["#0f283e", "#0f283e"], "y": ["50%", "49%"], "labels": ["Yes", "No"], "x": ["Yes", "No"]}], "type": "v_bar"}