{"general_figure_info": {"figure_info": {"bbox": {"x": 103, "y": 45, "w": 622, "h": 308}}, "y_axis": {"label": {"bbox": [{"x": 380, "y": 387, "w": 67.265625, "h": 11}], "text": "Net sales in million U.S. dollars"}, "major_labels": {"bboxes": [{"x": 405, "y": 338.5, "w": 292.0, "h": 41.6}, {"x": 405, "y": 261.5, "w": 292.0, "h": 41.6}, {"x": 405, "y": 184.5, "w": 292.0, "h": 41.6}, {"x": 405, "y": 107.5, "w": 292.0, "h": 41.6}, {"x": 405, "y": 29.5, "w": 292.0, "h": 41.6}]}}, "x_axis": {"major_labels": {"bboxes": [{"x": 153, "y": 363, "h": 12, "w": 24.484375}, {"x": 277, "y": 363, "h": 12, "w": 24.484375}, {"x": 402, "y": 363, "h": 12, "w": 24.484375}, {"x": 526, "y": 363, "h": 12, "w": 24.484375}, {"x": 651, "y": 363, "h": 12, "w": 24.484375}], "values": ["2016", "2017", "2018", "2019", "2020"]}, "label": {}}, "legend": {"bbox": {"x": 213, "y": 416, "w": 334, "h": 34}, "items": [{"model": "Americas", "label": {"bbox": {"x": 242, "y": 428, "w": 54.361328125, "h": 14}, "text": "Americas"}, "preview": {"bbox": {"x": 223, "y": 428, "w": 12, "h": 12}}}, {"model": "Asia Pacific", "label": {"bbox": {"x": 330, "y": 428, "w": 67.697265625, "h": 14}, "text": "Asia Pacific"}, "preview": {"bbox": {"x": 311, "y": 428, "w": 12, "h": 12}}}, {"model": "Europe", "label": {"bbox": {"x": 430, "y": 428, "w": 41.6640625, "h": 14}, "text": "Europe"}, "preview": {"bbox": {"x": 411, "y": 428, "w": 12, "h": 12}}}, {"model": "Other", "label": {"bbox": {"x": 504, "y": 428, "w": 32.333984375, "h": 14}, "text": "Other"}, "preview": {"bbox": {"x": 485, "y": 428, "w": 12, "h": 12}}}]}}, "models": [{"name": "Americas", "bboxes": [{"x": 117, "y": 173, "w": 97, "h": 181}, {"x": 241, "y": 175, "w": 97, "h": 178}, {"x": 365, "y": 175, "w": 97, "h": 179}, {"x": 489, "y": 175, "w": 97, "h": 179}, {"x": 615, "y": 179, "w": 97, "h": 175}], "colors": ["#2876dd", "#2876dd", "#2876dd", "#2876dd", "#2876dd"], "y": ["4693.49", "4620.93", "4658.35", "4659.77", "4544.97"], "labels": ["2016", "2017", "2018", "2019", "2020"], "x": ["2016", "2017", "2018", "2019", "2020"]}, {"name": "Asia Pacific", "bboxes": [{"x": 117, "y": 151, "w": 97, "h": 21}, {"x": 241, "y": 141, "w": 97, "h": 35}, {"x": 365, "y": 131, "w": 97, "h": 44}, {"x": 489, "y": 127, "w": 97, "h": 48}, {"x": 615, "y": 137, "w": 97, "h": 42}], "colors": ["#0f283e", "#0f283e", "#0f283e", "#0f283e", "#0f283e"], "y": ["540.92", "909.54", "1129.61", "1247.99", "1088.54"], "labels": ["2016", "2017", "2018", "2019", "2020"], "x": ["2016", "2017", "2018", "2019", "2020"]}, {"name": "Europe", "bboxes": [{"x": 117, "y": 123, "w": 97, "h": 29}, {"x": 241, "y": 105, "w": 97, "h": 35}, {"x": 365, "y": 93, "w": 97, "h": 38}, {"x": 489, "y": 87, "w": 97, "h": 40}, {"x": 615, "y": 97, "w": 97, "h": 39}], "colors": ["#bababa", "#bababa", "#bababa", "#bababa", "#bababa"], "y": ["769.54", "914.42", "987.02", "1023.64", "1005.59"], "labels": ["2016", "2017", "2018", "2019", "2020"], "x": ["2016", "2017", "2018", "2019", "2020"]}, {"name": "Other", "bboxes": [{"x": 117, "y": 121, "w": 97, "h": 1}, {"x": 241, "y": 105, "w": 97, "h": 1}, {"x": 365, "y": 91, "w": 97, "h": 1}, {"x": 489, "y": 85, "w": 97, "h": 1}, {"x": 615, "y": 97, "w": 97, "h": 1}], "colors": ["#a60b0b", "#a60b0b", "#a60b0b", "#a60b0b", "#a60b0b"], "y": ["24.25", "26.53", "28.99", "35.52", "25.25"], "labels": ["2016", "2017", "2018", "2019", "2020"], "x": ["2016", "2017", "2018", "2019", "2020"]}], "type": "v_bar"}