{"general_figure_info": {"figure_info": {"bbox": {"x": 96, "y": 45, "w": 629, "h": 333}}, "y_axis": {"label": {"bbox": [{"x": 40, "y": 167, "w": 11, "h": 88.953125}], "text": "Percentage of votes"}, "major_labels": {"bboxes": [{"x": 65, "y": 363.5, "w": 21.0, "h": 27.57142857142857}, {"x": 65, "y": 308.5, "w": 21.0, "h": 27.57142857142857}, {"x": 65, "y": 252.5, "w": 21.0, "h": 27.57142857142857}, {"x": 65, "y": 197.5, "w": 21.0, "h": 27.57142857142857}, {"x": 65, "y": 141.5, "w": 21.0, "h": 27.57142857142857}, {"x": 65, "y": 86.5, "w": 21.0, "h": 27.57142857142857}, {"x": 65, "y": 29.5, "w": 21.0, "h": 27.57142857142857}]}}, "x_axis": {"major_labels": {"bboxes": [{"x": 241, "y": 388, "h": 12, "w": 23.84375}, {"x": 549, "y": 388, "h": 12, "w": 36.6875}], "values": ["Male", "Female"]}, "label": {}}, "legend": {"bbox": {"x": 259, "y": 416, "w": 242, "h": 34}, "items": [{"model": "Hillary Clinton", "label": {"bbox": {"x": 288, "y": 428, "w": 81.34375, "h": 14}, "text": "Hillary Clinton"}, "preview": {"bbox": {"x": 269, "y": 428, "w": 12, "h": 12}}}, {"model": "Donald Trump", "label": {"bbox": {"x": 405, "y": 428, "w": 80.671875, "h": 14}, "text": "Donald Trump"}, "preview": {"bbox": {"x": 387, "y": 428, "w": 12, "h": 12}}}]}}, "models": [{"name": "Hillary Clinton", "bboxes": [{"x": 129, "y": 151, "w": 118, "h": 228}, {"x": 444, "y": 79, "w": 118, "h": 300}], "colors": ["#4080FF", "#4080FF"], "y": ["41%", "54%"], "labels": ["Male", "Female"], "x": ["Male", "Female"]}, {"name": "Donald Trump", "bboxes": [{"x": 260, "y": 85, "w": 118, "h": 294}, {"x": 574, "y": 146, "w": 118, "h": 233}], "colors": ["#FF0000", "#FF0000"], "y": ["53%", "42%"], "labels": ["Male", "Female"], "x": ["Male", "Female"]}], "type": "v_bar"}