{"general_figure_info": {"figure_info": {"bbox": {"x": 89, "y": 45, "w": 636, "h": 333}}, "y_axis": {"label": {"bbox": [{"x": 40, "y": 103, "w": 11, "h": 217.9375}], "text": "Homicide deaths per 100,000 resident population"}, "major_labels": {"bboxes": [{"x": 65, "y": 363.5, "w": 14.0, "h": 35.5}, {"x": 65, "y": 296.5, "w": 14.0, "h": 35.5}, {"x": 65, "y": 230.5, "w": 14.0, "h": 35.5}, {"x": 65, "y": 163.5, "w": 14.0, "h": 35.5}, {"x": 65, "y": 97.5, "w": 14.0, "h": 35.5}, {"x": 65, "y": 29.5, "w": 14.0, "h": 35.5}]}}, "x_axis": {"major_labels": {"bboxes": [{"x": 110, "y": 388, "h": 12, "w": 63.92529296875}, {"x": 222, "y": 388, "h": 12, "w": 52.470703125}, {"x": 325, "y": 388, "h": 12, "w": 58.58837890625}, {"x": 431, "y": 388, "h": 12, "w": 58.58837890625}, {"x": 537, "y": 388, "h": 12, "w": 58.58837890625}, {"x": 628, "y": 388, "h": 12, "w": 88.390625}], "values": ["Under 1 year", "1-14 years", "15-24 years", "25-44 years", "45-64 years", "65 years and over"]}, "label": {}}, "legend": {"bbox": {"x": 310, "y": 416, "w": 140, "h": 34}, "items": [{"model": "Male", "label": {"bbox": {"x": 339, "y": 428, "w": 27.00390625, "h": 14}, "text": "Male"}, "preview": {"bbox": {"x": 320, "y": 428, "w": 12, "h": 12}}}, {"model": "Female", "label": {"bbox": {"x": 399, "y": 428, "w": 41.681640625, "h": 14}, "text": "Female"}, "preview": {"bbox": {"x": 380, "y": 428, "w": 12, "h": 12}}}]}}, "models": [{"name": "Male", "bboxes": [{"x": 100, "y": 284, "w": 40, "h": 95}, {"x": 206, "y": 363, "w": 40, "h": 16}, {"x": 312, "y": 111, "w": 40, "h": 268}, {"x": 418, "y": 153, "w": 40, "h": 226}, {"x": 524, "y": 292, "w": 40, "h": 87}, {"x": 630, "y": 343, "w": 40, "h": 36}], "colors": ["#2876dd", "#2876dd", "#2876dd", "#2876dd", "#2876dd", "#2876dd"], "y": ["7.1", "1.2", "20.1", "17", "6.5", "2.7"], "labels": ["Under 1 year", "1-14 years", "15-24 years", "25-44 years", "45-64 years", "65 years and over"], "x": ["Under 1 year", "1-14 years", "15-24 years", "25-44 years", "45-64 years", "65 years and over"]}, {"name": "Female", "bboxes": [{"x": 144, "y": 288, "w": 40, "h": 91}, {"x": 250, "y": 366, "w": 40, "h": 13}, {"x": 356, "y": 335, "w": 40, "h": 44}, {"x": 462, "y": 332, "w": 40, "h": 47}, {"x": 568, "y": 351, "w": 40, "h": 28}, {"x": 674, "y": 360, "w": 40, "h": 19}], "colors": ["#0f283e", "#0f283e", "#0f283e", "#0f283e", "#0f283e", "#0f283e"], "y": ["6.8", "1", "3.3", "3.5", "2.1", "1.4"], "labels": ["Under 1 year", "1-14 years", "15-24 years", "25-44 years", "45-64 years", "65 years and over"], "x": ["Under 1 year", "1-14 years", "15-24 years", "25-44 years", "45-64 years", "65 years and over"]}], "type": "v_bar"}