{"general_figure_info": {"figure_info": {"bbox": {"x": 103, "y": 45, "w": 622, "h": 333}}, "y_axis": {"label": {"bbox": [{"x": 40, "y": 157, "w": 11, "h": 108.421875}], "text": "Share of total population"}, "major_labels": {"bboxes": [{"x": 65, "y": 363.5, "w": 28.0, "h": 35.5}, {"x": 65, "y": 296.5, "w": 28.0, "h": 35.5}, {"x": 65, "y": 230.5, "w": 28.0, "h": 35.5}, {"x": 65, "y": 163.5, "w": 28.0, "h": 35.5}, {"x": 65, "y": 97.5, "w": 28.0, "h": 35.5}, {"x": 65, "y": 29.5, "w": 28.0, "h": 35.5}]}}, "x_axis": {"major_labels": {"bboxes": [{"x": 119, "y": 388, "h": 12, "w": 24.484375}, {"x": 176, "y": 388, "h": 12, "w": 24.484375}, {"x": 233, "y": 388, "h": 12, "w": 23.65625}, {"x": 289, "y": 388, "h": 12, "w": 24.484375}, {"x": 345, "y": 388, "h": 12, "w": 24.484375}, {"x": 402, "y": 388, "h": 12, "w": 24.484375}, {"x": 458, "y": 388, "h": 12, "w": 24.484375}, {"x": 515, "y": 388, "h": 12, "w": 24.484375}, {"x": 571, "y": 388, "h": 12, "w": 24.484375}, {"x": 628, "y": 388, "h": 12, "w": 24.484375}, {"x": 684, "y": 388, "h": 12, "w": 24.484375}], "values": ["2009", "2010", "2011", "2012", "2013", "2014", "2015", "2016", "2017", "2018", "2019"]}, "label": {}}, "legend": {"bbox": {"x": 203, "y": 416, "w": 353, "h": 34}, "items": [{"model": "0-14 years", "label": {"bbox": {"x": 232, "y": 428, "w": 59.04296875, "h": 14}, "text": "0-14 years"}, "preview": {"bbox": {"x": 213, "y": 428, "w": 12, "h": 12}}}, {"model": "15-64 years", "label": {"bbox": {"x": 330, "y": 428, "w": 65.716796875, "h": 14}, "text": "15-64 years"}, "preview": {"bbox": {"x": 311, "y": 428, "w": 12, "h": 12}}}, {"model": "65 years and older", "label": {"bbox": {"x": 436, "y": 428, "w": 105.716796875, "h": 14}, "text": "65 years and older"}, "preview": {"bbox": {"x": 417, "y": 428, "w": 12, "h": 12}}}]}}, "models": [{"name": "0-14 years", "bboxes": [{"x": 109, "y": 307, "w": 44, "h": 71}, {"x": 165, "y": 311, "w": 44, "h": 68}, {"x": 221, "y": 313, "w": 44, "h": 65}, {"x": 279, "y": 317, "w": 44, "h": 62}, {"x": 335, "y": 319, "w": 44, "h": 60}, {"x": 391, "y": 319, "w": 44, "h": 59}, {"x": 449, "y": 321, "w": 44, "h": 58}, {"x": 505, "y": 321, "w": 44, "h": 58}, {"x": 561, "y": 319, "w": 44, "h": 59}, {"x": 617, "y": 319, "w": 44, "h": 59}, {"x": 675, "y": 319, "w": 44, "h": 60}], "colors": ["#2876dd", "#2876dd", "#2876dd", "#2876dd", "#2876dd", "#2876dd", "#2876dd", "#2876dd", "#2876dd", "#2876dd", "#2876dd"], "y": ["26.5%", "25.69%", "24.42%", "23.38%", "22.62%", "22.13%", "21.83%", "21.89%", "22.04%", "22.25%", "22.42%"], "labels": ["2009", "2010", "2011", "2012", "2013", "2014", "2015", "2016", "2017", "2018", "2019"], "x": ["2009", "2010", "2011", "2012", "2013", "2014", "2015", "2016", "2017", "2018", "2019"]}, {"name": "15-64 years", "bboxes": [{"x": 109, "y": 119, "w": 44, "h": 188}, {"x": 165, "y": 119, "w": 44, "h": 191}, {"x": 221, "y": 119, "w": 44, "h": 195}, {"x": 279, "y": 119, "w": 44, "h": 198}, {"x": 335, "y": 119, "w": 44, "h": 200}, {"x": 391, "y": 119, "w": 44, "h": 201}, {"x": 449, "y": 119, "w": 44, "h": 202}, {"x": 505, "y": 119, "w": 44, "h": 202}, {"x": 561, "y": 119, "w": 44, "h": 201}, {"x": 617, "y": 119, "w": 44, "h": 201}, {"x": 675, "y": 119, "w": 44, "h": 200}], "colors": ["#0f283e", "#0f283e", "#0f283e", "#0f283e", "#0f283e", "#0f283e", "#0f283e", "#0f283e", "#0f283e", "#0f283e", "#0f283e"], "y": ["70.8%", "71.62%", "72.99%", "74.15%", "75%", "75.55%", "75.89%", "75.8%", "75.61%", "75.36%", "75.13%"], "labels": ["2009", "2010", "2011", "2012", "2013", "2014", "2015", "2016", "2017", "2018", "2019"], "x": ["2009", "2010", "2011", "2012", "2013", "2014", "2015", "2016", "2017", "2018", "2019"]}, {"name": "65 years and older", "bboxes": [{"x": 109, "y": 113, "w": 44, "h": 7}, {"x": 165, "y": 113, "w": 44, "h": 7}, {"x": 221, "y": 113, "w": 44, "h": 6}, {"x": 279, "y": 113, "w": 44, "h": 6}, {"x": 335, "y": 113, "w": 44, "h": 6}, {"x": 391, "y": 113, "w": 44, "h": 6}, {"x": 449, "y": 113, "w": 44, "h": 6}, {"x": 505, "y": 113, "w": 44, "h": 6}, {"x": 561, "y": 113, "w": 44, "h": 6}, {"x": 617, "y": 113, "w": 44, "h": 6}, {"x": 675, "y": 113, "w": 44, "h": 6}], "colors": ["#bababa", "#bababa", "#bababa", "#bababa", "#bababa", "#bababa", "#bababa", "#bababa", "#bababa", "#bababa", "#bababa"], "y": ["2.7%", "2.69%", "2.58%", "2.48%", "2.38%", "2.32%", "2.28%", "2.31%", "2.34%", "2.39%", "2.45%"], "labels": ["2009", "2010", "2011", "2012", "2013", "2014", "2015", "2016", "2017", "2018", "2019"], "x": ["2009", "2010", "2011", "2012", "2013", "2014", "2015", "2016", "2017", "2018", "2019"]}], "type": "v_bar"}