{"general_figure_info": {"figure_info": {"bbox": {"x": 96, "y": 45, "w": 629, "h": 333}}, "y_axis": {"label": {"bbox": [{"x": 40, "y": 162, "w": 11, "h": 99.5}], "text": "Number of restaurants"}, "major_labels": {"bboxes": [{"x": 65, "y": 363.5, "w": 21.0, "h": 27.57142857142857}, {"x": 65, "y": 308.5, "w": 21.0, "h": 27.57142857142857}, {"x": 65, "y": 252.5, "w": 21.0, "h": 27.57142857142857}, {"x": 65, "y": 197.5, "w": 21.0, "h": 27.57142857142857}, {"x": 65, "y": 141.5, "w": 21.0, "h": 27.57142857142857}, {"x": 65, "y": 86.5, "w": 21.0, "h": 27.57142857142857}, {"x": 65, "y": 29.5, "w": 21.0, "h": 27.57142857142857}]}}, "x_axis": {"major_labels": {"bboxes": [{"x": 116, "y": 388, "h": 12, "w": 23.65625}, {"x": 178, "y": 388, "h": 12, "w": 24.484375}, {"x": 241, "y": 388, "h": 12, "w": 24.484375}, {"x": 304, "y": 388, "h": 12, "w": 24.484375}, {"x": 367, "y": 388, "h": 12, "w": 24.484375}, {"x": 430, "y": 388, "h": 12, "w": 24.484375}, {"x": 493, "y": 388, "h": 12, "w": 24.484375}, {"x": 556, "y": 388, "h": 12, "w": 24.484375}, {"x": 616, "y": 388, "h": 12, "w": 29.470703125}, {"x": 681, "y": 388, "h": 12, "w": 24.484375}], "values": ["2011", "2012", "2013", "2014", "2015", "2016", "2017", "2018", "2019*", "2020"]}, "label": {}}, "legend": {"bbox": {"x": 262, "y": 416, "w": 236, "h": 34}, "items": [{"model": "Company-owned", "label": {"bbox": {"x": 291, "y": 428, "w": 96.671875, "h": 14}, "text": "Company-owned"}, "preview": {"bbox": {"x": 272, "y": 428, "w": 12, "h": 12}}}, {"model": "Franchised", "label": {"bbox": {"x": 425, "y": 428, "w": 64.03125, "h": 14}, "text": "Franchised"}, "preview": {"bbox": {"x": 406, "y": 428, "w": 12, "h": 12}}}]}}, "models": [{"name": "Company-owned", "bboxes": [{"x": 103, "y": 123, "w": 47, "h": 256}, {"x": 167, "y": 119, "w": 47, "h": 260}, {"x": 229, "y": 113, "w": 47, "h": 265}, {"x": 293, "y": 109, "w": 47, "h": 269}, {"x": 355, "y": 107, "w": 47, "h": 271}, {"x": 417, "y": 109, "w": 47, "h": 269}, {"x": 481, "y": 129, "w": 47, "h": 250}, {"x": 543, "y": 129, "w": 47, "h": 249}, {"x": 607, "y": 153, "w": 47, "h": 226}, {"x": 669, "y": 157, "w": 47, "h": 221}], "colors": ["#2876dd", "#2876dd", "#2876dd", "#2876dd", "#2876dd", "#2876dd", "#2876dd", "#2876dd", "#2876dd", "#2876dd"], "y": ["231", "234", "239", "242", "244", "242", "225", "224", "204", "199"], "labels": ["2011", "2012", "2013", "2014", "2015", "2016", "2017", "2018", "2019*", "2020"], "x": ["2011", "2012", "2013", "2014", "2015", "2016", "2017", "2018", "2019*", "2020"]}, {"name": "Franchised", "bboxes": [{"x": 103, "y": 121, "w": 47, "h": 2}, {"x": 167, "y": 117, "w": 47, "h": 1}, {"x": 229, "y": 113, "w": 47, "h": 1}, {"x": 293, "y": 109, "w": 47, "h": 1}, {"x": 355, "y": 105, "w": 47, "h": 3}, {"x": 417, "y": 107, "w": 47, "h": 2}, {"x": 481, "y": 125, "w": 47, "h": 3}, {"x": 543, "y": 127, "w": 47, "h": 3}, {"x": 607, "y": 129, "w": 47, "h": 24}, {"x": 669, "y": 135, "w": 47, "h": 23}], "colors": ["#0f283e", "#0f283e", "#0f283e", "#0f283e", "#0f283e", "#0f283e", "#0f283e", "#0f283e", "#0f283e", "#0f283e"], "y": ["1", "1", "1", "1", "3", "2", "3", "3", "21", "21"], "labels": ["2011", "2012", "2013", "2014", "2015", "2016", "2017", "2018", "2019*", "2020"], "x": ["2011", "2012", "2013", "2014", "2015", "2016", "2017", "2018", "2019*", "2020"]}], "type": "v_bar"}