{"general_figure_info": {"figure_info": {"bbox": {"x": 96, "y": 45, "w": 629, "h": 333}}, "y_axis": {"label": {"bbox": [{"x": 40, "y": 174, "w": 11, "h": 74.484375}], "text": "Share of viewers"}, "major_labels": {"bboxes": [{"x": 65, "y": 363.5, "w": 21.0, "h": 46.599999999999994}, {"x": 65, "y": 280.5, "w": 21.0, "h": 46.599999999999994}, {"x": 65, "y": 197.5, "w": 21.0, "h": 46.599999999999994}, {"x": 65, "y": 113.5, "w": 21.0, "h": 46.599999999999994}, {"x": 65, "y": 29.5, "w": 21.0, "h": 46.599999999999994}]}}, "x_axis": {"major_labels": {"bboxes": [{"x": 134, "y": 388, "h": 12, "w": 28.140625}, {"x": 239, "y": 388, "h": 12, "w": 28.140625}, {"x": 344, "y": 388, "h": 12, "w": 28.140625}, {"x": 449, "y": 388, "h": 12, "w": 28.140625}, {"x": 554, "y": 388, "h": 12, "w": 28.140625}, {"x": 663, "y": 388, "h": 12, "w": 18.671875}], "values": ["13-17", "18-24", "25-34", "35-44", "45-54", "55+"]}, "label": {}}, "legend": {"bbox": {"x": 310, "y": 416, "w": 140, "h": 34}, "items": [{"model": "Male", "label": {"bbox": {"x": 339, "y": 428, "w": 27.00390625, "h": 14}, "text": "Male"}, "preview": {"bbox": {"x": 320, "y": 428, "w": 12, "h": 12}}}, {"model": "Female", "label": {"bbox": {"x": 399, "y": 428, "w": 41.681640625, "h": 14}, "text": "Female"}, "preview": {"bbox": {"x": 380, "y": 428, "w": 12, "h": 12}}}]}}, "models": [{"name": "Male", "bboxes": [{"x": 107, "y": 296, "w": 40, "h": 83}, {"x": 212, "y": 88, "w": 40, "h": 291}, {"x": 317, "y": 179, "w": 40, "h": 200}, {"x": 422, "y": 328, "w": 40, "h": 51}, {"x": 526, "y": 372, "w": 40, "h": 7}, {"x": 631, "y": 375, "w": 40, "h": 4}], "colors": ["#2876dd", "#2876dd", "#2876dd", "#2876dd", "#2876dd", "#2876dd"], "y": ["10%", "35%", "24%", "6.1%", "0.9%", "0.5%"], "labels": ["13-17", "18-24", "25-34", "35-44", "45-54", "55+"], "x": ["13-17", "18-24", "25-34", "35-44", "45-54", "55+"]}, {"name": "Female", "bboxes": [{"x": 151, "y": 341, "w": 40, "h": 38}, {"x": 255, "y": 287, "w": 40, "h": 92}, {"x": 360, "y": 349, "w": 40, "h": 30}, {"x": 465, "y": 372, "w": 40, "h": 7}, {"x": 570, "y": 377, "w": 40, "h": 2}, {"x": 675, "y": 377, "w": 40, "h": 2}], "colors": ["#0f283e", "#0f283e", "#0f283e", "#0f283e", "#0f283e", "#0f283e"], "y": ["4.6%", "11%", "3.6%", "0.9%", "0.3%", "0.2%"], "labels": ["13-17", "18-24", "25-34", "35-44", "45-54", "55+"], "x": ["13-17", "18-24", "25-34", "35-44", "45-54", "55+"]}], "type": "v_bar"}