{"general_figure_info": {"figure_info": {"bbox": {"x": 106, "y": 45, "w": 619, "h": 333}}, "y_axis": {"label": {"bbox": [{"x": 40, "y": 143, "w": 11, "h": 136.171875}], "text": "Revenue in million U.S. dollars"}, "major_labels": {"bboxes": [{"x": 65, "y": 363.5, "w": 31.0, "h": 21.625}, {"x": 65, "y": 315.5, "w": 31.0, "h": 21.625}, {"x": 65, "y": 268.5, "w": 31.0, "h": 21.625}, {"x": 65, "y": 220.5, "w": 31.0, "h": 21.625}, {"x": 65, "y": 173.5, "w": 31.0, "h": 21.625}, {"x": 65, "y": 125.5, "w": 31.0, "h": 21.625}, {"x": 65, "y": 78.5, "w": 31.0, "h": 21.625}, {"x": 65, "y": 29.5, "w": 31.0, "h": 21.625}]}}, "x_axis": {"major_labels": {"bboxes": [{"x": 145, "y": 388, "h": 12, "w": 24.484375}, {"x": 249, "y": 388, "h": 12, "w": 24.484375}, {"x": 352, "y": 388, "h": 12, "w": 24.484375}, {"x": 455, "y": 388, "h": 12, "w": 24.484375}, {"x": 558, "y": 388, "h": 12, "w": 24.484375}, {"x": 661, "y": 388, "h": 12, "w": 24.484375}], "values": ["2016", "2017", "2018", "2019", "2020", "2021"]}, "label": {}}, "legend": {"bbox": {"x": 86, "y": 416, "w": 587, "h": 34}, "items": [{"model": "China", "label": {"bbox": {"x": 115, "y": 428, "w": 33.66015625, "h": 14}, "text": "China"}, "preview": {"bbox": {"x": 96, "y": 428, "w": 12, "h": 12}}}, {"model": "Malaysia", "label": {"bbox": {"x": 182, "y": 428, "w": 50.359375, "h": 14}, "text": "Malaysia"}, "preview": {"bbox": {"x": 163, "y": 428, "w": 12, "h": 12}}}, {"model": "Philippines", "label": {"bbox": {"x": 265, "y": 428, "w": 64.333984375, "h": 14}, "text": "Philippines"}, "preview": {"bbox": {"x": 246, "y": 428, "w": 12, "h": 12}}}, {"model": "Thailand", "label": {"bbox": {"x": 363, "y": 428, "w": 49.34375, "h": 14}, "text": "Thailand"}, "preview": {"bbox": {"x": 344, "y": 428, "w": 12, "h": 12}}}, {"model": "United States", "label": {"bbox": {"x": 447, "y": 428, "w": 77.0078125, "h": 14}, "text": "United States"}, "preview": {"bbox": {"x": 428, "y": 428, "w": 12, "h": 12}}}, {"model": "Japan", "label": {"bbox": {"x": 558, "y": 428, "w": 34.6875, "h": 14}, "text": "Japan"}, "preview": {"bbox": {"x": 539, "y": 428, "w": 12, "h": 12}}}, {"model": "Others", "label": {"bbox": {"x": 625, "y": 428, "w": 39.00390625, "h": 14}, "text": "Others"}, "preview": {"bbox": {"x": 606, "y": 428, "w": 12, "h": 12}}}]}}, "models": [{"name": "China", "bboxes": [{"x": 117, "y": 239, "w": 80, "h": 140}, {"x": 221, "y": 263, "w": 80, "h": 116}, {"x": 323, "y": 263, "w": 80, "h": 115}, {"x": 427, "y": 265, "w": 80, "h": 113}, {"x": 529, "y": 277, "w": 80, "h": 102}, {"x": 633, "y": 257, "w": 80, "h": 121}], "colors": ["#2876dd", "#2876dd", "#2876dd", "#2876dd", "#2876dd", "#2876dd"], "y": ["1 471.18", "1 224.03", "1 205.2", "1 189.93", "1 071.03", "1 268.82"], "labels": ["2016", "2017", "2018", "2019", "2020", "2021"], "x": ["2016", "2017", "2018", "2019", "2020", "2021"]}, {"name": "Malaysia", "bboxes": [{"x": 117, "y": 209, "w": 80, "h": 29}, {"x": 221, "y": 235, "w": 80, "h": 28}, {"x": 323, "y": 227, "w": 80, "h": 37}, {"x": 427, "y": 229, "w": 80, "h": 36}, {"x": 529, "y": 255, "w": 80, "h": 21}, {"x": 633, "y": 233, "w": 80, "h": 24}], "colors": ["#0f283e", "#0f283e", "#0f283e", "#0f283e", "#0f283e", "#0f283e"], "y": ["302.95", "286.27", "388.47", "372.82", "226.36", "254.05"], "labels": ["2016", "2017", "2018", "2019", "2020", "2021"], "x": ["2016", "2017", "2018", "2019", "2020", "2021"]}, {"name": "Philippines", "bboxes": [{"x": 117, "y": 189, "w": 80, "h": 20}, {"x": 221, "y": 207, "w": 80, "h": 27}, {"x": 323, "y": 201, "w": 80, "h": 25}, {"x": 427, "y": 207, "w": 80, "h": 22}, {"x": 529, "y": 233, "w": 80, "h": 22}, {"x": 633, "y": 217, "w": 80, "h": 16}], "colors": ["#bababa", "#bababa", "#bababa", "#bababa", "#bababa", "#bababa"], "y": ["211.6", "283.35", "270.1", "235.92", "221.57", "166.73"], "labels": ["2016", "2017", "2018", "2019", "2020", "2021"], "x": ["2016", "2017", "2018", "2019", "2020", "2021"]}, {"name": "Thailand", "bboxes": [{"x": 117, "y": 171, "w": 80, "h": 18}, {"x": 221, "y": 197, "w": 80, "h": 10}, {"x": 323, "y": 189, "w": 80, "h": 13}, {"x": 427, "y": 191, "w": 80, "h": 16}, {"x": 529, "y": 213, "w": 80, "h": 21}, {"x": 633, "y": 193, "w": 80, "h": 24}], "colors": ["#a60b0b", "#a60b0b", "#a60b0b", "#a60b0b", "#a60b0b", "#a60b0b"], "y": ["189.3", "113.78", "137.66", "165.92", "230.22", "251.41"], "labels": ["2016", "2017", "2018", "2019", "2020", "2021"], "x": ["2016", "2017", "2018", "2019", "2020", "2021"]}, {"name": "United States", "bboxes": [{"x": 117, "y": 165, "w": 80, "h": 6}, {"x": 221, "y": 193, "w": 80, "h": 5}, {"x": 323, "y": 185, "w": 80, "h": 4}, {"x": 427, "y": 167, "w": 80, "h": 24}, {"x": 529, "y": 187, "w": 80, "h": 25}, {"x": 633, "y": 163, "w": 80, "h": 30}], "colors": ["#87bc24", "#87bc24", "#87bc24", "#87bc24", "#87bc24", "#87bc24"], "y": ["60.12", "51.42", "42.56", "251.91", "258.83", "321.45"], "labels": ["2016", "2017", "2018", "2019", "2020", "2021"], "x": ["2016", "2017", "2018", "2019", "2020", "2021"]}, {"name": "Japan", "bboxes": [{"x": 427, "y": 153, "w": 80, "h": 15}, {"x": 529, "y": 173, "w": 80, "h": 15}, {"x": 633, "y": 149, "w": 80, "h": 14}], "colors": ["#ebb523", "#ebb523", "#ebb523"], "y": ["162.77", "162.4", "142.55"], "labels": ["2016", "2017", "2018", "2019", "2020", "2021"], "x": ["2016", "2017", "2018", "2019", "2020", "2021"]}, {"name": "Others", "bboxes": [{"x": 117, "y": 131, "w": 80, "h": 35}, {"x": 221, "y": 159, "w": 80, "h": 33}, {"x": 323, "y": 149, "w": 80, "h": 35}, {"x": 427, "y": 105, "w": 80, "h": 47}, {"x": 529, "y": 121, "w": 80, "h": 51}, {"x": 633, "y": 97, "w": 80, "h": 53}], "colors": ["#5d2b76", "#5d2b76", "#5d2b76", "#5d2b76", "#5d2b76", "#5d2b76"], "y": ["367.34", "342.15", "365.18", "486.53", "528.77", "563.88"], "labels": ["2016", "2017", "2018", "2019", "2020", "2021"], "x": ["2016", "2017", "2018", "2019", "2020", "2021"]}], "type": "v_bar"}