{"general_figure_info": {"figure_info": {"bbox": {"x": 116, "y": 45, "w": 609, "h": 333}}, "y_axis": {"label": {"bbox": [{"x": 40, "y": 161, "w": 11, "h": 100.609375}], "text": "Number of participants"}, "major_labels": {"bboxes": [{"x": 65, "y": 363.5, "w": 41.0, "h": 46.599999999999994}, {"x": 65, "y": 280.5, "w": 41.0, "h": 46.599999999999994}, {"x": 65, "y": 197.5, "w": 41.0, "h": 46.599999999999994}, {"x": 65, "y": 113.5, "w": 41.0, "h": 46.599999999999994}, {"x": 65, "y": 29.5, "w": 41.0, "h": 46.599999999999994}]}}, "x_axis": {"major_labels": {"bboxes": [{"x": 127, "y": 388, "h": 12, "w": 39.765625}, {"x": 188, "y": 388, "h": 12, "w": 38.953125}, {"x": 249, "y": 388, "h": 12, "w": 38.953125}, {"x": 309, "y": 388, "h": 12, "w": 39.765625}, {"x": 370, "y": 388, "h": 12, "w": 39.765625}, {"x": 431, "y": 388, "h": 12, "w": 39.765625}, {"x": 492, "y": 388, "h": 12, "w": 39.765625}, {"x": 553, "y": 388, "h": 12, "w": 39.765625}, {"x": 614, "y": 388, "h": 12, "w": 39.765625}, {"x": 675, "y": 388, "h": 12, "w": 39.765625}], "values": ["2009/10", "2010/11", "2011/12", "2012/13", "2013/14", "2014/15", "2015/16", "2016/17", "2017/18", "2018/19"]}, "label": {}}, "legend": {"bbox": {"x": 318, "y": 416, "w": 124, "h": 34}, "items": [{"model": "Boys", "label": {"bbox": {"x": 347, "y": 428, "w": 29.669921875, "h": 14}, "text": "Boys"}, "preview": {"bbox": {"x": 328, "y": 428, "w": 12, "h": 12}}}, {"model": "Girls", "label": {"bbox": {"x": 406, "y": 428, "w": 27.671875, "h": 14}, "text": "Girls"}, "preview": {"bbox": {"x": 387, "y": 428, "w": 12, "h": 12}}}]}}, "models": [{"name": "Boys", "bboxes": [{"x": 123, "y": 237, "w": 46, "h": 142}, {"x": 185, "y": 237, "w": 46, "h": 142}, {"x": 245, "y": 237, "w": 46, "h": 142}, {"x": 305, "y": 237, "w": 46, "h": 141}, {"x": 367, "y": 239, "w": 46, "h": 140}, {"x": 427, "y": 237, "w": 46, "h": 141}, {"x": 489, "y": 237, "w": 46, "h": 141}, {"x": 549, "y": 237, "w": 46, "h": 141}, {"x": 611, "y": 237, "w": 46, "h": 141}, {"x": 671, "y": 239, "w": 46, "h": 139}], "colors": ["#2876dd", "#2876dd", "#2876dd", "#2876dd", "#2876dd", "#2876dd", "#2876dd", "#2876dd", "#2876dd", "#2876dd"], "y": ["170 846", "170 630", "170 608", "169 198", "168 578", "169 312", "168 954", "169 042", "169 051", "167 431"], "labels": ["2009/10", "2010/11", "2011/12", "2012/13", "2013/14", "2014/15", "2015/16", "2016/17", "2017/18", "2018/19"], "x": ["2009/10", "2010/11", "2011/12", "2012/13", "2013/14", "2014/15", "2015/16", "2016/17", "2017/18", "2018/19"]}, {"name": "Girls", "bboxes": [{"x": 123, "y": 115, "w": 46, "h": 122}, {"x": 185, "y": 115, "w": 46, "h": 122}, {"x": 245, "y": 113, "w": 46, "h": 123}, {"x": 305, "y": 115, "w": 46, "h": 122}, {"x": 367, "y": 115, "w": 46, "h": 124}, {"x": 427, "y": 113, "w": 46, "h": 125}, {"x": 489, "y": 113, "w": 46, "h": 125}, {"x": 549, "y": 113, "w": 46, "h": 125}, {"x": 611, "y": 113, "w": 46, "h": 125}, {"x": 671, "y": 115, "w": 46, "h": 124}], "colors": ["#0f283e", "#0f283e", "#0f283e", "#0f283e", "#0f283e", "#0f283e", "#0f283e", "#0f283e", "#0f283e", "#0f283e"], "y": ["146 580", "146 057", "147 261", "146 294", "148 740", "150 250", "150 899", "150 111", "150 816", "148 998"], "labels": ["2009/10", "2010/11", "2011/12", "2012/13", "2013/14", "2014/15", "2015/16", "2016/17", "2017/18", "2018/19"], "x": ["2009/10", "2010/11", "2011/12", "2012/13", "2013/14", "2014/15", "2015/16", "2016/17", "2017/18", "2018/19"]}], "type": "v_bar"}