{"general_figure_info": {"figure_info": {"bbox": {"x": 81, "y": 45, "w": 644, "h": 271}}, "y_axis": {"label": {"bbox": [{"x": 40, "y": 87, "w": 11, "h": 186.75}], "text": "Facebook fans/Twitter followers in millions"}, "major_labels": {"bboxes": [{"x": 65, "y": 301.5, "w": 6.0, "h": 34.2}, {"x": 65, "y": 233.5, "w": 6.0, "h": 34.2}, {"x": 65, "y": 166.5, "w": 6.0, "h": 34.2}, {"x": 65, "y": 98.5, "w": 6.0, "h": 34.2}, {"x": 65, "y": 29.5, "w": 6.0, "h": 34.2}]}}, "x_axis": {"major_labels": {"bboxes": [{"x": 37, "y": 329, "h": 66.00399780273438, "w": 66.00399780273438}, {"x": 80, "y": 329, "h": 59.076568603515625, "w": 59.076560974121094}, {"x": 108, "y": 329, "h": 66.00399780273438, "w": 66.00399780273438}, {"x": 161, "y": 329, "h": 49.56378173828125, "w": 49.56376647949219}, {"x": 180, "y": 329, "h": 66.00399780273438, "w": 66.00399780273438}, {"x": 232, "y": 329, "h": 49.563751220703125, "w": 49.56376647949219}, {"x": 252, "y": 329, "h": 66.00399780273438, "w": 66.00399780273438}, {"x": 304, "y": 329, "h": 49.56378173828125, "w": 49.56378173828125}, {"x": 323, "y": 329, "h": 66.00399780273438, "w": 66.00399780273438}, {"x": 375, "y": 329, "h": 49.56378173828125, "w": 49.56378173828125}, {"x": 395, "y": 329, "h": 66.00399780273438, "w": 66.00399780273438}, {"x": 447, "y": 329, "h": 49.56378173828125, "w": 49.56378173828125}, {"x": 466, "y": 329, "h": 66.00399780273438, "w": 66.00399780273438}, {"x": 518, "y": 329, "h": 49.56378173828125, "w": 49.563751220703125}, {"x": 538, "y": 329, "h": 66.00399780273438, "w": 66.00396728515625}, {"x": 590, "y": 329, "h": 49.56378173828125, "w": 49.563720703125}, {"x": 609, "y": 329, "h": 66.00399780273438, "w": 66.00396728515625}, {"x": 662, "y": 329, "h": 49.56378173828125, "w": 49.563720703125}], "values": ["September 2012", "February 2013", "September 2013", "March 2014", "September 2014", "March 2015", "September 2015", "March 2016", "September 2016", "March 2017", "September 2017", "March 2018", "September 2018", "March 2019", "September 2019", "March 2020", "September 2020", "March 2021"]}, "label": {}}, "legend": {"bbox": {"x": 251, "y": 416, "w": 258, "h": 34}, "items": [{"model": "Facebook fans", "label": {"bbox": {"x": 280, "y": 428, "w": 84.349609375, "h": 14}, "text": "Facebook fans"}, "preview": {"bbox": {"x": 261, "y": 428, "w": 12, "h": 12}}}, {"model": "Twitter followers", "label": {"bbox": {"x": 398, "y": 428, "w": 94.779296875, "h": 14}, "text": "Twitter followers"}, "preview": {"bbox": {"x": 379, "y": 428, "w": 12, "h": 12}}}]}}, "models": [{"name": "Facebook fans", "bboxes": [{"x": 85, "y": 305, "w": 27, "h": 12}, {"x": 121, "y": 303, "w": 27, "h": 14}, {"x": 157, "y": 297, "w": 27, "h": 20}, {"x": 193, "y": 257, "w": 27, "h": 59}, {"x": 229, "y": 237, "w": 27, "h": 79}, {"x": 263, "y": 219, "w": 27, "h": 97}, {"x": 299, "y": 207, "w": 27, "h": 109}, {"x": 335, "y": 199, "w": 27, "h": 117}, {"x": 371, "y": 193, "w": 27, "h": 123}, {"x": 407, "y": 193, "w": 27, "h": 123}, {"x": 443, "y": 193, "w": 27, "h": 123}, {"x": 479, "y": 193, "w": 27, "h": 123}, {"x": 515, "y": 193, "w": 27, "h": 123}, {"x": 551, "y": 193, "w": 27, "h": 123}, {"x": 585, "y": 195, "w": 27, "h": 122}, {"x": 621, "y": 195, "w": 27, "h": 121}, {"x": 657, "y": 195, "w": 27, "h": 121}, {"x": 693, "y": 195, "w": 27, "h": 121}], "colors": ["#2876dd", "#2876dd", "#2876dd", "#2876dd", "#2876dd", "#2876dd", "#2876dd", "#2876dd", "#2876dd", "#2876dd", "#2876dd", "#2876dd", "#2876dd", "#2876dd", "#2876dd", "#2876dd", "#2876dd", "#2876dd"], "y": ["0.18", "0.21", "0.29", "0.87", "1.17", "1.43", "1.61", "1.73", "1.81", "1.81", "1.81", "1.81", "1.81", "1.81", "1.8", "1.79", "1.79", "1.79"], "labels": ["September 2012", "February 2013", "September 2013", "March 2014", "September 2014", "March 2015", "September 2015", "March 2016", "September 2016", "March 2017", "September 2017", "March 2018", "September 2018", "March 2019", "September 2019", "March 2020", "September 2020", "March 2021"], "x": ["September 2012", "February 2013", "September 2013", "March 2014", "September 2014", "March 2015", "September 2015", "March 2016", "September 2016", "March 2017", "September 2017", "March 2018", "September 2018", "March 2019", "September 2019", "March 2020", "September 2020", "March 2021"]}, {"name": "Twitter followers", "bboxes": [{"x": 85, "y": 299, "w": 27, "h": 6}, {"x": 121, "y": 293, "w": 27, "h": 9}, {"x": 157, "y": 283, "w": 27, "h": 13}, {"x": 193, "y": 241, "w": 27, "h": 17}, {"x": 229, "y": 217, "w": 27, "h": 21}, {"x": 263, "y": 193, "w": 27, "h": 26}, {"x": 299, "y": 177, "w": 27, "h": 30}, {"x": 335, "y": 165, "w": 27, "h": 35}, {"x": 371, "y": 153, "w": 27, "h": 41}, {"x": 407, "y": 145, "w": 27, "h": 48}, {"x": 443, "y": 137, "w": 27, "h": 57}, {"x": 479, "y": 131, "w": 27, "h": 62}, {"x": 515, "y": 131, "w": 27, "h": 62}, {"x": 551, "y": 131, "w": 27, "h": 62}, {"x": 585, "y": 127, "w": 27, "h": 68}, {"x": 621, "y": 121, "w": 27, "h": 75}, {"x": 657, "y": 121, "w": 27, "h": 75}, {"x": 693, "y": 121, "w": 27, "h": 75}], "colors": ["#0f283e", "#0f283e", "#0f283e", "#0f283e", "#0f283e", "#0f283e", "#0f283e", "#0f283e", "#0f283e", "#0f283e", "#0f283e", "#0f283e", "#0f283e", "#0f283e", "#0f283e", "#0f283e", "#0f283e", "#0f283e"], "y": ["0.09", "0.13", "0.2", "0.25", "0.3", "0.38", "0.44", "0.52", "0.61", "0.72", "0.84", "0.92", "0.92", "0.92", "1", "1.1", "1.1", "1.1"], "labels": ["September 2012", "February 2013", "September 2013", "March 2014", "September 2014", "March 2015", "September 2015", "March 2016", "September 2016", "March 2017", "September 2017", "March 2018", "September 2018", "March 2019", "September 2019", "March 2020", "September 2020", "March 2021"], "x": ["September 2012", "February 2013", "September 2013", "March 2014", "September 2014", "March 2015", "September 2015", "March 2016", "September 2016", "March 2017", "September 2017", "March 2018", "September 2018", "March 2019", "September 2019", "March 2020", "September 2020", "March 2021"]}], "type": "v_bar"}