{"general_figure_info": {"figure_info": {"bbox": {"x": 82, "y": 45, "w": 643, "h": 309}}, "y_axis": {"label": {"bbox": [{"x": 40, "y": 153, "w": 11, "h": 92.8125}], "text": "ARPU in U.S. dollars"}, "major_labels": {"bboxes": [{"x": 65, "y": 339.5, "w": 7.0, "h": 41.8}, {"x": 65, "y": 262.5, "w": 7.0, "h": 41.8}, {"x": 65, "y": 185.5, "w": 7.0, "h": 41.8}, {"x": 65, "y": 107.5, "w": 7.0, "h": 41.8}, {"x": 65, "y": 29.5, "w": 7.0, "h": 41.8}]}}, "x_axis": {"major_labels": {"bboxes": [{"x": 71, "y": 367, "h": 31.167938232421875, "w": 31.16794204711914}, {"x": 103, "y": 367, "h": 31.167938232421875, "w": 31.167945861816406}, {"x": 135, "y": 367, "h": 31.167938232421875, "w": 31.167945861816406}, {"x": 167, "y": 367, "h": 31.167938232421875, "w": 31.167938232421875}, {"x": 200, "y": 367, "h": 31.167938232421875, "w": 31.167938232421875}, {"x": 232, "y": 367, "h": 31.167938232421875, "w": 31.167938232421875}, {"x": 264, "y": 367, "h": 31.167938232421875, "w": 31.167938232421875}, {"x": 296, "y": 367, "h": 31.167938232421875, "w": 31.167938232421875}, {"x": 328, "y": 367, "h": 31.167938232421875, "w": 31.167938232421875}, {"x": 360, "y": 367, "h": 31.167938232421875, "w": 31.167938232421875}, {"x": 392, "y": 367, "h": 31.167938232421875, "w": 31.167938232421875}, {"x": 425, "y": 367, "h": 31.167938232421875, "w": 31.167938232421875}, {"x": 457, "y": 367, "h": 31.167938232421875, "w": 31.167938232421875}, {"x": 489, "y": 367, "h": 31.167938232421875, "w": 31.167938232421875}, {"x": 521, "y": 367, "h": 31.167938232421875, "w": 31.16790771484375}, {"x": 553, "y": 367, "h": 31.167938232421875, "w": 31.16790771484375}, {"x": 585, "y": 367, "h": 31.167938232421875, "w": 31.16790771484375}, {"x": 617, "y": 367, "h": 31.167938232421875, "w": 31.16790771484375}, {"x": 650, "y": 367, "h": 31.167938232421875, "w": 31.16790771484375}, {"x": 682, "y": 367, "h": 31.167938232421875, "w": 31.16790771484375}], "values": ["Q1 '16", "Q2 '16", "Q3 '16", "Q4 '16", "Q1 '17", "Q2 '17", "Q3 '17", "Q4 '17", "Q1 '18", "Q2 '18", "Q3 '18", "Q4 '18", "Q1 '19", "Q2 '19", "Q3 '19", "Q4 '19", "Q1 '20", "Q2 '20", "Q3 '20", "Q4 '20"]}, "label": {}}, "legend": {"bbox": {"x": 267, "y": 416, "w": 225, "h": 34}, "items": [{"model": "United States", "label": {"bbox": {"x": 296, "y": 428, "w": 77.0078125, "h": 14}, "text": "United States"}, "preview": {"bbox": {"x": 277, "y": 428, "w": 12, "h": 12}}}, {"model": "International", "label": {"bbox": {"x": 407, "y": 428, "w": 72.015625, "h": 14}, "text": "International"}, "preview": {"bbox": {"x": 388, "y": 428, "w": 12, "h": 12}}}]}}, "models": [{"name": "United States", "bboxes": [{"x": 85, "y": 325, "w": 25, "h": 29}, {"x": 117, "y": 317, "w": 25, "h": 37}, {"x": 149, "y": 313, "w": 25, "h": 41}, {"x": 183, "y": 293, "w": 25, "h": 62}, {"x": 215, "y": 311, "w": 25, "h": 44}, {"x": 247, "y": 301, "w": 25, "h": 53}, {"x": 279, "y": 295, "w": 25, "h": 59}, {"x": 311, "y": 271, "w": 25, "h": 84}, {"x": 343, "y": 293, "w": 25, "h": 61}, {"x": 375, "y": 279, "w": 25, "h": 76}, {"x": 407, "y": 265, "w": 25, "h": 90}, {"x": 439, "y": 233, "w": 25, "h": 122}, {"x": 471, "y": 267, "w": 25, "h": 87}, {"x": 503, "y": 247, "w": 25, "h": 108}, {"x": 535, "y": 241, "w": 25, "h": 113}, {"x": 567, "y": 201, "w": 25, "h": 154}, {"x": 599, "y": 251, "w": 25, "h": 103}, {"x": 633, "y": 257, "w": 25, "h": 97}, {"x": 665, "y": 205, "w": 25, "h": 149}, {"x": 697, "y": 125, "w": 25, "h": 229}], "colors": ["#2876dd", "#2876dd", "#2876dd", "#2876dd", "#2876dd", "#2876dd", "#2876dd", "#2876dd", "#2876dd", "#2876dd", "#2876dd", "#2876dd", "#2876dd", "#2876dd", "#2876dd", "#2876dd", "#2876dd", "#2876dd", "#2876dd", "#2876dd"], "y": ["0.74", "0.96", "1.07", "1.6", "1.13", "1.36", "1.52", "2.17", "1.59", "1.98", "2.33", "3.16", "2.25", "2.8", "2.93", "4.0", "2.66", "2.5", "3.85", "5.94"], "labels": ["Q1 '16", "Q2 '16", "Q3 '16", "Q4 '16", "Q1 '17", "Q2 '17", "Q3 '17", "Q4 '17", "Q1 '18", "Q2 '18", "Q3 '18", "Q4 '18", "Q1 '19", "Q2 '19", "Q3 '19", "Q4 '19", "Q1 '20", "Q2 '20", "Q3 '20", "Q4 '20"], "x": ["Q1 '16", "Q2 '16", "Q3 '16", "Q4 '16", "Q1 '17", "Q2 '17", "Q3 '17", "Q4 '17", "Q1 '18", "Q2 '18", "Q3 '18", "Q4 '18", "Q1 '19", "Q2 '19", "Q3 '19", "Q4 '19", "Q1 '20", "Q2 '20", "Q3 '20", "Q4 '20"]}, {"name": "International", "bboxes": [{"x": 85, "y": 325, "w": 25, "h": 0}, {"x": 117, "y": 317, "w": 25, "h": 0}, {"x": 149, "y": 313, "w": 25, "h": 1}, {"x": 183, "y": 291, "w": 25, "h": 1}, {"x": 215, "y": 309, "w": 25, "h": 1}, {"x": 247, "y": 301, "w": 25, "h": 1}, {"x": 279, "y": 293, "w": 25, "h": 2}, {"x": 311, "y": 267, "w": 25, "h": 3}, {"x": 343, "y": 291, "w": 25, "h": 2}, {"x": 375, "y": 277, "w": 25, "h": 2}, {"x": 407, "y": 263, "w": 25, "h": 2}, {"x": 439, "y": 229, "w": 25, "h": 4}, {"x": 471, "y": 265, "w": 25, "h": 3}, {"x": 503, "y": 243, "w": 25, "h": 4}, {"x": 535, "y": 237, "w": 25, "h": 5}, {"x": 567, "y": 191, "w": 25, "h": 9}, {"x": 599, "y": 247, "w": 25, "h": 5}, {"x": 633, "y": 253, "w": 25, "h": 5}, {"x": 665, "y": 197, "w": 25, "h": 8}, {"x": 697, "y": 111, "w": 25, "h": 14}], "colors": ["#0f283e", "#0f283e", "#0f283e", "#0f283e", "#0f283e", "#0f283e", "#0f283e", "#0f283e", "#0f283e", "#0f283e", "#0f283e", "#0f283e", "#0f283e", "#0f283e", "#0f283e", "#0f283e", "#0f283e", "#0f283e", "#0f283e", "#0f283e"], "y": ["0.0", "0.01", "0.03", "0.04", "0.03", "0.04", "0.05", "0.07", "0.05", "0.05", "0.06", "0.09", "0.08", "0.11", "0.13", "0.21", "0.13", "0.14", "0.21", "0.35"], "labels": ["Q1 '16", "Q2 '16", "Q3 '16", "Q4 '16", "Q1 '17", "Q2 '17", "Q3 '17", "Q4 '17", "Q1 '18", "Q2 '18", "Q3 '18", "Q4 '18", "Q1 '19", "Q2 '19", "Q3 '19", "Q4 '19", "Q1 '20", "Q2 '20", "Q3 '20", "Q4 '20"], "x": ["Q1 '16", "Q2 '16", "Q3 '16", "Q4 '16", "Q1 '17", "Q2 '17", "Q3 '17", "Q4 '17", "Q1 '18", "Q2 '18", "Q3 '18", "Q4 '18", "Q1 '19", "Q2 '19", "Q3 '19", "Q4 '19", "Q1 '20", "Q2 '20", "Q3 '20", "Q4 '20"]}], "type": "v_bar"}