{"general_figure_info": {"figure_info": {"bbox": {"x": 267, "y": 35, "w": 443, "h": 321}}, "y_axis": {"label": {"bbox": [{"x": 441, "y": 387, "w": 95.625, "h": 11}], "text": "Share of respondents"}, "major_labels": {"bboxes": [{"x": 246.5, "y": 362, "w": 43.285714285714285, "h": 26.0}, {"x": 320.5, "y": 362, "w": 43.285714285714285, "h": 26.0}, {"x": 394.5, "y": 362, "w": 43.285714285714285, "h": 26.0}, {"x": 468.5, "y": 362, "w": 43.285714285714285, "h": 26.0}, {"x": 541.5, "y": 362, "w": 43.285714285714285, "h": 26.0}, {"x": 615.5, "y": 362, "w": 43.285714285714285, "h": 26.0}, {"x": 690.5, "y": 362, "w": 43.285714285714285, "h": 26.0}]}}, "x_axis": {"major_labels": {"bboxes": [{"x": 206, "y": 47, "h": 12, "w": 48.34228515625}, {"x": 53, "y": 74, "h": 26, "w": 201.6796875}, {"x": 155, "y": 118, "h": 12, "w": 99.234375}, {"x": 97, "y": 154, "h": 12, "w": 156.53125}, {"x": 164, "y": 189, "h": 12, "w": 91.14453125}, {"x": 148, "y": 225, "h": 12, "w": 106.8798828125}, {"x": 187, "y": 261, "h": 12, "w": 66.671875}, {"x": 158, "y": 296, "h": 12, "w": 95.8125}, {"x": 94, "y": 332, "h": 12, "w": 160.234375}], "values": ["Watch TV", "Cook a meal at home and have dinner as", "Watch films at home", "Have an alcoholic drink at home", "Watch sport on TV", "Play computer games", "Go to the pub", "Go to a coffee shop", "Go shopping (not food shopping)"]}, "label": {}}, "legend": {"bbox": {"x": 306, "y": 416, "w": 132, "h": 34}, "items": [{"model": "2017", "label": {"bbox": {"x": 398, "y": 428, "w": 27.021484375, "h": 14}, "text": "2017"}, "preview": {"bbox": {"x": 379, "y": 428, "w": 12, "h": 12}}}, {"model": "2014", "label": {"bbox": {"x": 335, "y": 428, "w": 27.021484375, "h": 14}, "text": "2014"}, "preview": {"bbox": {"x": 316, "y": 428, "w": 12, "h": 12}}}]}}, "models": [{"name": "2017", "bboxes": [{"x": 266, "y": 38, "w": 347, "h": 14}, {"x": 266, "y": 74, "w": 266, "h": 14}, {"x": 266, "y": 109, "w": 177, "h": 14}, {"x": 266, "y": 145, "w": 166, "h": 14}, {"x": 266, "y": 181, "w": 140, "h": 14}, {"x": 266, "y": 216, "w": 126, "h": 14}, {"x": 266, "y": 252, "w": 107, "h": 14}, {"x": 266, "y": 288, "w": 107, "h": 14}, {"x": 266, "y": 323, "w": 100, "h": 14}], "colors": ["#0f283e", "#0f283e", "#0f283e", "#0f283e", "#0f283e", "#0f283e", "#0f283e", "#0f283e", "#0f283e"], "y": ["94%", "72%", "48%", "45%", "38%", "34%", "29%", "29%", "27%"], "labels": ["Watch TV", "Cook a meal at home and have dinner as", "Watch films at home", "Have an alcoholic drink at home", "Watch sport on TV", "Play computer games", "Go to the pub", "Go to a coffee shop", "Go shopping (not food shopping)"], "x": ["Watch TV", "Cook a meal at home and have dinner as", "Watch films at home", "Have an alcoholic drink at home", "Watch sport on TV", "Play computer games", "Go to the pub", "Go to a coffee shop", "Go shopping (not food shopping)"]}, {"name": "2014", "bboxes": [{"x": 266, "y": 53, "w": 343, "h": 14}, {"x": 266, "y": 89, "w": 281, "h": 14}, {"x": 266, "y": 124, "w": 181, "h": 14}, {"x": 266, "y": 160, "w": 174, "h": 14}, {"x": 266, "y": 196, "w": 174, "h": 14}, {"x": 266, "y": 231, "w": 137, "h": 14}, {"x": 266, "y": 267, "w": 126, "h": 14}, {"x": 266, "y": 303, "w": 111, "h": 14}, {"x": 266, "y": 338, "w": 114, "h": 14}], "colors": ["#2876dd", "#2876dd", "#2876dd", "#2876dd", "#2876dd", "#2876dd", "#2876dd", "#2876dd", "#2876dd"], "y": ["93%", "76%", "49%", "47%", "47%", "37%", "34%", "30%", "31%"], "labels": ["Watch TV", "Cook a meal at home and have dinner as", "Watch films at home", "Have an alcoholic drink at home", "Watch sport on TV", "Play computer games", "Go to the pub", "Go to a coffee shop", "Go shopping (not food shopping)"], "x": ["Watch TV", "Cook a meal at home and have dinner as", "Watch films at home", "Have an alcoholic drink at home", "Watch sport on TV", "Play computer games", "Go to the pub", "Go to a coffee shop", "Go shopping (not food shopping)"]}], "type": "h_bar"}