{"general_figure_info": {"figure_info": {"bbox": {"x": 103, "y": 45, "w": 622, "h": 333}}, "y_axis": {"label": {"bbox": [{"x": 40, "y": 153, "w": 11, "h": 116.9501953125}], "text": "Share of total employment"}, "major_labels": {"bboxes": [{"x": 65, "y": 363.5, "w": 28.0, "h": 35.5}, {"x": 65, "y": 296.5, "w": 28.0, "h": 35.5}, {"x": 65, "y": 230.5, "w": 28.0, "h": 35.5}, {"x": 65, "y": 163.5, "w": 28.0, "h": 35.5}, {"x": 65, "y": 97.5, "w": 28.0, "h": 35.5}, {"x": 65, "y": 29.5, "w": 28.0, "h": 35.5}]}}, "x_axis": {"major_labels": {"bboxes": [{"x": 119, "y": 388, "h": 12, "w": 24.484375}, {"x": 176, "y": 388, "h": 12, "w": 23.65625}, {"x": 232, "y": 388, "h": 12, "w": 24.484375}, {"x": 289, "y": 388, "h": 12, "w": 24.484375}, {"x": 345, "y": 388, "h": 12, "w": 24.484375}, {"x": 402, "y": 388, "h": 12, "w": 24.484375}, {"x": 458, "y": 388, "h": 12, "w": 24.484375}, {"x": 515, "y": 388, "h": 12, "w": 24.484375}, {"x": 571, "y": 388, "h": 12, "w": 24.484375}, {"x": 628, "y": 388, "h": 12, "w": 24.484375}, {"x": 684, "y": 388, "h": 12, "w": 24.484375}], "values": ["2010", "2011", "2012", "2013", "2014", "2015", "2016", "2017", "2018", "2019", "2020"]}, "label": {}}, "legend": {"bbox": {"x": 246, "y": 416, "w": 268, "h": 34}, "items": [{"model": "Agriculture", "label": {"bbox": {"x": 275, "y": 428, "w": 64.333984375, "h": 14}, "text": "Agriculture"}, "preview": {"bbox": {"x": 256, "y": 428, "w": 12, "h": 12}}}, {"model": "Industry", "label": {"bbox": {"x": 375, "y": 428, "w": 47.6640625, "h": 14}, "text": "Industry"}, "preview": {"bbox": {"x": 356, "y": 428, "w": 12, "h": 12}}}, {"model": "Services", "label": {"bbox": {"x": 458, "y": 428, "w": 49.703125, "h": 14}, "text": "Services"}, "preview": {"bbox": {"x": 439, "y": 428, "w": 12, "h": 12}}}]}}, "models": [{"name": "Agriculture", "bboxes": [{"x": 109, "y": 331, "w": 44, "h": 47}, {"x": 165, "y": 331, "w": 44, "h": 47}, {"x": 221, "y": 329, "w": 44, "h": 49}, {"x": 279, "y": 329, "w": 44, "h": 49}, {"x": 335, "y": 329, "w": 44, "h": 49}, {"x": 391, "y": 331, "w": 44, "h": 47}, {"x": 449, "y": 335, "w": 44, "h": 44}, {"x": 505, "y": 333, "w": 44, "h": 45}, {"x": 561, "y": 335, "w": 44, "h": 43}, {"x": 617, "y": 337, "w": 44, "h": 42}, {"x": 675, "y": 337, "w": 44, "h": 42}], "colors": ["#2876dd", "#2876dd", "#2876dd", "#2876dd", "#2876dd", "#2876dd", "#2876dd", "#2876dd", "#2876dd", "#2876dd", "#2876dd"], "y": ["17.62%", "17.59%", "18.24%", "18.25%", "18.42%", "17.75%", "16.63%", "16.78%", "16.23%", "15.93%", "15.69%"], "labels": ["2010", "2011", "2012", "2013", "2014", "2015", "2016", "2017", "2018", "2019", "2020"], "x": ["2010", "2011", "2012", "2013", "2014", "2015", "2016", "2017", "2018", "2019", "2020"]}, {"name": "Industry", "bboxes": [{"x": 109, "y": 287, "w": 44, "h": 44}, {"x": 165, "y": 289, "w": 44, "h": 43}, {"x": 221, "y": 289, "w": 44, "h": 41}, {"x": 279, "y": 289, "w": 44, "h": 40}, {"x": 335, "y": 289, "w": 44, "h": 40}, {"x": 391, "y": 291, "w": 44, "h": 40}, {"x": 449, "y": 293, "w": 44, "h": 42}, {"x": 505, "y": 291, "w": 44, "h": 42}, {"x": 561, "y": 293, "w": 44, "h": 43}, {"x": 617, "y": 293, "w": 44, "h": 44}, {"x": 675, "y": 293, "w": 44, "h": 43}], "colors": ["#0f283e", "#0f283e", "#0f283e", "#0f283e", "#0f283e", "#0f283e", "#0f283e", "#0f283e", "#0f283e", "#0f283e", "#0f283e"], "y": ["16.54%", "16.06%", "15.46%", "15.22%", "14.94%", "14.93%", "15.66%", "15.7%", "16.1%", "16.17%", "16.23%"], "labels": ["2010", "2011", "2012", "2013", "2014", "2015", "2016", "2017", "2018", "2019", "2020"], "x": ["2010", "2011", "2012", "2013", "2014", "2015", "2016", "2017", "2018", "2019", "2020"]}, {"name": "Services", "bboxes": [{"x": 109, "y": 113, "w": 44, "h": 175}, {"x": 165, "y": 113, "w": 44, "h": 176}, {"x": 221, "y": 113, "w": 44, "h": 176}, {"x": 279, "y": 113, "w": 44, "h": 177}, {"x": 335, "y": 113, "w": 44, "h": 177}, {"x": 391, "y": 113, "w": 44, "h": 179}, {"x": 449, "y": 113, "w": 44, "h": 180}, {"x": 505, "y": 113, "w": 44, "h": 179}, {"x": 561, "y": 113, "w": 44, "h": 180}, {"x": 617, "y": 113, "w": 44, "h": 180}, {"x": 675, "y": 113, "w": 44, "h": 181}], "colors": ["#bababa", "#bababa", "#bababa", "#bababa", "#bababa", "#bababa", "#bababa", "#bababa", "#bababa", "#bababa", "#bababa"], "y": ["65.84%", "66.35%", "66.3%", "66.54%", "66.64%", "67.32%", "67.7%", "67.52%", "67.68%", "67.9%", "68.08%"], "labels": ["2010", "2011", "2012", "2013", "2014", "2015", "2016", "2017", "2018", "2019", "2020"], "x": ["2010", "2011", "2012", "2013", "2014", "2015", "2016", "2017", "2018", "2019", "2020"]}], "type": "v_bar"}