{"general_figure_info": {"figure_info": {"bbox": {"x": 106, "y": 45, "w": 619, "h": 318}}, "y_axis": {"label": {"bbox": [{"x": 40, "y": 157, "w": 11, "h": 94.5}], "text": "Sales in million euros"}, "major_labels": {"bboxes": [{"x": 65, "y": 348.5, "w": 31.0, "h": 33.0}, {"x": 65, "y": 284.5, "w": 31.0, "h": 33.0}, {"x": 65, "y": 221.5, "w": 31.0, "h": 33.0}, {"x": 65, "y": 157.5, "w": 31.0, "h": 33.0}, {"x": 65, "y": 94.5, "w": 31.0, "h": 33.0}, {"x": 65, "y": 29.5, "w": 31.0, "h": 33.0}]}}, "x_axis": {"major_labels": {"bboxes": [{"x": 128, "y": 373, "h": 24, "w": 80.71875}, {"x": 277, "y": 373, "h": 12, "w": 29.1943359375}, {"x": 393, "y": 373, "h": 12, "w": 46.34228515625}, {"x": 517, "y": 373, "h": 12, "w": 45.7353515625}, {"x": 611, "y": 373, "h": 12, "w": 103.83984375}], "values": ["EMEA (including", "APAC", "Americas", "Germany", "Cooperation partners"]}, "label": {}}, "legend": {"bbox": {"x": 291, "y": 416, "w": 177, "h": 34}, "items": [{"model": "2018/19", "label": {"bbox": {"x": 320, "y": 428, "w": 43.703125, "h": 14}, "text": "2018/19"}, "preview": {"bbox": {"x": 301, "y": 428, "w": 12, "h": 12}}}, {"model": "2019/20", "label": {"bbox": {"x": 406, "y": 428, "w": 43.703125, "h": 14}, "text": "2019/20"}, "preview": {"bbox": {"x": 387, "y": 428, "w": 12, "h": 12}}}]}}, "models": [{"name": "2018/19", "bboxes": [{"x": 119, "y": 125, "w": 47, "h": 239}, {"x": 243, "y": 146, "w": 47, "h": 218}, {"x": 367, "y": 193, "w": 47, "h": 171}, {"x": 490, "y": 284, "w": 47, "h": 80}, {"x": 614, "y": 175, "w": 47, "h": 189}], "colors": ["#2876dd", "#2876dd", "#2876dd", "#2876dd", "#2876dd"], "y": ["1 881", "1 716", "1 347", "626", "1 484"], "labels": ["EMEA (including", "APAC", "Americas", "Germany", "Cooperation partners"], "x": ["EMEA (including", "APAC", "Americas", "Germany", "Cooperation partners"]}, {"name": "2019/20", "bboxes": [{"x": 170, "y": 142, "w": 47, "h": 222}, {"x": 294, "y": 143, "w": 47, "h": 221}, {"x": 418, "y": 214, "w": 47, "h": 150}, {"x": 542, "y": 289, "w": 47, "h": 75}, {"x": 666, "y": 156, "w": 47, "h": 208}], "colors": ["#0f283e", "#0f283e", "#0f283e", "#0f283e", "#0f283e"], "y": ["1 746", "1 738", "1 180", "588", "1 633"], "labels": ["EMEA (including", "APAC", "Americas", "Germany", "Cooperation partners"], "x": ["EMEA (including", "APAC", "Americas", "Germany", "Cooperation partners"]}], "type": "v_bar"}