{"general_figure_info": {"figure_info": {"bbox": {"x": 113, "y": 45, "w": 612, "h": 333}}, "y_axis": {"label": {"bbox": [{"x": 40, "y": 146, "w": 11, "h": 130.609375}], "text": "Amount in million U.S. dollars"}, "major_labels": {"bboxes": [{"x": 65, "y": 363.5, "w": 38.0, "h": 27.57142857142857}, {"x": 65, "y": 308.5, "w": 38.0, "h": 27.57142857142857}, {"x": 65, "y": 252.5, "w": 38.0, "h": 27.57142857142857}, {"x": 65, "y": 197.5, "w": 38.0, "h": 27.57142857142857}, {"x": 65, "y": 141.5, "w": 38.0, "h": 27.57142857142857}, {"x": 65, "y": 86.5, "w": 38.0, "h": 27.57142857142857}, {"x": 65, "y": 29.5, "w": 38.0, "h": 27.57142857142857}]}}, "x_axis": {"major_labels": {"bboxes": [{"x": 124, "y": 388, "h": 12, "w": 24.484375}, {"x": 171, "y": 388, "h": 12, "w": 24.484375}, {"x": 218, "y": 388, "h": 12, "w": 24.484375}, {"x": 266, "y": 388, "h": 12, "w": 24.484375}, {"x": 313, "y": 388, "h": 12, "w": 24.484375}, {"x": 360, "y": 388, "h": 12, "w": 24.484375}, {"x": 407, "y": 388, "h": 12, "w": 24.484375}, {"x": 454, "y": 388, "h": 12, "w": 24.484375}, {"x": 501, "y": 388, "h": 12, "w": 24.484375}, {"x": 548, "y": 388, "h": 12, "w": 24.484375}, {"x": 595, "y": 388, "h": 12, "w": 24.484375}, {"x": 642, "y": 388, "h": 12, "w": 24.484375}, {"x": 689, "y": 388, "h": 12, "w": 24.484375}], "values": ["1998", "1999", "2000", "2001", "2002", "2003", "2004", "2005", "2006", "2007", "2008", "2009", "2010"]}, "label": {}}, "legend": {"bbox": {"x": 187, "y": 416, "w": 385, "h": 34}, "items": [{"model": "Tobacco control spending", "label": {"bbox": {"x": 216, "y": 428, "w": 149.125, "h": 14}, "text": "Tobacco control spending"}, "preview": {"bbox": {"x": 197, "y": 428, "w": 12, "h": 12}}}, {"model": "Tobacco-related revenues", "label": {"bbox": {"x": 405, "y": 428, "w": 148.158203125, "h": 14}, "text": "Tobacco-related revenues"}, "preview": {"bbox": {"x": 386, "y": 428, "w": 12, "h": 12}}}]}}, "models": [{"name": "Tobacco control spending", "bboxes": [{"x": 118, "y": 376, "w": 18, "h": 3}, {"x": 165, "y": 375, "w": 18, "h": 4}, {"x": 212, "y": 374, "w": 18, "h": 5}, {"x": 259, "y": 370, "w": 18, "h": 9}, {"x": 306, "y": 370, "w": 18, "h": 9}, {"x": 353, "y": 371, "w": 18, "h": 8}, {"x": 400, "y": 372, "w": 18, "h": 7}, {"x": 448, "y": 372, "w": 18, "h": 7}, {"x": 495, "y": 372, "w": 18, "h": 7}, {"x": 542, "y": 372, "w": 18, "h": 7}, {"x": 589, "y": 370, "w": 18, "h": 9}, {"x": 636, "y": 371, "w": 18, "h": 8}, {"x": 683, "y": 372, "w": 18, "h": 7}], "colors": ["#2876dd", "#2876dd", "#2876dd", "#2876dd", "#2876dd", "#2876dd", "#2876dd", "#2876dd", "#2876dd", "#2876dd", "#2876dd", "#2876dd", "#2876dd"], "y": ["262.3", "345.4", "436.6", "782.3", "820.9", "736.7", "610.8", "625.5", "638.1", "670.5", "778.9", "735.3", "641.1"], "labels": ["1998", "1999", "2000", "2001", "2002", "2003", "2004", "2005", "2006", "2007", "2008", "2009", "2010"], "x": ["1998", "1999", "2000", "2001", "2002", "2003", "2004", "2005", "2006", "2007", "2008", "2009", "2010"]}, {"name": "Tobacco-related revenues", "bboxes": [{"x": 138, "y": 281, "w": 18, "h": 98}, {"x": 185, "y": 229, "w": 18, "h": 150}, {"x": 232, "y": 201, "w": 18, "h": 178}, {"x": 279, "y": 192, "w": 18, "h": 187}, {"x": 326, "y": 182, "w": 18, "h": 197}, {"x": 373, "y": 178, "w": 18, "h": 201}, {"x": 420, "y": 168, "w": 18, "h": 211}, {"x": 467, "y": 160, "w": 18, "h": 219}, {"x": 514, "y": 149, "w": 18, "h": 230}, {"x": 561, "y": 140, "w": 18, "h": 239}, {"x": 608, "y": 118, "w": 18, "h": 261}, {"x": 655, "y": 110, "w": 18, "h": 269}, {"x": 702, "y": 113, "w": 18, "h": 266}], "colors": ["#0f283e", "#0f283e", "#0f283e", "#0f283e", "#0f283e", "#0f283e", "#0f283e", "#0f283e", "#0f283e", "#0f283e", "#0f283e", "#0f283e", "#0f283e"], "y": ["8817.7", "13483.2", "16044.2", "16868.1", "17775.9", "18134.6", "18964.3", "19716.3", "20723.9", "21510.7", "23501.5", "24264.3", "23958.0"], "labels": ["1998", "1999", "2000", "2001", "2002", "2003", "2004", "2005", "2006", "2007", "2008", "2009", "2010"], "x": ["1998", "1999", "2000", "2001", "2002", "2003", "2004", "2005", "2006", "2007", "2008", "2009", "2010"]}], "type": "v_bar"}