{"general_figure_info": {"figure_info": {"bbox": {"x": 103, "y": 45, "w": 622, "h": 333}}, "y_axis": {"label": {"bbox": [{"x": 40, "y": 164, "w": 11, "h": 95.625}], "text": "Share of respondents"}, "major_labels": {"bboxes": [{"x": 65, "y": 363.5, "w": 28.0, "h": 35.5}, {"x": 65, "y": 296.5, "w": 28.0, "h": 35.5}, {"x": 65, "y": 230.5, "w": 28.0, "h": 35.5}, {"x": 65, "y": 163.5, "w": 28.0, "h": 35.5}, {"x": 65, "y": 97.5, "w": 28.0, "h": 35.5}, {"x": 65, "y": 29.5, "w": 28.0, "h": 35.5}]}}, "x_axis": {"major_labels": {"bboxes": [{"x": 169, "y": 388, "h": 12, "w": 24.484375}, {"x": 324, "y": 388, "h": 12, "w": 24.484375}, {"x": 480, "y": 388, "h": 12, "w": 24.484375}, {"x": 635, "y": 388, "h": 12, "w": 24.484375}], "values": ["2014", "2015", "2016", "2017"]}, "label": {}}, "legend": {"bbox": {"x": 196, "y": 416, "w": 367, "h": 34}, "items": [{"model": "Very good", "label": {"bbox": {"x": 225, "y": 428, "w": 58.015625, "h": 14}, "text": "Very good"}, "preview": {"bbox": {"x": 206, "y": 428, "w": 12, "h": 12}}}, {"model": "Good", "label": {"bbox": {"x": 318, "y": 428, "w": 31.328125, "h": 14}, "text": "Good"}, "preview": {"bbox": {"x": 299, "y": 428, "w": 12, "h": 12}}}, {"model": "Fair", "label": {"bbox": {"x": 382, "y": 428, "w": 22.337890625, "h": 14}, "text": "Fair"}, "preview": {"bbox": {"x": 363, "y": 428, "w": 12, "h": 12}}}, {"model": "Poor", "label": {"bbox": {"x": 436, "y": 428, "w": 27.6640625, "h": 14}, "text": "Poor"}, "preview": {"bbox": {"x": 417, "y": 428, "w": 12, "h": 12}}}, {"model": "Very poor", "label": {"bbox": {"x": 495, "y": 428, "w": 55.68359375, "h": 14}, "text": "Very poor"}, "preview": {"bbox": {"x": 476, "y": 428, "w": 12, "h": 12}}}]}}, "models": [{"name": "Very good", "bboxes": [{"x": 121, "y": 357, "w": 121, "h": 21}, {"x": 275, "y": 355, "w": 121, "h": 24}, {"x": 431, "y": 351, "w": 121, "h": 27}, {"x": 587, "y": 359, "w": 121, "h": 19}], "colors": ["#2876dd", "#2876dd", "#2876dd", "#2876dd"], "y": ["8%", "9%", "10%", "7%"], "labels": ["2014", "2015", "2016", "2017"], "x": ["2014", "2015", "2016", "2017"]}, {"name": "Good", "bboxes": [{"x": 121, "y": 235, "w": 121, "h": 123}, {"x": 275, "y": 221, "w": 121, "h": 133}, {"x": 431, "y": 223, "w": 121, "h": 128}, {"x": 587, "y": 211, "w": 121, "h": 149}], "colors": ["#0f283e", "#0f283e", "#0f283e", "#0f283e"], "y": ["46%", "50%", "48%", "56%"], "labels": ["2014", "2015", "2016", "2017"], "x": ["2014", "2015", "2016", "2017"]}, {"name": "Fair", "bboxes": [{"x": 121, "y": 155, "w": 121, "h": 80}, {"x": 275, "y": 147, "w": 121, "h": 75}, {"x": 431, "y": 91, "w": 121, "h": 133}, {"x": 587, "y": 129, "w": 121, "h": 82}], "colors": ["#bababa", "#bababa", "#bababa", "#bababa"], "y": ["30%", "28%", "50%", "31%"], "labels": ["2014", "2015", "2016", "2017"], "x": ["2014", "2015", "2016", "2017"]}, {"name": "Poor", "bboxes": [{"x": 121, "y": 113, "w": 121, "h": 42}, {"x": 275, "y": 123, "w": 121, "h": 24}, {"x": 431, "y": 91, "w": 121, "h": 0}, {"x": 587, "y": 113, "w": 121, "h": 16}], "colors": ["#a60b0b", "#a60b0b", "#a60b0b", "#a60b0b"], "y": ["16%", "9%", "0%", "6%"], "labels": ["2014", "2015", "2016", "2017"], "x": ["2014", "2015", "2016", "2017"]}, {"name": "Very poor", "bboxes": [{"x": 121, "y": 113, "w": 121, "h": 0}, {"x": 275, "y": 115, "w": 121, "h": 8}, {"x": 431, "y": 91, "w": 121, "h": 0}, {"x": 587, "y": 113, "w": 121, "h": 0}], "colors": ["#87bc24", "#87bc24", "#87bc24", "#87bc24"], "y": ["0%", "3%", "0%", "0%"], "labels": ["2014", "2015", "2016", "2017"], "x": ["2014", "2015", "2016", "2017"]}], "type": "v_bar"}