{"general_figure_info": {"figure_info": {"bbox": {"x": 113, "y": 45, "w": 612, "h": 333}}, "y_axis": {"label": {"bbox": [{"x": 40, "y": 157, "w": 11, "h": 109.515625}], "text": "Revenue in million euros"}, "major_labels": {"bboxes": [{"x": 65, "y": 363.5, "w": 38.0, "h": 46.599999999999994}, {"x": 65, "y": 280.5, "w": 38.0, "h": 46.599999999999994}, {"x": 65, "y": 197.5, "w": 38.0, "h": 46.599999999999994}, {"x": 65, "y": 113.5, "w": 38.0, "h": 46.599999999999994}, {"x": 65, "y": 29.5, "w": 38.0, "h": 46.599999999999994}]}}, "x_axis": {"major_labels": {"bboxes": [{"x": 162, "y": 388, "h": 12, "w": 24.484375}, {"x": 282, "y": 388, "h": 12, "w": 29.470703125}, {"x": 407, "y": 388, "h": 12, "w": 24.484375}, {"x": 529, "y": 388, "h": 12, "w": 24.484375}, {"x": 652, "y": 388, "h": 12, "w": 24.484375}], "values": ["2014", "2015*", "2016", "2017", "2018"]}, "label": {}}, "legend": {"bbox": {"x": 226, "y": 416, "w": 307, "h": 34}, "items": [{"model": "Consumer Solutions", "label": {"bbox": {"x": 255, "y": 428, "w": 117.666015625, "h": 14}, "text": "Consumer Solutions"}, "preview": {"bbox": {"x": 236, "y": 428, "w": 12, "h": 12}}}, {"model": "Pharmacy Solutions", "label": {"bbox": {"x": 408, "y": 428, "w": 115.69140625, "h": 14}, "text": "Pharmacy Solutions"}, "preview": {"bbox": {"x": 389, "y": 428, "w": 12, "h": 12}}}]}}, "models": [{"name": "Consumer Solutions", "bboxes": [{"x": 126, "y": 318, "w": 46, "h": 61}, {"x": 248, "y": 363, "w": 46, "h": 16}, {"x": 371, "y": 310, "w": 46, "h": 69}, {"x": 493, "y": 315, "w": 46, "h": 64}, {"x": 616, "y": 314, "w": 46, "h": 65}], "colors": ["#2876dd", "#2876dd", "#2876dd", "#2876dd", "#2876dd"], "y": ["3 677.8", "979", "4 140.24", "3 826.5", "3 906"], "labels": ["2014", "2015*", "2016", "2017", "2018"], "x": ["2014", "2015*", "2016", "2017", "2018"]}, {"name": "Pharmacy Solutions", "bboxes": [{"x": 177, "y": 96, "w": 46, "h": 283}, {"x": 299, "y": 308, "w": 46, "h": 71}, {"x": 422, "y": 95, "w": 46, "h": 284}, {"x": 544, "y": 99, "w": 46, "h": 280}, {"x": 666, "y": 93, "w": 46, "h": 286}], "colors": ["#0f283e", "#0f283e", "#0f283e", "#0f283e", "#0f283e"], "y": ["16 969.4", "4 290.1", "17 052.2", "16 813.2", "17 188"], "labels": ["2014", "2015*", "2016", "2017", "2018"], "x": ["2014", "2015*", "2016", "2017", "2018"]}], "type": "v_bar"}