{"general_figure_info": {"figure_info": {"bbox": {"x": 270, "y": 35, "w": 440, "h": 298}}, "y_axis": {"label": {"bbox": [{"x": 442, "y": 364, "w": 95.625, "h": 11}], "text": "Share of respondents"}, "major_labels": {"bboxes": [{"x": 249.5, "y": 339, "w": 24.0, "h": 26.0}, {"x": 298.5, "y": 339, "w": 24.0, "h": 26.0}, {"x": 347.5, "y": 339, "w": 24.0, "h": 26.0}, {"x": 396.5, "y": 339, "w": 24.0, "h": 26.0}, {"x": 445.5, "y": 339, "w": 24.0, "h": 26.0}, {"x": 493.5, "y": 339, "w": 24.0, "h": 26.0}, {"x": 542.5, "y": 339, "w": 24.0, "h": 26.0}, {"x": 591.5, "y": 339, "w": 24.0, "h": 26.0}, {"x": 640.5, "y": 339, "w": 24.0, "h": 26.0}, {"x": 690.5, "y": 339, "w": 24.0, "h": 26.0}]}}, "x_axis": {"major_labels": {"bboxes": [{"x": 78, "y": 59, "h": 12, "w": 179.658203125}, {"x": 195, "y": 118, "h": 12, "w": 62.8583984375}, {"x": 173, "y": 178, "h": 12, "w": 83.765625}, {"x": 114, "y": 238, "h": 12, "w": 143.58056640625}, {"x": 58, "y": 297, "h": 12, "w": 199.34375}], "values": ["Products not obtainable domestically", "Lower prices", "Greater selection", "Higher quality of the products", "Assurance against product counterfeiting"]}, "label": {}}, "legend": {"bbox": {"x": 79, "y": 393, "w": 587, "h": 57}, "items": [{"model": "Industrialized countries (Americas & APAC)", "label": {"bbox": {"x": 108, "y": 428, "w": 248.0625, "h": 14}, "text": "Industrialized countries (Americas & APAC)"}, "preview": {"bbox": {"x": 89, "y": 428, "w": 12, "h": 12}}}, {"model": "Industrialized countries (Europe)", "label": {"bbox": {"x": 399, "y": 405, "w": 187.359375, "h": 14}, "text": "Industrialized countries (Europe)"}, "preview": {"bbox": {"x": 380, "y": 405, "w": 12, "h": 12}}}, {"model": "Emerging economies", "label": {"bbox": {"x": 108, "y": 405, "w": 121.69140625, "h": 14}, "text": "Emerging economies"}, "preview": {"bbox": {"x": 89, "y": 405, "w": 12, "h": 12}}}]}}, "models": [{"name": "Industrialized countries (Americas & APAC)", "bboxes": [{"x": 269, "y": 39, "w": 352, "h": 16}, {"x": 269, "y": 99, "w": 303, "h": 16}, {"x": 269, "y": 159, "w": 200, "h": 16}, {"x": 269, "y": 218, "w": 73, "h": 16}, {"x": 269, "y": 278, "w": 29, "h": 16}], "colors": ["#bababa", "#bababa", "#bababa", "#bababa", "#bababa"], "y": ["72%", "62%", "41%", "15%", "6%"], "labels": ["Products not obtainable domestically", "Lower prices", "Greater selection", "Higher quality of the products", "Assurance against product counterfeiting"], "x": ["Products not obtainable domestically", "Lower prices", "Greater selection", "Higher quality of the products", "Assurance against product counterfeiting"]}, {"name": "Industrialized countries (Europe)", "bboxes": [{"x": 269, "y": 56, "w": 362, "h": 16}, {"x": 269, "y": 116, "w": 337, "h": 16}, {"x": 269, "y": 176, "w": 171, "h": 16}, {"x": 269, "y": 235, "w": 39, "h": 16}, {"x": 269, "y": 295, "w": 20, "h": 16}], "colors": ["#0f283e", "#0f283e", "#0f283e", "#0f283e", "#0f283e"], "y": ["74%", "69%", "35%", "8%", "4%"], "labels": ["Products not obtainable domestically", "Lower prices", "Greater selection", "Higher quality of the products", "Assurance against product counterfeiting"], "x": ["Products not obtainable domestically", "Lower prices", "Greater selection", "Higher quality of the products", "Assurance against product counterfeiting"]}, {"name": "Emerging economies", "bboxes": [{"x": 269, "y": 74, "w": 362, "h": 16}, {"x": 269, "y": 133, "w": 279, "h": 16}, {"x": 269, "y": 193, "w": 240, "h": 16}, {"x": 269, "y": 252, "w": 240, "h": 16}, {"x": 269, "y": 312, "w": 117, "h": 16}], "colors": ["#2876dd", "#2876dd", "#2876dd", "#2876dd", "#2876dd"], "y": ["74%", "57%", "49%", "49%", "24%"], "labels": ["Products not obtainable domestically", "Lower prices", "Greater selection", "Higher quality of the products", "Assurance against product counterfeiting"], "x": ["Products not obtainable domestically", "Lower prices", "Greater selection", "Higher quality of the products", "Assurance against product counterfeiting"]}], "type": "h_bar"}