{"general_figure_info": {"figure_info": {"bbox": {"x": 101, "y": 45, "w": 624, "h": 333}}, "y_axis": {"label": {"bbox": [{"x": 40, "y": 149, "w": 11, "h": 125.625}], "text": "Share of cinema admissions"}, "major_labels": {"bboxes": [{"x": 65, "y": 363.5, "w": 26.0, "h": 35.5}, {"x": 65, "y": 296.5, "w": 26.0, "h": 35.5}, {"x": 65, "y": 230.5, "w": 26.0, "h": 35.5}, {"x": 65, "y": 163.5, "w": 26.0, "h": 35.5}, {"x": 65, "y": 97.5, "w": 26.0, "h": 35.5}, {"x": 65, "y": 29.5, "w": 26.0, "h": 35.5}]}}, "x_axis": {"major_labels": {"bboxes": [{"x": 117, "y": 388, "h": 12, "w": 24.484375}, {"x": 174, "y": 388, "h": 12, "w": 23.65625}, {"x": 231, "y": 388, "h": 12, "w": 24.484375}, {"x": 287, "y": 388, "h": 12, "w": 24.484375}, {"x": 344, "y": 388, "h": 12, "w": 24.484375}, {"x": 401, "y": 388, "h": 12, "w": 24.484375}, {"x": 457, "y": 388, "h": 12, "w": 24.484375}, {"x": 514, "y": 388, "h": 12, "w": 24.484375}, {"x": 571, "y": 388, "h": 12, "w": 24.484375}, {"x": 628, "y": 388, "h": 12, "w": 24.484375}, {"x": 684, "y": 388, "h": 12, "w": 24.484375}], "values": ["2010", "2011", "2012", "2013", "2014", "2015", "2016", "2017", "2018", "2019", "2020"]}, "label": {}}, "legend": {"bbox": {"x": 200, "y": 416, "w": 360, "h": 34}, "items": [{"model": "American films", "label": {"bbox": {"x": 229, "y": 428, "w": 86.359375, "h": 14}, "text": "American films"}, "preview": {"bbox": {"x": 210, "y": 428, "w": 12, "h": 12}}}, {"model": "French films", "label": {"bbox": {"x": 352, "y": 428, "w": 71.67578125, "h": 14}, "text": "French films"}, "preview": {"bbox": {"x": 333, "y": 428, "w": 12, "h": 12}}}, {"model": "Other countries", "label": {"bbox": {"x": 458, "y": 428, "w": 89.67578125, "h": 14}, "text": "Other countries"}, "preview": {"bbox": {"x": 439, "y": 428, "w": 12, "h": 12}}}]}}, "models": [{"name": "American films", "bboxes": [{"x": 107, "y": 251, "w": 44, "h": 128}, {"x": 163, "y": 255, "w": 44, "h": 123}, {"x": 221, "y": 263, "w": 44, "h": 115}, {"x": 277, "y": 235, "w": 44, "h": 144}, {"x": 333, "y": 259, "w": 44, "h": 120}, {"x": 391, "y": 243, "w": 44, "h": 136}, {"x": 447, "y": 237, "w": 44, "h": 141}, {"x": 505, "y": 279, "w": 44, "h": 100}, {"x": 561, "y": 273, "w": 44, "h": 105}, {"x": 617, "y": 285, "w": 44, "h": 93}, {"x": 675, "y": 259, "w": 44, "h": 120}], "colors": ["#2876dd", "#2876dd", "#2876dd", "#2876dd", "#2876dd", "#2876dd", "#2876dd", "#2876dd", "#2876dd", "#2876dd", "#2876dd"], "y": ["48%", "46%", "43%", "54%", "45%", "51%", "53%", "37.5%", "39.5%", "34.8%", "44.9%"], "labels": ["2010", "2011", "2012", "2013", "2014", "2015", "2016", "2017", "2018", "2019", "2020"], "x": ["2010", "2011", "2012", "2013", "2014", "2015", "2016", "2017", "2018", "2019", "2020"]}, {"name": "French films", "bboxes": [{"x": 107, "y": 155, "w": 44, "h": 96}, {"x": 163, "y": 147, "w": 44, "h": 109}, {"x": 221, "y": 157, "w": 44, "h": 106}, {"x": 277, "y": 145, "w": 44, "h": 90}, {"x": 333, "y": 141, "w": 44, "h": 117}, {"x": 391, "y": 147, "w": 44, "h": 96}, {"x": 447, "y": 141, "w": 44, "h": 96}, {"x": 505, "y": 149, "w": 44, "h": 129}, {"x": 561, "y": 155, "w": 44, "h": 118}, {"x": 617, "y": 137, "w": 44, "h": 148}, {"x": 675, "y": 151, "w": 44, "h": 108}], "colors": ["#0f283e", "#0f283e", "#0f283e", "#0f283e", "#0f283e", "#0f283e", "#0f283e", "#0f283e", "#0f283e", "#0f283e", "#0f283e"], "y": ["36%", "41%", "40%", "34%", "44%", "36%", "36%", "48.3%", "44.3%", "55.7%", "40.8%"], "labels": ["2010", "2011", "2012", "2013", "2014", "2015", "2016", "2017", "2018", "2019", "2020"], "x": ["2010", "2011", "2012", "2013", "2014", "2015", "2016", "2017", "2018", "2019", "2020"]}, {"name": "Other countries", "bboxes": [{"x": 107, "y": 113, "w": 44, "h": 42}, {"x": 163, "y": 113, "w": 44, "h": 34}, {"x": 221, "y": 113, "w": 44, "h": 45}, {"x": 277, "y": 113, "w": 44, "h": 32}, {"x": 333, "y": 115, "w": 44, "h": 27}, {"x": 391, "y": 113, "w": 44, "h": 34}, {"x": 447, "y": 113, "w": 44, "h": 29}, {"x": 505, "y": 111, "w": 44, "h": 38}, {"x": 561, "y": 113, "w": 44, "h": 43}, {"x": 617, "y": 111, "w": 44, "h": 26}, {"x": 675, "y": 113, "w": 44, "h": 38}], "colors": ["#bababa", "#bababa", "#bababa", "#bababa", "#bababa", "#bababa", "#bababa", "#bababa", "#bababa", "#bababa", "#bababa"], "y": ["16%", "13%", "17%", "12%", "10%", "13%", "11%", "14.3%", "15.9%", "9.6%", "14.3%"], "labels": ["2010", "2011", "2012", "2013", "2014", "2015", "2016", "2017", "2018", "2019", "2020"], "x": ["2010", "2011", "2012", "2013", "2014", "2015", "2016", "2017", "2018", "2019", "2020"]}], "type": "v_bar"}