{"general_figure_info": {"figure_info": {"bbox": {"x": 134, "y": 35, "w": 576, "h": 1001}}, "y_axis": {"label": {"bbox": [{"x": 363, "y": 1067, "w": 118.40625, "h": 11}], "text": "Rate per million population"}, "major_labels": {"bboxes": [{"x": 113.5, "y": 1042, "w": 28.0, "h": 26.0}, {"x": 165.5, "y": 1042, "w": 28.0, "h": 26.0}, {"x": 218.5, "y": 1042, "w": 28.0, "h": 26.0}, {"x": 270.5, "y": 1042, "w": 28.0, "h": 26.0}, {"x": 322.5, "y": 1042, "w": 28.0, "h": 26.0}, {"x": 375.5, "y": 1042, "w": 28.0, "h": 26.0}, {"x": 427.5, "y": 1042, "w": 28.0, "h": 26.0}, {"x": 480.5, "y": 1042, "w": 28.0, "h": 26.0}, {"x": 532.5, "y": 1042, "w": 28.0, "h": 26.0}, {"x": 584.5, "y": 1042, "w": 28.0, "h": 26.0}, {"x": 637.5, "y": 1042, "w": 28.0, "h": 26.0}, {"x": 690.5, "y": 1042, "w": 28.0, "h": 26.0}]}}, "x_axis": {"major_labels": {"bboxes": [{"x": 93, "y": 46, "h": 12, "w": 28.140625}, {"x": 80, "y": 81, "h": 12, "w": 40.984375}, {"x": 86, "y": 115, "h": 12, "w": 36.34228515625}, {"x": 87, "y": 150, "h": 12, "w": 34.25}, {"x": 81, "y": 184, "h": 12, "w": 39.75}, {"x": 81, "y": 219, "h": 12, "w": 40.623046875}, {"x": 85, "y": 253, "h": 12, "w": 36.078125}, {"x": 101, "y": 288, "h": 12, "w": 20.673828125}, {"x": 43, "y": 322, "h": 12, "w": 78.28125}, {"x": 87, "y": 357, "h": 12, "w": 35.11767578125}, {"x": 84, "y": 391, "h": 12, "w": 37.7861328125}, {"x": 79, "y": 426, "h": 12, "w": 43.07763671875}, {"x": 81, "y": 460, "h": 12, "w": 39.765625}, {"x": 84, "y": 495, "h": 12, "w": 37.572265625}, {"x": 79, "y": 530, "h": 12, "w": 42.07763671875}, {"x": 64, "y": 564, "h": 12, "w": 56.859375}, {"x": 76, "y": 599, "h": 12, "w": 45.5322265625}, {"x": 79, "y": 633, "h": 12, "w": 42.4599609375}, {"x": 87, "y": 668, "h": 12, "w": 33.640625}, {"x": 76, "y": 702, "h": 12, "w": 45.123046875}, {"x": 62, "y": 737, "h": 12, "w": 59.81298828125}, {"x": 87, "y": 771, "h": 12, "w": 34.265625}, {"x": 76, "y": 806, "h": 12, "w": 45.7353515625}, {"x": 92, "y": 840, "h": 12, "w": 30.2353515625}, {"x": 60, "y": 875, "h": 12, "w": 61.15625}, {"x": 85, "y": 909, "h": 12, "w": 36.078125}, {"x": 86, "y": 944, "h": 12, "w": 35.34228515625}, {"x": 77, "y": 978, "h": 12, "w": 44.90380859375}, {"x": 81, "y": 1013, "h": 12, "w": 41.24072265625}], "values": ["Spain", "Portugal", "Croatia", "France", "Belgium", "Czechia", "Finland", "Italy", "United Kingdom", "Austria", "Norway", "Slovenia", "Sweden", "Estonia", "Hungary", "Switzerland", "Lithuania", "Slovakia", "Ireland", "Denmark", "Netherlands", "Poland", "Germany", "Latvia", "Luxembourg", "Greece", "Cyprus", "Romania", "Bulgaria"]}, "label": {}}, "legend": {"bbox": {"x": 306, "y": 1096, "w": 132, "h": 34}, "items": [{"model": "2019", "label": {"bbox": {"x": 398, "y": 1108, "w": 27.021484375, "h": 14}, "text": "2019"}, "preview": {"bbox": {"x": 379, "y": 1108, "w": 12, "h": 12}}}, {"model": "2018", "label": {"bbox": {"x": 335, "y": 1108, "w": 27.021484375, "h": 14}, "text": "2018"}, "preview": {"bbox": {"x": 316, "y": 1108, "w": 12, "h": 12}}}]}}, "models": [{"name": "2019", "bboxes": [{"x": 133, "y": 39, "w": 519, "h": 13}, {"x": 133, "y": 73, "w": 353, "h": 13}, {"x": 133, "y": 108, "w": 335, "h": 13}, {"x": 133, "y": 142, "w": 308, "h": 13}, {"x": 133, "y": 177, "w": 290, "h": 13}, {"x": 133, "y": 211, "w": 285, "h": 13}, {"x": 133, "y": 246, "w": 271, "h": 13}, {"x": 133, "y": 280, "w": 265, "h": 13}, {"x": 133, "y": 315, "w": 259, "h": 13}, {"x": 133, "y": 349, "w": 245, "h": 13}, {"x": 133, "y": 384, "w": 223, "h": 13}, {"x": 133, "y": 418, "w": 220, "h": 13}, {"x": 133, "y": 453, "w": 205, "h": 13}, {"x": 133, "y": 487, "w": 201, "h": 13}, {"x": 133, "y": 522, "w": 195, "h": 13}, {"x": 133, "y": 556, "w": 192, "h": 13}, {"x": 133, "y": 591, "w": 187, "h": 13}, {"x": 133, "y": 625, "w": 186, "h": 13}, {"x": 133, "y": 660, "w": 185, "h": 13}, {"x": 133, "y": 694, "w": 184, "h": 13}, {"x": 133, "y": 729, "w": 158, "h": 13}, {"x": 133, "y": 763, "w": 139, "h": 13}, {"x": 133, "y": 798, "w": 118, "h": 13}, {"x": 133, "y": 832, "w": 105, "h": 13}, {"x": 133, "y": 867, "w": 87, "h": 13}, {"x": 133, "y": 901, "w": 58, "h": 13}, {"x": 133, "y": 936, "w": 52, "h": 13}, {"x": 133, "y": 971, "w": 46, "h": 13}, {"x": 133, "y": 1005, "w": 24, "h": 13}], "colors": ["#0f283e", "#0f283e", "#0f283e", "#0f283e", "#0f283e", "#0f283e", "#0f283e", "#0f283e", "#0f283e", "#0f283e", "#0f283e", "#0f283e", "#0f283e", "#0f283e", "#0f283e", "#0f283e", "#0f283e", "#0f283e", "#0f283e", "#0f283e", "#0f283e", "#0f283e", "#0f283e", "#0f283e", "#0f283e", "#0f283e", "#0f283e", "#0f283e", "#0f283e"], "y": ["49.6", "33.7", "32", "29.4", "27.7", "27.2", "25.9", "25.3", "24.7", "23.4", "21.3", "21", "19.6", "19.2", "18.6", "18.3", "17.9", "17.8", "17.7", "17.6", "15.1", "13.3", "11.3", "10", "8.3", "5.5", "5", "4.4", "2.3"], "labels": ["Spain", "Portugal", "Croatia", "France", "Belgium", "Czechia", "Finland", "Italy", "United Kingdom", "Austria", "Norway", "Slovenia", "Sweden", "Estonia", "Hungary", "Switzerland", "Lithuania", "Slovakia", "Ireland", "Denmark", "Netherlands", "Poland", "Germany", "Latvia", "Luxembourg", "Greece", "Cyprus", "Romania", "Bulgaria"], "x": ["Spain", "Portugal", "Croatia", "France", "Belgium", "Czechia", "Finland", "Italy", "United Kingdom", "Austria", "Norway", "Slovenia", "Sweden", "Estonia", "Hungary", "Switzerland", "Lithuania", "Slovakia", "Ireland", "Denmark", "Netherlands", "Poland", "Germany", "Latvia", "Luxembourg", "Greece", "Cyprus", "Romania", "Bulgaria"]}, {"name": "2018", "bboxes": [{"x": 133, "y": 53, "w": 506, "h": 13}, {"x": 133, "y": 87, "w": 350, "h": 13}, {"x": 133, "y": 122, "w": 421, "h": 13}, {"x": 133, "y": 156, "w": 302, "h": 13}, {"x": 133, "y": 191, "w": 313, "h": 13}, {"x": 133, "y": 225, "w": 279, "h": 13}, {"x": 133, "y": 260, "w": 223, "h": 13}, {"x": 133, "y": 294, "w": 259, "h": 13}, {"x": 133, "y": 329, "w": 254, "h": 13}, {"x": 133, "y": 364, "w": 257, "h": 13}, {"x": 133, "y": 398, "w": 205, "h": 13}, {"x": 133, "y": 433, "w": 229, "h": 13}, {"x": 133, "y": 467, "w": 200, "h": 13}, {"x": 133, "y": 502, "w": 266, "h": 13}, {"x": 133, "y": 536, "w": 181, "h": 13}, {"x": 133, "y": 571, "w": 195, "h": 13}, {"x": 133, "y": 605, "w": 167, "h": 13}, {"x": 133, "y": 640, "w": 151, "h": 13}, {"x": 133, "y": 674, "w": 177, "h": 13}, {"x": 133, "y": 709, "w": 180, "h": 13}, {"x": 133, "y": 743, "w": 172, "h": 13}, {"x": 133, "y": 778, "w": 137, "h": 13}, {"x": 133, "y": 812, "w": 121, "h": 13}, {"x": 133, "y": 847, "w": 132, "h": 13}, {"x": 133, "y": 881, "w": 123, "h": 13}, {"x": 133, "y": 916, "w": 43, "h": 13}, {"x": 133, "y": 950, "w": 18, "h": 13}, {"x": 133, "y": 985, "w": 35, "h": 13}, {"x": 133, "y": 1019, "w": 24, "h": 13}], "colors": ["#2876dd", "#2876dd", "#2876dd", "#2876dd", "#2876dd", "#2876dd", "#2876dd", "#2876dd", "#2876dd", "#2876dd", "#2876dd", "#2876dd", "#2876dd", "#2876dd", "#2876dd", "#2876dd", "#2876dd", "#2876dd", "#2876dd", "#2876dd", "#2876dd", "#2876dd", "#2876dd", "#2876dd", "#2876dd", "#2876dd", "#2876dd", "#2876dd", "#2876dd"], "y": ["48.3", "33.4", "40.2", "28.8", "29.9", "26.6", "21.3", "24.7", "24.3", "24.5", "19.6", "21.9", "19.1", "25.4", "17.3", "18.6", "15.9", "14.4", "16.9", "17.2", "16.4", "13.1", "11.6", "12.6", "11.7", "4.1", "1.7", "3.3", "2.3"], "labels": ["Spain", "Portugal", "Croatia", "France", "Belgium", "Czechia", "Finland", "Italy", "United Kingdom", "Austria", "Norway", "Slovenia", "Sweden", "Estonia", "Hungary", "Switzerland", "Lithuania", "Slovakia", "Ireland", "Denmark", "Netherlands", "Poland", "Germany", "Latvia", "Luxembourg", "Greece", "Cyprus", "Romania", "Bulgaria"], "x": ["Spain", "Portugal", "Croatia", "France", "Belgium", "Czechia", "Finland", "Italy", "United Kingdom", "Austria", "Norway", "Slovenia", "Sweden", "Estonia", "Hungary", "Switzerland", "Lithuania", "Slovakia", "Ireland", "Denmark", "Netherlands", "Poland", "Germany", "Latvia", "Luxembourg", "Greece", "Cyprus", "Romania", "Bulgaria"]}], "type": "h_bar"}