{"general_figure_info": {"figure_info": {"bbox": {"x": 103, "y": 45, "w": 622, "h": 333}}, "y_axis": {"label": {"bbox": [{"x": 40, "y": 132, "w": 11, "h": 158.78125}], "text": "Box office revenue (in million euros)"}, "major_labels": {"bboxes": [{"x": 65, "y": 363.5, "w": 28.0, "h": 27.57142857142857}, {"x": 65, "y": 308.5, "w": 28.0, "h": 27.57142857142857}, {"x": 65, "y": 252.5, "w": 28.0, "h": 27.57142857142857}, {"x": 65, "y": 197.5, "w": 28.0, "h": 27.57142857142857}, {"x": 65, "y": 141.5, "w": 28.0, "h": 27.57142857142857}, {"x": 65, "y": 86.5, "w": 28.0, "h": 27.57142857142857}, {"x": 65, "y": 29.5, "w": 28.0, "h": 27.57142857142857}]}}, "x_axis": {"major_labels": {"bboxes": [{"x": 122, "y": 388, "h": 12, "w": 24.484375}, {"x": 184, "y": 388, "h": 12, "w": 23.65625}, {"x": 246, "y": 388, "h": 12, "w": 24.484375}, {"x": 308, "y": 388, "h": 12, "w": 24.484375}, {"x": 371, "y": 388, "h": 12, "w": 24.484375}, {"x": 433, "y": 388, "h": 12, "w": 24.484375}, {"x": 495, "y": 388, "h": 12, "w": 24.484375}, {"x": 557, "y": 388, "h": 12, "w": 24.484375}, {"x": 619, "y": 388, "h": 12, "w": 24.484375}, {"x": 682, "y": 388, "h": 12, "w": 24.484375}], "values": ["2010", "2011", "2012", "2013", "2014", "2015", "2016", "2017", "2018", "2019"]}, "label": {}}, "legend": {"bbox": {"x": 249, "y": 416, "w": 262, "h": 34}, "items": [{"model": "Arthouse films", "label": {"bbox": {"x": 278, "y": 428, "w": 84.337890625, "h": 14}, "text": "Arthouse films"}, "preview": {"bbox": {"x": 259, "y": 428, "w": 12, "h": 12}}}, {"model": "Mainstream films", "label": {"bbox": {"x": 399, "y": 428, "w": 98.359375, "h": 14}, "text": "Mainstream films"}, "preview": {"bbox": {"x": 380, "y": 428, "w": 12, "h": 12}}}]}}, "models": [{"name": "Arthouse films", "bboxes": [{"x": 111, "y": 315, "w": 47, "h": 64}, {"x": 173, "y": 319, "w": 47, "h": 59}, {"x": 235, "y": 331, "w": 47, "h": 47}, {"x": 297, "y": 321, "w": 47, "h": 58}, {"x": 359, "y": 333, "w": 47, "h": 45}, {"x": 421, "y": 333, "w": 47, "h": 45}, {"x": 483, "y": 323, "w": 47, "h": 56}, {"x": 545, "y": 331, "w": 47, "h": 47}, {"x": 607, "y": 329, "w": 47, "h": 50}, {"x": 671, "y": 303, "w": 47, "h": 76}], "colors": ["#2876dd", "#2876dd", "#2876dd", "#2876dd", "#2876dd", "#2876dd", "#2876dd", "#2876dd", "#2876dd", "#2876dd"], "y": ["288.8", "267.5", "212.7", "262.7", "204.6", "201.4", "251.2", "212.2", "223", "340.5"], "labels": ["2010", "2011", "2012", "2013", "2014", "2015", "2016", "2017", "2018", "2019"], "x": ["2010", "2011", "2012", "2013", "2014", "2015", "2016", "2017", "2018", "2019"]}, {"name": "Mainstream films", "bboxes": [{"x": 111, "y": 119, "w": 47, "h": 196}, {"x": 173, "y": 93, "w": 47, "h": 227}, {"x": 235, "y": 117, "w": 47, "h": 215}, {"x": 297, "y": 123, "w": 47, "h": 197}, {"x": 359, "y": 109, "w": 47, "h": 225}, {"x": 421, "y": 113, "w": 47, "h": 221}, {"x": 483, "y": 97, "w": 47, "h": 226}, {"x": 545, "y": 95, "w": 47, "h": 236}, {"x": 607, "y": 113, "w": 47, "h": 215}, {"x": 671, "y": 85, "w": 47, "h": 218}], "colors": ["#0f283e", "#0f283e", "#0f283e", "#0f283e", "#0f283e", "#0f283e", "#0f283e", "#0f283e", "#0f283e", "#0f283e"], "y": ["882.2", "1 020.5", "967.6", "886.7", "1 011.8", "996.2", "1 019.3", "1 060.8", "972.4", "985.4"], "labels": ["2010", "2011", "2012", "2013", "2014", "2015", "2016", "2017", "2018", "2019"], "x": ["2010", "2011", "2012", "2013", "2014", "2015", "2016", "2017", "2018", "2019"]}], "type": "v_bar"}