{"general_figure_info": {"figure_info": {"bbox": {"x": 106, "y": 45, "w": 619, "h": 310}}, "y_axis": {"label": {"bbox": [{"x": 40, "y": 132, "w": 11, "h": 136.734375}], "text": "International arrivals in millions"}, "major_labels": {"bboxes": [{"x": 65, "y": 340.5, "w": 31.0, "h": 18.75}, {"x": 65, "y": 296.5, "w": 31.0, "h": 18.75}, {"x": 65, "y": 251.5, "w": 31.0, "h": 18.75}, {"x": 65, "y": 207.5, "w": 31.0, "h": 18.75}, {"x": 65, "y": 163.5, "w": 31.0, "h": 18.75}, {"x": 65, "y": 119.5, "w": 31.0, "h": 18.75}, {"x": 65, "y": 74.5, "w": 31.0, "h": 18.75}, {"x": 65, "y": 29.5, "w": 31.0, "h": 18.75}]}}, "x_axis": {"major_labels": {"bboxes": [{"x": 105, "y": 368, "h": 25.798370361328125, "w": 25.79834747314453}, {"x": 146, "y": 368, "h": 25.798370361328125, "w": 25.79834747314453}, {"x": 187, "y": 368, "h": 25.798370361328125, "w": 25.798355102539062}, {"x": 229, "y": 368, "h": 25.798370361328125, "w": 25.798355102539062}, {"x": 270, "y": 368, "h": 25.798370361328125, "w": 25.798355102539062}, {"x": 311, "y": 368, "h": 25.798370361328125, "w": 25.79833984375}, {"x": 353, "y": 368, "h": 25.2127685546875, "w": 25.2127685546875}, {"x": 394, "y": 368, "h": 25.798370361328125, "w": 25.79833984375}, {"x": 435, "y": 368, "h": 25.798370361328125, "w": 25.79833984375}, {"x": 476, "y": 368, "h": 25.798370361328125, "w": 25.79833984375}, {"x": 518, "y": 368, "h": 25.798370361328125, "w": 25.798309326171875}, {"x": 559, "y": 368, "h": 25.798370361328125, "w": 25.79833984375}, {"x": 600, "y": 368, "h": 25.798370361328125, "w": 25.79833984375}, {"x": 641, "y": 368, "h": 25.798370361328125, "w": 25.79833984375}, {"x": 680, "y": 367, "h": 29.32421875, "w": 29.32421875}], "values": ["2005", "2006", "2007", "2008", "2009", "2010", "2011", "2012", "2013", "2014", "2015", "2016", "2017", "2018", "2019*"]}, "label": {}}, "legend": {"bbox": {"x": 145, "y": 416, "w": 469, "h": 34}, "items": [{"model": "North America", "label": {"bbox": {"x": 174, "y": 428, "w": 82.568359375, "h": 14}, "text": "North America"}, "preview": {"bbox": {"x": 155, "y": 428, "w": 12, "h": 12}}}, {"model": "Asia Pacific", "label": {"bbox": {"x": 293, "y": 428, "w": 67.697265625, "h": 14}, "text": "Asia Pacific"}, "preview": {"bbox": {"x": 274, "y": 428, "w": 12, "h": 12}}}, {"model": "Middle East", "label": {"bbox": {"x": 394, "y": 428, "w": 66.6875, "h": 14}, "text": "Middle East"}, "preview": {"bbox": {"x": 375, "y": 428, "w": 12, "h": 12}}}, {"model": "Africa", "label": {"bbox": {"x": 495, "y": 428, "w": 34.33984375, "h": 14}, "text": "Africa"}, "preview": {"bbox": {"x": 476, "y": 428, "w": 12, "h": 12}}}, {"model": "Europe", "label": {"bbox": {"x": 563, "y": 428, "w": 41.6640625, "h": 14}, "text": "Europe"}, "preview": {"bbox": {"x": 544, "y": 428, "w": 12, "h": 12}}}]}}, "models": [{"name": "North America", "bboxes": [{"x": 111, "y": 339, "w": 32, "h": 16}, {"x": 151, "y": 339, "w": 32, "h": 16}, {"x": 193, "y": 339, "w": 32, "h": 17}, {"x": 233, "y": 339, "w": 32, "h": 17}, {"x": 275, "y": 339, "w": 32, "h": 16}, {"x": 317, "y": 337, "w": 32, "h": 18}, {"x": 357, "y": 337, "w": 32, "h": 18}, {"x": 399, "y": 337, "w": 32, "h": 19}, {"x": 441, "y": 335, "w": 32, "h": 20}, {"x": 481, "y": 335, "w": 32, "h": 21}, {"x": 523, "y": 333, "w": 32, "h": 23}, {"x": 565, "y": 333, "w": 32, "h": 23}, {"x": 605, "y": 331, "w": 32, "h": 24}, {"x": 647, "y": 331, "w": 32, "h": 25}, {"x": 687, "y": 329, "w": 32, "h": 26}], "colors": ["#2876dd", "#2876dd", "#2876dd", "#2876dd", "#2876dd", "#2876dd", "#2876dd", "#2876dd", "#2876dd", "#2876dd", "#2876dd", "#2876dd", "#2876dd", "#2876dd", "#2876dd"], "y": ["89.9", "90.6", "95.3", "97.7", "93", "99.5", "102.1", "106.4", "110.2", "120.9", "127.6", "130.9", "137.4", "142.2", "146.4"], "labels": ["2005", "2006", "2007", "2008", "2009", "2010", "2011", "2012", "2013", "2014", "2015", "2016", "2017", "2018", "2019*"], "x": ["2005", "2006", "2007", "2008", "2009", "2010", "2011", "2012", "2013", "2014", "2015", "2016", "2017", "2018", "2019*"]}, {"name": "Asia Pacific", "bboxes": [{"x": 111, "y": 313, "w": 32, "h": 27}, {"x": 151, "y": 311, "w": 32, "h": 29}, {"x": 193, "y": 307, "w": 32, "h": 32}, {"x": 233, "y": 305, "w": 32, "h": 33}, {"x": 275, "y": 307, "w": 32, "h": 33}, {"x": 317, "y": 301, "w": 32, "h": 37}, {"x": 357, "y": 299, "w": 32, "h": 39}, {"x": 399, "y": 295, "w": 32, "h": 41}, {"x": 441, "y": 291, "w": 32, "h": 44}, {"x": 481, "y": 287, "w": 32, "h": 47}, {"x": 523, "y": 283, "w": 32, "h": 50}, {"x": 565, "y": 279, "w": 32, "h": 54}, {"x": 605, "y": 273, "w": 32, "h": 58}, {"x": 647, "y": 269, "w": 32, "h": 62}, {"x": 687, "y": 265, "w": 32, "h": 64}], "colors": ["#0f283e", "#0f283e", "#0f283e", "#0f283e", "#0f283e", "#0f283e", "#0f283e", "#0f283e", "#0f283e", "#0f283e", "#0f283e", "#0f283e", "#0f283e", "#0f283e", "#0f283e"], "y": ["154.1", "166", "182", "184", "181.1", "208.2", "218.6", "233.5", "249.8", "264.3", "284.1", "306", "324.1", "347.7", "360.7"], "labels": ["2005", "2006", "2007", "2008", "2009", "2010", "2011", "2012", "2013", "2014", "2015", "2016", "2017", "2018", "2019*"], "x": ["2005", "2006", "2007", "2008", "2009", "2010", "2011", "2012", "2013", "2014", "2015", "2016", "2017", "2018", "2019*"]}, {"name": "Middle East", "bboxes": [{"x": 111, "y": 307, "w": 32, "h": 6}, {"x": 151, "y": 303, "w": 32, "h": 8}, {"x": 193, "y": 299, "w": 32, "h": 8}, {"x": 233, "y": 295, "w": 32, "h": 10}, {"x": 275, "y": 297, "w": 32, "h": 9}, {"x": 317, "y": 291, "w": 32, "h": 9}, {"x": 357, "y": 289, "w": 32, "h": 9}, {"x": 399, "y": 287, "w": 32, "h": 9}, {"x": 441, "y": 283, "w": 32, "h": 8}, {"x": 481, "y": 277, "w": 32, "h": 10}, {"x": 523, "y": 273, "w": 32, "h": 10}, {"x": 565, "y": 269, "w": 32, "h": 10}, {"x": 605, "y": 263, "w": 32, "h": 10}, {"x": 647, "y": 259, "w": 32, "h": 10}, {"x": 687, "y": 255, "w": 32, "h": 11}], "colors": ["#bababa", "#bababa", "#bababa", "#bababa", "#bababa", "#bababa", "#bababa", "#bababa", "#bababa", "#bababa", "#bababa", "#bababa", "#bababa", "#bababa", "#bababa"], "y": ["33.7", "40.9", "46.9", "56", "52.8", "56.1", "54.7", "51.7", "48.4", "52.4", "58.1", "55.6", "57.6", "60.1", "61.4"], "labels": ["2005", "2006", "2007", "2008", "2009", "2010", "2011", "2012", "2013", "2014", "2015", "2016", "2017", "2018", "2019*"], "x": ["2005", "2006", "2007", "2008", "2009", "2010", "2011", "2012", "2013", "2014", "2015", "2016", "2017", "2018", "2019*"]}, {"name": "Africa", "bboxes": [{"x": 317, "y": 283, "w": 32, "h": 9}, {"x": 605, "y": 253, "w": 32, "h": 11}, {"x": 647, "y": 245, "w": 32, "h": 13}, {"x": 687, "y": 241, "w": 32, "h": 13}], "colors": ["#a60b0b", "#a60b0b", "#a60b0b", "#a60b0b"], "y": ["50.4", "63.3", "68.7", "73.1"], "labels": ["2005", "2006", "2007", "2008", "2009", "2010", "2011", "2012", "2013", "2014", "2015", "2016", "2017", "2018", "2019*"], "x": ["2005", "2006", "2007", "2008", "2009", "2010", "2011", "2012", "2013", "2014", "2015", "2016", "2017", "2018", "2019*"]}, {"name": "Europe", "bboxes": [{"x": 111, "y": 227, "w": 32, "h": 80}, {"x": 151, "y": 221, "w": 32, "h": 82}, {"x": 193, "y": 213, "w": 32, "h": 86}, {"x": 233, "y": 209, "w": 32, "h": 86}, {"x": 275, "y": 215, "w": 32, "h": 82}, {"x": 317, "y": 195, "w": 32, "h": 87}, {"x": 357, "y": 197, "w": 32, "h": 92}, {"x": 399, "y": 191, "w": 32, "h": 95}, {"x": 441, "y": 183, "w": 32, "h": 101}, {"x": 481, "y": 175, "w": 32, "h": 102}, {"x": 523, "y": 165, "w": 32, "h": 107}, {"x": 565, "y": 159, "w": 32, "h": 110}, {"x": 605, "y": 133, "w": 32, "h": 120}, {"x": 647, "y": 119, "w": 32, "h": 127}, {"x": 687, "y": 109, "w": 32, "h": 132}], "colors": ["#87bc24", "#87bc24", "#87bc24", "#87bc24", "#87bc24", "#87bc24", "#87bc24", "#87bc24", "#87bc24", "#87bc24", "#87bc24", "#87bc24", "#87bc24", "#87bc24", "#87bc24"], "y": ["452.7", "463.9", "485.4", "487.6", "461.7", "490.6", "516.1", "534.4", "566.4", "580.2", "605.1", "619.5", "677", "716.4", "745.2"], "labels": ["2005", "2006", "2007", "2008", "2009", "2010", "2011", "2012", "2013", "2014", "2015", "2016", "2017", "2018", "2019*"], "x": ["2005", "2006", "2007", "2008", "2009", "2010", "2011", "2012", "2013", "2014", "2015", "2016", "2017", "2018", "2019*"]}], "type": "v_bar"}