{"general_figure_info": {"figure_info": {"bbox": {"x": 96, "y": 45, "w": 629, "h": 294}}, "y_axis": {"label": {"bbox": [{"x": 40, "y": 114, "w": 11, "h": 156.734375}], "text": "Number of internet users in millions"}, "major_labels": {"bboxes": [{"x": 65, "y": 324.5, "w": 21.0, "h": 29.0}, {"x": 65, "y": 265.5, "w": 21.0, "h": 29.0}, {"x": 65, "y": 206.5, "w": 21.0, "h": 29.0}, {"x": 65, "y": 148.5, "w": 21.0, "h": 29.0}, {"x": 65, "y": 89.5, "w": 21.0, "h": 29.0}, {"x": 65, "y": 29.5, "w": 21.0, "h": 29.0}]}}, "x_axis": {"major_labels": {"bboxes": [{"x": 128, "y": 349, "h": 12, "w": 40.96875}, {"x": 235, "y": 349, "h": 12, "w": 37.173828125}, {"x": 329, "y": 349, "h": 24, "w": 58.419921875}, {"x": 423, "y": 349, "h": 12, "w": 80.125}, {"x": 524, "y": 349, "h": 24, "w": 87.453125}, {"x": 633, "y": 349, "h": 48, "w": 78.28125}], "values": ["At home", "At work", "At school or", "At another place", "Using a cellphone", "Using WIFI or"]}, "label": {}}, "legend": {"bbox": {"x": 221, "y": 416, "w": 318, "h": 34}, "items": [{"model": "2013", "label": {"bbox": {"x": 250, "y": 428, "w": 27.021484375, "h": 14}, "text": "2013"}, "preview": {"bbox": {"x": 231, "y": 428, "w": 12, "h": 12}}}, {"model": "2014", "label": {"bbox": {"x": 312, "y": 428, "w": 27.021484375, "h": 14}, "text": "2014"}, "preview": {"bbox": {"x": 293, "y": 428, "w": 12, "h": 12}}}, {"model": "2015", "label": {"bbox": {"x": 375, "y": 428, "w": 27.021484375, "h": 14}, "text": "2015"}, "preview": {"bbox": {"x": 356, "y": 428, "w": 12, "h": 12}}}, {"model": "2016", "label": {"bbox": {"x": 437, "y": 428, "w": 27.021484375, "h": 14}, "text": "2016"}, "preview": {"bbox": {"x": 418, "y": 428, "w": 12, "h": 12}}}, {"model": "2017", "label": {"bbox": {"x": 500, "y": 428, "w": 27.021484375, "h": 14}, "text": "2017"}, "preview": {"bbox": {"x": 481, "y": 428, "w": 12, "h": 12}}}]}}, "models": [{"name": "2013", "bboxes": [{"x": 104, "y": 128, "w": 17, "h": 212}, {"x": 209, "y": 233, "w": 17, "h": 107}, {"x": 314, "y": 308, "w": 17, "h": 32}, {"x": 419, "y": 264, "w": 17, "h": 76}, {"x": 524, "y": 187, "w": 17, "h": 153}, {"x": 628, "y": 260, "w": 17, "h": 80}], "colors": ["#2876dd", "#2876dd", "#2876dd", "#2876dd", "#2876dd", "#2876dd"], "y": ["180.02", "90.71", "27.58", "64.52", "130.47", "67.8"], "labels": ["At home", "At work", "At school or", "At another place", "Using a cellphone", "Using WIFI or"], "x": ["At home", "At work", "At school or", "At another place", "Using a cellphone", "Using WIFI or"]}, {"name": "2014", "bboxes": [{"x": 122, "y": 119, "w": 17, "h": 221}, {"x": 227, "y": 226, "w": 17, "h": 114}, {"x": 332, "y": 304, "w": 17, "h": 36}, {"x": 437, "y": 250, "w": 17, "h": 90}, {"x": 542, "y": 162, "w": 17, "h": 178}, {"x": 646, "y": 259, "w": 17, "h": 81}], "colors": ["#0f283e", "#0f283e", "#0f283e", "#0f283e", "#0f283e", "#0f283e"], "y": ["188.14", "97.27", "30.58", "76.28", "151.06", "68.88"], "labels": ["At home", "At work", "At school or", "At another place", "Using a cellphone", "Using WIFI or"], "x": ["At home", "At work", "At school or", "At another place", "Using a cellphone", "Using WIFI or"]}, {"name": "2015", "bboxes": [{"x": 140, "y": 113, "w": 17, "h": 227}, {"x": 245, "y": 221, "w": 17, "h": 119}, {"x": 350, "y": 302, "w": 17, "h": 38}, {"x": 455, "y": 237, "w": 17, "h": 103}, {"x": 560, "y": 145, "w": 17, "h": 195}, {"x": 664, "y": 254, "w": 17, "h": 86}], "colors": ["#bababa", "#bababa", "#bababa", "#bababa", "#bababa", "#bababa"], "y": ["192.69", "101.13", "32.28", "87.89", "165.94", "72.8"], "labels": ["At home", "At work", "At school or", "At another place", "Using a cellphone", "Using WIFI or"], "x": ["At home", "At work", "At school or", "At another place", "Using a cellphone", "Using WIFI or"]}, {"name": "2016", "bboxes": [{"x": 158, "y": 107, "w": 17, "h": 233}, {"x": 263, "y": 212, "w": 17, "h": 128}, {"x": 368, "y": 304, "w": 17, "h": 36}, {"x": 473, "y": 231, "w": 17, "h": 109}, {"x": 578, "y": 129, "w": 17, "h": 211}, {"x": 683, "y": 255, "w": 17, "h": 85}], "colors": ["#a60b0b", "#a60b0b", "#a60b0b", "#a60b0b", "#a60b0b", "#a60b0b"], "y": ["198.08", "108.76", "30.91", "92.87", "179.79", "72.18"], "labels": ["At home", "At work", "At school or", "At another place", "Using a cellphone", "Using WIFI or"], "x": ["At home", "At work", "At school or", "At another place", "Using a cellphone", "Using WIFI or"]}, {"name": "2017", "bboxes": [{"x": 176, "y": 99, "w": 17, "h": 241}, {"x": 281, "y": 211, "w": 17, "h": 129}, {"x": 386, "y": 302, "w": 17, "h": 38}, {"x": 491, "y": 220, "w": 17, "h": 120}, {"x": 596, "y": 117, "w": 17, "h": 223}, {"x": 701, "y": 255, "w": 17, "h": 85}], "colors": ["#87bc24", "#87bc24", "#87bc24", "#87bc24", "#87bc24", "#87bc24"], "y": ["205.18", "109.5", "32.5", "101.93", "189.97", "72.1"], "labels": ["At home", "At work", "At school or", "At another place", "Using a cellphone", "Using WIFI or"], "x": ["At home", "At work", "At school or", "At another place", "Using a cellphone", "Using WIFI or"]}], "type": "v_bar"}