{"general_figure_info": {"figure_info": {"bbox": {"x": 103, "y": 45, "w": 622, "h": 333}}, "y_axis": {"label": {"bbox": [{"x": 40, "y": 164, "w": 11, "h": 95.625}], "text": "Share of respondents"}, "major_labels": {"bboxes": [{"x": 65, "y": 363.5, "w": 28.0, "h": 35.5}, {"x": 65, "y": 296.5, "w": 28.0, "h": 35.5}, {"x": 65, "y": 230.5, "w": 28.0, "h": 35.5}, {"x": 65, "y": 163.5, "w": 28.0, "h": 35.5}, {"x": 65, "y": 97.5, "w": 28.0, "h": 35.5}, {"x": 65, "y": 29.5, "w": 28.0, "h": 35.5}]}}, "x_axis": {"major_labels": {"bboxes": [{"x": 167, "y": 388, "h": 12, "w": 28.140625}, {"x": 322, "y": 388, "h": 12, "w": 28.140625}, {"x": 478, "y": 388, "h": 12, "w": 28.140625}, {"x": 638, "y": 388, "h": 12, "w": 18.671875}], "values": ["18-29", "30-39", "40-49", "50+"]}, "label": {}}, "legend": {"bbox": {"x": 223, "y": 416, "w": 314, "h": 34}, "items": [{"model": "Never", "label": {"bbox": {"x": 252, "y": 428, "w": 33.6875, "h": 14}, "text": "Never"}, "preview": {"bbox": {"x": 233, "y": 428, "w": 12, "h": 12}}}, {"model": "Rarely", "label": {"bbox": {"x": 318, "y": 428, "w": 37.017578125, "h": 14}, "text": "Rarely"}, "preview": {"bbox": {"x": 299, "y": 428, "w": 12, "h": 12}}}, {"model": "Occasionally", "label": {"bbox": {"x": 388, "y": 428, "w": 74.365234375, "h": 14}, "text": "Occasionally"}, "preview": {"bbox": {"x": 369, "y": 428, "w": 12, "h": 12}}}, {"model": "Often", "label": {"bbox": {"x": 496, "y": 428, "w": 31.34375, "h": 14}, "text": "Often"}, "preview": {"bbox": {"x": 477, "y": 428, "w": 12, "h": 12}}}]}}, "models": [{"name": "Never", "bboxes": [{"x": 121, "y": 355, "w": 121, "h": 24}, {"x": 275, "y": 363, "w": 121, "h": 16}, {"x": 431, "y": 339, "w": 121, "h": 40}, {"x": 587, "y": 347, "w": 121, "h": 32}], "colors": ["#2876dd", "#2876dd", "#2876dd", "#2876dd"], "y": ["9%", "6%", "15%", "12%"], "labels": ["18-29", "30-39", "40-49", "50+"], "x": ["18-29", "30-39", "40-49", "50+"]}, {"name": "Rarely", "bboxes": [{"x": 121, "y": 275, "w": 121, "h": 80}, {"x": 275, "y": 325, "w": 121, "h": 37}, {"x": 431, "y": 261, "w": 121, "h": 77}, {"x": 587, "y": 283, "w": 121, "h": 64}], "colors": ["#0f283e", "#0f283e", "#0f283e", "#0f283e"], "y": ["30%", "14%", "29%", "24%"], "labels": ["18-29", "30-39", "40-49", "50+"], "x": ["18-29", "30-39", "40-49", "50+"]}, {"name": "Occasionally", "bboxes": [{"x": 121, "y": 185, "w": 121, "h": 90}, {"x": 275, "y": 221, "w": 121, "h": 104}, {"x": 431, "y": 173, "w": 121, "h": 88}, {"x": 587, "y": 165, "w": 121, "h": 117}], "colors": ["#bababa", "#bababa", "#bababa", "#bababa"], "y": ["34%", "39%", "33%", "44%"], "labels": ["18-29", "30-39", "40-49", "50+"], "x": ["18-29", "30-39", "40-49", "50+"]}, {"name": "Often", "bboxes": [{"x": 121, "y": 113, "w": 121, "h": 72}, {"x": 275, "y": 113, "w": 121, "h": 109}, {"x": 431, "y": 113, "w": 121, "h": 61}, {"x": 587, "y": 113, "w": 121, "h": 53}], "colors": ["#a60b0b", "#a60b0b", "#a60b0b", "#a60b0b"], "y": ["27%", "41%", "23%", "20%"], "labels": ["18-29", "30-39", "40-49", "50+"], "x": ["18-29", "30-39", "40-49", "50+"]}], "type": "v_bar"}