{"general_figure_info": {"figure_info": {"bbox": {"x": 274, "y": 35, "w": 436, "h": 491}}, "y_axis": {"label": {"bbox": [{"x": 40, "y": 262, "w": 11, "h": 36.703125}], "text": "Percentage of people"}, "major_labels": {"bboxes": [{"x": 253.5, "y": 237, "w": 34.5, "h": 209.0}, {"x": 315.5, "y": 237, "w": 34.5, "h": 209.0}, {"x": 378.5, "y": 237, "w": 34.5, "h": 209.0}, {"x": 440.5, "y": 237, "w": 34.5, "h": 209.0}, {"x": 502.5, "y": 237, "w": 34.5, "h": 209.0}, {"x": 564.5, "y": 237, "w": 34.5, "h": 209.0}, {"x": 627.5, "y": 237, "w": 34.5, "h": 209.0}, {"x": 690.5, "y": 237, "w": 34.5, "h": 209.0}]}}, "x_axis": {"major_labels": {"bboxes": [{"x": 137, "y": 49, "h": 12, "w": 124.125}, {"x": 166, "y": 90, "h": 12, "w": 96.27294921875}, {"x": 109, "y": 131, "h": 12, "w": 151.65625}, {"x": 193, "y": 172, "h": 12, "w": 69.37451171875}, {"x": 167, "y": 213, "h": 12, "w": 94.67138671875}, {"x": 167, "y": 254, "h": 12, "w": 95.04833984375}, {"x": 78, "y": 295, "h": 12, "w": 182.828125}, {"x": 232, "y": 336, "h": 12, "w": 28.53125}, {"x": 112, "y": 377, "h": 12, "w": 149.203125}, {"x": 139, "y": 418, "h": 12, "w": 122.5537109375}, {"x": 188, "y": 459, "h": 12, "w": 74.24609375}, {"x": 196, "y": 500, "h": 12, "w": 65.48583984375}], "values": ["Eastern Asia (China only)", "Sub-Saharan Africa", "Southern Asia (excluding india)", "Southern Asia", "Developing regions", "South-Eastern Asia", "Developing regions (excluding China)", "World", "Latin America & the Caribbean", "Caucasus & Central Asia", "Northern Africa", "Western Asia"]}, "label": {}}, "legend": {"bbox": {"x": 273, "y": 586, "w": 199, "h": 34}, "items": [{"model": "1990", "label": {"bbox": {"x": 434, "y": 598, "w": 27.021484375, "h": 14}, "text": "1990"}, "preview": {"bbox": {"x": 415, "y": 598, "w": 12, "h": 12}}}, {"model": "2011", "label": {"bbox": {"x": 371, "y": 598, "w": 26.359375, "h": 14}, "text": "2011"}, "preview": {"bbox": {"x": 352, "y": 598, "w": 12, "h": 12}}}, {"model": "2015*", "label": {"bbox": {"x": 302, "y": 598, "w": 31.6953125, "h": 14}, "text": "2015*"}, "preview": {"bbox": {"x": 283, "y": 598, "w": 12, "h": 12}}}]}}, "models": [{"name": "1990", "bboxes": [{"x": 273, "y": 38, "w": 380, "h": 11}, {"x": 273, "y": 79, "w": 355, "h": 11}, {"x": 273, "y": 120, "w": 330, "h": 11}, {"x": 273, "y": 161, "w": 324, "h": 11}, {"x": 273, "y": 202, "w": 293, "h": 11}, {"x": 273, "y": 243, "w": 287, "h": 11}, {"x": 273, "y": 284, "w": 255, "h": 11}, {"x": 273, "y": 324, "w": 224, "h": 11}, {"x": 273, "y": 365, "w": 81, "h": 11}, {"x": 273, "y": 406, "w": 50, "h": 11}, {"x": 273, "y": 447, "w": 31, "h": 11}, {"x": 273, "y": 488, "w": 31, "h": 11}], "colors": ["#bababa", "#bababa", "#bababa", "#bababa", "#bababa", "#bababa", "#bababa", "#bababa", "#bababa", "#bababa", "#bababa", "#bababa"], "y": ["61%", "57%", "53%", "52%", "47%", "46%", "41%", "36%", "13%", "8%", "5%", "5%"], "labels": ["Eastern Asia (China only)", "Sub-Saharan Africa", "Southern Asia (excluding india)", "Southern Asia", "Developing regions", "South-Eastern Asia", "Developing regions (excluding China)", "World", "Latin America & the Caribbean", "Caucasus & Central Asia", "Northern Africa", "Western Asia"], "x": ["Eastern Asia (China only)", "Sub-Saharan Africa", "Southern Asia (excluding india)", "Southern Asia", "Developing regions", "South-Eastern Asia", "Developing regions (excluding China)", "World", "Latin America & the Caribbean", "Caucasus & Central Asia", "Northern Africa", "Western Asia"]}, {"name": "2011", "bboxes": [{"x": 273, "y": 50, "w": 37, "h": 11}, {"x": 273, "y": 91, "w": 293, "h": 11}, {"x": 273, "y": 132, "w": 125, "h": 11}, {"x": 273, "y": 172, "w": 143, "h": 11}, {"x": 273, "y": 213, "w": 112, "h": 11}, {"x": 273, "y": 254, "w": 75, "h": 11}, {"x": 273, "y": 295, "w": 137, "h": 11}, {"x": 273, "y": 336, "w": 93, "h": 11}, {"x": 273, "y": 377, "w": 31, "h": 11}, {"x": 273, "y": 418, "w": 25, "h": 11}, {"x": 273, "y": 459, "w": 12, "h": 11}, {"x": 273, "y": 500, "w": 12, "h": 11}], "colors": ["#0f283e", "#0f283e", "#0f283e", "#0f283e", "#0f283e", "#0f283e", "#0f283e", "#0f283e", "#0f283e", "#0f283e", "#0f283e", "#0f283e"], "y": ["6%", "47%", "20%", "23%", "18%", "12%", "22%", "15%", "5%", "4%", "2%", "2%"], "labels": ["Eastern Asia (China only)", "Sub-Saharan Africa", "Southern Asia (excluding india)", "Southern Asia", "Developing regions", "South-Eastern Asia", "Developing regions (excluding China)", "World", "Latin America & the Caribbean", "Caucasus & Central Asia", "Northern Africa", "Western Asia"], "x": ["Eastern Asia (China only)", "Sub-Saharan Africa", "Southern Asia (excluding india)", "Southern Asia", "Developing regions", "South-Eastern Asia", "Developing regions (excluding China)", "World", "Latin America & the Caribbean", "Caucasus & Central Asia", "Northern Africa", "Western Asia"]}, {"name": "2015*", "bboxes": [{"x": 273, "y": 61, "w": 25, "h": 11}, {"x": 273, "y": 102, "w": 255, "h": 11}, {"x": 273, "y": 143, "w": 87, "h": 11}, {"x": 273, "y": 184, "w": 75, "h": 11}, {"x": 273, "y": 225, "w": 87, "h": 11}, {"x": 273, "y": 266, "w": 44, "h": 11}, {"x": 273, "y": 307, "w": 112, "h": 11}, {"x": 273, "y": 348, "w": 75, "h": 11}, {"x": 273, "y": 389, "w": 25, "h": 11}, {"x": 273, "y": 430, "w": 12, "h": 11}, {"x": 273, "y": 471, "w": 6, "h": 11}, {"x": 273, "y": 512, "w": 19, "h": 11}], "colors": ["#2876dd", "#2876dd", "#2876dd", "#2876dd", "#2876dd", "#2876dd", "#2876dd", "#2876dd", "#2876dd", "#2876dd", "#2876dd", "#2876dd"], "y": ["4%", "41%", "14%", "12%", "14%", "7%", "18%", "12%", "4%", "2%", "1%", "3%"], "labels": ["Eastern Asia (China only)", "Sub-Saharan Africa", "Southern Asia (excluding india)", "Southern Asia", "Developing regions", "South-Eastern Asia", "Developing regions (excluding China)", "World", "Latin America & the Caribbean", "Caucasus & Central Asia", "Northern Africa", "Western Asia"], "x": ["Eastern Asia (China only)", "Sub-Saharan Africa", "Southern Asia (excluding india)", "Southern Asia", "Developing regions", "South-Eastern Asia", "Developing regions (excluding China)", "World", "Latin America & the Caribbean", "Caucasus & Central Asia", "Northern Africa", "Western Asia"]}], "type": "h_bar"}