{"general_figure_info": {"figure_info": {"bbox": {"x": 96, "y": 45, "w": 629, "h": 333}}, "y_axis": {"label": {"bbox": [{"x": 40, "y": 176, "w": 11, "h": 70.609375}], "text": "Share of buyers"}, "major_labels": {"bboxes": [{"x": 65, "y": 363.5, "w": 21.0, "h": 21.625}, {"x": 65, "y": 315.5, "w": 21.0, "h": 21.625}, {"x": 65, "y": 268.5, "w": 21.0, "h": 21.625}, {"x": 65, "y": 220.5, "w": 21.0, "h": 21.625}, {"x": 65, "y": 173.5, "w": 21.0, "h": 21.625}, {"x": 65, "y": 125.5, "w": 21.0, "h": 21.625}, {"x": 65, "y": 78.5, "w": 21.0, "h": 21.625}, {"x": 65, "y": 29.5, "w": 21.0, "h": 21.625}]}}, "x_axis": {"major_labels": {"bboxes": [{"x": 112, "y": 388, "h": 12, "w": 37.703125}, {"x": 190, "y": 388, "h": 12, "w": 21.40625}, {"x": 251, "y": 388, "h": 12, "w": 39.6337890625}, {"x": 331, "y": 388, "h": 12, "w": 18.671875}, {"x": 396, "y": 388, "h": 12, "w": 28.140625}, {"x": 466, "y": 388, "h": 12, "w": 28.140625}, {"x": 536, "y": 388, "h": 12, "w": 28.140625}, {"x": 606, "y": 388, "h": 12, "w": 28.140625}, {"x": 676, "y": 388, "h": 12, "w": 28.140625}], "values": ["Women", "Men", "All ages", "65+", "55-64", "45-54", "35-44", "25-34", "17-24"]}, "label": {}}, "legend": {"bbox": {"x": 138, "y": 416, "w": 484, "h": 34}, "items": [{"model": "Bought a new car in last two years", "label": {"bbox": {"x": 167, "y": 428, "w": 197.04296875, "h": 14}, "text": "Bought a new car in last two years"}, "preview": {"bbox": {"x": 148, "y": 428, "w": 12, "h": 12}}}, {"model": "Bought a used car in last two years", "label": {"bbox": {"x": 404, "y": 428, "w": 201.712890625, "h": 14}, "text": "Bought a used car in last two years"}, "preview": {"bbox": {"x": 385, "y": 428, "w": 12, "h": 12}}}]}}, "models": [{"name": "Bought a new car in last two years", "bboxes": [{"x": 103, "y": 303, "w": 27, "h": 76}, {"x": 173, "y": 293, "w": 27, "h": 86}, {"x": 243, "y": 293, "w": 27, "h": 86}, {"x": 313, "y": 274, "w": 27, "h": 105}, {"x": 383, "y": 246, "w": 27, "h": 133}, {"x": 453, "y": 293, "w": 27, "h": 86}, {"x": 523, "y": 293, "w": 27, "h": 86}, {"x": 593, "y": 322, "w": 27, "h": 57}, {"x": 663, "y": 350, "w": 27, "h": 29}], "colors": ["#2876dd", "#2876dd", "#2876dd", "#2876dd", "#2876dd", "#2876dd", "#2876dd", "#2876dd", "#2876dd"], "y": ["8%", "9%", "9%", "11%", "14%", "9%", "9%", "6%", "3%"], "labels": ["Women", "Men", "All ages", "65+", "55-64", "45-54", "35-44", "25-34", "17-24"], "x": ["Women", "Men", "All ages", "65+", "55-64", "45-54", "35-44", "25-34", "17-24"]}, {"name": "Bought a used car in last two years", "bboxes": [{"x": 132, "y": 208, "w": 27, "h": 171}, {"x": 202, "y": 151, "w": 27, "h": 228}, {"x": 272, "y": 189, "w": 27, "h": 190}, {"x": 342, "y": 246, "w": 27, "h": 133}, {"x": 412, "y": 236, "w": 27, "h": 143}, {"x": 482, "y": 141, "w": 27, "h": 238}, {"x": 552, "y": 113, "w": 27, "h": 266}, {"x": 622, "y": 151, "w": 27, "h": 228}, {"x": 692, "y": 217, "w": 27, "h": 162}], "colors": ["#0f283e", "#0f283e", "#0f283e", "#0f283e", "#0f283e", "#0f283e", "#0f283e", "#0f283e", "#0f283e"], "y": ["18%", "24%", "20%", "14%", "15%", "25%", "28%", "24%", "17%"], "labels": ["Women", "Men", "All ages", "65+", "55-64", "45-54", "35-44", "25-34", "17-24"], "x": ["Women", "Men", "All ages", "65+", "55-64", "45-54", "35-44", "25-34", "17-24"]}], "type": "v_bar"}