{"general_figure_info": {"figure_info": {"bbox": {"x": 266, "y": 35, "w": 444, "h": 321}}, "y_axis": {"label": {"bbox": [{"x": 447, "y": 387, "w": 81.6103515625, "h": 11}], "text": "Share of audience"}, "major_labels": {"bboxes": [{"x": 245.5, "y": 362, "w": 43.42857142857143, "h": 26.0}, {"x": 319.5, "y": 362, "w": 43.42857142857143, "h": 26.0}, {"x": 393.5, "y": 362, "w": 43.42857142857143, "h": 26.0}, {"x": 467.5, "y": 362, "w": 43.42857142857143, "h": 26.0}, {"x": 541.5, "y": 362, "w": 43.42857142857143, "h": 26.0}, {"x": 615.5, "y": 362, "w": 43.42857142857143, "h": 26.0}, {"x": 690.5, "y": 362, "w": 43.42857142857143, "h": 26.0}]}}, "x_axis": {"major_labels": {"bboxes": [{"x": 180, "y": 56, "h": 12, "w": 73.2880859375}, {"x": 135, "y": 109, "h": 12, "w": 118.359375}, {"x": 179, "y": 163, "h": 12, "w": 74.50732421875}, {"x": 58, "y": 208, "h": 26, "w": 195.046875}, {"x": 115, "y": 270, "h": 12, "w": 138.9013671875}, {"x": 184, "y": 323, "h": 12, "w": 69.5830078125}], "values": ["Video buyers**", "UK population aged 13+", "Video renters**", "Total buyers of cinema, rental, retail and", "Digital buyers and renters***", "Cinema-goers"]}, "label": {}}, "legend": {"bbox": {"x": 203, "y": 416, "w": 339, "h": 34}, "items": [{"model": "White", "label": {"bbox": {"x": 499, "y": 428, "w": 32.986328125, "h": 14}, "text": "White"}, "preview": {"bbox": {"x": 480, "y": 428, "w": 12, "h": 12}}}, {"model": "Black, Asian, Chinese, mixed and other", "label": {"bbox": {"x": 232, "y": 428, "w": 223.953125, "h": 14}, "text": "Black, Asian, Chinese, mixed and other"}, "preview": {"bbox": {"x": 213, "y": 428, "w": 12, "h": 12}}}]}}, "models": [{"name": "White", "bboxes": [{"x": 265, "y": 43, "w": 16, "h": 40}, {"x": 265, "y": 95, "w": 29, "h": 40}, {"x": 265, "y": 149, "w": 24, "h": 40}, {"x": 265, "y": 203, "w": 28, "h": 40}, {"x": 265, "y": 257, "w": 29, "h": 40}, {"x": 265, "y": 309, "w": 35, "h": 40}], "colors": ["#2876dd", "#2876dd", "#2876dd", "#2876dd", "#2876dd", "#2876dd"], "y": ["4.4%", "7.9%", "6.6%", "7.7%", "7.8%", "9.5%"], "labels": ["Video buyers**", "UK population aged 13+", "Video renters**", "Total buyers of cinema, rental, retail and", "Digital buyers and renters***", "Cinema-goers"], "x": ["Video buyers**", "UK population aged 13+", "Video renters**", "Total buyers of cinema, rental, retail and", "Digital buyers and renters***", "Cinema-goers"]}, {"name": "Black, Asian, Chinese, mixed and other", "bboxes": [{"x": 281, "y": 43, "w": 354, "h": 40}, {"x": 295, "y": 95, "w": 347, "h": 40}, {"x": 289, "y": 149, "w": 346, "h": 40}, {"x": 293, "y": 203, "w": 342, "h": 40}, {"x": 295, "y": 257, "w": 341, "h": 40}, {"x": 301, "y": 309, "w": 335, "h": 40}], "colors": ["#0f283e", "#0f283e", "#0f283e", "#0f283e", "#0f283e", "#0f283e"], "y": ["95.6%", "93.8%", "93.4%", "92.3%", "92.2%", "90.6%"], "labels": ["Video buyers**", "UK population aged 13+", "Video renters**", "Total buyers of cinema, rental, retail and", "Digital buyers and renters***", "Cinema-goers"], "x": ["Video buyers**", "UK population aged 13+", "Video renters**", "Total buyers of cinema, rental, retail and", "Digital buyers and renters***", "Cinema-goers"]}], "type": "h_bar"}