{"general_figure_info": {"figure_info": {"bbox": {"x": 99, "y": 47, "w": 628, "h": 333}}, "y_axis": {"label": {"bbox": [{"x": 42, "y": 166, "w": 11, "h": 95.609375}], "text": "Inhabitants in millions"}, "major_labels": {"bboxes": [{"x": 69, "y": 363.5, "w": 20.0, "h": 35.5}, {"x": 69, "y": 296.5, "w": 20.0, "h": 35.5}, {"x": 69, "y": 230.5, "w": 20.0, "h": 35.5}, {"x": 69, "y": 163.5, "w": 20.0, "h": 35.5}, {"x": 69, "y": 97.5, "w": 20.0, "h": 35.5}, {"x": 69, "y": 29.5, "w": 20.0, "h": 35.5}]}}, "x_axis": {"major_labels": {"bboxes": [{"x": 115, "y": 390, "h": 12, "w": 24.484375}, {"x": 172, "y": 390, "h": 12, "w": 24.484375}, {"x": 230, "y": 390, "h": 12, "w": 23.65625}, {"x": 287, "y": 390, "h": 12, "w": 24.484375}, {"x": 344, "y": 390, "h": 12, "w": 24.484375}, {"x": 401, "y": 390, "h": 12, "w": 24.484375}, {"x": 458, "y": 390, "h": 12, "w": 24.484375}, {"x": 515, "y": 390, "h": 12, "w": 24.484375}, {"x": 572, "y": 390, "h": 12, "w": 24.484375}, {"x": 629, "y": 390, "h": 12, "w": 24.484375}, {"x": 686, "y": 390, "h": 12, "w": 24.484375}], "values": ["2009", "2010", "2011", "2012", "2013", "2014", "2015", "2016", "2017", "2018", "2019"]}, "label": {}}, "legend": {"bbox": {"x": 312, "y": 418, "w": 140, "h": 34}, "items": [{"model": "Female", "label": {"bbox": {"x": 341, "y": 430, "w": 41.681640625, "h": 14}, "text": "Female"}, "preview": {"bbox": {"x": 320, "y": 437, "w": 16, "h": 0}}}, {"model": "Male", "label": {"bbox": {"x": 416, "y": 430, "w": 27.00390625, "h": 14}, "text": "Male"}, "preview": {"bbox": {"x": 395, "y": 437, "w": 16, "h": 0}}}]}}, "models": [{"name": "Female", "bboxes": [{"x": 126, "y": 353, "w": 57, "h": 22}, {"x": 183, "y": 331, "w": 57, "h": 22}, {"x": 240, "y": 306, "w": 57, "h": 25}, {"x": 297, "y": 280, "w": 57, "h": 26}, {"x": 354, "y": 253, "w": 58, "h": 27}, {"x": 412, "y": 227, "w": 57, "h": 26}, {"x": 469, "y": 200, "w": 57, "h": 27}, {"x": 526, "y": 174, "w": 57, "h": 26}, {"x": 583, "y": 147, "w": 57, "h": 27}, {"x": 640, "y": 121, "w": 57, "h": 26}], "colors": "#2876dd", "y": ["40.16", "40.96", "41.82", "42.75", "43.73", "44.73", "45.72", "46.72", "47.71", "48.69", "49.67"], "labels": ["2009", "2010", "2011", "2012", "2013", "2014", "2015", "2016", "2017", "2018", "2019"], "x": ["2009", "2010", "2011", "2012", "2013", "2014", "2015", "2016", "2017", "2018", "2019"]}, {"name": "Male", "bboxes": [{"x": 126, "y": 331, "w": 57, "h": 22}, {"x": 183, "y": 307, "w": 57, "h": 24}, {"x": 240, "y": 281, "w": 57, "h": 26}, {"x": 297, "y": 255, "w": 57, "h": 26}, {"x": 354, "y": 227, "w": 58, "h": 28}, {"x": 412, "y": 200, "w": 57, "h": 27}, {"x": 469, "y": 173, "w": 57, "h": 27}, {"x": 526, "y": 146, "w": 57, "h": 27}, {"x": 583, "y": 120, "w": 57, "h": 26}, {"x": 640, "y": 93, "w": 57, "h": 27}], "colors": "#0f283e", "y": ["40.98", "41.81", "42.71", "43.67", "44.67", "45.7", "46.72", "47.73", "48.74", "49.73", "50.72"], "labels": ["2009", "2010", "2011", "2012", "2013", "2014", "2015", "2016", "2017", "2018", "2019"], "x": ["2009", "2010", "2011", "2012", "2013", "2014", "2015", "2016", "2017", "2018", "2019"]}], "type": "line"}