{"general_figure_info": {"figure_info": {"bbox": {"x": 103, "y": 45, "w": 622, "h": 333}}, "y_axis": {"label": {"bbox": [{"x": 40, "y": 180, "w": 11, "h": 62.0244140625}], "text": "Share in GDP"}, "major_labels": {"bboxes": [{"x": 65, "y": 363.5, "w": 28.0, "h": 35.5}, {"x": 65, "y": 296.5, "w": 28.0, "h": 35.5}, {"x": 65, "y": 230.5, "w": 28.0, "h": 35.5}, {"x": 65, "y": 163.5, "w": 28.0, "h": 35.5}, {"x": 65, "y": 97.5, "w": 28.0, "h": 35.5}, {"x": 65, "y": 29.5, "w": 28.0, "h": 35.5}]}}, "x_axis": {"major_labels": {"bboxes": [{"x": 119, "y": 388, "h": 12, "w": 24.484375}, {"x": 176, "y": 388, "h": 12, "w": 24.484375}, {"x": 233, "y": 388, "h": 12, "w": 23.65625}, {"x": 289, "y": 388, "h": 12, "w": 24.484375}, {"x": 345, "y": 388, "h": 12, "w": 24.484375}, {"x": 402, "y": 388, "h": 12, "w": 24.484375}, {"x": 458, "y": 388, "h": 12, "w": 24.484375}, {"x": 515, "y": 388, "h": 12, "w": 24.484375}, {"x": 571, "y": 388, "h": 12, "w": 24.484375}, {"x": 628, "y": 388, "h": 12, "w": 24.484375}, {"x": 684, "y": 388, "h": 12, "w": 24.484375}], "values": ["2009", "2010", "2011", "2012", "2013", "2014", "2015", "2016", "2017", "2018", "2019"]}, "label": {}}, "legend": {"bbox": {"x": 246, "y": 416, "w": 268, "h": 34}, "items": [{"model": "Agriculture", "label": {"bbox": {"x": 275, "y": 428, "w": 64.333984375, "h": 14}, "text": "Agriculture"}, "preview": {"bbox": {"x": 256, "y": 428, "w": 12, "h": 12}}}, {"model": "Industry", "label": {"bbox": {"x": 375, "y": 428, "w": 47.6640625, "h": 14}, "text": "Industry"}, "preview": {"bbox": {"x": 356, "y": 428, "w": 12, "h": 12}}}, {"model": "Services", "label": {"bbox": {"x": 458, "y": 428, "w": 49.703125, "h": 14}, "text": "Services"}, "preview": {"bbox": {"x": 439, "y": 428, "w": 12, "h": 12}}}]}}, "models": [{"name": "Agriculture", "bboxes": [{"x": 109, "y": 339, "w": 44, "h": 39}, {"x": 165, "y": 341, "w": 44, "h": 37}, {"x": 221, "y": 341, "w": 44, "h": 38}, {"x": 279, "y": 343, "w": 44, "h": 35}, {"x": 335, "y": 345, "w": 44, "h": 33}, {"x": 391, "y": 345, "w": 44, "h": 33}, {"x": 449, "y": 349, "w": 44, "h": 29}, {"x": 505, "y": 351, "w": 44, "h": 27}, {"x": 561, "y": 351, "w": 44, "h": 27}, {"x": 617, "y": 353, "w": 44, "h": 26}, {"x": 675, "y": 355, "w": 44, "h": 23}], "colors": ["#2876dd", "#2876dd", "#2876dd", "#2876dd", "#2876dd", "#2876dd", "#2876dd", "#2876dd", "#2876dd", "#2876dd", "#2876dd"], "y": ["14.54%", "13.75%", "14.1%", "13.1%", "12.47%", "12.27%", "11%", "10.21%", "10.18%", "9.65%", "8.82%"], "labels": ["2009", "2010", "2011", "2012", "2013", "2014", "2015", "2016", "2017", "2018", "2019"], "x": ["2009", "2010", "2011", "2012", "2013", "2014", "2015", "2016", "2017", "2018", "2019"]}, {"name": "Industry", "bboxes": [{"x": 109, "y": 255, "w": 44, "h": 84}, {"x": 165, "y": 255, "w": 44, "h": 86}, {"x": 221, "y": 257, "w": 44, "h": 83}, {"x": 279, "y": 259, "w": 44, "h": 84}, {"x": 335, "y": 263, "w": 44, "h": 82}, {"x": 391, "y": 263, "w": 44, "h": 82}, {"x": 449, "y": 267, "w": 44, "h": 82}, {"x": 505, "y": 271, "w": 44, "h": 81}, {"x": 561, "y": 271, "w": 44, "h": 80}, {"x": 617, "y": 271, "w": 44, "h": 81}, {"x": 675, "y": 275, "w": 44, "h": 81}], "colors": ["#0f283e", "#0f283e", "#0f283e", "#0f283e", "#0f283e", "#0f283e", "#0f283e", "#0f283e", "#0f283e", "#0f283e", "#0f283e"], "y": ["31.52%", "32.34%", "31.34%", "31.4%", "30.78%", "31.05%", "30.48%", "30.29%", "30.13%", "30.56%", "30.17%"], "labels": ["2009", "2010", "2011", "2012", "2013", "2014", "2015", "2016", "2017", "2018", "2019"], "x": ["2009", "2010", "2011", "2012", "2013", "2014", "2015", "2016", "2017", "2018", "2019"]}, {"name": "Services", "bboxes": [{"x": 109, "y": 113, "w": 44, "h": 143}, {"x": 165, "y": 113, "w": 44, "h": 143}, {"x": 221, "y": 113, "w": 44, "h": 145}, {"x": 279, "y": 113, "w": 44, "h": 147}, {"x": 335, "y": 113, "w": 44, "h": 151}, {"x": 391, "y": 113, "w": 44, "h": 151}, {"x": 449, "y": 113, "w": 44, "h": 155}, {"x": 505, "y": 113, "w": 44, "h": 158}, {"x": 561, "y": 113, "w": 44, "h": 159}, {"x": 617, "y": 113, "w": 44, "h": 159}, {"x": 675, "y": 113, "w": 44, "h": 162}], "colors": ["#bababa", "#bababa", "#bababa", "#bababa", "#bababa", "#bababa", "#bababa", "#bababa", "#bababa", "#bababa", "#bababa"], "y": ["53.94%", "53.91%", "54.57%", "55.5%", "56.75%", "56.68%", "58.52%", "59.51%", "59.69%", "59.79%", "61%"], "labels": ["2009", "2010", "2011", "2012", "2013", "2014", "2015", "2016", "2017", "2018", "2019"], "x": ["2009", "2010", "2011", "2012", "2013", "2014", "2015", "2016", "2017", "2018", "2019"]}], "type": "v_bar"}