{"general_figure_info": {"figure_info": {"bbox": {"x": 101, "y": 45, "w": 624, "h": 333}}, "y_axis": {"label": {"bbox": [{"x": 40, "y": 168, "w": 11, "h": 86.734375}], "text": "Share of population"}, "major_labels": {"bboxes": [{"x": 65, "y": 363.5, "w": 26.0, "h": 35.5}, {"x": 65, "y": 296.5, "w": 26.0, "h": 35.5}, {"x": 65, "y": 230.5, "w": 26.0, "h": 35.5}, {"x": 65, "y": 163.5, "w": 26.0, "h": 35.5}, {"x": 65, "y": 97.5, "w": 26.0, "h": 35.5}, {"x": 65, "y": 29.5, "w": 26.0, "h": 35.5}]}}, "x_axis": {"major_labels": {"bboxes": [{"x": 141, "y": 388, "h": 12, "w": 24.484375}, {"x": 245, "y": 388, "h": 12, "w": 24.484375}, {"x": 349, "y": 388, "h": 12, "w": 24.484375}, {"x": 453, "y": 388, "h": 12, "w": 24.484375}, {"x": 557, "y": 388, "h": 12, "w": 24.484375}, {"x": 661, "y": 388, "h": 12, "w": 24.484375}], "values": ["1997", "2001", "2004", "2008", "2013", "2018"]}, "label": {}}, "legend": {"bbox": {"x": 88, "y": 416, "w": 583, "h": 34}, "items": [{"model": "Underweight (<18.5)", "label": {"bbox": {"x": 117, "y": 428, "w": 114.361328125, "h": 14}, "text": "Underweight (<18.5)"}, "preview": {"bbox": {"x": 98, "y": 428, "w": 12, "h": 12}}}, {"model": "Normal (18.5-24.9)", "label": {"bbox": {"x": 275, "y": 428, "w": 103.390625, "h": 14}, "text": "Normal (18.5-24.9)"}, "preview": {"bbox": {"x": 256, "y": 428, "w": 12, "h": 12}}}, {"model": "Overweight (25-29.9)", "label": {"bbox": {"x": 425, "y": 428, "w": 117.37890625, "h": 14}, "text": "Overweight (25-29.9)"}, "preview": {"bbox": {"x": 406, "y": 428, "w": 12, "h": 12}}}, {"model": "Obese (30+)", "label": {"bbox": {"x": 587, "y": 428, "w": 68.375, "h": 14}, "text": "Obese (30+)"}, "preview": {"bbox": {"x": 568, "y": 428, "w": 12, "h": 12}}}]}}, "models": [{"name": "Underweight (<18.5)", "bboxes": [{"x": 113, "y": 369, "w": 81, "h": 10}, {"x": 217, "y": 369, "w": 81, "h": 9}, {"x": 321, "y": 369, "w": 81, "h": 9}, {"x": 425, "y": 371, "w": 81, "h": 8}, {"x": 529, "y": 371, "w": 81, "h": 8}, {"x": 633, "y": 371, "w": 81, "h": 8}], "colors": ["#2876dd", "#2876dd", "#2876dd", "#2876dd", "#2876dd", "#2876dd"], "y": ["3.7%", "3.5%", "3.4%", "3.1%", "3%", "2.9%"], "labels": ["1997", "2001", "2004", "2008", "2013", "2018"], "x": ["1997", "2001", "2004", "2008", "2013", "2018"]}, {"name": "Normal (18.5-24.9)", "bboxes": [{"x": 113, "y": 223, "w": 81, "h": 146}, {"x": 217, "y": 231, "w": 81, "h": 139}, {"x": 321, "y": 229, "w": 81, "h": 140}, {"x": 425, "y": 237, "w": 81, "h": 133}, {"x": 529, "y": 241, "w": 81, "h": 130}, {"x": 633, "y": 243, "w": 81, "h": 127}], "colors": ["#0f283e", "#0f283e", "#0f283e", "#0f283e", "#0f283e", "#0f283e"], "y": ["55%", "52%", "52.5%", "50%", "48.9%", "47.9%"], "labels": ["1997", "2001", "2004", "2008", "2013", "2018"], "x": ["1997", "2001", "2004", "2008", "2013", "2018"]}, {"name": "Overweight (25-29.9)", "bboxes": [{"x": 113, "y": 141, "w": 81, "h": 82}, {"x": 217, "y": 145, "w": 81, "h": 86}, {"x": 321, "y": 145, "w": 81, "h": 84}, {"x": 425, "y": 149, "w": 81, "h": 89}, {"x": 529, "y": 149, "w": 81, "h": 92}, {"x": 633, "y": 155, "w": 81, "h": 89}], "colors": ["#bababa", "#bababa", "#bababa", "#bababa", "#bababa", "#bababa"], "y": ["30.5%", "32.4%", "31.4%", "33.1%", "34.4%", "33.4%"], "labels": ["1997", "2001", "2004", "2008", "2013", "2018"], "x": ["1997", "2001", "2004", "2008", "2013", "2018"]}, {"name": "Obese (30+)", "bboxes": [{"x": 113, "y": 113, "w": 81, "h": 28}, {"x": 217, "y": 113, "w": 81, "h": 32}, {"x": 321, "y": 113, "w": 81, "h": 33}, {"x": 425, "y": 113, "w": 81, "h": 36}, {"x": 529, "y": 113, "w": 81, "h": 36}, {"x": 633, "y": 111, "w": 81, "h": 43}], "colors": ["#a60b0b", "#a60b0b", "#a60b0b", "#a60b0b", "#a60b0b", "#a60b0b"], "y": ["10.8%", "12.1%", "12.7%", "13.8%", "13.7%", "15.9%"], "labels": ["1997", "2001", "2004", "2008", "2013", "2018"], "x": ["1997", "2001", "2004", "2008", "2013", "2018"]}], "type": "v_bar"}