{"general_figure_info": {"figure_info": {"bbox": {"x": 106, "y": 45, "w": 619, "h": 225}}, "y_axis": {"label": {"bbox": [{"x": 40, "y": 112, "w": 11, "h": 90.234375}], "text": "Year-on-year growth"}, "major_labels": {"bboxes": [{"x": 65, "y": 255.5, "w": 31.0, "h": 17.5}, {"x": 65, "y": 210.5, "w": 31.0, "h": 17.5}, {"x": 65, "y": 165.5, "w": 31.0, "h": 17.5}, {"x": 65, "y": 120.5, "w": 31.0, "h": 17.5}, {"x": 65, "y": 75.5, "w": 31.0, "h": 17.5}, {"x": 65, "y": 29.5, "w": 31.0, "h": 17.5}]}}, "x_axis": {"major_labels": {"bboxes": [{"x": 94, "y": 283, "h": 33.13458251953125, "w": 33.13458251953125}, {"x": 101, "y": 282, "h": 60.87750244140625, "w": 60.877464294433594}, {"x": 156, "y": 283, "h": 40.4708251953125, "w": 40.47080993652344}, {"x": 139, "y": 283, "h": 91.37142944335938, "w": 91.37145233154297}, {"x": 197, "y": 282, "h": 68.6556396484375, "w": 68.6556396484375}, {"x": 254, "y": 283, "h": 45.221710205078125, "w": 45.22169494628906}, {"x": 259, "y": 283, "h": 74.19097900390625, "w": 74.19096374511719}, {"x": 263, "y": 283, "h": 104.88381958007812, "w": 104.88381958007812}, {"x": 299, "y": 283, "h": 103.17129516601562, "w": 103.17129516601562}, {"x": 332, "y": 283, "h": 104.83169555664062, "w": 104.83169555664062}, {"x": 366, "y": 283, "h": 105.3367919921875, "w": 105.33682250976562}, {"x": 401, "y": 283, "h": 105.26083374023438, "w": 105.26083374023438}, {"x": 450, "y": 283, "h": 90.2003173828125, "w": 90.20028686523438}, {"x": 481, "y": 283, "h": 93.15301513671875, "w": 93.15301513671875}, {"x": 558, "y": 283, "h": 50.8564453125, "w": 50.8564453125}, {"x": 593, "y": 283, "h": 50.436614990234375, "w": 50.43658447265625}, {"x": 642, "y": 282, "h": 35.911224365234375, "w": 35.91119384765625}, {"x": 640, "y": 283, "h": 72.04754638671875, "w": 72.04754638671875}], "values": ["Search", "Online display*", "TV (total)", "Video on demand (VoD)", "Online classified*", "Direct mail", "Out-of-home (total)", "Digital out-of-home (DOOH)", "National newsbrands (total)", "Online national newsbrands", "Regional newsbrands (total)", "Online regional newsbrands", "Magazine brands (total)", "Online magazine brands", "Radio (total)", "Online radio", "Cinema", "Total UK ad spend"]}, "label": {}}, "legend": {"bbox": {"x": 244, "y": 416, "w": 271, "h": 34}, "items": [{"model": "2019", "label": {"bbox": {"x": 273, "y": 428, "w": 27.021484375, "h": 14}, "text": "2019"}, "preview": {"bbox": {"x": 254, "y": 428, "w": 12, "h": 12}}}, {"model": "2020", "label": {"bbox": {"x": 336, "y": 428, "w": 27.021484375, "h": 14}, "text": "2020"}, "preview": {"bbox": {"x": 317, "y": 428, "w": 12, "h": 12}}}, {"model": "2021*", "label": {"bbox": {"x": 400, "y": 428, "w": 31.6953125, "h": 14}, "text": "2021*"}, "preview": {"bbox": {"x": 381, "y": 428, "w": 12, "h": 12}}}, {"model": "2022*", "label": {"bbox": {"x": 469, "y": 428, "w": 31.6953125, "h": 14}, "text": "2022*"}, "preview": {"bbox": {"x": 450, "y": 428, "w": 12, "h": 12}}}]}}, "models": [{"name": "2019", "bboxes": [{"x": 109, "y": 218, "w": 7, "h": 8}, {"x": 143, "y": 218, "w": 7, "h": 8}, {"x": 178, "y": 226, "w": 7, "h": 2}, {"x": 212, "y": 219, "w": 7, "h": 7}, {"x": 246, "y": 226, "w": 7, "h": 2}, {"x": 281, "y": 226, "w": 7, "h": 5}, {"x": 315, "y": 223, "w": 7, "h": 3}, {"x": 349, "y": 219, "w": 7, "h": 7}, {"x": 384, "y": 226, "w": 7, "h": 1}, {"x": 418, "y": 223, "w": 7, "h": 3}, {"x": 453, "y": 226, "w": 7, "h": 5}, {"x": 487, "y": 224, "w": 7, "h": 2}, {"x": 521, "y": 226, "w": 7, "h": 4}, {"x": 556, "y": 226, "w": 7, "h": 1}, {"x": 590, "y": 226, "w": 7, "h": 1}, {"x": 625, "y": 222, "w": 7, "h": 4}, {"x": 659, "y": 216, "w": 7, "h": 10}, {"x": 693, "y": 223, "w": 7, "h": 3}], "colors": ["#2876dd", "#2876dd", "#2876dd", "#2876dd", "#2876dd", "#2876dd", "#2876dd", "#2876dd", "#2876dd", "#2876dd", "#2876dd", "#2876dd", "#2876dd", "#2876dd", "#2876dd", "#2876dd", "#2876dd", "#2876dd"], "y": ["17.8%", "17.4%", "-3.5%", "15.5%", "-3.6%", "-10.7%", "7.6%", "15.1%", "-1.5%", "7%", "-10.5%", "5%", "-8.8%", "-2.3%", "-1.5%", "8.6%", "23.3%", "6.9%"], "labels": ["Search", "Online display*", "TV (total)", "Video on demand (VoD)", "Online classified*", "Direct mail", "Out-of-home (total)", "Digital out-of-home (DOOH)", "National newsbrands (total)", "Online national newsbrands", "Regional newsbrands (total)", "Online regional newsbrands", "Magazine brands (total)", "Online magazine brands", "Radio (total)", "Online radio", "Cinema", "Total UK ad spend"], "x": ["Search", "Online display*", "TV (total)", "Video on demand (VoD)", "Online classified*", "Direct mail", "Out-of-home (total)", "Digital out-of-home (DOOH)", "National newsbrands (total)", "Online national newsbrands", "Regional newsbrands (total)", "Online regional newsbrands", "Magazine brands (total)", "Online magazine brands", "Radio (total)", "Online radio", "Cinema", "Total UK ad spend"]}, {"name": "2020", "bboxes": [{"x": 116, "y": 223, "w": 7, "h": 3}, {"x": 151, "y": 221, "w": 7, "h": 5}, {"x": 185, "y": 226, "w": 7, "h": 5}, {"x": 219, "y": 219, "w": 7, "h": 7}, {"x": 254, "y": 226, "w": 7, "h": 14}, {"x": 288, "y": 226, "w": 7, "h": 15}, {"x": 323, "y": 226, "w": 7, "h": 21}, {"x": 357, "y": 226, "w": 7, "h": 18}, {"x": 391, "y": 226, "w": 7, "h": 11}, {"x": 426, "y": 226, "w": 7, "h": 0}, {"x": 460, "y": 226, "w": 7, "h": 16}, {"x": 494, "y": 226, "w": 7, "h": 10}, {"x": 529, "y": 226, "w": 7, "h": 13}, {"x": 563, "y": 226, "w": 7, "h": 11}, {"x": 598, "y": 226, "w": 7, "h": 6}, {"x": 632, "y": 226, "w": 7, "h": 2}, {"x": 666, "y": 226, "w": 7, "h": 37}, {"x": 701, "y": 226, "w": 7, "h": 3}], "colors": ["#0f283e", "#0f283e", "#0f283e", "#0f283e", "#0f283e", "#0f283e", "#0f283e", "#0f283e", "#0f283e", "#0f283e", "#0f283e", "#0f283e", "#0f283e", "#0f283e", "#0f283e", "#0f283e", "#0f283e", "#0f283e"], "y": ["7.1%", "10.4%", "-11.8%", "15.7%", "-30.3%", "-34.3%", "-46.3%", "-40.2%", "-24.2%", "0.5%", "-34.7%", "-23.3%", "-29.4%", "-24.5%", "-12.6%", "-5%", "-81.7%", "-7.2%"], "labels": ["Search", "Online display*", "TV (total)", "Video on demand (VoD)", "Online classified*", "Direct mail", "Out-of-home (total)", "Digital out-of-home (DOOH)", "National newsbrands (total)", "Online national newsbrands", "Regional newsbrands (total)", "Online regional newsbrands", "Magazine brands (total)", "Online magazine brands", "Radio (total)", "Online radio", "Cinema", "Total UK ad spend"], "x": ["Search", "Online display*", "TV (total)", "Video on demand (VoD)", "Online classified*", "Direct mail", "Out-of-home (total)", "Digital out-of-home (DOOH)", "National newsbrands (total)", "Online national newsbrands", "Regional newsbrands (total)", "Online regional newsbrands", "Magazine brands (total)", "Online magazine brands", "Radio (total)", "Online radio", "Cinema", "Total UK ad spend"]}, {"name": "2021*", "bboxes": [{"x": 124, "y": 218, "w": 7, "h": 8}, {"x": 158, "y": 220, "w": 7, "h": 6}, {"x": 192, "y": 222, "w": 7, "h": 4}, {"x": 227, "y": 220, "w": 7, "h": 6}, {"x": 261, "y": 217, "w": 7, "h": 9}, {"x": 296, "y": 223, "w": 7, "h": 3}, {"x": 330, "y": 209, "w": 7, "h": 17}, {"x": 364, "y": 202, "w": 7, "h": 24}, {"x": 399, "y": 223, "w": 7, "h": 3}, {"x": 433, "y": 221, "w": 7, "h": 5}, {"x": 467, "y": 224, "w": 7, "h": 2}, {"x": 502, "y": 223, "w": 7, "h": 3}, {"x": 536, "y": 223, "w": 7, "h": 3}, {"x": 571, "y": 219, "w": 7, "h": 7}, {"x": 605, "y": 220, "w": 7, "h": 6}, {"x": 639, "y": 220, "w": 7, "h": 6}, {"x": 674, "y": 106, "w": 7, "h": 120}, {"x": 708, "y": 219, "w": 7, "h": 7}], "colors": ["#bababa", "#bababa", "#bababa", "#bababa", "#bababa", "#bababa", "#bababa", "#bababa", "#bababa", "#bababa", "#bababa", "#bababa", "#bababa", "#bababa", "#bababa", "#bababa", "#bababa", "#bababa"], "y": ["18.4%", "13.4%", "8.8%", "14.3%", "20.4%", "6.4%", "36.9%", "52.3%", "7.3%", "10.9%", "3.9%", "7.3%", "6.8%", "15.8%", "12.9%", "14%", "266.8%", "15.2%"], "labels": ["Search", "Online display*", "TV (total)", "Video on demand (VoD)", "Online classified*", "Direct mail", "Out-of-home (total)", "Digital out-of-home (DOOH)", "National newsbrands (total)", "Online national newsbrands", "Regional newsbrands (total)", "Online regional newsbrands", "Magazine brands (total)", "Online magazine brands", "Radio (total)", "Online radio", "Cinema", "Total UK ad spend"], "x": ["Search", "Online display*", "TV (total)", "Video on demand (VoD)", "Online classified*", "Direct mail", "Out-of-home (total)", "Digital out-of-home (DOOH)", "National newsbrands (total)", "Online national newsbrands", "Regional newsbrands (total)", "Online regional newsbrands", "Magazine brands (total)", "Online magazine brands", "Radio (total)", "Online radio", "Cinema", "Total UK ad spend"]}, {"name": "2022*", "bboxes": [{"x": 131, "y": 221, "w": 7, "h": 5}, {"x": 165, "y": 222, "w": 7, "h": 4}, {"x": 200, "y": 225, "w": 7, "h": 1}, {"x": 234, "y": 220, "w": 7, "h": 6}, {"x": 269, "y": 225, "w": 7, "h": 1}, {"x": 303, "y": 226, "w": 7, "h": 3}, {"x": 337, "y": 217, "w": 7, "h": 9}, {"x": 372, "y": 215, "w": 7, "h": 11}, {"x": 406, "y": 226, "w": 7, "h": 0}, {"x": 440, "y": 223, "w": 7, "h": 3}, {"x": 475, "y": 226, "w": 7, "h": 0}, {"x": 509, "y": 224, "w": 7, "h": 2}, {"x": 544, "y": 226, "w": 7, "h": 0}, {"x": 578, "y": 224, "w": 7, "h": 2}, {"x": 612, "y": 225, "w": 7, "h": 1}, {"x": 647, "y": 223, "w": 7, "h": 3}, {"x": 681, "y": 199, "w": 7, "h": 27}, {"x": 716, "y": 223, "w": 7, "h": 3}], "colors": ["#a60b0b", "#a60b0b", "#a60b0b", "#a60b0b", "#a60b0b", "#a60b0b", "#a60b0b", "#a60b0b", "#a60b0b", "#a60b0b", "#a60b0b", "#a60b0b", "#a60b0b", "#a60b0b", "#a60b0b", "#a60b0b", "#a60b0b", "#a60b0b"], "y": ["10.8%", "7.9%", "2.1%", "13.9%", "2.2%", "-7.3%", "19.2%", "24.6%", "0.5%", "7.7%", "-1%", "5.5%", "0.1%", "4.6%", "2.4%", "5.6%", "61.1%", "7.2%"], "labels": ["Search", "Online display*", "TV (total)", "Video on demand (VoD)", "Online classified*", "Direct mail", "Out-of-home (total)", "Digital out-of-home (DOOH)", "National newsbrands (total)", "Online national newsbrands", "Regional newsbrands (total)", "Online regional newsbrands", "Magazine brands (total)", "Online magazine brands", "Radio (total)", "Online radio", "Cinema", "Total UK ad spend"], "x": ["Search", "Online display*", "TV (total)", "Video on demand (VoD)", "Online classified*", "Direct mail", "Out-of-home (total)", "Digital out-of-home (DOOH)", "National newsbrands (total)", "Online national newsbrands", "Regional newsbrands (total)", "Online regional newsbrands", "Magazine brands (total)", "Online magazine brands", "Radio (total)", "Online radio", "Cinema", "Total UK ad spend"]}], "type": "v_bar"}