{"general_figure_info": {"figure_info": {"bbox": {"x": 96, "y": 45, "w": 629, "h": 333}}, "y_axis": {"label": {"bbox": [{"x": 40, "y": 151, "w": 11, "h": 120.09375}], "text": "Percentage of respondents"}, "major_labels": {"bboxes": [{"x": 65, "y": 363.5, "w": 21.0, "h": 27.57142857142857}, {"x": 65, "y": 308.5, "w": 21.0, "h": 27.57142857142857}, {"x": 65, "y": 252.5, "w": 21.0, "h": 27.57142857142857}, {"x": 65, "y": 197.5, "w": 21.0, "h": 27.57142857142857}, {"x": 65, "y": 141.5, "w": 21.0, "h": 27.57142857142857}, {"x": 65, "y": 86.5, "w": 21.0, "h": 27.57142857142857}, {"x": 65, "y": 29.5, "w": 21.0, "h": 27.57142857142857}]}}, "x_axis": {"major_labels": {"bboxes": [{"x": 192, "y": 388, "h": 12, "w": 18.44482421875}, {"x": 403, "y": 388, "h": 12, "w": 14.0625}, {"x": 527, "y": 388, "h": 12, "w": 187.60205078125}], "values": ["Yes", "No", "I have never (knowingly) taken opioids"]}, "label": {}}, "legend": {"bbox": {"x": 127, "y": 416, "w": 505, "h": 34}, "items": [{"model": "18 to 29 years", "label": {"bbox": {"x": 156, "y": 428, "w": 79.71484375, "h": 14}, "text": "18 to 29 years"}, "preview": {"bbox": {"x": 137, "y": 428, "w": 12, "h": 12}}}, {"model": "30 to 44 years", "label": {"bbox": {"x": 275, "y": 428, "w": 79.71484375, "h": 14}, "text": "30 to 44 years"}, "preview": {"bbox": {"x": 255, "y": 428, "w": 12, "h": 12}}}, {"model": "45 to 59 years", "label": {"bbox": {"x": 393, "y": 428, "w": 79.71484375, "h": 14}, "text": "45 to 59 years"}, "preview": {"bbox": {"x": 374, "y": 428, "w": 12, "h": 12}}}, {"model": "60 years and older", "label": {"bbox": {"x": 511, "y": 428, "w": 105.716796875, "h": 14}, "text": "60 years and older"}, "preview": {"bbox": {"x": 493, "y": 428, "w": 12, "h": 12}}}]}}, "models": [{"name": "18 to 29 years", "bboxes": [{"x": 113, "y": 274, "w": 41, "h": 105}, {"x": 323, "y": 157, "w": 41, "h": 222}, {"x": 532, "y": 151, "w": 41, "h": 228}], "colors": ["#2876dd", "#2876dd", "#2876dd"], "y": ["19%", "40%", "41%"], "labels": ["Yes", "No", "I have never (knowingly) taken opioids"], "x": ["Yes", "No", "I have never (knowingly) taken opioids"]}, {"name": "30 to 44 years", "bboxes": [{"x": 158, "y": 262, "w": 41, "h": 117}, {"x": 368, "y": 96, "w": 41, "h": 283}, {"x": 577, "y": 218, "w": 41, "h": 161}], "colors": ["#0f283e", "#0f283e", "#0f283e"], "y": ["21%", "51%", "29%"], "labels": ["Yes", "No", "I have never (knowingly) taken opioids"], "x": ["Yes", "No", "I have never (knowingly) taken opioids"]}, {"name": "45 to 59 years", "bboxes": [{"x": 203, "y": 329, "w": 41, "h": 50}, {"x": 413, "y": 102, "w": 41, "h": 277}, {"x": 622, "y": 151, "w": 41, "h": 228}], "colors": ["#bababa", "#bababa", "#bababa"], "y": ["9%", "50%", "41%"], "labels": ["Yes", "No", "I have never (knowingly) taken opioids"], "x": ["Yes", "No", "I have never (knowingly) taken opioids"]}, {"name": "60 years and older", "bboxes": [{"x": 248, "y": 318, "w": 41, "h": 61}, {"x": 458, "y": 157, "w": 41, "h": 222}, {"x": 667, "y": 107, "w": 41, "h": 272}], "colors": ["#a60b0b", "#a60b0b", "#a60b0b"], "y": ["11%", "40%", "49%"], "labels": ["Yes", "No", "I have never (knowingly) taken opioids"], "x": ["Yes", "No", "I have never (knowingly) taken opioids"]}], "type": "v_bar"}