{"general_figure_info": {"figure_info": {"bbox": {"x": 96, "y": 45, "w": 629, "h": 333}}, "y_axis": {"label": {"bbox": [{"x": 40, "y": 120, "w": 11, "h": 183.4375}], "text": "Location submarket value (in billion GBP)"}, "major_labels": {"bboxes": [{"x": 65, "y": 363.5, "w": 21.0, "h": 27.57142857142857}, {"x": 65, "y": 308.5, "w": 21.0, "h": 27.57142857142857}, {"x": 65, "y": 252.5, "w": 21.0, "h": 27.57142857142857}, {"x": 65, "y": 197.5, "w": 21.0, "h": 27.57142857142857}, {"x": 65, "y": 141.5, "w": 21.0, "h": 27.57142857142857}, {"x": 65, "y": 86.5, "w": 21.0, "h": 27.57142857142857}, {"x": 65, "y": 29.5, "w": 21.0, "h": 27.57142857142857}]}}, "x_axis": {"major_labels": {"bboxes": [{"x": 227, "y": 388, "h": 12, "w": 53.84765625}, {"x": 502, "y": 388, "h": 12, "w": 130.890625}], "values": ["Rest of UK", "London and South Eastern"]}, "label": {}}, "legend": {"bbox": {"x": 252, "y": 416, "w": 255, "h": 34}, "items": [{"model": "2013", "label": {"bbox": {"x": 281, "y": 428, "w": 27.021484375, "h": 14}, "text": "2013"}, "preview": {"bbox": {"x": 262, "y": 428, "w": 12, "h": 12}}}, {"model": "2014", "label": {"bbox": {"x": 343, "y": 428, "w": 27.021484375, "h": 14}, "text": "2014"}, "preview": {"bbox": {"x": 324, "y": 428, "w": 12, "h": 12}}}, {"model": "2015", "label": {"bbox": {"x": 406, "y": 428, "w": 27.021484375, "h": 14}, "text": "2015"}, "preview": {"bbox": {"x": 387, "y": 428, "w": 12, "h": 12}}}, {"model": "2016", "label": {"bbox": {"x": 468, "y": 428, "w": 27.021484375, "h": 14}, "text": "2016"}, "preview": {"bbox": {"x": 449, "y": 428, "w": 12, "h": 12}}}]}}, "models": [{"name": "2013", "bboxes": [{"x": 121, "y": 208, "w": 61, "h": 171}, {"x": 436, "y": 270, "w": 61, "h": 109}], "colors": ["#2876dd", "#2876dd"], "y": ["77", "49"], "labels": ["Rest of UK", "London and South Eastern"], "x": ["Rest of UK", "London and South Eastern"]}, {"name": "2014", "bboxes": [{"x": 189, "y": 177, "w": 61, "h": 202}, {"x": 504, "y": 250, "w": 61, "h": 129}], "colors": ["#0f283e", "#0f283e"], "y": ["91", "58"], "labels": ["Rest of UK", "London and South Eastern"], "x": ["Rest of UK", "London and South Eastern"]}, {"name": "2015", "bboxes": [{"x": 257, "y": 153, "w": 61, "h": 226}, {"x": 571, "y": 230, "w": 61, "h": 149}], "colors": ["#bababa", "#bababa"], "y": ["102", "67"], "labels": ["Rest of UK", "London and South Eastern"], "x": ["Rest of UK", "London and South Eastern"]}, {"name": "2016", "bboxes": [{"x": 324, "y": 117, "w": 61, "h": 262}, {"x": 639, "y": 208, "w": 61, "h": 171}], "colors": ["#a60b0b", "#a60b0b"], "y": ["118", "77"], "labels": ["Rest of UK", "London and South Eastern"], "x": ["Rest of UK", "London and South Eastern"]}], "type": "v_bar"}