{"general_figure_info": {"figure_info": {"bbox": {"x": 109, "y": 47, "w": 618, "h": 333}}, "y_axis": {"label": {"bbox": [{"x": 42, "y": 170, "w": 11, "h": 87.0439453125}], "text": "Percentage of GDP"}, "major_labels": {"bboxes": [{"x": 69, "y": 363.5, "w": 30.0, "h": 35.5}, {"x": 69, "y": 296.5, "w": 30.0, "h": 35.5}, {"x": 69, "y": 230.5, "w": 30.0, "h": 35.5}, {"x": 69, "y": 163.5, "w": 30.0, "h": 35.5}, {"x": 69, "y": 97.5, "w": 30.0, "h": 35.5}, {"x": 69, "y": 29.5, "w": 30.0, "h": 35.5}]}}, "x_axis": {"major_labels": {"bboxes": [{"x": 128, "y": 390, "h": 12, "w": 24.484375}, {"x": 190, "y": 390, "h": 12, "w": 23.65625}, {"x": 251, "y": 390, "h": 12, "w": 24.484375}, {"x": 313, "y": 390, "h": 12, "w": 24.484375}, {"x": 375, "y": 390, "h": 12, "w": 24.484375}, {"x": 437, "y": 390, "h": 12, "w": 24.484375}, {"x": 498, "y": 390, "h": 12, "w": 24.484375}, {"x": 560, "y": 390, "h": 12, "w": 24.484375}, {"x": 622, "y": 390, "h": 12, "w": 24.484375}, {"x": 684, "y": 390, "h": 12, "w": 24.484375}], "values": ["2010", "2011", "2012", "2013", "2014", "2015", "2016", "2017", "2018", "2019"]}, "label": {}}, "legend": {"bbox": {"x": 235, "y": 418, "w": 293, "h": 34}, "items": [{"model": "Total contribution", "label": {"bbox": {"x": 264, "y": 430, "w": 101.09375, "h": 14}, "text": "Total contribution"}, "preview": {"bbox": {"x": 243, "y": 437, "w": 16, "h": 0}}}, {"model": "Direct contribution", "label": {"bbox": {"x": 405, "y": 430, "w": 107.34375, "h": 14}, "text": "Direct contribution"}, "preview": {"bbox": {"x": 384, "y": 437, "w": 16, "h": 0}}}]}}, "models": [{"name": "Total contribution", "bboxes": [{"x": 138, "y": 126, "w": 62, "h": 7}, {"x": 200, "y": 116, "w": 62, "h": 17}, {"x": 262, "y": 103, "w": 62, "h": 13}, {"x": 324, "y": 96, "w": 62, "h": 7}, {"x": 386, "y": 86, "w": 61, "h": 10}, {"x": 447, "y": 82, "w": 62, "h": 4}, {"x": 509, "y": 73, "w": 62, "h": 9}, {"x": 571, "y": 73, "w": 62, "h": 1}, {"x": 633, "y": 74, "w": 62, "h": 5}], "colors": "#2876dd", "y": ["14.5%", "14.22%", "14.88%", "15.37%", "15.62%", "15.99%", "16.15%", "16.47%", "16.44%", "16.28%"], "labels": ["2010", "2011", "2012", "2013", "2014", "2015", "2016", "2017", "2018", "2019"], "x": ["2010", "2011", "2012", "2013", "2014", "2015", "2016", "2017", "2018", "2019"]}, {"name": "Direct contribution", "bboxes": [{"x": 138, "y": 376, "w": 62, "h": 2}, {"x": 200, "y": 374, "w": 62, "h": 4}, {"x": 262, "y": 370, "w": 62, "h": 4}, {"x": 324, "y": 365, "w": 62, "h": 5}, {"x": 386, "y": 362, "w": 61, "h": 3}, {"x": 447, "y": 358, "w": 62, "h": 4}, {"x": 509, "y": 357, "w": 62, "h": 1}, {"x": 571, "y": 357, "w": 62, "h": 1}, {"x": 633, "y": 358, "w": 62, "h": 3}], "colors": "#0f283e", "y": ["5.1%", "5.03%", "5.17%", "5.35%", "5.52%", "5.64%", "5.77%", "5.82%", "5.77%", "5.66%"], "labels": ["2010", "2011", "2012", "2013", "2014", "2015", "2016", "2017", "2018", "2019"], "x": ["2010", "2011", "2012", "2013", "2014", "2015", "2016", "2017", "2018", "2019"]}], "type": "line"}