{"general_figure_info": {"figure_info": {"bbox": {"x": 103, "y": 45, "w": 622, "h": 273}}, "y_axis": {"label": {"bbox": [{"x": 40, "y": 150, "w": 11, "h": 62.5810546875}], "text": "Share of GDP"}, "major_labels": {"bboxes": [{"x": 65, "y": 303.5, "w": 28.0, "h": 25.5}, {"x": 65, "y": 248.5, "w": 28.0, "h": 25.5}, {"x": 65, "y": 194.5, "w": 28.0, "h": 25.5}, {"x": 65, "y": 139.5, "w": 28.0, "h": 25.5}, {"x": 65, "y": 85.5, "w": 28.0, "h": 25.5}, {"x": 65, "y": 29.5, "w": 28.0, "h": 25.5}]}}, "x_axis": {"major_labels": {"bboxes": [{"x": 114, "y": 331, "h": 27.9417724609375, "w": 27.94176483154297}, {"x": 182, "y": 330, "h": 29.43194580078125, "w": 29.43194580078125}, {"x": 247, "y": 331, "h": 32.70367431640625, "w": 32.70368957519531}, {"x": 308, "y": 331, "h": 40.8250732421875, "w": 40.8250732421875}, {"x": 393, "y": 330, "h": 25.975830078125, "w": 25.975830078125}, {"x": 454, "y": 330, "h": 33.21331787109375, "w": 33.21331787109375}, {"x": 524, "y": 330, "h": 32.884246826171875, "w": 32.88427734375}, {"x": 562, "y": 331, "h": 63.8385009765625, "w": 63.83843994140625}, {"x": 633, "y": 330, "h": 61.743408203125, "w": 61.743408203125}], "values": ["Brazil", "China", "France", "Germany", "India", "Japan*", "Russia", "United Kingdom", "United States**"]}, "label": {}}, "legend": {"bbox": {"x": 246, "y": 416, "w": 268, "h": 34}, "items": [{"model": "Agriculture", "label": {"bbox": {"x": 275, "y": 428, "w": 64.333984375, "h": 14}, "text": "Agriculture"}, "preview": {"bbox": {"x": 256, "y": 428, "w": 12, "h": 12}}}, {"model": "Industry", "label": {"bbox": {"x": 375, "y": 428, "w": 47.6640625, "h": 14}, "text": "Industry"}, "preview": {"bbox": {"x": 356, "y": 428, "w": 12, "h": 12}}}, {"model": "Services", "label": {"bbox": {"x": 458, "y": 428, "w": 49.703125, "h": 14}, "text": "Services"}, "preview": {"bbox": {"x": 439, "y": 428, "w": 12, "h": 12}}}]}}, "models": [{"name": "Agriculture", "bboxes": [{"x": 111, "y": 309, "w": 54, "h": 10}, {"x": 179, "y": 303, "w": 54, "h": 16}, {"x": 249, "y": 315, "w": 54, "h": 3}, {"x": 317, "y": 317, "w": 54, "h": 2}, {"x": 387, "y": 283, "w": 54, "h": 35}, {"x": 455, "y": 315, "w": 54, "h": 3}, {"x": 525, "y": 311, "w": 54, "h": 8}, {"x": 595, "y": 317, "w": 54, "h": 1}, {"x": 663, "y": 317, "w": 54, "h": 2}], "colors": ["#2876dd", "#2876dd", "#2876dd", "#2876dd", "#2876dd", "#2876dd", "#2876dd", "#2876dd", "#2876dd"], "y": ["4.44%", "7.11%", "1.6%", "0.82%", "15.96%", "1.24%", "3.45%", "0.61%", "0.92%"], "labels": ["Brazil", "China", "France", "Germany", "India", "Japan*", "Russia", "United Kingdom", "United States**"], "x": ["Brazil", "China", "France", "Germany", "India", "Japan*", "Russia", "United Kingdom", "United States**"]}, {"name": "Industry", "bboxes": [{"x": 111, "y": 269, "w": 54, "h": 39}, {"x": 179, "y": 217, "w": 54, "h": 85}, {"x": 249, "y": 277, "w": 54, "h": 38}, {"x": 317, "y": 259, "w": 54, "h": 58}, {"x": 387, "y": 229, "w": 54, "h": 54}, {"x": 455, "y": 253, "w": 54, "h": 63}, {"x": 525, "y": 241, "w": 54, "h": 70}, {"x": 595, "y": 279, "w": 54, "h": 38}, {"x": 663, "y": 277, "w": 54, "h": 40}], "colors": ["#0f283e", "#0f283e", "#0f283e", "#0f283e", "#0f283e", "#0f283e", "#0f283e", "#0f283e", "#0f283e"], "y": ["17.92%", "38.97%", "17.14%", "26.82%", "24.88%", "29.07%", "32.17%", "17.41%", "18.21%"], "labels": ["Brazil", "China", "France", "Germany", "India", "Japan*", "Russia", "United Kingdom", "United States**"], "x": ["Brazil", "China", "France", "Germany", "India", "Japan*", "Russia", "United Kingdom", "United States**"]}, {"name": "Services", "bboxes": [{"x": 111, "y": 131, "w": 54, "h": 138}, {"x": 179, "y": 101, "w": 54, "h": 117}, {"x": 249, "y": 125, "w": 54, "h": 153}, {"x": 317, "y": 121, "w": 54, "h": 137}, {"x": 387, "y": 121, "w": 54, "h": 109}, {"x": 455, "y": 101, "w": 54, "h": 152}, {"x": 525, "y": 123, "w": 54, "h": 118}, {"x": 595, "y": 123, "w": 54, "h": 156}, {"x": 663, "y": 107, "w": 54, "h": 169}], "colors": ["#bababa", "#bababa", "#bababa", "#bababa", "#bababa", "#bababa", "#bababa", "#bababa", "#bababa"], "y": ["63.25%", "53.92%", "70.19%", "62.39%", "49.88%", "69.31%", "54.03%", "71.26%", "77.37%"], "labels": ["Brazil", "China", "France", "Germany", "India", "Japan*", "Russia", "United Kingdom", "United States**"], "x": ["Brazil", "China", "France", "Germany", "India", "Japan*", "Russia", "United Kingdom", "United States**"]}], "type": "v_bar"}