{"general_figure_info": {"figure_info": {"bbox": {"x": 115, "y": 97, "w": 612, "h": 282}}, "y_axis": {"label": {"bbox": [{"x": 386, "y": 439, "w": 70.1572265625, "h": 11}], "text": "Trade value in million U.S. dollars"}, "major_labels": {"bboxes": [{"x": 413, "y": 362.5, "w": 288.0, "h": 27.0}, {"x": 413, "y": 306.5, "w": 288.0, "h": 27.0}, {"x": 413, "y": 249.5, "w": 288.0, "h": 27.0}, {"x": 413, "y": 193.5, "w": 288.0, "h": 27.0}, {"x": 413, "y": 136.5, "w": 288.0, "h": 27.0}, {"x": 413, "y": 79.5, "w": 288.0, "h": 27.0}]}}, "x_axis": {"major_labels": {"bboxes": [{"x": 105, "y": 392, "h": 29.521728515625, "w": 29.521713256835938}, {"x": 134, "y": 392, "h": 30.604095458984375, "w": 30.60411834716797}, {"x": 163, "y": 392, "h": 32.018341064453125, "w": 32.01832580566406}, {"x": 198, "y": 392, "h": 26.91424560546875, "w": 26.91424560546875}, {"x": 224, "y": 392, "h": 30.81439208984375, "w": 30.814376831054688}, {"x": 253, "y": 392, "h": 31.15618896484375, "w": 31.15618896484375}, {"x": 285, "y": 392, "h": 29.521728515625, "w": 29.521728515625}, {"x": 314, "y": 392, "h": 30.6041259765625, "w": 30.6041259765625}, {"x": 342, "y": 392, "h": 32.018341064453125, "w": 32.018341064453125}, {"x": 377, "y": 392, "h": 26.91424560546875, "w": 26.914276123046875}, {"x": 403, "y": 392, "h": 30.81439208984375, "w": 30.81439208984375}, {"x": 433, "y": 392, "h": 31.15618896484375, "w": 31.15618896484375}, {"x": 464, "y": 392, "h": 29.521728515625, "w": 29.521728515625}, {"x": 493, "y": 392, "h": 30.6041259765625, "w": 30.6041259765625}, {"x": 521, "y": 392, "h": 32.018341064453125, "w": 32.018310546875}, {"x": 556, "y": 392, "h": 26.91424560546875, "w": 26.91424560546875}, {"x": 582, "y": 392, "h": 30.81439208984375, "w": 30.81439208984375}, {"x": 612, "y": 392, "h": 31.15618896484375, "w": 31.15625}, {"x": 643, "y": 392, "h": 29.521728515625, "w": 29.52166748046875}, {"x": 672, "y": 392, "h": 30.6041259765625, "w": 30.6041259765625}, {"x": 700, "y": 392, "h": 32.018341064453125, "w": 32.018310546875}], "values": ["Jan", "Mar", "May", "Jul", "Sep", "Nov", "Jan", "Mar", "May", "Jul", "Sep", "Nov", "Jan", "Mar", "May", "Jul", "Sep", "Nov", "Jan", "Mar", "May"]}, "label": {}}, "legend": {"bbox": {"x": 301, "y": 468, "w": 162, "h": 34}, "items": [{"model": "Imports", "label": {"bbox": {"x": 330, "y": 430, "w": 44.330078125, "h": 14}, "text": "Imports"}, "preview": {"bbox": {"x": 309, "y": 437, "w": 16, "h": 0}}}, {"model": "Exports", "label": {"bbox": {"x": 408, "y": 430, "w": 45.00390625, "h": 14}, "text": "Exports"}, "preview": {"bbox": {"x": 387, "y": 437, "w": 16, "h": 0}}}]}}, "models": [{"name": "Imports", "bboxes": [{"x": 121, "y": 261, "w": 15, "h": 16}, {"x": 136, "y": 262, "w": 15, "h": 15}, {"x": 151, "y": 259, "w": 15, "h": 3}, {"x": 166, "y": 254, "w": 15, "h": 5}, {"x": 181, "y": 254, "w": 15, "h": 10}, {"x": 196, "y": 258, "w": 15, "h": 6}, {"x": 211, "y": 258, "w": 14, "h": 6}, {"x": 225, "y": 261, "w": 15, "h": 3}, {"x": 240, "y": 239, "w": 15, "h": 22}, {"x": 255, "y": 239, "w": 15, "h": 10}, {"x": 270, "y": 249, "w": 15, "h": 7}, {"x": 285, "y": 256, "w": 15, "h": 0}, {"x": 300, "y": 256, "w": 15, "h": 10}, {"x": 315, "y": 255, "w": 15, "h": 11}, {"x": 330, "y": 245, "w": 15, "h": 10}, {"x": 345, "y": 241, "w": 15, "h": 4}, {"x": 360, "y": 241, "w": 15, "h": 18}, {"x": 375, "y": 246, "w": 15, "h": 13}, {"x": 390, "y": 246, "w": 15, "h": 1}, {"x": 405, "y": 247, "w": 15, "h": 0}, {"x": 420, "y": 219, "w": 14, "h": 28}, {"x": 434, "y": 219, "w": 15, "h": 31}, {"x": 449, "y": 250, "w": 15, "h": 8}, {"x": 464, "y": 251, "w": 15, "h": 7}, {"x": 479, "y": 251, "w": 15, "h": 15}, {"x": 494, "y": 252, "w": 15, "h": 14}, {"x": 509, "y": 252, "w": 15, "h": 2}, {"x": 524, "y": 247, "w": 15, "h": 7}, {"x": 539, "y": 247, "w": 15, "h": 20}, {"x": 554, "y": 248, "w": 15, "h": 19}, {"x": 569, "y": 248, "w": 15, "h": 5}, {"x": 584, "y": 253, "w": 15, "h": 3}, {"x": 599, "y": 232, "w": 15, "h": 24}, {"x": 614, "y": 232, "w": 14, "h": 28}, {"x": 628, "y": 250, "w": 15, "h": 10}, {"x": 643, "y": 250, "w": 15, "h": 17}, {"x": 658, "y": 267, "w": 15, "h": 9}, {"x": 673, "y": 252, "w": 15, "h": 24}, {"x": 688, "y": 191, "w": 15, "h": 61}, {"x": 703, "y": 161, "w": 15, "h": 30}], "colors": "#2876dd", "y": ["10 341.84", "8 988.89", "10 241.24", "10 581.69", "11 004.49", "10 105.22", "10 597.25", "10 096.68", "10 357.06", "12 320.76", "11 446.28", "10 849.11", "10 778.37", "9 970.41", "10 873.11", "11 811.74", "12 126.88", "10 561.24", "11 730.16", "11 612.06", "11 584.31", "14 094.31", "11 322.36", "10 668.4", "11 252.23", "9 902.35", "11 140.31", "11 000.82", "11 602.27", "9 861.57", "11 503", "11 083.87", "10 788.35", "12 960.75", "10 460.57", "11 375.66", "9 825.68", "9 045.64", "11 185.58", "16 551.58", "19 194.23"], "labels": ["Jan", "Mar", "May", "Jul", "Sep", "Nov", "Jan", "Mar", "May", "Jul", "Sep", "Nov", "Jan", "Mar", "May", "Jul", "Sep", "Nov", "Jan", "Mar", "May"], "x": ["Jan", "Mar", "May", "Jul", "Sep", "Nov", "Jan", "Mar", "May", "Jul", "Sep", "Nov", "Jan", "Mar", "May", "Jul", "Sep", "Nov", "Jan", "Mar", "May"]}, {"name": "Exports", "bboxes": [{"x": 121, "y": 300, "w": 15, "h": 7}, {"x": 136, "y": 295, "w": 15, "h": 5}, {"x": 151, "y": 295, "w": 15, "h": 14}, {"x": 166, "y": 304, "w": 15, "h": 5}, {"x": 181, "y": 293, "w": 15, "h": 11}, {"x": 196, "y": 293, "w": 15, "h": 22}, {"x": 211, "y": 309, "w": 14, "h": 6}, {"x": 225, "y": 287, "w": 15, "h": 22}, {"x": 240, "y": 287, "w": 15, "h": 10}, {"x": 255, "y": 295, "w": 15, "h": 2}, {"x": 270, "y": 295, "w": 15, "h": 3}, {"x": 285, "y": 294, "w": 15, "h": 4}, {"x": 300, "y": 282, "w": 15, "h": 12}, {"x": 315, "y": 282, "w": 15, "h": 6}, {"x": 330, "y": 288, "w": 15, "h": 13}, {"x": 345, "y": 297, "w": 15, "h": 4}, {"x": 360, "y": 286, "w": 15, "h": 11}, {"x": 375, "y": 286, "w": 15, "h": 24}, {"x": 390, "y": 304, "w": 15, "h": 6}, {"x": 405, "y": 284, "w": 15, "h": 20}, {"x": 420, "y": 284, "w": 14, "h": 8}, {"x": 434, "y": 292, "w": 15, "h": 13}, {"x": 449, "y": 305, "w": 15, "h": 4}, {"x": 464, "y": 308, "w": 15, "h": 1}, {"x": 479, "y": 297, "w": 15, "h": 11}, {"x": 494, "y": 297, "w": 15, "h": 3}, {"x": 509, "y": 300, "w": 15, "h": 10}, {"x": 524, "y": 301, "w": 15, "h": 9}, {"x": 539, "y": 301, "w": 15, "h": 2}, {"x": 554, "y": 303, "w": 15, "h": 13}, {"x": 569, "y": 315, "w": 15, "h": 1}, {"x": 584, "y": 307, "w": 15, "h": 8}, {"x": 599, "y": 307, "w": 15, "h": 3}, {"x": 614, "y": 304, "w": 14, "h": 6}, {"x": 628, "y": 304, "w": 15, "h": 6}, {"x": 643, "y": 308, "w": 15, "h": 2}, {"x": 658, "y": 308, "w": 15, "h": 2}, {"x": 673, "y": 310, "w": 15, "h": 10}, {"x": 688, "y": 320, "w": 15, "h": 16}, {"x": 703, "y": 336, "w": 15, "h": 0}], "colors": "#0f283e", "y": ["6 279.11", "6 905.16", "7 354.21", "6 124.34", "6 567.04", "7 500.75", "5 553.5", "6 132.09", "8 054.23", "7 190.82", "7 326.25", "7 081.29", "7 478.17", "8 539.37", "7 988.34", "6 797.81", "7 193.56", "8 183.31", "6 063.77", "6 551", "8 337.97", "7 609.4", "6 450.84", "6 097.36", "6 185.57", "7 192.22", "6 943.82", "6 030.8", "6 792.24", "6 641.82", "5 514.34", "5 595.82", "6 295.8", "6 059.94", "6 586.9", "6 013.28", "6 181.59", "6 021.7", "5 127", "3 745.93", "3 755.01"], "labels": ["Jan", "Mar", "May", "Jul", "Sep", "Nov", "Jan", "Mar", "May", "Jul", "Sep", "Nov", "Jan", "Mar", "May", "Jul", "Sep", "Nov", "Jan", "Mar", "May"], "x": ["Jan", "Mar", "May", "Jul", "Sep", "Nov", "Jan", "Mar", "May", "Jul", "Sep", "Nov", "Jan", "Mar", "May", "Jul", "Sep", "Nov", "Jan", "Mar", "May"]}], "type": "v_bar"}