{"general_figure_info": {"figure_info": {"bbox": {"x": 217, "y": 35, "w": 493, "h": 321}}, "y_axis": {"label": {"bbox": [{"x": 419, "y": 387, "w": 88.953125, "h": 11}], "text": "Share of companies"}, "major_labels": {"bboxes": [{"x": 196.5, "y": 362, "w": 24.81818181818182, "h": 26.0}, {"x": 245.5, "y": 362, "w": 24.81818181818182, "h": 26.0}, {"x": 295.5, "y": 362, "w": 24.81818181818182, "h": 26.0}, {"x": 344.5, "y": 362, "w": 24.81818181818182, "h": 26.0}, {"x": 393.5, "y": 362, "w": 24.81818181818182, "h": 26.0}, {"x": 443.5, "y": 362, "w": 24.81818181818182, "h": 26.0}, {"x": 492.5, "y": 362, "w": 24.81818181818182, "h": 26.0}, {"x": 541.5, "y": 362, "w": 24.81818181818182, "h": 26.0}, {"x": 590.5, "y": 362, "w": 24.81818181818182, "h": 26.0}, {"x": 640.5, "y": 362, "w": 24.81818181818182, "h": 26.0}, {"x": 690.5, "y": 362, "w": 24.81818181818182, "h": 26.0}]}}, "x_axis": {"major_labels": {"bboxes": [{"x": 52, "y": 49, "h": 12, "w": 152.1474609375}, {"x": 49, "y": 89, "h": 12, "w": 155.79443359375}, {"x": 76, "y": 129, "h": 12, "w": 128.28369140625}, {"x": 119, "y": 169, "h": 12, "w": 85.2880859375}, {"x": 119, "y": 210, "h": 12, "w": 85.28271484375}, {"x": 100, "y": 250, "h": 12, "w": 104.44677734375}, {"x": 67, "y": 290, "h": 12, "w": 137.46826171875}, {"x": 76, "y": 330, "h": 12, "w": 128.29443359375}], "values": ["Decrease in demand and sales", "Closure of sales establishments", "Problems importing goods", "Supply difficulties", "Closure of offices", "Increased input costs", "Closure of production plants", "Problems exporting goods"]}, "label": {}}, "legend": {"bbox": {"x": 255, "y": 416, "w": 235, "h": 34}, "items": [{"model": "Wholesale trade", "label": {"bbox": {"x": 385, "y": 428, "w": 92.353515625, "h": 14}, "text": "Wholesale trade"}, "preview": {"bbox": {"x": 366, "y": 428, "w": 12, "h": 12}}}, {"model": "Retail trade", "label": {"bbox": {"x": 284, "y": 428, "w": 65.681640625, "h": 14}, "text": "Retail trade"}, "preview": {"bbox": {"x": 265, "y": 428, "w": 12, "h": 12}}}]}}, "models": [{"name": "Wholesale trade", "bboxes": [{"x": 216, "y": 39, "w": 389, "h": 15}, {"x": 216, "y": 79, "w": 104, "h": 15}, {"x": 216, "y": 119, "w": 256, "h": 15}, {"x": 216, "y": 160, "w": 256, "h": 15}, {"x": 216, "y": 200, "w": 207, "h": 15}, {"x": 216, "y": 240, "w": 246, "h": 15}, {"x": 216, "y": 280, "w": 84, "h": 15}, {"x": 216, "y": 320, "w": 10, "h": 15}], "colors": ["#0f283e", "#0f283e", "#0f283e", "#0f283e", "#0f283e", "#0f283e", "#0f283e", "#0f283e"], "y": ["79%", "21%", "52%", "52%", "42%", "50%", "17%", "2%"], "labels": ["Decrease in demand and sales", "Closure of sales establishments", "Problems importing goods", "Supply difficulties", "Closure of offices", "Increased input costs", "Closure of production plants", "Problems exporting goods"], "x": ["Decrease in demand and sales", "Closure of sales establishments", "Problems importing goods", "Supply difficulties", "Closure of offices", "Increased input costs", "Closure of production plants", "Problems exporting goods"]}, {"name": "Retail trade", "bboxes": [{"x": 216, "y": 56, "w": 409, "h": 15}, {"x": 216, "y": 96, "w": 320, "h": 15}, {"x": 216, "y": 136, "w": 212, "h": 15}, {"x": 216, "y": 176, "w": 173, "h": 15}, {"x": 216, "y": 216, "w": 163, "h": 15}, {"x": 216, "y": 257, "w": 148, "h": 15}, {"x": 216, "y": 297, "w": 35, "h": 15}, {"x": 216, "y": 337, "w": 0, "h": 15}], "colors": ["#2876dd", "#2876dd", "#2876dd", "#2876dd", "#2876dd", "#2876dd", "#2876dd", "#2876dd"], "y": ["83%", "65%", "43%", "35%", "33%", "30%", "7%", "0%"], "labels": ["Decrease in demand and sales", "Closure of sales establishments", "Problems importing goods", "Supply difficulties", "Closure of offices", "Increased input costs", "Closure of production plants", "Problems exporting goods"], "x": ["Decrease in demand and sales", "Closure of sales establishments", "Problems importing goods", "Supply difficulties", "Closure of offices", "Increased input costs", "Closure of production plants", "Problems exporting goods"]}], "type": "h_bar"}