{"general_figure_info": {"figure_info": {"bbox": {"x": 91, "y": 97, "w": 636, "h": 314}}, "y_axis": {"label": {"bbox": [{"x": 42, "y": 193, "w": 11, "h": 121.087890625}], "text": "Deaths per 100,000 people"}, "major_labels": {"bboxes": [{"x": 69, "y": 394.5, "w": 12.0, "h": 24.857142857142854}, {"x": 69, "y": 342.5, "w": 12.0, "h": 24.857142857142854}, {"x": 69, "y": 289.5, "w": 12.0, "h": 24.857142857142854}, {"x": 69, "y": 237.5, "w": 12.0, "h": 24.857142857142854}, {"x": 69, "y": 185.5, "w": 12.0, "h": 24.857142857142854}, {"x": 69, "y": 132.5, "w": 12.0, "h": 24.857142857142854}, {"x": 69, "y": 79.5, "w": 12.0, "h": 24.857142857142854}]}}, "x_axis": {"major_labels": {"bboxes": [{"x": 74, "y": 424, "h": 25.798370361328125, "w": 25.798351287841797}, {"x": 101, "y": 424, "h": 25.798370361328125, "w": 25.79834747314453}, {"x": 127, "y": 424, "h": 25.798370361328125, "w": 25.79834747314453}, {"x": 154, "y": 424, "h": 25.798370361328125, "w": 25.79834747314453}, {"x": 181, "y": 424, "h": 25.798370361328125, "w": 25.798355102539062}, {"x": 208, "y": 424, "h": 25.798370361328125, "w": 25.798355102539062}, {"x": 235, "y": 424, "h": 25.798370361328125, "w": 25.798355102539062}, {"x": 262, "y": 424, "h": 25.798370361328125, "w": 25.798355102539062}, {"x": 289, "y": 424, "h": 25.798370361328125, "w": 25.79833984375}, {"x": 316, "y": 424, "h": 25.798370361328125, "w": 25.79833984375}, {"x": 342, "y": 424, "h": 25.798370361328125, "w": 25.79833984375}, {"x": 369, "y": 424, "h": 25.798370361328125, "w": 25.79833984375}, {"x": 396, "y": 424, "h": 25.798370361328125, "w": 25.79833984375}, {"x": 423, "y": 424, "h": 25.798370361328125, "w": 25.79833984375}, {"x": 450, "y": 424, "h": 25.798370361328125, "w": 25.79833984375}, {"x": 477, "y": 424, "h": 25.798370361328125, "w": 25.79833984375}, {"x": 504, "y": 424, "h": 25.79833984375, "w": 25.79833984375}, {"x": 531, "y": 424, "h": 25.798370361328125, "w": 25.798309326171875}, {"x": 557, "y": 424, "h": 25.798370361328125, "w": 25.79833984375}, {"x": 584, "y": 424, "h": 25.798370361328125, "w": 25.79833984375}, {"x": 611, "y": 424, "h": 25.798370361328125, "w": 25.79833984375}, {"x": 638, "y": 424, "h": 25.798370361328125, "w": 25.79833984375}, {"x": 665, "y": 424, "h": 25.798370361328125, "w": 25.79833984375}, {"x": 692, "y": 424, "h": 25.798370361328125, "w": 25.79833984375}], "values": ["1900", "1903", "1906", "1909", "1912", "1915", "1918", "1921", "1924", "1927", "1930", "1933", "1936", "1939", "1942", "1945", "1948", "1951", "1954", "1957", "1960", "1963", "1966", "1969"]}, "label": {}}, "legend": {"bbox": {"x": 157, "y": 468, "w": 449, "h": 34}, "items": [{"model": "Liver cirrhosis deaths", "label": {"bbox": {"x": 186, "y": 430, "w": 125.04296875, "h": 14}, "text": "Liver cirrhosis deaths"}, "preview": {"bbox": {"x": 165, "y": 437, "w": 16, "h": 0}}}, {"model": "Liver cirrhosis deaths (during Prohibition)", "label": {"bbox": {"x": 347, "y": 430, "w": 240.03125, "h": 14}, "text": "Liver cirrhosis deaths (during Prohibition)"}, "preview": {"bbox": {"x": 326, "y": 437, "w": 16, "h": 0}}}]}}, "models": [{"name": "Liver cirrhosis deaths", "bboxes": [{"x": 94, "y": 224, "w": 9, "h": 16}, {"x": 103, "y": 224, "w": 9, "h": 3}, {"x": 112, "y": 214, "w": 9, "h": 13}, {"x": 121, "y": 203, "w": 9, "h": 11}, {"x": 130, "y": 201, "w": 9, "h": 2}, {"x": 139, "y": 198, "w": 9, "h": 3}, {"x": 148, "y": 180, "w": 9, "h": 18}, {"x": 157, "y": 180, "w": 9, "h": 34}, {"x": 166, "y": 214, "w": 9, "h": 2}, {"x": 175, "y": 216, "w": 9, "h": 3}, {"x": 184, "y": 211, "w": 9, "h": 8}, {"x": 193, "y": 211, "w": 8, "h": 13}, {"x": 201, "y": 224, "w": 9, "h": 5}, {"x": 210, "y": 229, "w": 9, "h": 11}, {"x": 219, "y": 240, "w": 9, "h": 10}, {"x": 228, "y": 250, "w": 9, "h": 8}, {"x": 237, "y": 258, "w": 9, "h": 24}, {"x": 246, "y": 282, "w": 9, "h": 34}, {"x": 255, "y": 316, "w": 9, "h": 44}, {"x": 264, "y": 360, "w": 135, "h": 6}, {"x": 399, "y": 360, "w": 9, "h": 6}, {"x": 408, "y": 350, "w": 8, "h": 10}, {"x": 416, "y": 345, "w": 9, "h": 5}, {"x": 425, "y": 345, "w": 9, "h": 5}, {"x": 434, "y": 350, "w": 9, "h": 0}, {"x": 443, "y": 342, "w": 9, "h": 8}, {"x": 452, "y": 334, "w": 9, "h": 8}, {"x": 461, "y": 321, "w": 9, "h": 13}, {"x": 470, "y": 321, "w": 9, "h": 3}, {"x": 479, "y": 324, "w": 9, "h": 18}, {"x": 488, "y": 318, "w": 9, "h": 24}, {"x": 497, "y": 316, "w": 9, "h": 2}, {"x": 506, "y": 295, "w": 9, "h": 21}, {"x": 515, "y": 271, "w": 9, "h": 24}, {"x": 524, "y": 271, "w": 9, "h": 55}, {"x": 533, "y": 326, "w": 9, "h": 0}, {"x": 542, "y": 311, "w": 9, "h": 15}, {"x": 551, "y": 300, "w": 9, "h": 11}, {"x": 560, "y": 295, "w": 9, "h": 5}, {"x": 569, "y": 295, "w": 9, "h": 8}, {"x": 578, "y": 300, "w": 9, "h": 3}, {"x": 587, "y": 287, "w": 9, "h": 13}, {"x": 596, "y": 271, "w": 9, "h": 16}, {"x": 605, "y": 271, "w": 9, "h": 13}, {"x": 614, "y": 282, "w": 8, "h": 2}, {"x": 622, "y": 271, "w": 9, "h": 11}, {"x": 631, "y": 271, "w": 9, "h": 0}, {"x": 640, "y": 261, "w": 9, "h": 10}, {"x": 649, "y": 256, "w": 9, "h": 5}, {"x": 658, "y": 250, "w": 9, "h": 6}, {"x": 667, "y": 232, "w": 9, "h": 18}, {"x": 676, "y": 211, "w": 9, "h": 21}, {"x": 685, "y": 198, "w": 9, "h": 13}, {"x": 694, "y": 185, "w": 9, "h": 13}, {"x": 703, "y": 180, "w": 9, "h": 5}, {"x": 712, "y": 161, "w": 9, "h": 19}], "colors": "#2876dd", "y": ["12.5", "13.5", "14.1", "13.4", "13.1", "12.1", "9.6", "-", "-", "-", "-", "-", "8.3", "8.3", "9.4", "9.5", "11.3", "9.8", "10.1", "11.3", "11.3", "11.9", "13.6", "14.8"], "labels": ["1900", "1903", "1906", "1909", "1912", "1915", "1918", "1921", "1924", "1927", "1930", "1933", "1936", "1939", "1942", "1945", "1948", "1951", "1954", "1957", "1960", "1963", "1966", "1969"], "x": ["1900", "1903", "1906", "1909", "1912", "1915", "1918", "1921", "1924", "1927", "1930", "1933", "1936", "1939", "1942", "1945", "1948", "1951", "1954", "1957", "1960", "1963", "1966", "1969"]}, {"name": "Liver cirrhosis deaths (during Prohibition)", "bboxes": [{"x": 273, "y": 376, "w": 9, "h": 5}, {"x": 282, "y": 373, "w": 9, "h": 3}, {"x": 291, "y": 373, "w": 9, "h": 8}, {"x": 300, "y": 376, "w": 9, "h": 5}, {"x": 309, "y": 376, "w": 9, "h": 3}, {"x": 318, "y": 379, "w": 9, "h": 0}, {"x": 327, "y": 373, "w": 9, "h": 6}, {"x": 336, "y": 371, "w": 9, "h": 2}, {"x": 345, "y": 371, "w": 9, "h": 8}, {"x": 354, "y": 379, "w": 9, "h": 0}, {"x": 363, "y": 373, "w": 9, "h": 6}, {"x": 372, "y": 373, "w": 9, "h": 6}, {"x": 381, "y": 373, "w": 9, "h": 6}], "colors": "#0f283e", "y": ["-", "-", "-", "-", "-", "-", "-", "7.3", "7.3", "7.4", "7.2", "7.4", "-", "-", "-", "-", "-", "-", "-", "-", "-", "-", "-", "-"], "labels": ["1900", "1903", "1906", "1909", "1912", "1915", "1918", "1921", "1924", "1927", "1930", "1933", "1936", "1939", "1942", "1945", "1948", "1951", "1954", "1957", "1960", "1963", "1966", "1969"], "x": ["1900", "1903", "1906", "1909", "1912", "1915", "1918", "1921", "1924", "1927", "1930", "1933", "1936", "1939", "1942", "1945", "1948", "1951", "1954", "1957", "1960", "1963", "1966", "1969"]}], "type": "h_bar"}