{"general_figure_info": {"figure_info": {"bbox": {"x": 149, "y": 35, "w": 561, "h": 521}}, "y_axis": {"label": {"bbox": [{"x": 378, "y": 587, "w": 102.265625, "h": 11}], "text": "Employment in millions"}, "major_labels": {"bboxes": [{"x": 128.5, "y": 562, "w": 50.125, "h": 26.0}, {"x": 208.5, "y": 562, "w": 50.125, "h": 26.0}, {"x": 288.5, "y": 562, "w": 50.125, "h": 26.0}, {"x": 368.5, "y": 562, "w": 50.125, "h": 26.0}, {"x": 449.5, "y": 562, "w": 50.125, "h": 26.0}, {"x": 529.5, "y": 562, "w": 50.125, "h": 26.0}, {"x": 609.5, "y": 562, "w": 50.125, "h": 26.0}, {"x": 690.5, "y": 562, "w": 50.125, "h": 26.0}]}}, "x_axis": {"major_labels": {"bboxes": [{"x": 60, "y": 49, "h": 12, "w": 76.6953125}, {"x": 83, "y": 89, "h": 12, "w": 53.47607421875}, {"x": 58, "y": 129, "h": 12, "w": 78.54296875}, {"x": 56, "y": 169, "h": 12, "w": 79.515625}, {"x": 66, "y": 209, "h": 12, "w": 70.572265625}, {"x": 41, "y": 249, "h": 12, "w": 95.666015625}, {"x": 69, "y": 289, "h": 12, "w": 67.52685546875}, {"x": 70, "y": 330, "h": 12, "w": 66.046875}, {"x": 79, "y": 370, "h": 12, "w": 58.34765625}, {"x": 79, "y": 410, "h": 12, "w": 57.484375}, {"x": 95, "y": 450, "h": 12, "w": 41.85302734375}, {"x": 85, "y": 490, "h": 12, "w": 50.765625}, {"x": 77, "y": 530, "h": 12, "w": 60.18994140625}], "values": ["North East Asia", "South Asia", "South East Asia", "European Union", "North America", "Sub Saharan Africa", "Latin America", "Other Europe", "North Africa", "Middle East", "Oceania", "Caribbean", "Central Asia"]}, "label": {}}, "legend": {"bbox": {"x": 306, "y": 616, "w": 132, "h": 34}, "items": [{"model": "2017", "label": {"bbox": {"x": 398, "y": 628, "w": 27.021484375, "h": 14}, "text": "2017"}, "preview": {"bbox": {"x": 379, "y": 628, "w": 12, "h": 12}}}, {"model": "2016", "label": {"bbox": {"x": 335, "y": 628, "w": 27.021484375, "h": 14}, "text": "2016"}, "preview": {"bbox": {"x": 316, "y": 628, "w": 12, "h": 12}}}]}}, "models": [{"name": "2017", "bboxes": [{"x": 148, "y": 39, "w": 489, "h": 15}, {"x": 148, "y": 79, "w": 477, "h": 15}, {"x": 148, "y": 119, "w": 232, "h": 15}, {"x": 148, "y": 159, "w": 191, "h": 15}, {"x": 148, "y": 200, "w": 159, "h": 15}, {"x": 148, "y": 240, "w": 109, "h": 15}, {"x": 148, "y": 280, "w": 92, "h": 15}, {"x": 148, "y": 320, "w": 41, "h": 15}, {"x": 148, "y": 360, "w": 40, "h": 15}, {"x": 148, "y": 400, "w": 38, "h": 15}, {"x": 148, "y": 440, "w": 14, "h": 15}, {"x": 148, "y": 480, "w": 12, "h": 15}, {"x": 148, "y": 520, "w": 6, "h": 15}], "colors": ["#0f283e", "#0f283e", "#0f283e", "#0f283e", "#0f283e", "#0f283e", "#0f283e", "#0f283e", "#0f283e", "#0f283e", "#0f283e", "#0f283e", "#0f283e"], "y": ["30.49", "29.76", "14.46", "11.89", "9.94", "6.79", "5.71", "2.54", "2.51", "2.34", "0.89", "0.76", "0.38"], "labels": ["North East Asia", "South Asia", "South East Asia", "European Union", "North America", "Sub Saharan Africa", "Latin America", "Other Europe", "North Africa", "Middle East", "Oceania", "Caribbean", "Central Asia"], "x": ["North East Asia", "South Asia", "South East Asia", "European Union", "North America", "Sub Saharan Africa", "Latin America", "Other Europe", "North Africa", "Middle East", "Oceania", "Caribbean", "Central Asia"]}, {"name": "2016", "bboxes": [{"x": 148, "y": 56, "w": 417, "h": 15}, {"x": 148, "y": 96, "w": 459, "h": 15}, {"x": 148, "y": 136, "w": 179, "h": 15}, {"x": 148, "y": 176, "w": 183, "h": 15}, {"x": 148, "y": 216, "w": 162, "h": 15}, {"x": 148, "y": 256, "w": 99, "h": 15}, {"x": 148, "y": 296, "w": 95, "h": 15}, {"x": 148, "y": 336, "w": 41, "h": 15}, {"x": 148, "y": 376, "w": 35, "h": 15}, {"x": 148, "y": 417, "w": 38, "h": 15}, {"x": 148, "y": 457, "w": 15, "h": 15}, {"x": 148, "y": 497, "w": 12, "h": 15}, {"x": 148, "y": 537, "w": 9, "h": 15}], "colors": ["#2876dd", "#2876dd", "#2876dd", "#2876dd", "#2876dd", "#2876dd", "#2876dd", "#2876dd", "#2876dd", "#2876dd", "#2876dd", "#2876dd", "#2876dd"], "y": ["26.02", "28.66", "11.16", "11.41", "10.09", "6.17", "5.93", "2.55", "2.19", "2.36", "0.92", "0.73", "0.57"], "labels": ["North East Asia", "South Asia", "South East Asia", "European Union", "North America", "Sub Saharan Africa", "Latin America", "Other Europe", "North Africa", "Middle East", "Oceania", "Caribbean", "Central Asia"], "x": ["North East Asia", "South Asia", "South East Asia", "European Union", "North America", "Sub Saharan Africa", "Latin America", "Other Europe", "North Africa", "Middle East", "Oceania", "Caribbean", "Central Asia"]}], "type": "h_bar"}