{"general_figure_info": {"figure_info": {"bbox": {"x": 168, "y": 35, "w": 542, "h": 701}}, "y_axis": {"label": {"bbox": [{"x": 380, "y": 767, "w": 117.84375, "h": 11}], "text": "Number of representatives"}, "major_labels": {"bboxes": [{"x": 147.5, "y": 742, "w": 57.42857142857143, "h": 26.0}, {"x": 237.5, "y": 742, "w": 57.42857142857143, "h": 26.0}, {"x": 328.5, "y": 742, "w": 57.42857142857143, "h": 26.0}, {"x": 418.5, "y": 742, "w": 57.42857142857143, "h": 26.0}, {"x": 508.5, "y": 742, "w": 57.42857142857143, "h": 26.0}, {"x": 599.5, "y": 742, "w": 57.42857142857143, "h": 26.0}, {"x": 690.5, "y": 742, "w": 57.42857142857143, "h": 26.0}]}}, "x_axis": {"major_labels": {"bboxes": [{"x": 48, "y": 47, "h": 12, "w": 107.4375}, {"x": 48, "y": 84, "h": 12, "w": 107.4375}, {"x": 48, "y": 121, "h": 12, "w": 107.4375}, {"x": 48, "y": 158, "h": 12, "w": 107.4375}, {"x": 48, "y": 195, "h": 12, "w": 106.625}, {"x": 48, "y": 232, "h": 12, "w": 106.625}, {"x": 48, "y": 269, "h": 12, "w": 107.4375}, {"x": 47, "y": 306, "h": 12, "w": 108.25}, {"x": 47, "y": 343, "h": 12, "w": 108.25}, {"x": 47, "y": 379, "h": 12, "w": 108.25}, {"x": 47, "y": 416, "h": 12, "w": 108.25}, {"x": 47, "y": 453, "h": 12, "w": 108.25}, {"x": 47, "y": 490, "h": 12, "w": 108.25}, {"x": 50, "y": 527, "h": 12, "w": 105.1875}, {"x": 50, "y": 564, "h": 12, "w": 105.1875}, {"x": 47, "y": 601, "h": 12, "w": 107.640625}, {"x": 47, "y": 638, "h": 12, "w": 108.25}, {"x": 53, "y": 675, "h": 12, "w": 102.140625}, {"x": 53, "y": 712, "h": 12, "w": 102.140625}], "values": ["116th Congress, 2019", "115th Congress, 2017", "114th Congress, 2015", "113th Congress, 2013", "112th Congress, 2011", "111th Congress, 2009", "110th Congress, 2007", "109th Congress, 2005", "108th Congress, 2003", "107th Congress, 2001", "106th Congress, 1999", "105th Congress, 1997", "104th Congress, 1995", "103d Congress, 1993", "102d Congress, 1991", "101st Congress, 1989", "100th Congress, 1987", "99th Congress, 1985", "98th Congress, 1983"]}, "label": {}}, "legend": {"bbox": {"x": 275, "y": 796, "w": 194, "h": 34}, "items": [{"model": "Republican", "label": {"bbox": {"x": 395, "y": 808, "w": 64.6875, "h": 14}, "text": "Republican"}, "preview": {"bbox": {"x": 376, "y": 808, "w": 12, "h": 12}}}, {"model": "Democrat", "label": {"bbox": {"x": 304, "y": 808, "w": 55.359375, "h": 14}, "text": "Democrat"}, "preview": {"bbox": {"x": 285, "y": 808, "w": 12, "h": 12}}}]}}, "models": [{"name": "Republican", "bboxes": [{"x": 167, "y": 39, "w": 356, "h": 14}, {"x": 167, "y": 76, "w": 435, "h": 14}, {"x": 167, "y": 112, "w": 443, "h": 14}, {"x": 167, "y": 149, "w": 419, "h": 14}, {"x": 167, "y": 186, "w": 437, "h": 14}, {"x": 167, "y": 223, "w": 322, "h": 14}, {"x": 167, "y": 260, "w": 365, "h": 14}, {"x": 167, "y": 297, "w": 417, "h": 14}, {"x": 167, "y": 334, "w": 414, "h": 14}, {"x": 167, "y": 371, "w": 399, "h": 14}, {"x": 167, "y": 408, "w": 401, "h": 14}, {"x": 167, "y": 445, "w": 408, "h": 14}, {"x": 167, "y": 481, "w": 426, "h": 14}, {"x": 167, "y": 518, "w": 318, "h": 14}, {"x": 167, "y": 555, "w": 302, "h": 14}, {"x": 167, "y": 592, "w": 314, "h": 14}, {"x": 167, "y": 629, "w": 320, "h": 14}, {"x": 167, "y": 666, "w": 329, "h": 14}, {"x": 167, "y": 703, "w": 298, "h": 14}], "colors": ["#0f283e", "#0f283e", "#0f283e", "#0f283e", "#0f283e", "#0f283e", "#0f283e", "#0f283e", "#0f283e", "#0f283e", "#0f283e", "#0f283e", "#0f283e", "#0f283e", "rgb(15,40,62)", "#0f283e", "#0f283e", "#0f283e", "#0f283e"], "y": ["197", "241", "245", "232", "242", "178", "202", "231", "229", "221", "222", "226", "236", "176", "167", "174", "177", "182", "165"], "labels": ["116th Congress, 2019", "115th Congress, 2017", "114th Congress, 2015", "113th Congress, 2013", "112th Congress, 2011", "111th Congress, 2009", "110th Congress, 2007", "109th Congress, 2005", "108th Congress, 2003", "107th Congress, 2001", "106th Congress, 1999", "105th Congress, 1997", "104th Congress, 1995", "103d Congress, 1993", "102d Congress, 1991", "101st Congress, 1989", "100th Congress, 1987", "99th Congress, 1985", "98th Congress, 1983"], "x": ["116th Congress, 2019", "115th Congress, 2017", "114th Congress, 2015", "113th Congress, 2013", "112th Congress, 2011", "111th Congress, 2009", "110th Congress, 2007", "109th Congress, 2005", "108th Congress, 2003", "107th Congress, 2001", "106th Congress, 1999", "105th Congress, 1997", "104th Congress, 1995", "103d Congress, 1993", "102d Congress, 1991", "101st Congress, 1989", "100th Congress, 1987", "99th Congress, 1985", "98th Congress, 1983"]}, {"name": "Democrat", "bboxes": [{"x": 167, "y": 54, "w": 425, "h": 14}, {"x": 167, "y": 91, "w": 350, "h": 14}, {"x": 167, "y": 128, "w": 340, "h": 14}, {"x": 167, "y": 165, "w": 363, "h": 14}, {"x": 167, "y": 202, "w": 349, "h": 14}, {"x": 167, "y": 238, "w": 463, "h": 14}, {"x": 167, "y": 275, "w": 421, "h": 14}, {"x": 167, "y": 312, "w": 365, "h": 14}, {"x": 167, "y": 349, "w": 370, "h": 14}, {"x": 167, "y": 386, "w": 381, "h": 14}, {"x": 167, "y": 423, "w": 383, "h": 14}, {"x": 167, "y": 460, "w": 374, "h": 14}, {"x": 167, "y": 497, "w": 356, "h": 14}, {"x": 167, "y": 534, "w": 466, "h": 14}, {"x": 167, "y": 571, "w": 482, "h": 14}, {"x": 167, "y": 607, "w": 468, "h": 14}, {"x": 167, "y": 644, "w": 466, "h": 14}, {"x": 167, "y": 681, "w": 455, "h": 14}, {"x": 167, "y": 718, "w": 486, "h": 14}], "colors": ["#2876dd", "#2876dd", "#2876dd", "#2876dd", "#2876dd", "#2876dd", "#2876dd", "#2876dd", "#2876dd", "#2876dd", "#2876dd", "#2876dd", "#2876dd", "#2876dd", "rgb(40,118,221)", "#2876dd", "#2876dd", "#2876dd", "#2876dd"], "y": ["235", "194", "188", "201", "193", "256", "233", "202", "205", "211", "212", "207", "197", "258", "267", "259", "258", "252", "269"], "labels": ["116th Congress, 2019", "115th Congress, 2017", "114th Congress, 2015", "113th Congress, 2013", "112th Congress, 2011", "111th Congress, 2009", "110th Congress, 2007", "109th Congress, 2005", "108th Congress, 2003", "107th Congress, 2001", "106th Congress, 1999", "105th Congress, 1997", "104th Congress, 1995", "103d Congress, 1993", "102d Congress, 1991", "101st Congress, 1989", "100th Congress, 1987", "99th Congress, 1985", "98th Congress, 1983"], "x": ["116th Congress, 2019", "115th Congress, 2017", "114th Congress, 2015", "113th Congress, 2013", "112th Congress, 2011", "111th Congress, 2009", "110th Congress, 2007", "109th Congress, 2005", "108th Congress, 2003", "107th Congress, 2001", "106th Congress, 1999", "105th Congress, 1997", "104th Congress, 1995", "103d Congress, 1993", "102d Congress, 1991", "101st Congress, 1989", "100th Congress, 1987", "99th Congress, 1985", "98th Congress, 1983"]}], "type": "h_bar"}