{"general_figure_info": {"figure_info": {"bbox": {"x": 89, "y": 45, "w": 636, "h": 333}}, "y_axis": {"label": {"bbox": [{"x": 40, "y": 166, "w": 11, "h": 91.171875}], "text": "Share of total assets"}, "major_labels": {"bboxes": [{"x": 65, "y": 363.5, "w": 14.0, "h": 46.599999999999994}, {"x": 65, "y": 280.5, "w": 14.0, "h": 46.599999999999994}, {"x": 65, "y": 197.5, "w": 14.0, "h": 46.599999999999994}, {"x": 65, "y": 113.5, "w": 14.0, "h": 46.599999999999994}, {"x": 65, "y": 29.5, "w": 14.0, "h": 46.599999999999994}]}}, "x_axis": {"major_labels": {"bboxes": [{"x": 116, "y": 388, "h": 12, "w": 105.64990234375}, {"x": 268, "y": 388, "h": 12, "w": 120.3505859375}, {"x": 449, "y": 388, "h": 12, "w": 75.68994140625}, {"x": 606, "y": 388, "h": 12, "w": 78.7568359375}], "values": ["Domestic retail banks", "International retail banks", "SFS specialists", "Universal banks"]}, "label": {}}, "legend": {"bbox": {"x": 315, "y": 416, "w": 130, "h": 34}, "items": [{"model": "2012", "label": {"bbox": {"x": 344, "y": 428, "w": 27.021484375, "h": 14}, "text": "2012"}, "preview": {"bbox": {"x": 325, "y": 428, "w": 12, "h": 12}}}, {"model": "2013", "label": {"bbox": {"x": 406, "y": 428, "w": 27.021484375, "h": 14}, "text": "2013"}, "preview": {"bbox": {"x": 387, "y": 428, "w": 12, "h": 12}}}]}}, "models": [{"name": "2012", "bboxes": [{"x": 106, "y": 179, "w": 60, "h": 200}, {"x": 265, "y": 171, "w": 60, "h": 208}, {"x": 424, "y": 121, "w": 60, "h": 258}, {"x": 583, "y": 229, "w": 60, "h": 150}], "colors": ["#2876dd", "#2876dd", "#2876dd", "#2876dd"], "y": ["2.4%", "2.5%", "3.1%", "1.8%"], "labels": ["Domestic retail banks", "International retail banks", "SFS specialists", "Universal banks"], "x": ["Domestic retail banks", "International retail banks", "SFS specialists", "Universal banks"]}, {"name": "2013", "bboxes": [{"x": 172, "y": 171, "w": 60, "h": 208}, {"x": 331, "y": 163, "w": 60, "h": 216}, {"x": 490, "y": 113, "w": 60, "h": 266}, {"x": 649, "y": 213, "w": 60, "h": 166}], "colors": ["#0f283e", "#0f283e", "#0f283e", "#0f283e"], "y": ["2.5%", "2.6%", "3.2%", "2%"], "labels": ["Domestic retail banks", "International retail banks", "SFS specialists", "Universal banks"], "x": ["Domestic retail banks", "International retail banks", "SFS specialists", "Universal banks"]}], "type": "v_bar"}