{"general_figure_info": {"figure_info": {"bbox": {"x": 141, "y": 35, "w": 569, "h": 581}}, "y_axis": {"label": {"bbox": [{"x": 381, "y": 647, "w": 89.109375, "h": 11}], "text": "Waiting time in days"}, "major_labels": {"bboxes": [{"x": 120.5, "y": 622, "w": 43.22222222222222, "h": 26.0}, {"x": 191.5, "y": 622, "w": 43.22222222222222, "h": 26.0}, {"x": 262.5, "y": 622, "w": 43.22222222222222, "h": 26.0}, {"x": 333.5, "y": 622, "w": 43.22222222222222, "h": 26.0}, {"x": 405.5, "y": 622, "w": 43.22222222222222, "h": 26.0}, {"x": 476.5, "y": 622, "w": 43.22222222222222, "h": 26.0}, {"x": 547.5, "y": 622, "w": 43.22222222222222, "h": 26.0}, {"x": 618.5, "y": 622, "w": 43.22222222222222, "h": 26.0}, {"x": 690.5, "y": 622, "w": 43.22222222222222, "h": 26.0}]}}, "x_axis": {"major_labels": {"bboxes": [{"x": 94, "y": 48, "h": 12, "w": 35.12841796875}, {"x": 94, "y": 87, "h": 12, "w": 34.25}, {"x": 97, "y": 126, "h": 12, "w": 31.06689453125}, {"x": 93, "y": 165, "h": 12, "w": 35.796875}, {"x": 96, "y": 203, "h": 12, "w": 32.40625}, {"x": 87, "y": 242, "h": 12, "w": 40.984375}, {"x": 68, "y": 281, "h": 12, "w": 60.43603515625}, {"x": 99, "y": 320, "h": 12, "w": 29.34375}, {"x": 63, "y": 358, "h": 12, "w": 65.318359375}, {"x": 82, "y": 397, "h": 12, "w": 46.970703125}, {"x": 68, "y": 436, "h": 12, "w": 60.818359375}, {"x": 87, "y": 474, "h": 12, "w": 40.984375}, {"x": 77, "y": 513, "h": 12, "w": 51.375}, {"x": 94, "y": 552, "h": 12, "w": 34.25}, {"x": 42, "y": 591, "h": 12, "w": 85.796875}], "values": ["Atlanta", "Boston", "Dallas", "Denver", "Detroit", "Houston", "Los Angeles", "Miami", "Minneapolois", "New York", "Philadelphia", "Portland", "San Diego", "Seattle", "Washington, D.C."]}, "label": {}}, "legend": {"bbox": {"x": 89, "y": 676, "w": 566, "h": 34}, "items": [{"model": "Family practice", "label": {"bbox": {"x": 556, "y": 688, "w": 87.701171875, "h": 14}, "text": "Family practice"}, "preview": {"bbox": {"x": 537, "y": 688, "w": 12, "h": 12}}}, {"model": "Orthopedic surgery", "label": {"bbox": {"x": 407, "y": 688, "w": 111.68359375, "h": 14}, "text": "Orthopedic surgery"}, "preview": {"bbox": {"x": 388, "y": 688, "w": 12, "h": 12}}}, {"model": "OB/GYN", "label": {"bbox": {"x": 326, "y": 688, "w": 47.34375, "h": 14}, "text": "OB/GYN"}, "preview": {"bbox": {"x": 307, "y": 688, "w": 12, "h": 12}}}, {"model": "Dermatology", "label": {"bbox": {"x": 216, "y": 688, "w": 73.673828125, "h": 14}, "text": "Dermatology"}, "preview": {"bbox": {"x": 197, "y": 688, "w": 12, "h": 12}}}, {"model": "Cardiology", "label": {"bbox": {"x": 118, "y": 688, "w": 62.998046875, "h": 14}, "text": "Cardiology"}, "preview": {"bbox": {"x": 99, "y": 688, "w": 12, "h": 12}}}]}}, "models": [{"name": "Family practice", "bboxes": [{"x": 140, "y": 38, "w": 171, "h": 6}, {"x": 140, "y": 77, "w": 469, "h": 6}, {"x": 140, "y": 116, "w": 36, "h": 6}, {"x": 140, "y": 154, "w": 114, "h": 6}, {"x": 140, "y": 193, "w": 114, "h": 6}, {"x": 140, "y": 232, "w": 135, "h": 6}, {"x": 140, "y": 270, "w": 142, "h": 6}, {"x": 140, "y": 309, "w": 85, "h": 6}, {"x": 140, "y": 348, "w": 71, "h": 6}, {"x": 140, "y": 387, "w": 185, "h": 6}, {"x": 140, "y": 425, "w": 149, "h": 6}, {"x": 140, "y": 464, "w": 92, "h": 6}, {"x": 140, "y": 503, "w": 50, "h": 6}, {"x": 140, "y": 542, "w": 164, "h": 6}, {"x": 140, "y": 580, "w": 100, "h": 6}], "colors": ["#87bc24", "#87bc24", "#87bc24", "#87bc24", "#87bc24", "#87bc24", "#87bc24", "#87bc24", "#87bc24", "#87bc24", "#87bc24", "#87bc24", "#87bc24", "rgb(135,188,36)", "#87bc24"], "y": ["24", "66", "5", "16", "16", "19", "20", "12", "10", "26", "21", "13", "7", "23", "14"], "labels": ["Atlanta", "Boston", "Dallas", "Denver", "Detroit", "Houston", "Los Angeles", "Miami", "Minneapolois", "New York", "Philadelphia", "Portland", "San Diego", "Seattle", "Washington, D.C."], "x": ["Atlanta", "Boston", "Dallas", "Denver", "Detroit", "Houston", "Los Angeles", "Miami", "Minneapolois", "New York", "Philadelphia", "Portland", "San Diego", "Seattle", "Washington, D.C."]}, {"name": "Orthopedic surgery", "bboxes": [{"x": 140, "y": 45, "w": 43, "h": 6}, {"x": 140, "y": 83, "w": 114, "h": 6}, {"x": 140, "y": 122, "w": 57, "h": 6}, {"x": 140, "y": 161, "w": 107, "h": 6}, {"x": 140, "y": 200, "w": 128, "h": 6}, {"x": 140, "y": 238, "w": 36, "h": 6}, {"x": 140, "y": 277, "w": 50, "h": 6}, {"x": 140, "y": 316, "w": 64, "h": 6}, {"x": 140, "y": 355, "w": 36, "h": 6}, {"x": 140, "y": 393, "w": 64, "h": 6}, {"x": 140, "y": 432, "w": 36, "h": 6}, {"x": 140, "y": 471, "w": 71, "h": 6}, {"x": 140, "y": 510, "w": 128, "h": 6}, {"x": 140, "y": 548, "w": 43, "h": 6}, {"x": 140, "y": 587, "w": 78, "h": 6}], "colors": ["#a60b0b", "#a60b0b", "#a60b0b", "#a60b0b", "#a60b0b", "#a60b0b", "#a60b0b", "#a60b0b", "#a60b0b", "#a60b0b", "#a60b0b", "#a60b0b", "#a60b0b", "rgb(166,11,11)", "#a60b0b"], "y": ["6", "16", "8", "15", "18", "5", "7", "9", "5", "9", "5", "10", "18", "6", "11"], "labels": ["Atlanta", "Boston", "Dallas", "Denver", "Detroit", "Houston", "Los Angeles", "Miami", "Minneapolois", "New York", "Philadelphia", "Portland", "San Diego", "Seattle", "Washington, D.C."], "x": ["Atlanta", "Boston", "Dallas", "Denver", "Detroit", "Houston", "Los Angeles", "Miami", "Minneapolois", "New York", "Philadelphia", "Portland", "San Diego", "Seattle", "Washington, D.C."]}, {"name": "OB/GYN", "bboxes": [{"x": 140, "y": 51, "w": 107, "h": 6}, {"x": 140, "y": 90, "w": 327, "h": 6}, {"x": 140, "y": 129, "w": 71, "h": 6}, {"x": 140, "y": 168, "w": 156, "h": 6}, {"x": 140, "y": 206, "w": 114, "h": 6}, {"x": 140, "y": 245, "w": 100, "h": 6}, {"x": 140, "y": 284, "w": 57, "h": 6}, {"x": 140, "y": 322, "w": 92, "h": 6}, {"x": 140, "y": 361, "w": 71, "h": 6}, {"x": 140, "y": 400, "w": 71, "h": 6}, {"x": 140, "y": 439, "w": 156, "h": 6}, {"x": 140, "y": 477, "w": 249, "h": 6}, {"x": 140, "y": 516, "w": 100, "h": 6}, {"x": 140, "y": 555, "w": 71, "h": 6}, {"x": 140, "y": 594, "w": 107, "h": 6}], "colors": ["#bababa", "#bababa", "#bababa", "#bababa", "#bababa", "#bababa", "#bababa", "#bababa", "#bababa", "#bababa", "#bababa", "#bababa", "#bababa", "rgb(186,186,186)", "#bababa"], "y": ["15", "46", "10", "22", "16", "14", "8", "13", "10", "10", "22", "35", "14", "10", "15"], "labels": ["Atlanta", "Boston", "Dallas", "Denver", "Detroit", "Houston", "Los Angeles", "Miami", "Minneapolois", "New York", "Philadelphia", "Portland", "San Diego", "Seattle", "Washington, D.C."], "x": ["Atlanta", "Boston", "Dallas", "Denver", "Detroit", "Houston", "Los Angeles", "Miami", "Minneapolois", "New York", "Philadelphia", "Portland", "San Diego", "Seattle", "Washington, D.C."]}, {"name": "Dermatology", "bboxes": [{"x": 140, "y": 58, "w": 100, "h": 6}, {"x": 140, "y": 97, "w": 512, "h": 6}, {"x": 140, "y": 135, "w": 121, "h": 6}, {"x": 140, "y": 174, "w": 263, "h": 6}, {"x": 140, "y": 213, "w": 156, "h": 6}, {"x": 140, "y": 252, "w": 149, "h": 6}, {"x": 140, "y": 290, "w": 100, "h": 6}, {"x": 140, "y": 329, "w": 114, "h": 6}, {"x": 140, "y": 368, "w": 398, "h": 6}, {"x": 140, "y": 407, "w": 171, "h": 6}, {"x": 140, "y": 445, "w": 349, "h": 6}, {"x": 140, "y": 484, "w": 192, "h": 6}, {"x": 140, "y": 523, "w": 100, "h": 6}, {"x": 140, "y": 562, "w": 228, "h": 6}, {"x": 140, "y": 600, "w": 121, "h": 6}], "colors": ["#0f283e", "#0f283e", "#0f283e", "#0f283e", "#0f283e", "#0f283e", "#0f283e", "#0f283e", "#0f283e", "#0f283e", "#0f283e", "#0f283e", "#0f283e", "rgb(15,40,62)", "#0f283e"], "y": ["14", "72", "17", "37", "22", "21", "14", "16", "56", "24", "49", "27", "14", "32", "17"], "labels": ["Atlanta", "Boston", "Dallas", "Denver", "Detroit", "Houston", "Los Angeles", "Miami", "Minneapolois", "New York", "Philadelphia", "Portland", "San Diego", "Seattle", "Washington, D.C."], "x": ["Atlanta", "Boston", "Dallas", "Denver", "Detroit", "Houston", "Los Angeles", "Miami", "Minneapolois", "New York", "Philadelphia", "Portland", "San Diego", "Seattle", "Washington, D.C."]}, {"name": "Cardiology", "bboxes": [{"x": 140, "y": 65, "w": 78, "h": 6}, {"x": 140, "y": 103, "w": 192, "h": 6}, {"x": 140, "y": 142, "w": 78, "h": 6}, {"x": 140, "y": 181, "w": 199, "h": 6}, {"x": 140, "y": 220, "w": 121, "h": 6}, {"x": 140, "y": 258, "w": 78, "h": 6}, {"x": 140, "y": 297, "w": 85, "h": 6}, {"x": 140, "y": 336, "w": 128, "h": 6}, {"x": 140, "y": 375, "w": 107, "h": 6}, {"x": 140, "y": 413, "w": 107, "h": 6}, {"x": 140, "y": 452, "w": 43, "h": 6}, {"x": 140, "y": 491, "w": 85, "h": 6}, {"x": 140, "y": 529, "w": 199, "h": 6}, {"x": 140, "y": 568, "w": 64, "h": 6}, {"x": 140, "y": 607, "w": 228, "h": 6}], "colors": ["#2876dd", "#2876dd", "#2876dd", "#2876dd", "#2876dd", "#2876dd", "#2876dd", "#2876dd", "#2876dd", "#2876dd", "#2876dd", "#2876dd", "#2876dd", "rgb(40,118,221)", "#2876dd"], "y": ["11", "27", "11", "28", "17", "11", "12", "18", "15", "15", "6", "12", "28", "9", "32"], "labels": ["Atlanta", "Boston", "Dallas", "Denver", "Detroit", "Houston", "Los Angeles", "Miami", "Minneapolois", "New York", "Philadelphia", "Portland", "San Diego", "Seattle", "Washington, D.C."], "x": ["Atlanta", "Boston", "Dallas", "Denver", "Detroit", "Houston", "Los Angeles", "Miami", "Minneapolois", "New York", "Philadelphia", "Portland", "San Diego", "Seattle", "Washington, D.C."]}], "type": "h_bar"}