{"general_figure_info": {"figure_info": {"bbox": {"x": 91, "y": 45, "w": 634, "h": 279}}, "y_axis": {"label": {"bbox": [{"x": 40, "y": 91, "w": 11, "h": 186.75}], "text": "Facebook fans/Twitter followers in millions"}, "major_labels": {"bboxes": [{"x": 65, "y": 309.5, "w": 16.0, "h": 26.5}, {"x": 65, "y": 253.5, "w": 16.0, "h": 26.5}, {"x": 65, "y": 197.5, "w": 16.0, "h": 26.5}, {"x": 65, "y": 142.5, "w": 16.0, "h": 26.5}, {"x": 65, "y": 86.5, "w": 16.0, "h": 26.5}, {"x": 65, "y": 29.5, "w": 16.0, "h": 26.5}]}}, "x_axis": {"major_labels": {"bboxes": [{"x": 60, "y": 337, "h": 52.171234130859375, "w": 52.171226501464844}, {"x": 89, "y": 337, "h": 59.076568603515625, "w": 59.07656478881836}, {"x": 131, "y": 337, "h": 52.171234130859375, "w": 52.171226501464844}, {"x": 159, "y": 337, "h": 59.076568603515625, "w": 59.076568603515625}, {"x": 201, "y": 337, "h": 52.171234130859375, "w": 52.171234130859375}, {"x": 230, "y": 337, "h": 59.076568603515625, "w": 59.076568603515625}, {"x": 272, "y": 337, "h": 52.171234130859375, "w": 52.17121887207031}, {"x": 300, "y": 337, "h": 59.076568603515625, "w": 59.076568603515625}, {"x": 342, "y": 337, "h": 52.171234130859375, "w": 52.171234130859375}, {"x": 371, "y": 337, "h": 59.076568603515625, "w": 59.076568603515625}, {"x": 413, "y": 337, "h": 52.171234130859375, "w": 52.171234130859375}, {"x": 441, "y": 337, "h": 59.076568603515625, "w": 59.076568603515625}, {"x": 483, "y": 337, "h": 52.17120361328125, "w": 52.171234130859375}, {"x": 511, "y": 337, "h": 59.076568603515625, "w": 59.0765380859375}, {"x": 554, "y": 337, "h": 52.171234130859375, "w": 52.17120361328125}, {"x": 582, "y": 337, "h": 59.076568603515625, "w": 59.0765380859375}, {"x": 624, "y": 337, "h": 52.171234130859375, "w": 52.17120361328125}, {"x": 652, "y": 337, "h": 59.076568603515625, "w": 59.0765380859375}], "values": ["August 2012", "February 2013", "August 2013", "February 2014", "August 2014", "February 2015", "August 2015", "February 2016", "August 2016", "February 2017", "August 2017", "February 2018", "August 2018", "February 2019", "August 2019", "February 2020", "August 2020", "February 2021"]}, "label": {}}, "legend": {"bbox": {"x": 251, "y": 416, "w": 258, "h": 34}, "items": [{"model": "Facebook fans", "label": {"bbox": {"x": 280, "y": 428, "w": 84.349609375, "h": 14}, "text": "Facebook fans"}, "preview": {"bbox": {"x": 261, "y": 428, "w": 12, "h": 12}}}, {"model": "Twitter followers", "label": {"bbox": {"x": 398, "y": 428, "w": 94.779296875, "h": 14}, "text": "Twitter followers"}, "preview": {"bbox": {"x": 379, "y": 428, "w": 12, "h": 12}}}]}}, "models": [{"name": "Facebook fans", "bboxes": [{"x": 95, "y": 257, "w": 27, "h": 68}, {"x": 131, "y": 255, "w": 27, "h": 70}, {"x": 165, "y": 251, "w": 27, "h": 74}, {"x": 201, "y": 235, "w": 27, "h": 90}, {"x": 235, "y": 215, "w": 27, "h": 109}, {"x": 271, "y": 201, "w": 27, "h": 124}, {"x": 307, "y": 203, "w": 27, "h": 122}, {"x": 341, "y": 193, "w": 27, "h": 131}, {"x": 377, "y": 191, "w": 27, "h": 133}, {"x": 411, "y": 191, "w": 27, "h": 134}, {"x": 447, "y": 191, "w": 27, "h": 134}, {"x": 483, "y": 191, "w": 27, "h": 134}, {"x": 517, "y": 191, "w": 27, "h": 134}, {"x": 553, "y": 191, "w": 27, "h": 134}, {"x": 589, "y": 191, "w": 27, "h": 134}, {"x": 623, "y": 199, "w": 27, "h": 126}, {"x": 659, "y": 197, "w": 27, "h": 127}, {"x": 693, "y": 199, "w": 27, "h": 126}], "colors": ["#2876dd", "#2876dd", "#2876dd", "#2876dd", "#2876dd", "#2876dd", "#2876dd", "#2876dd", "#2876dd", "#2876dd", "#2876dd", "#2876dd", "#2876dd", "#2876dd", "#2876dd", "#2876dd", "#2876dd", "#2876dd"], "y": ["0.61", "0.63", "0.66", "0.81", "0.98", "1.11", "1.09", "1.17", "1.19", "1.2", "1.2", "1.2", "1.2", "1.2", "1.2", "1.13", "1.14", "1.13"], "labels": ["August 2012", "February 2013", "August 2013", "February 2014", "August 2014", "February 2015", "August 2015", "February 2016", "August 2016", "February 2017", "August 2017", "February 2018", "August 2018", "February 2019", "August 2019", "February 2020", "August 2020", "February 2021"], "x": ["August 2012", "February 2013", "August 2013", "February 2014", "August 2014", "February 2015", "August 2015", "February 2016", "August 2016", "February 2017", "August 2017", "February 2018", "August 2018", "February 2019", "August 2019", "February 2020", "August 2020", "February 2021"]}, {"name": "Twitter followers", "bboxes": [{"x": 95, "y": 245, "w": 27, "h": 12}, {"x": 131, "y": 239, "w": 27, "h": 16}, {"x": 165, "y": 231, "w": 27, "h": 20}, {"x": 201, "y": 209, "w": 27, "h": 26}, {"x": 235, "y": 187, "w": 27, "h": 28}, {"x": 271, "y": 163, "w": 27, "h": 37}, {"x": 307, "y": 159, "w": 27, "h": 43}, {"x": 341, "y": 139, "w": 27, "h": 54}, {"x": 377, "y": 129, "w": 27, "h": 63}, {"x": 411, "y": 113, "w": 27, "h": 78}, {"x": 447, "y": 107, "w": 27, "h": 84}, {"x": 483, "y": 101, "w": 27, "h": 89}, {"x": 517, "y": 101, "w": 27, "h": 90}, {"x": 553, "y": 101, "w": 27, "h": 90}, {"x": 589, "y": 101, "w": 27, "h": 90}, {"x": 623, "y": 103, "w": 27, "h": 95}, {"x": 659, "y": 101, "w": 27, "h": 96}, {"x": 693, "y": 97, "w": 27, "h": 101}], "colors": ["#0f283e", "#0f283e", "#0f283e", "#0f283e", "#0f283e", "#0f283e", "#0f283e", "#0f283e", "#0f283e", "#0f283e", "#0f283e", "#0f283e", "#0f283e", "#0f283e", "#0f283e", "#0f283e", "#0f283e", "#0f283e"], "y": ["0.11", "0.14", "0.18", "0.23", "0.25", "0.33", "0.39", "0.49", "0.57", "0.7", "0.75", "0.8", "0.81", "0.81", "0.81", "0.85", "0.86", "0.9"], "labels": ["August 2012", "February 2013", "August 2013", "February 2014", "August 2014", "February 2015", "August 2015", "February 2016", "August 2016", "February 2017", "August 2017", "February 2018", "August 2018", "February 2019", "August 2019", "February 2020", "August 2020", "February 2021"], "x": ["August 2012", "February 2013", "August 2013", "February 2014", "August 2014", "February 2015", "August 2015", "February 2016", "August 2016", "February 2017", "August 2017", "February 2018", "August 2018", "February 2019", "August 2019", "February 2020", "August 2020", "February 2021"]}], "type": "v_bar"}