{"general_figure_info": {"figure_info": {"bbox": {"x": 120, "y": 45, "w": 605, "h": 264}}, "y_axis": {"label": {"bbox": [{"x": 40, "y": 128, "w": 11, "h": 97.828125}], "text": "Number of employees"}, "major_labels": {"bboxes": [{"x": 65, "y": 294.5, "w": 45.0, "h": 17.714285714285715}, {"x": 65, "y": 250.5, "w": 45.0, "h": 17.714285714285715}, {"x": 65, "y": 206.5, "w": 45.0, "h": 17.714285714285715}, {"x": 65, "y": 162.5, "w": 45.0, "h": 17.714285714285715}, {"x": 65, "y": 118.5, "w": 45.0, "h": 17.714285714285715}, {"x": 65, "y": 74.5, "w": 45.0, "h": 17.714285714285715}, {"x": 65, "y": 29.5, "w": 45.0, "h": 17.714285714285715}]}}, "x_axis": {"major_labels": {"bboxes": [{"x": 138, "y": 319, "h": 12, "w": 24.484375}, {"x": 199, "y": 319, "h": 12, "w": 24.484375}, {"x": 259, "y": 319, "h": 12, "w": 23.65625}, {"x": 320, "y": 319, "h": 12, "w": 24.484375}, {"x": 380, "y": 319, "h": 12, "w": 24.484375}, {"x": 441, "y": 319, "h": 12, "w": 24.484375}, {"x": 501, "y": 319, "h": 12, "w": 24.484375}, {"x": 562, "y": 319, "h": 12, "w": 24.484375}, {"x": 622, "y": 319, "h": 12, "w": 24.484375}, {"x": 683, "y": 319, "h": 12, "w": 24.484375}], "values": ["2009", "2010", "2011", "2012", "2013", "2014", "2015", "2016", "2017", "2018"]}, "label": {}}, "legend": {"bbox": {"x": 96, "y": 347, "w": 568, "h": 103}, "items": [{"model": "Advertising agencies", "label": {"bbox": {"x": 125, "y": 359, "w": 121.03515625, "h": 14}, "text": "Advertising agencies"}, "preview": {"bbox": {"x": 106, "y": 359, "w": 12, "h": 12}}}, {"model": "Public relations agencies", "label": {"bbox": {"x": 406, "y": 359, "w": 144.37890625, "h": 14}, "text": "Public relations agencies"}, "preview": {"bbox": {"x": 387, "y": 359, "w": 12, "h": 12}}}, {"model": "Direct mail advertising", "label": {"bbox": {"x": 125, "y": 382, "w": 128.71875, "h": 14}, "text": "Direct mail advertising"}, "preview": {"bbox": {"x": 106, "y": 382, "w": 12, "h": 12}}}, {"model": "Outdoor advertising", "label": {"bbox": {"x": 406, "y": 382, "w": 114.6875, "h": 14}, "text": "Outdoor advertising"}, "preview": {"bbox": {"x": 387, "y": 382, "w": 12, "h": 12}}}, {"model": "Media buying agencies", "label": {"bbox": {"x": 125, "y": 405, "w": 131.693359375, "h": 14}, "text": "Media buying agencies"}, "preview": {"bbox": {"x": 106, "y": 405, "w": 12, "h": 12}}}, {"model": "Media representatives", "label": {"bbox": {"x": 406, "y": 405, "w": 126.384765625, "h": 14}, "text": "Media representatives"}, "preview": {"bbox": {"x": 387, "y": 405, "w": 12, "h": 12}}}, {"model": "Advertising material distribution services", "label": {"bbox": {"x": 125, "y": 428, "w": 236.400390625, "h": 14}, "text": "Advertising material distribution services"}, "preview": {"bbox": {"x": 106, "y": 428, "w": 12, "h": 12}}}, {"model": "Other services related to advertising", "label": {"bbox": {"x": 406, "y": 428, "w": 208.09375, "h": 14}, "text": "Other services related to advertising"}, "preview": {"bbox": {"x": 387, "y": 428, "w": 12, "h": 12}}}]}}, "models": [{"name": "Advertising agencies", "bboxes": [{"x": 127, "y": 241, "w": 47, "h": 69}, {"x": 187, "y": 243, "w": 47, "h": 66}, {"x": 247, "y": 237, "w": 47, "h": 73}, {"x": 307, "y": 233, "w": 47, "h": 76}, {"x": 369, "y": 227, "w": 47, "h": 82}, {"x": 429, "y": 225, "w": 47, "h": 84}, {"x": 489, "y": 227, "w": 47, "h": 83}, {"x": 549, "y": 223, "w": 47, "h": 86}, {"x": 611, "y": 225, "w": 47, "h": 84}, {"x": 671, "y": 227, "w": 47, "h": 83}], "colors": ["#2876dd", "#2876dd", "#2876dd", "#2876dd", "#2876dd", "#2876dd", "#2876dd", "#2876dd", "#2876dd", "#2876dd"], "y": ["157118", "149095", "165939", "172528", "185514", "190551", "188781", "194792", "191742", "187908"], "labels": ["2009", "2010", "2011", "2012", "2013", "2014", "2015", "2016", "2017", "2018"], "x": ["2009", "2010", "2011", "2012", "2013", "2014", "2015", "2016", "2017", "2018"]}, {"name": "Public relations agencies", "bboxes": [{"x": 127, "y": 219, "w": 47, "h": 22}, {"x": 187, "y": 221, "w": 47, "h": 22}, {"x": 247, "y": 213, "w": 47, "h": 23}, {"x": 307, "y": 211, "w": 47, "h": 22}, {"x": 369, "y": 205, "w": 47, "h": 22}, {"x": 429, "y": 203, "w": 47, "h": 23}, {"x": 489, "y": 203, "w": 47, "h": 24}, {"x": 549, "y": 199, "w": 47, "h": 25}, {"x": 611, "y": 201, "w": 47, "h": 24}, {"x": 671, "y": 203, "w": 47, "h": 24}], "colors": ["#0f283e", "#0f283e", "#0f283e", "#0f283e", "#0f283e", "#0f283e", "#0f283e", "#0f283e", "#0f283e", "#0f283e"], "y": ["50018", "49888", "52091", "50802", "51754", "53752", "55102", "58489", "54685", "55873"], "labels": ["2009", "2010", "2011", "2012", "2013", "2014", "2015", "2016", "2017", "2018"], "x": ["2009", "2010", "2011", "2012", "2013", "2014", "2015", "2016", "2017", "2018"]}, {"name": "Direct mail advertising", "bboxes": [{"x": 127, "y": 191, "w": 47, "h": 27}, {"x": 187, "y": 197, "w": 47, "h": 24}, {"x": 247, "y": 191, "w": 47, "h": 23}, {"x": 307, "y": 189, "w": 47, "h": 23}, {"x": 369, "y": 185, "w": 47, "h": 21}, {"x": 429, "y": 181, "w": 47, "h": 21}, {"x": 489, "y": 183, "w": 47, "h": 20}, {"x": 549, "y": 179, "w": 47, "h": 20}, {"x": 611, "y": 181, "w": 47, "h": 21}, {"x": 671, "y": 183, "w": 47, "h": 19}], "colors": ["#bababa", "#bababa", "#bababa", "#bababa", "#bababa", "#bababa", "#bababa", "#bababa", "#bababa", "#bababa"], "y": ["60841", "55091", "52793", "51257", "46101", "45717", "45426", "45505", "45814", "41941"], "labels": ["2009", "2010", "2011", "2012", "2013", "2014", "2015", "2016", "2017", "2018"], "x": ["2009", "2010", "2011", "2012", "2013", "2014", "2015", "2016", "2017", "2018"]}, {"name": "Outdoor advertising", "bboxes": [{"x": 127, "y": 179, "w": 47, "h": 13}, {"x": 187, "y": 187, "w": 47, "h": 11}, {"x": 247, "y": 179, "w": 47, "h": 12}, {"x": 307, "y": 177, "w": 47, "h": 11}, {"x": 369, "y": 173, "w": 47, "h": 12}, {"x": 429, "y": 169, "w": 47, "h": 12}, {"x": 489, "y": 171, "w": 47, "h": 12}, {"x": 549, "y": 167, "w": 47, "h": 12}, {"x": 611, "y": 169, "w": 47, "h": 12}, {"x": 671, "y": 173, "w": 47, "h": 11}], "colors": ["#a60b0b", "#a60b0b", "#a60b0b", "#a60b0b", "#a60b0b", "#a60b0b", "#a60b0b", "#a60b0b", "#a60b0b", "#a60b0b"], "y": ["28980", "24534", "25995", "26226", "28551", "27193", "25703", "26441", "27620", "26293"], "labels": ["2009", "2010", "2011", "2012", "2013", "2014", "2015", "2016", "2017", "2018"], "x": ["2009", "2010", "2011", "2012", "2013", "2014", "2015", "2016", "2017", "2018"]}, {"name": "Media buying agencies", "bboxes": [{"x": 127, "y": 173, "w": 47, "h": 6}, {"x": 187, "y": 179, "w": 47, "h": 7}, {"x": 247, "y": 171, "w": 47, "h": 8}, {"x": 307, "y": 167, "w": 47, "h": 10}, {"x": 369, "y": 163, "w": 47, "h": 9}, {"x": 429, "y": 161, "w": 47, "h": 9}, {"x": 489, "y": 161, "w": 47, "h": 9}, {"x": 549, "y": 157, "w": 47, "h": 10}, {"x": 611, "y": 159, "w": 47, "h": 10}, {"x": 671, "y": 163, "w": 47, "h": 10}], "colors": ["#87bc24", "#87bc24", "#87bc24", "#87bc24", "#87bc24", "#87bc24", "#87bc24", "#87bc24", "#87bc24", "#87bc24"], "y": ["15490", "15864", "19370", "21011", "20844", "22002", "21645", "21620", "22318", "21730"], "labels": ["2009", "2010", "2011", "2012", "2013", "2014", "2015", "2016", "2017", "2018"], "x": ["2009", "2010", "2011", "2012", "2013", "2014", "2015", "2016", "2017", "2018"]}, {"name": "Media representatives", "bboxes": [{"x": 127, "y": 167, "w": 47, "h": 6}, {"x": 187, "y": 175, "w": 47, "h": 5}, {"x": 247, "y": 165, "w": 47, "h": 6}, {"x": 307, "y": 163, "w": 47, "h": 5}, {"x": 369, "y": 157, "w": 47, "h": 7}, {"x": 429, "y": 155, "w": 47, "h": 6}, {"x": 489, "y": 155, "w": 47, "h": 6}, {"x": 549, "y": 151, "w": 47, "h": 6}, {"x": 611, "y": 153, "w": 47, "h": 5}, {"x": 671, "y": 155, "w": 47, "h": 7}], "colors": ["#ebb523", "#ebb523", "#ebb523", "#ebb523", "#ebb523", "#ebb523", "#ebb523", "#ebb523", "#ebb523", "#ebb523"], "y": ["13188", "12654", "12893", "12764", "13872", "13597", "13066", "14816", "12944", "17296"], "labels": ["2009", "2010", "2011", "2012", "2013", "2014", "2015", "2016", "2017", "2018"], "x": ["2009", "2010", "2011", "2012", "2013", "2014", "2015", "2016", "2017", "2018"]}, {"name": "Advertising material distribution services", "bboxes": [{"x": 127, "y": 159, "w": 47, "h": 8}, {"x": 187, "y": 167, "w": 47, "h": 7}, {"x": 247, "y": 159, "w": 47, "h": 6}, {"x": 307, "y": 157, "w": 47, "h": 5}, {"x": 369, "y": 151, "w": 47, "h": 5}, {"x": 429, "y": 149, "w": 47, "h": 5}, {"x": 489, "y": 151, "w": 47, "h": 5}, {"x": 549, "y": 145, "w": 47, "h": 6}, {"x": 611, "y": 147, "w": 47, "h": 6}, {"x": 671, "y": 149, "w": 47, "h": 6}], "colors": ["#5d2b76", "#5d2b76", "#5d2b76", "#5d2b76", "#5d2b76", "#5d2b76", "#5d2b76", "#5d2b76", "#5d2b76", "#5d2b76"], "y": ["17579", "15652", "15221", "11386", "11952", "11538", "11819", "12430", "12792", "11596"], "labels": ["2009", "2010", "2011", "2012", "2013", "2014", "2015", "2016", "2017", "2018"], "x": ["2009", "2010", "2011", "2012", "2013", "2014", "2015", "2016", "2017", "2018"]}, {"name": "Other services related to advertising", "bboxes": [{"x": 127, "y": 119, "w": 47, "h": 39}, {"x": 187, "y": 129, "w": 47, "h": 39}, {"x": 247, "y": 121, "w": 47, "h": 38}, {"x": 307, "y": 113, "w": 47, "h": 45}, {"x": 369, "y": 105, "w": 47, "h": 46}, {"x": 429, "y": 103, "w": 47, "h": 46}, {"x": 489, "y": 107, "w": 47, "h": 44}, {"x": 549, "y": 101, "w": 47, "h": 43}, {"x": 611, "y": 95, "w": 47, "h": 52}, {"x": 671, "y": 97, "w": 47, "h": 53}], "colors": ["#c271da", "#c271da", "#c271da", "#c271da", "#c271da", "#c271da", "#c271da", "#c271da", "#c271da", "#c271da"], "y": ["89468", "88921", "84974", "101603", "105432", "103644", "100608", "98070", "117376", "121500"], "labels": ["2009", "2010", "2011", "2012", "2013", "2014", "2015", "2016", "2017", "2018"], "x": ["2009", "2010", "2011", "2012", "2013", "2014", "2015", "2016", "2017", "2018"]}], "type": "v_bar"}