{"general_figure_info": {"figure_info": {"bbox": {"x": 90, "y": 47, "w": 637, "h": 333}}, "y_axis": {"label": {"bbox": [{"x": 42, "y": 143, "w": 11, "h": 140.640625}], "text": "Life expectancy at birth in years"}, "major_labels": {"bboxes": [{"x": 69, "y": 363.5, "w": 11.0, "h": 21.625}, {"x": 69, "y": 315.5, "w": 11.0, "h": 21.625}, {"x": 69, "y": 268.5, "w": 11.0, "h": 21.625}, {"x": 69, "y": 220.5, "w": 11.0, "h": 21.625}, {"x": 69, "y": 173.5, "w": 11.0, "h": 21.625}, {"x": 69, "y": 125.5, "w": 11.0, "h": 21.625}, {"x": 69, "y": 78.5, "w": 11.0, "h": 21.625}, {"x": 69, "y": 29.5, "w": 11.0, "h": 21.625}]}}, "x_axis": {"major_labels": {"bboxes": [{"x": 107, "y": 390, "h": 12, "w": 24.484375}, {"x": 165, "y": 390, "h": 12, "w": 24.484375}, {"x": 223, "y": 390, "h": 12, "w": 23.65625}, {"x": 280, "y": 390, "h": 12, "w": 24.484375}, {"x": 338, "y": 390, "h": 12, "w": 24.484375}, {"x": 396, "y": 390, "h": 12, "w": 24.484375}, {"x": 454, "y": 390, "h": 12, "w": 24.484375}, {"x": 512, "y": 390, "h": 12, "w": 24.484375}, {"x": 570, "y": 390, "h": 12, "w": 24.484375}, {"x": 628, "y": 390, "h": 12, "w": 24.484375}, {"x": 686, "y": 390, "h": 12, "w": 24.484375}], "values": ["2009", "2010", "2011", "2012", "2013", "2014", "2015", "2016", "2017", "2018", "2019"]}, "label": {}}, "legend": {"bbox": {"x": 312, "y": 418, "w": 139, "h": 34}, "items": [{"model": "female", "label": {"bbox": {"x": 341, "y": 430, "w": 38.34765625, "h": 14}, "text": "female"}, "preview": {"bbox": {"x": 320, "y": 437, "w": 16, "h": 0}}}, {"model": "male", "label": {"bbox": {"x": 414, "y": 430, "w": 27.677734375, "h": 14}, "text": "male"}, "preview": {"bbox": {"x": 393, "y": 437, "w": 16, "h": 0}}}]}}, "models": [{"name": "female", "bboxes": [{"x": 117, "y": 156, "w": 58, "h": 7}, {"x": 175, "y": 149, "w": 58, "h": 7}, {"x": 233, "y": 143, "w": 58, "h": 6}, {"x": 291, "y": 137, "w": 58, "h": 6}, {"x": 349, "y": 130, "w": 58, "h": 7}, {"x": 407, "y": 124, "w": 58, "h": 6}, {"x": 465, "y": 119, "w": 58, "h": 5}, {"x": 523, "y": 114, "w": 58, "h": 5}, {"x": 581, "y": 109, "w": 58, "h": 5}, {"x": 639, "y": 104, "w": 58, "h": 5}], "colors": "#2876dd", "y": ["77.09", "77.38", "77.66", "77.93", "78.19", "78.45", "78.7", "78.93", "79.16", "79.36", "79.56"], "labels": ["2009", "2010", "2011", "2012", "2013", "2014", "2015", "2016", "2017", "2018", "2019"], "x": ["2009", "2010", "2011", "2012", "2013", "2014", "2015", "2016", "2017", "2018", "2019"]}, {"name": "male", "bboxes": [{"x": 117, "y": 333, "w": 58, "h": 7}, {"x": 175, "y": 325, "w": 58, "h": 8}, {"x": 233, "y": 318, "w": 58, "h": 7}, {"x": 291, "y": 311, "w": 58, "h": 7}, {"x": 349, "y": 305, "w": 58, "h": 6}, {"x": 407, "y": 299, "w": 58, "h": 6}, {"x": 465, "y": 294, "w": 58, "h": 5}, {"x": 523, "y": 289, "w": 58, "h": 5}, {"x": 581, "y": 283, "w": 58, "h": 6}, {"x": 639, "y": 278, "w": 58, "h": 5}], "colors": "#0f283e", "y": ["69.62", "69.95", "70.27", "70.56", "70.84", "71.1", "71.35", "71.58", "71.8", "72.02", "72.24"], "labels": ["2009", "2010", "2011", "2012", "2013", "2014", "2015", "2016", "2017", "2018", "2019"], "x": ["2009", "2010", "2011", "2012", "2013", "2014", "2015", "2016", "2017", "2018", "2019"]}], "type": "line"}