{"general_figure_info": {"figure_info": {"bbox": {"x": 96, "y": 45, "w": 629, "h": 333}}, "y_axis": {"label": {"bbox": [{"x": 40, "y": 164, "w": 11, "h": 95.625}], "text": "Share of respondents"}, "major_labels": {"bboxes": [{"x": 65, "y": 363.5, "w": 21.0, "h": 21.625}, {"x": 65, "y": 315.5, "w": 21.0, "h": 21.625}, {"x": 65, "y": 268.5, "w": 21.0, "h": 21.625}, {"x": 65, "y": 220.5, "w": 21.0, "h": 21.625}, {"x": 65, "y": 173.5, "w": 21.0, "h": 21.625}, {"x": 65, "y": 125.5, "w": 21.0, "h": 21.625}, {"x": 65, "y": 78.5, "w": 21.0, "h": 21.625}, {"x": 65, "y": 29.5, "w": 21.0, "h": 21.625}]}}, "x_axis": {"major_labels": {"bboxes": [{"x": 120, "y": 388, "h": 12, "w": 108.5}, {"x": 278, "y": 388, "h": 12, "w": 108.5}, {"x": 460, "y": 388, "h": 12, "w": 58.703125}, {"x": 619, "y": 388, "h": 12, "w": 54.126953125}], "values": ["Support Israel's action", "Oppose Israel's action", "Stay neutral", "Don't know"]}, "label": {}}, "legend": {"bbox": {"x": 188, "y": 416, "w": 383, "h": 34}, "items": [{"model": "Total", "label": {"bbox": {"x": 217, "y": 428, "w": 27.78125, "h": 14}, "text": "Total"}, "preview": {"bbox": {"x": 198, "y": 428, "w": 12, "h": 12}}}, {"model": "Republicans", "label": {"bbox": {"x": 280, "y": 428, "w": 71.67578125, "h": 14}, "text": "Republicans"}, "preview": {"bbox": {"x": 261, "y": 428, "w": 12, "h": 12}}}, {"model": "Democrats", "label": {"bbox": {"x": 384, "y": 428, "w": 62.353515625, "h": 14}, "text": "Democrats"}, "preview": {"bbox": {"x": 365, "y": 428, "w": 12, "h": 12}}}, {"model": "Independents", "label": {"bbox": {"x": 481, "y": 428, "w": 78.33203125, "h": 14}, "text": "Independents"}, "preview": {"bbox": {"x": 462, "y": 428, "w": 12, "h": 12}}}]}}, "models": [{"name": "Total", "bboxes": [{"x": 109, "y": 193, "w": 31, "h": 186}, {"x": 266, "y": 355, "w": 31, "h": 24}, {"x": 423, "y": 136, "w": 31, "h": 243}, {"x": 580, "y": 360, "w": 31, "h": 19}], "colors": ["#2876dd", "#2876dd", "#2876dd", "#2876dd"], "y": ["39%", "5%", "51%", "4%"], "labels": ["Support Israel's action", "Oppose Israel's action", "Stay neutral", "Don't know"], "x": ["Support Israel's action", "Oppose Israel's action", "Stay neutral", "Don't know"]}, {"name": "Republicans", "bboxes": [{"x": 143, "y": 84, "w": 31, "h": 295}, {"x": 300, "y": 365, "w": 31, "h": 14}, {"x": 457, "y": 217, "w": 31, "h": 162}, {"x": 614, "y": 369, "w": 31, "h": 10}], "colors": ["#0f283e", "#0f283e", "#0f283e", "#0f283e"], "y": ["62%", "3%", "34%", "2%"], "labels": ["Support Israel's action", "Oppose Israel's action", "Stay neutral", "Don't know"], "x": ["Support Israel's action", "Oppose Israel's action", "Stay neutral", "Don't know"]}, {"name": "Democrats", "bboxes": [{"x": 176, "y": 222, "w": 31, "h": 157}, {"x": 334, "y": 346, "w": 31, "h": 33}, {"x": 491, "y": 108, "w": 31, "h": 271}, {"x": 648, "y": 360, "w": 31, "h": 19}], "colors": ["#bababa", "#bababa", "#bababa", "#bababa"], "y": ["33%", "7%", "57%", "4%"], "labels": ["Support Israel's action", "Oppose Israel's action", "Stay neutral", "Don't know"], "x": ["Support Israel's action", "Oppose Israel's action", "Stay neutral", "Don't know"]}, {"name": "Independents", "bboxes": [{"x": 210, "y": 222, "w": 31, "h": 157}, {"x": 367, "y": 350, "w": 31, "h": 29}, {"x": 525, "y": 103, "w": 31, "h": 276}, {"x": 682, "y": 365, "w": 31, "h": 14}], "colors": ["#a60b0b", "#a60b0b", "#a60b0b", "#a60b0b"], "y": ["33%", "6%", "58%", "3%"], "labels": ["Support Israel's action", "Oppose Israel's action", "Stay neutral", "Don't know"], "x": ["Support Israel's action", "Oppose Israel's action", "Stay neutral", "Don't know"]}], "type": "v_bar"}