{"general_figure_info": {"figure_info": {"bbox": {"x": 195, "y": 35, "w": 515, "h": 521}}, "y_axis": {"label": {"bbox": [{"x": 369, "y": 587, "w": 167.109375, "h": 11}], "text": "Box office gross in million U.S. dollars"}, "major_labels": {"bboxes": [{"x": 174.5, "y": 562, "w": 44.375, "h": 26.0}, {"x": 248.5, "y": 562, "w": 44.375, "h": 26.0}, {"x": 321.5, "y": 562, "w": 44.375, "h": 26.0}, {"x": 395.5, "y": 562, "w": 44.375, "h": 26.0}, {"x": 468.5, "y": 562, "w": 44.375, "h": 26.0}, {"x": 542.5, "y": 562, "w": 44.375, "h": 26.0}, {"x": 615.5, "y": 562, "w": 44.375, "h": 26.0}, {"x": 690.5, "y": 562, "w": 44.375, "h": 26.0}]}}, "x_axis": {"major_labels": {"bboxes": [{"x": 135, "y": 49, "h": 12, "w": 47.09375}, {"x": 126, "y": 89, "h": 12, "w": 56.28125}, {"x": 69, "y": 129, "h": 12, "w": 112.921875}, {"x": 46, "y": 169, "h": 12, "w": 135.71875}, {"x": 151, "y": 209, "h": 12, "w": 30.59375}, {"x": 95, "y": 249, "h": 12, "w": 86.828125}, {"x": 57, "y": 289, "h": 12, "w": 125.125}, {"x": 150, "y": 330, "h": 12, "w": 32.40625}, {"x": 87, "y": 370, "h": 12, "w": 94.78125}, {"x": 92, "y": 410, "h": 12, "w": 90.95458984375}, {"x": 111, "y": 450, "h": 12, "w": 70.71875}, {"x": 116, "y": 490, "h": 12, "w": 66.5322265625}, {"x": 96, "y": 530, "h": 12, "w": 86.70068359375}], "values": ["Deadpool", "Deadpool 2", "X-Men: The Last Stand", "X-Men: Days of Future Past", "Logan", "X2: X-Men United", "X-Men Origins: Wolverine", "X-Men", "X-Men: Apocalypse", "X-Men: First Class", "The Wolverine", "Dark Phoenix", "The New Mutants"]}, "label": {}}, "legend": {"bbox": {"x": 262, "y": 616, "w": 220, "h": 34}, "items": [{"model": "Worldwide", "label": {"bbox": {"x": 410, "y": 628, "w": 60.771484375, "h": 14}, "text": "Worldwide"}, "preview": {"bbox": {"x": 391, "y": 628, "w": 12, "h": 12}}}, {"model": "North America", "label": {"bbox": {"x": 291, "y": 628, "w": 82.568359375, "h": 14}, "text": "North America"}, "preview": {"bbox": {"x": 272, "y": 628, "w": 12, "h": 12}}}]}}, "models": [{"name": "Worldwide", "bboxes": [{"x": 195, "y": 41, "w": 134, "h": 30}, {"x": 195, "y": 81, "w": 117, "h": 30}, {"x": 195, "y": 121, "w": 86, "h": 30}, {"x": 195, "y": 161, "w": 86, "h": 30}, {"x": 195, "y": 201, "w": 83, "h": 30}, {"x": 195, "y": 241, "w": 79, "h": 30}, {"x": 195, "y": 281, "w": 66, "h": 30}, {"x": 195, "y": 321, "w": 58, "h": 30}, {"x": 195, "y": 361, "w": 57, "h": 30}, {"x": 195, "y": 401, "w": 54, "h": 30}, {"x": 195, "y": 441, "w": 49, "h": 30}, {"x": 195, "y": 481, "w": 24, "h": 30}, {"x": 195, "y": 521, "w": 9, "h": 30}], "colors": ["#2876dd", "#2876dd", "#2876dd", "#2876dd", "#2876dd", "#2876dd", "#2876dd", "#2876dd", "#2876dd", "#2876dd", "#2876dd", "#2876dd", "#2876dd"], "y": ["363.07", "318.49", "234.36", "233.92", "226.28", "214.95", "179.88", "157.3", "155.44", "146.41", "132.56", "65.85", "23.81"], "labels": ["Deadpool", "Deadpool 2", "X-Men: The Last Stand", "X-Men: Days of Future Past", "Logan", "X2: X-Men United", "X-Men Origins: Wolverine", "X-Men", "X-Men: Apocalypse", "X-Men: First Class", "The Wolverine", "Dark Phoenix", "The New Mutants"], "x": ["Deadpool", "Deadpool 2", "X-Men: The Last Stand", "X-Men: Days of Future Past", "Logan", "X2: X-Men United", "X-Men Origins: Wolverine", "X-Men", "X-Men: Apocalypse", "X-Men: First Class", "The Wolverine", "Dark Phoenix", "The New Mutants"]}, {"name": "North America", "bboxes": [{"x": 329, "y": 41, "w": 288, "h": 30}, {"x": 311, "y": 81, "w": 270, "h": 30}, {"x": 281, "y": 121, "w": 169, "h": 30}, {"x": 281, "y": 161, "w": 275, "h": 30}, {"x": 277, "y": 201, "w": 227, "h": 30}, {"x": 273, "y": 241, "w": 150, "h": 30}, {"x": 261, "y": 281, "w": 137, "h": 30}, {"x": 253, "y": 321, "w": 109, "h": 30}, {"x": 251, "y": 361, "w": 200, "h": 30}, {"x": 249, "y": 401, "w": 130, "h": 30}, {"x": 243, "y": 441, "w": 152, "h": 30}, {"x": 219, "y": 481, "w": 93, "h": 30}, {"x": 203, "y": 521, "w": 16, "h": 30}], "colors": ["#0f283e", "#0f283e", "#0f283e", "#0f283e", "#0f283e", "#0f283e", "#0f283e", "#0f283e", "#0f283e", "#0f283e", "#0f283e", "#0f283e", "#0f283e"], "y": ["783.1", "734.2", "459.4", "747.9", "616.8", "407.7", "373.1", "296.3", "543.9", "353.6", "414.8", "252.4", "44.61"], "labels": ["Deadpool", "Deadpool 2", "X-Men: The Last Stand", "X-Men: Days of Future Past", "Logan", "X2: X-Men United", "X-Men Origins: Wolverine", "X-Men", "X-Men: Apocalypse", "X-Men: First Class", "The Wolverine", "Dark Phoenix", "The New Mutants"], "x": ["Deadpool", "Deadpool 2", "X-Men: The Last Stand", "X-Men: Days of Future Past", "Logan", "X2: X-Men United", "X-Men Origins: Wolverine", "X-Men", "X-Men: Apocalypse", "X-Men: First Class", "The Wolverine", "Dark Phoenix", "The New Mutants"]}], "type": "h_bar"}