{"general_figure_info": {"figure_info": {"bbox": {"x": 96, "y": 45, "w": 629, "h": 333}}, "y_axis": {"label": {"bbox": [{"x": 40, "y": 140, "w": 11, "h": 142.671875}], "text": "Average price in euros per gram"}, "major_labels": {"bboxes": [{"x": 65, "y": 363.5, "w": 21.0, "h": 46.599999999999994}, {"x": 65, "y": 280.5, "w": 21.0, "h": 46.599999999999994}, {"x": 65, "y": 197.5, "w": 21.0, "h": 46.599999999999994}, {"x": 65, "y": 113.5, "w": 21.0, "h": 46.599999999999994}, {"x": 65, "y": 29.5, "w": 21.0, "h": 46.599999999999994}]}}, "x_axis": {"major_labels": {"bboxes": [{"x": 128, "y": 388, "h": 12, "w": 40.359375}, {"x": 237, "y": 388, "h": 12, "w": 32.40625}, {"x": 314, "y": 388, "h": 12, "w": 87.4375}, {"x": 425, "y": 388, "h": 12, "w": 76.92529296875}, {"x": 527, "y": 388, "h": 12, "w": 80.703125}, {"x": 654, "y": 388, "h": 12, "w": 38.60693359375}], "values": ["Cocaine", "Heroin", "Cannabis (herbal)", "Amphetamine s", "Cannabis (resin)", "MDMA*"]}, "label": {}}, "legend": {"bbox": {"x": 253, "y": 416, "w": 253, "h": 34}, "items": [{"model": "Minimum price", "label": {"bbox": {"x": 282, "y": 428, "w": 85.005859375, "h": 14}, "text": "Minimum price"}, "preview": {"bbox": {"x": 263, "y": 428, "w": 12, "h": 12}}}, {"model": "Maximum price", "label": {"bbox": {"x": 404, "y": 428, "w": 87.689453125, "h": 14}, "text": "Maximum price"}, "preview": {"bbox": {"x": 385, "y": 428, "w": 12, "h": 12}}}]}}, "models": [{"name": "Minimum price", "bboxes": [{"x": 107, "y": 377, "w": 40, "h": 2}, {"x": 212, "y": 375, "w": 40, "h": 4}, {"x": 317, "y": 379, "w": 40, "h": 0}, {"x": 422, "y": 377, "w": 40, "h": 2}, {"x": 526, "y": 379, "w": 40, "h": 0}, {"x": 631, "y": 378, "w": 40, "h": 1}], "colors": ["#2876dd", "#2876dd", "#2876dd", "#2876dd", "#2876dd", "#2876dd"], "y": ["2.11", "5", "0.58", "3", "0.15", "1"], "labels": ["Cocaine", "Heroin", "Cannabis (herbal)", "Amphetamine s", "Cannabis (resin)", "MDMA*"], "x": ["Cocaine", "Heroin", "Cannabis (herbal)", "Amphetamine s", "Cannabis (resin)", "MDMA*"]}, {"name": "Maximum price", "bboxes": [{"x": 151, "y": 88, "w": 40, "h": 291}, {"x": 255, "y": 213, "w": 40, "h": 166}, {"x": 360, "y": 325, "w": 40, "h": 54}, {"x": 465, "y": 249, "w": 40, "h": 130}, {"x": 570, "y": 350, "w": 40, "h": 29}, {"x": 675, "y": 346, "w": 40, "h": 33}], "colors": ["#0f283e", "#0f283e", "#0f283e", "#0f283e", "#0f283e", "#0f283e"], "y": ["350", "200", "64.52", "156.25", "35", "40"], "labels": ["Cocaine", "Heroin", "Cannabis (herbal)", "Amphetamine s", "Cannabis (resin)", "MDMA*"], "x": ["Cocaine", "Heroin", "Cannabis (herbal)", "Amphetamine s", "Cannabis (resin)", "MDMA*"]}], "type": "v_bar"}