{"general_figure_info": {"figure_info": {"bbox": {"x": 89, "y": 45, "w": 636, "h": 318}}, "y_axis": {"label": {"bbox": [{"x": 40, "y": 126, "w": 11, "h": 156.51171875}], "text": "Retail sales revenue in million GBP"}, "major_labels": {"bboxes": [{"x": 65, "y": 348.5, "w": 14.0, "h": 19.75}, {"x": 65, "y": 303.5, "w": 14.0, "h": 19.75}, {"x": 65, "y": 257.5, "w": 14.0, "h": 19.75}, {"x": 65, "y": 212.5, "w": 14.0, "h": 19.75}, {"x": 65, "y": 166.5, "w": 14.0, "h": 19.75}, {"x": 65, "y": 121.5, "w": 14.0, "h": 19.75}, {"x": 65, "y": 75.5, "w": 14.0, "h": 19.75}, {"x": 65, "y": 29.5, "w": 14.0, "h": 19.75}]}}, "x_axis": {"major_labels": {"bboxes": [{"x": 118, "y": 373, "h": 12, "w": 70.18994140625}, {"x": 243, "y": 373, "h": 12, "w": 73.24609375}, {"x": 360, "y": 373, "h": 24, "w": 94.140625}, {"x": 493, "y": 373, "h": 24, "w": 83.021484375}, {"x": 635, "y": 373, "h": 12, "w": 53.203125}], "values": ["Smart glasses", "Smart watches", "Multimedia & smart", "Fitness & activity", "Healthcare"]}, "label": {}}, "legend": {"bbox": {"x": 311, "y": 416, "w": 137, "h": 34}, "items": [{"model": "2013", "label": {"bbox": {"x": 340, "y": 428, "w": 27.021484375, "h": 14}, "text": "2013"}, "preview": {"bbox": {"x": 321, "y": 428, "w": 12, "h": 12}}}, {"model": "2014*", "label": {"bbox": {"x": 402, "y": 428, "w": 31.6953125, "h": 14}, "text": "2014*"}, "preview": {"bbox": {"x": 383, "y": 428, "w": 12, "h": 12}}}]}}, "models": [{"name": "2013", "bboxes": [{"x": 102, "y": 363, "w": 48, "h": 1}, {"x": 230, "y": 338, "w": 48, "h": 26}, {"x": 357, "y": 312, "w": 48, "h": 52}, {"x": 484, "y": 250, "w": 48, "h": 114}, {"x": 611, "y": 220, "w": 48, "h": 144}], "colors": ["#2876dd", "#2876dd", "#2876dd", "#2876dd", "#2876dd"], "y": ["0.1", "2.9", "5.7", "12.5", "15.9"], "labels": ["Smart glasses", "Smart watches", "Multimedia & smart", "Fitness & activity", "Healthcare"], "x": ["Smart glasses", "Smart watches", "Multimedia & smart", "Fitness & activity", "Healthcare"]}, {"name": "2014*", "bboxes": [{"x": 155, "y": 258, "w": 48, "h": 106}, {"x": 282, "y": 136, "w": 48, "h": 228}, {"x": 410, "y": 209, "w": 48, "h": 155}, {"x": 537, "y": 101, "w": 48, "h": 263}, {"x": 664, "y": 164, "w": 48, "h": 200}], "colors": ["#0f283e", "#0f283e", "#0f283e", "#0f283e", "#0f283e"], "y": ["11.63", "25.04", "17.09", "28.97", "22.01"], "labels": ["Smart glasses", "Smart watches", "Multimedia & smart", "Fitness & activity", "Healthcare"], "x": ["Smart glasses", "Smart watches", "Multimedia & smart", "Fitness & activity", "Healthcare"]}], "type": "v_bar"}