{"general_figure_info": {"figure_info": {"bbox": {"x": 113, "y": 45, "w": 612, "h": 333}}, "y_axis": {"label": {"bbox": [{"x": 40, "y": 129, "w": 11, "h": 165.625}], "text": "Market revenue in million U.S. dollars"}, "major_labels": {"bboxes": [{"x": 65, "y": 363.5, "w": 38.0, "h": 27.57142857142857}, {"x": 65, "y": 308.5, "w": 38.0, "h": 27.57142857142857}, {"x": 65, "y": 252.5, "w": 38.0, "h": 27.57142857142857}, {"x": 65, "y": 197.5, "w": 38.0, "h": 27.57142857142857}, {"x": 65, "y": 141.5, "w": 38.0, "h": 27.57142857142857}, {"x": 65, "y": 86.5, "w": 38.0, "h": 27.57142857142857}, {"x": 65, "y": 29.5, "w": 38.0, "h": 27.57142857142857}]}}, "x_axis": {"major_labels": {"bboxes": [{"x": 150, "y": 388, "h": 12, "w": 28.125}, {"x": 238, "y": 388, "h": 12, "w": 55.65625}, {"x": 343, "y": 388, "h": 12, "w": 51.24072265625}, {"x": 447, "y": 388, "h": 12, "w": 46.671875}, {"x": 548, "y": 388, "h": 12, "w": 48.9375}, {"x": 657, "y": 388, "h": 12, "w": 33.5107421875}], "values": ["Retail", "Real estate", "Hospitality", "Transport", "Education", "Others"]}, "label": {}}, "legend": {"bbox": {"x": 311, "y": 416, "w": 138, "h": 34}, "items": [{"model": "2016", "label": {"bbox": {"x": 340, "y": 428, "w": 27.021484375, "h": 14}, "text": "2016"}, "preview": {"bbox": {"x": 321, "y": 428, "w": 12, "h": 12}}}, {"model": "2026*", "label": {"bbox": {"x": 403, "y": 428, "w": 31.6953125, "h": 14}, "text": "2026*"}, "preview": {"bbox": {"x": 384, "y": 428, "w": 12, "h": 12}}}]}}, "models": [{"name": "2016", "bboxes": [{"x": 124, "y": 376, "w": 39, "h": 3}, {"x": 226, "y": 378, "w": 39, "h": 1}, {"x": 328, "y": 378, "w": 39, "h": 1}, {"x": 430, "y": 378, "w": 39, "h": 1}, {"x": 532, "y": 379, "w": 39, "h": 0}, {"x": 634, "y": 378, "w": 39, "h": 1}], "colors": ["#2876dd", "#2876dd", "#2876dd", "#2876dd", "#2876dd", "#2876dd"], "y": ["280.6", "49.4", "67.5", "55.6", "9.4", "57.2"], "labels": ["Retail", "Real estate", "Hospitality", "Transport", "Education", "Others"], "x": ["Retail", "Real estate", "Hospitality", "Transport", "Education", "Others"]}, {"name": "2026*", "bboxes": [{"x": 166, "y": 89, "w": 39, "h": 290}, {"x": 268, "y": 296, "w": 39, "h": 83}, {"x": 370, "y": 299, "w": 39, "h": 80}, {"x": 472, "y": 301, "w": 39, "h": 78}, {"x": 574, "y": 367, "w": 39, "h": 12}, {"x": 676, "y": 294, "w": 39, "h": 85}], "colors": ["#0f283e", "#0f283e", "#0f283e", "#0f283e", "#0f283e", "#0f283e"], "y": ["26 105.8", "7 501.3", "7 222.4", "7 033.1", "1 049.9", "7 641.6"], "labels": ["Retail", "Real estate", "Hospitality", "Transport", "Education", "Others"], "x": ["Retail", "Real estate", "Hospitality", "Transport", "Education", "Others"]}], "type": "v_bar"}