{"general_figure_info": {"figure_info": {"bbox": {"x": 107, "y": 45, "w": 618, "h": 333}}, "y_axis": {"label": {"bbox": [{"x": 40, "y": 182, "w": 11, "h": 58.79296875}], "text": "Market share"}, "major_labels": {"bboxes": [{"x": 65, "y": 363.5, "w": 32.0, "h": 35.5}, {"x": 65, "y": 296.5, "w": 32.0, "h": 35.5}, {"x": 65, "y": 230.5, "w": 32.0, "h": 35.5}, {"x": 65, "y": 163.5, "w": 32.0, "h": 35.5}, {"x": 65, "y": 97.5, "w": 32.0, "h": 35.5}, {"x": 65, "y": 29.5, "w": 32.0, "h": 35.5}]}}, "x_axis": {"major_labels": {"bboxes": [{"x": 146, "y": 388, "h": 12, "w": 24.484375}, {"x": 249, "y": 388, "h": 12, "w": 24.484375}, {"x": 352, "y": 388, "h": 12, "w": 24.484375}, {"x": 455, "y": 388, "h": 12, "w": 24.484375}, {"x": 558, "y": 388, "h": 12, "w": 24.484375}, {"x": 661, "y": 388, "h": 12, "w": 24.484375}], "values": ["2015", "2016", "2017", "2018", "2019", "2020"]}, "label": {}}, "legend": {"bbox": {"x": 187, "y": 416, "w": 385, "h": 34}, "items": [{"model": "Battery electric vehicle", "label": {"bbox": {"x": 216, "y": 428, "w": 131.06640625, "h": 14}, "text": "Battery electric vehicle"}, "preview": {"bbox": {"x": 197, "y": 428, "w": 12, "h": 12}}}, {"model": "Plug-in hybrid electric vehicle", "label": {"bbox": {"x": 383, "y": 428, "w": 170.376953125, "h": 14}, "text": "Plug-in hybrid electric vehicle"}, "preview": {"bbox": {"x": 364, "y": 428, "w": 12, "h": 12}}}]}}, "models": [{"name": "Battery electric vehicle", "bboxes": [{"x": 119, "y": 367, "w": 77, "h": 11}, {"x": 223, "y": 367, "w": 77, "h": 11}, {"x": 325, "y": 359, "w": 77, "h": 19}, {"x": 429, "y": 351, "w": 77, "h": 27}, {"x": 531, "y": 323, "w": 77, "h": 56}, {"x": 635, "y": 237, "w": 77, "h": 141}], "colors": ["#2876dd", "#2876dd", "#2876dd", "#2876dd", "#2876dd", "#2876dd"], "y": ["0.4%", "0.4%", "0.7%", "1%", "2.1%", "5.3%"], "labels": ["2015", "2016", "2017", "2018", "2019", "2020"], "x": ["2015", "2016", "2017", "2018", "2019", "2020"]}, {"name": "Plug-in hybrid electric vehicle", "bboxes": [{"x": 119, "y": 351, "w": 77, "h": 16}, {"x": 223, "y": 355, "w": 77, "h": 13}, {"x": 325, "y": 341, "w": 77, "h": 18}, {"x": 429, "y": 331, "w": 77, "h": 21}, {"x": 531, "y": 293, "w": 77, "h": 29}, {"x": 635, "y": 99, "w": 77, "h": 139}], "colors": ["#0f283e", "#0f283e", "#0f283e", "#0f283e", "#0f283e", "#0f283e"], "y": ["0.6%", "0.5%", "0.7%", "0.8%", "1.1%", "5.2%"], "labels": ["2015", "2016", "2017", "2018", "2019", "2020"], "x": ["2015", "2016", "2017", "2018", "2019", "2020"]}], "type": "v_bar"}