{"general_figure_info": {"figure_info": {"bbox": {"x": 113, "y": 45, "w": 612, "h": 310}}, "y_axis": {"label": {"bbox": [{"x": 40, "y": 132, "w": 11, "h": 136.171875}], "text": "Revenue in million U.S. dollars"}, "major_labels": {"bboxes": [{"x": 65, "y": 340.5, "w": 38.0, "h": 31.666666666666664}, {"x": 65, "y": 278.5, "w": 38.0, "h": 31.666666666666664}, {"x": 65, "y": 216.5, "w": 38.0, "h": 31.666666666666664}, {"x": 65, "y": 154.5, "w": 38.0, "h": 31.666666666666664}, {"x": 65, "y": 92.5, "w": 38.0, "h": 31.666666666666664}, {"x": 65, "y": 29.5, "w": 38.0, "h": 31.666666666666664}]}}, "x_axis": {"major_labels": {"bboxes": [{"x": 110, "y": 368, "h": 25.798370361328125, "w": 25.79834747314453}, {"x": 149, "y": 368, "h": 25.798370361328125, "w": 25.79834747314453}, {"x": 187, "y": 368, "h": 25.798370361328125, "w": 25.798355102539062}, {"x": 225, "y": 368, "h": 25.798370361328125, "w": 25.798355102539062}, {"x": 263, "y": 368, "h": 25.798370361328125, "w": 25.798355102539062}, {"x": 302, "y": 368, "h": 25.798370361328125, "w": 25.79833984375}, {"x": 340, "y": 368, "h": 25.2127685546875, "w": 25.2127685546875}, {"x": 378, "y": 368, "h": 25.798370361328125, "w": 25.79833984375}, {"x": 416, "y": 368, "h": 25.798370361328125, "w": 25.79833984375}, {"x": 455, "y": 368, "h": 25.798370361328125, "w": 25.79833984375}, {"x": 493, "y": 368, "h": 25.798370361328125, "w": 25.79833984375}, {"x": 531, "y": 368, "h": 25.798370361328125, "w": 25.798309326171875}, {"x": 569, "y": 368, "h": 25.798370361328125, "w": 25.79833984375}, {"x": 605, "y": 367, "h": 29.32421875, "w": 29.32421875}, {"x": 643, "y": 367, "h": 29.32421875, "w": 29.32421875}, {"x": 681, "y": 367, "h": 29.32421875, "w": 29.32421875}], "values": ["2005", "2006", "2007", "2008", "2009", "2010", "2011", "2012", "2013", "2014", "2015", "2016", "2017", "2018*", "2019*", "2020*"]}, "label": {}}, "legend": {"bbox": {"x": 82, "y": 416, "w": 596, "h": 34}, "items": [{"model": "Aircraft", "label": {"bbox": {"x": 111, "y": 428, "w": 42.6875, "h": 14}, "text": "Aircraft"}, "preview": {"bbox": {"x": 92, "y": 428, "w": 12, "h": 12}}}, {"model": "Combat Systems", "label": {"bbox": {"x": 189, "y": 428, "w": 97.69140625, "h": 14}, "text": "Combat Systems"}, "preview": {"bbox": {"x": 170, "y": 428, "w": 12, "h": 12}}}, {"model": "Marine Systems", "label": {"bbox": {"x": 321, "y": 428, "w": 91.703125, "h": 14}, "text": "Marine Systems"}, "preview": {"bbox": {"x": 302, "y": 428, "w": 12, "h": 12}}}, {"model": "Information and Technology Systems", "label": {"bbox": {"x": 446, "y": 428, "w": 213.466796875, "h": 14}, "text": "Information and Technology Systems"}, "preview": {"bbox": {"x": 427, "y": 428, "w": 12, "h": 12}}}]}}, "models": [{"name": "Aircraft", "bboxes": [{"x": 117, "y": 335, "w": 30, "h": 21}, {"x": 155, "y": 329, "w": 30, "h": 26}, {"x": 193, "y": 325, "w": 30, "h": 30}, {"x": 231, "y": 321, "w": 30, "h": 34}, {"x": 269, "y": 323, "w": 30, "h": 32}, {"x": 309, "y": 323, "w": 30, "h": 33}, {"x": 347, "y": 319, "w": 30, "h": 37}, {"x": 385, "y": 313, "w": 30, "h": 43}, {"x": 423, "y": 305, "w": 30, "h": 50}, {"x": 461, "y": 301, "w": 30, "h": 54}, {"x": 499, "y": 299, "w": 30, "h": 57}, {"x": 537, "y": 307, "w": 30, "h": 48}, {"x": 575, "y": 305, "w": 30, "h": 50}, {"x": 615, "y": 303, "w": 30, "h": 52}, {"x": 653, "y": 295, "w": 30, "h": 61}, {"x": 691, "y": 305, "w": 30, "h": 50}], "colors": ["#2876dd", "#2876dd", "#2876dd", "#2876dd", "#2876dd", "#2876dd", "#2876dd", "#2876dd", "#2876dd", "#2876dd", "#2876dd", "#2876dd", "#2876dd", "#2876dd", "#2876dd", "#2876dd"], "y": ["3 433", "4 116", "4 828", "5 512", "5 171", "5 299", "5 998", "6 912", "8 118", "8 649", "9 177", "7 815", "8 129", "8 455", "9 801", "8 075"], "labels": ["2005", "2006", "2007", "2008", "2009", "2010", "2011", "2012", "2013", "2014", "2015", "2016", "2017", "2018*", "2019*", "2020*"], "x": ["2005", "2006", "2007", "2008", "2009", "2010", "2011", "2012", "2013", "2014", "2015", "2016", "2017", "2018*", "2019*", "2020*"]}, {"name": "Combat Systems", "bboxes": [{"x": 117, "y": 303, "w": 30, "h": 31}, {"x": 155, "y": 293, "w": 30, "h": 37}, {"x": 193, "y": 277, "w": 30, "h": 48}, {"x": 231, "y": 271, "w": 30, "h": 51}, {"x": 269, "y": 263, "w": 30, "h": 60}, {"x": 309, "y": 267, "w": 30, "h": 55}, {"x": 347, "y": 263, "w": 30, "h": 55}, {"x": 385, "y": 267, "w": 30, "h": 46}, {"x": 423, "y": 269, "w": 30, "h": 37}, {"x": 461, "y": 267, "w": 30, "h": 35}, {"x": 499, "y": 263, "w": 30, "h": 35}, {"x": 537, "y": 273, "w": 30, "h": 35}, {"x": 575, "y": 269, "w": 30, "h": 37}, {"x": 615, "y": 265, "w": 30, "h": 39}, {"x": 653, "y": 251, "w": 30, "h": 43}, {"x": 691, "y": 261, "w": 30, "h": 45}], "colors": ["#0f283e", "#0f283e", "#0f283e", "#0f283e", "#0f283e", "#0f283e", "#0f283e", "#0f283e", "#0f283e", "#0f283e", "#0f283e", "#0f283e", "#0f283e", "#0f283e", "#0f283e", "#0f283e"], "y": ["5 021", "5 983", "7 797", "8 194", "9 645", "8 878", "8 827", "7 471", "5 892", "5 732", "5 643", "5 530", "5 949", "6 241", "7 007", "7 223"], "labels": ["2005", "2006", "2007", "2008", "2009", "2010", "2011", "2012", "2013", "2014", "2015", "2016", "2017", "2018*", "2019*", "2020*"], "x": ["2005", "2006", "2007", "2008", "2009", "2010", "2011", "2012", "2013", "2014", "2015", "2016", "2017", "2018*", "2019*", "2020*"]}, {"name": "Marine Systems", "bboxes": [{"x": 117, "y": 273, "w": 30, "h": 30}, {"x": 155, "y": 263, "w": 30, "h": 30}, {"x": 193, "y": 247, "w": 30, "h": 31}, {"x": 231, "y": 237, "w": 30, "h": 34}, {"x": 269, "y": 225, "w": 30, "h": 39}, {"x": 309, "y": 227, "w": 30, "h": 41}, {"x": 347, "y": 223, "w": 30, "h": 41}, {"x": 385, "y": 225, "w": 30, "h": 41}, {"x": 423, "y": 227, "w": 30, "h": 41}, {"x": 461, "y": 221, "w": 30, "h": 45}, {"x": 499, "y": 213, "w": 30, "h": 50}, {"x": 537, "y": 223, "w": 30, "h": 50}, {"x": 575, "y": 219, "w": 30, "h": 50}, {"x": 615, "y": 211, "w": 30, "h": 53}, {"x": 653, "y": 195, "w": 30, "h": 57}, {"x": 691, "y": 199, "w": 30, "h": 62}], "colors": ["#bababa", "#bababa", "#bababa", "#bababa", "#bababa", "#bababa", "#bababa", "#bababa", "#bababa", "#bababa", "#bababa", "#bababa", "#bababa", "#bababa", "#bababa", "#bababa"], "y": ["4 695", "4 940", "4 993", "5 556", "6 363", "6 677", "6 631", "6 592", "6 712", "7 312", "8 032", "8 072", "8 004", "8 502", "9 183", "9 979"], "labels": ["2005", "2006", "2007", "2008", "2009", "2010", "2011", "2012", "2013", "2014", "2015", "2016", "2017", "2018*", "2019*", "2020*"], "x": ["2005", "2006", "2007", "2008", "2009", "2010", "2011", "2012", "2013", "2014", "2015", "2016", "2017", "2018*", "2019*", "2020*"]}, {"name": "Information and Technology Systems", "bboxes": [{"x": 117, "y": 225, "w": 30, "h": 48}, {"x": 155, "y": 207, "w": 30, "h": 56}, {"x": 193, "y": 187, "w": 30, "h": 60}, {"x": 231, "y": 173, "w": 30, "h": 63}, {"x": 269, "y": 157, "w": 30, "h": 67}, {"x": 309, "y": 155, "w": 30, "h": 72}, {"x": 347, "y": 153, "w": 30, "h": 70}, {"x": 385, "y": 163, "w": 30, "h": 62}, {"x": 423, "y": 163, "w": 30, "h": 64}, {"x": 461, "y": 165, "w": 30, "h": 57}, {"x": 499, "y": 159, "w": 30, "h": 55}, {"x": 537, "y": 167, "w": 30, "h": 56}, {"x": 575, "y": 163, "w": 30, "h": 55}, {"x": 615, "y": 131, "w": 30, "h": 80}, {"x": 653, "y": 111, "w": 30, "h": 83}, {"x": 691, "y": 121, "w": 30, "h": 78}], "colors": ["#a60b0b", "#a60b0b", "#a60b0b", "#a60b0b", "#a60b0b", "#a60b0b", "#a60b0b", "#a60b0b", "#a60b0b", "#a60b0b", "#a60b0b", "#a60b0b", "#a60b0b", "#a60b0b", "#a60b0b", "#a60b0b"], "y": ["7 826", "9 024", "9 622", "10 038", "10 802", "11 612", "11 221", "10 017", "10 268", "9 159", "8 929", "9 144", "8 891", "12 995", "13 359", "12 648"], "labels": ["2005", "2006", "2007", "2008", "2009", "2010", "2011", "2012", "2013", "2014", "2015", "2016", "2017", "2018*", "2019*", "2020*"], "x": ["2005", "2006", "2007", "2008", "2009", "2010", "2011", "2012", "2013", "2014", "2015", "2016", "2017", "2018*", "2019*", "2020*"]}], "type": "v_bar"}