{"general_figure_info": {"figure_info": {"bbox": {"x": 98, "y": 47, "w": 629, "h": 333}}, "y_axis": {"label": {"bbox": [{"x": 42, "y": 165, "w": 11, "h": 96.71875}], "text": "Number of billionaires"}, "major_labels": {"bboxes": [{"x": 69, "y": 363.5, "w": 19.0, "h": 35.5}, {"x": 69, "y": 296.5, "w": 19.0, "h": 35.5}, {"x": 69, "y": 230.5, "w": 19.0, "h": 35.5}, {"x": 69, "y": 163.5, "w": 19.0, "h": 35.5}, {"x": 69, "y": 97.5, "w": 19.0, "h": 35.5}, {"x": 69, "y": 29.5, "w": 19.0, "h": 35.5}]}}, "x_axis": {"major_labels": {"bboxes": [{"x": 117, "y": 390, "h": 12, "w": 14.34375}, {"x": 169, "y": 390, "h": 12, "w": 14.34375}, {"x": 222, "y": 390, "h": 12, "w": 14.34375}, {"x": 274, "y": 390, "h": 12, "w": 14.34375}, {"x": 327, "y": 390, "h": 12, "w": 14.34375}, {"x": 379, "y": 390, "h": 12, "w": 14.34375}, {"x": 432, "y": 390, "h": 12, "w": 14.34375}, {"x": 484, "y": 390, "h": 12, "w": 14.34375}, {"x": 536, "y": 390, "h": 12, "w": 14.34375}, {"x": 589, "y": 390, "h": 12, "w": 14.34375}, {"x": 642, "y": 390, "h": 12, "w": 13.53125}, {"x": 694, "y": 390, "h": 12, "w": 14.34375}], "values": ["'01", "'02", "'03", "'04", "'05", "'06", "'07", "'08", "'09", "'10", "'11", "'12"]}, "label": {}}, "legend": {"bbox": {"x": 101, "y": 418, "w": 561, "h": 34}, "items": [{"model": "Asia-Pacific", "label": {"bbox": {"x": 130, "y": 430, "w": 68.359375, "h": 14}, "text": "Asia-Pacific"}, "preview": {"bbox": {"x": 109, "y": 437, "w": 16, "h": 0}}}, {"model": "Europe", "label": {"bbox": {"x": 234, "y": 430, "w": 41.6640625, "h": 14}, "text": "Europe"}, "preview": {"bbox": {"x": 213, "y": 437, "w": 16, "h": 0}}}, {"model": "Middle East & Africa", "label": {"bbox": {"x": 308, "y": 430, "w": 115.908203125, "h": 14}, "text": "Middle East & Africa"}, "preview": {"bbox": {"x": 287, "y": 437, "w": 16, "h": 0}}}, {"model": "The Americas", "label": {"bbox": {"x": 460, "y": 430, "w": 78.583984375, "h": 14}, "text": "The Americas"}, "preview": {"bbox": {"x": 439, "y": 437, "w": 16, "h": 0}}}, {"model": "United States", "label": {"bbox": {"x": 575, "y": 430, "w": 77.0078125, "h": 14}, "text": "United States"}, "preview": {"bbox": {"x": 554, "y": 437, "w": 16, "h": 0}}}]}}, "models": [{"name": "Asia-Pacific", "bboxes": [{"x": 123, "y": 328, "w": 52, "h": 4}, {"x": 175, "y": 332, "w": 53, "h": 6}, {"x": 228, "y": 327, "w": 52, "h": 11}, {"x": 280, "y": 319, "w": 52, "h": 8}, {"x": 332, "y": 302, "w": 53, "h": 17}, {"x": 385, "y": 272, "w": 52, "h": 30}, {"x": 437, "y": 238, "w": 53, "h": 34}, {"x": 490, "y": 238, "w": 52, "h": 54}, {"x": 542, "y": 223, "w": 52, "h": 69}, {"x": 594, "y": 158, "w": 53, "h": 65}, {"x": 647, "y": 158, "w": 52, "h": 11}], "colors": "#2876dd", "y": ["77", "70", "61", "78", "90", "115", "160", "211", "130", "234", "332", "315"], "labels": ["'01", "'02", "'03", "'04", "'05", "'06", "'07", "'08", "'09", "'10", "'11", "'12"], "x": ["'01", "'02", "'03", "'04", "'05", "'06", "'07", "'08", "'09", "'10", "'11", "'12"]}, {"name": "Europe", "bboxes": [{"x": 123, "y": 298, "w": 52, "h": 0}, {"x": 175, "y": 290, "w": 53, "h": 8}, {"x": 228, "y": 268, "w": 52, "h": 22}, {"x": 280, "y": 254, "w": 52, "h": 14}, {"x": 332, "y": 248, "w": 53, "h": 6}, {"x": 385, "y": 218, "w": 52, "h": 30}, {"x": 437, "y": 181, "w": 53, "h": 37}, {"x": 490, "y": 181, "w": 52, "h": 67}, {"x": 542, "y": 214, "w": 52, "h": 34}, {"x": 594, "y": 179, "w": 53, "h": 35}, {"x": 647, "y": 173, "w": 52, "h": 6}], "colors": "#0f283e", "y": ["122", "121", "134", "167", "188", "196", "242", "298", "196", "248", "300", "310"], "labels": ["'01", "'02", "'03", "'04", "'05", "'06", "'07", "'08", "'09", "'10", "'11", "'12"], "x": ["'01", "'02", "'03", "'04", "'05", "'06", "'07", "'08", "'09", "'10", "'11", "'12"]}, {"name": "Middle East & Africa", "bboxes": [{"x": 123, "y": 363, "w": 52, "h": 1}, {"x": 175, "y": 364, "w": 53, "h": 0}, {"x": 228, "y": 362, "w": 52, "h": 2}, {"x": 280, "y": 360, "w": 52, "h": 2}, {"x": 332, "y": 342, "w": 53, "h": 18}, {"x": 385, "y": 334, "w": 52, "h": 8}, {"x": 437, "y": 323, "w": 53, "h": 11}, {"x": 490, "y": 323, "w": 52, "h": 17}, {"x": 542, "y": 336, "w": 52, "h": 4}, {"x": 594, "y": 320, "w": 53, "h": 16}, {"x": 647, "y": 320, "w": 52, "h": 2}], "colors": "#bababa", "y": ["24", "23", "22", "26", "29", "56", "68", "84", "58", "65", "89", "86"], "labels": ["'01", "'02", "'03", "'04", "'05", "'06", "'07", "'08", "'09", "'10", "'11", "'12"], "x": ["'01", "'02", "'03", "'04", "'05", "'06", "'07", "'08", "'09", "'10", "'11", "'12"]}, {"name": "The Americas", "bboxes": [{"x": 123, "y": 350, "w": 52, "h": 2}, {"x": 175, "y": 352, "w": 53, "h": 2}, {"x": 228, "y": 351, "w": 52, "h": 3}, {"x": 280, "y": 350, "w": 52, "h": 1}, {"x": 332, "y": 342, "w": 53, "h": 8}, {"x": 385, "y": 338, "w": 52, "h": 4}, {"x": 437, "y": 337, "w": 53, "h": 1}, {"x": 490, "y": 337, "w": 52, "h": 9}, {"x": 542, "y": 338, "w": 52, "h": 8}, {"x": 594, "y": 328, "w": 53, "h": 10}, {"x": 647, "y": 319, "w": 52, "h": 9}], "colors": "#a60b0b", "y": ["43", "40", "37", "42", "43", "55", "61", "63", "50", "61", "76", "90"], "labels": ["'01", "'02", "'03", "'04", "'05", "'06", "'07", "'08", "'09", "'10", "'11", "'12"], "x": ["'01", "'02", "'03", "'04", "'05", "'06", "'07", "'08", "'09", "'10", "'11", "'12"]}, {"name": "United States", "bboxes": [{"x": 123, "y": 198, "w": 52, "h": 19}, {"x": 175, "y": 217, "w": 53, "h": 14}, {"x": 228, "y": 197, "w": 52, "h": 34}, {"x": 280, "y": 152, "w": 52, "h": 45}, {"x": 332, "y": 132, "w": 53, "h": 20}, {"x": 385, "y": 103, "w": 52, "h": 29}, {"x": 437, "y": 67, "w": 53, "h": 36}, {"x": 490, "y": 67, "w": 52, "h": 73}, {"x": 542, "y": 111, "w": 52, "h": 29}, {"x": 594, "y": 104, "w": 53, "h": 7}, {"x": 647, "y": 96, "w": 52, "h": 8}], "colors": "#87bc24", "y": ["272", "243", "222", "274", "341", "371", "415", "469", "359", "403", "413", "425"], "labels": ["'01", "'02", "'03", "'04", "'05", "'06", "'07", "'08", "'09", "'10", "'11", "'12"], "x": ["'01", "'02", "'03", "'04", "'05", "'06", "'07", "'08", "'09", "'10", "'11", "'12"]}], "type": "line"}