{"general_figure_info": {"figure_info": {"bbox": {"x": 96, "y": 47, "w": 631, "h": 333}}, "y_axis": {"label": {"bbox": [{"x": 42, "y": 199, "w": 11, "h": 28.90625}], "text": "Reach"}, "major_labels": {"bboxes": [{"x": 69, "y": 363.5, "w": 17.0, "h": 17.0}, {"x": 69, "y": 321.5, "w": 17.0, "h": 17.0}, {"x": 69, "y": 280.5, "w": 17.0, "h": 17.0}, {"x": 69, "y": 238.5, "w": 17.0, "h": 17.0}, {"x": 69, "y": 197.5, "w": 17.0, "h": 17.0}, {"x": 69, "y": 155.5, "w": 17.0, "h": 17.0}, {"x": 69, "y": 113.5, "w": 17.0, "h": 17.0}, {"x": 69, "y": 72.5, "w": 17.0, "h": 17.0}, {"x": 69, "y": 29.5, "w": 17.0, "h": 17.0}]}}, "x_axis": {"major_labels": {"bboxes": [{"x": 178, "y": 390, "h": 12, "w": 46.484375}, {"x": 389, "y": 390, "h": 12, "w": 44.65625}, {"x": 599, "y": 390, "h": 12, "w": 45.265625}], "values": ["Feb 2020", "Apr 2020", "Jun 2020"]}, "label": {}}, "legend": {"bbox": {"x": 221, "y": 418, "w": 321, "h": 34}, "items": [{"model": "18-34 years", "label": {"bbox": {"x": 250, "y": 430, "w": 65.716796875, "h": 14}, "text": "18-34 years"}, "preview": {"bbox": {"x": 229, "y": 437, "w": 16, "h": 0}}}, {"model": "35-54 years", "label": {"bbox": {"x": 356, "y": 430, "w": 65.716796875, "h": 14}, "text": "35-54 years"}, "preview": {"bbox": {"x": 335, "y": 437, "w": 16, "h": 0}}}, {"model": "55 or above", "label": {"bbox": {"x": 461, "y": 430, "w": 67.0234375, "h": 14}, "text": "55 or above"}, "preview": {"bbox": {"x": 441, "y": 437, "w": 16, "h": 0}}}]}}, "models": [{"name": "18-34 years", "bboxes": [{"x": 200, "y": 171, "w": 210, "h": 8}, {"x": 410, "y": 79, "w": 210, "h": 92}], "colors": "#2876dd", "y": ["69%", "70%", "81%"], "labels": ["Feb 2020", "Apr 2020", "Jun 2020"], "x": ["Feb 2020", "Apr 2020", "Jun 2020"]}, {"name": "35-54 years", "bboxes": [{"x": 200, "y": 229, "w": 210, "h": 0}, {"x": 410, "y": 188, "w": 210, "h": 41}], "colors": "#0f283e", "y": ["63%", "63%", "68%"], "labels": ["Feb 2020", "Apr 2020", "Jun 2020"], "x": ["Feb 2020", "Apr 2020", "Jun 2020"]}, {"name": "55 or above", "bboxes": [{"x": 200, "y": 321, "w": 210, "h": 25}, {"x": 410, "y": 254, "w": 210, "h": 92}], "colors": "#bababa", "y": ["52%", "49%", "60%"], "labels": ["Feb 2020", "Apr 2020", "Jun 2020"], "x": ["Feb 2020", "Apr 2020", "Jun 2020"]}], "type": "line"}