{"general_figure_info": {"figure_info": {"bbox": {"x": 92, "y": 45, "w": 633, "h": 333}}, "y_axis": {"label": {"bbox": [{"x": 40, "y": 146, "w": 11, "h": 131.171875}], "text": "Number of patients in millions"}, "major_labels": {"bboxes": [{"x": 65, "y": 363.5, "w": 17.0, "h": 46.599999999999994}, {"x": 65, "y": 280.5, "w": 17.0, "h": 46.599999999999994}, {"x": 65, "y": 197.5, "w": 17.0, "h": 46.599999999999994}, {"x": 65, "y": 113.5, "w": 17.0, "h": 46.599999999999994}, {"x": 65, "y": 29.5, "w": 17.0, "h": 46.599999999999994}]}}, "x_axis": {"major_labels": {"bboxes": [{"x": 238, "y": 388, "h": 12, "w": 24.484375}, {"x": 555, "y": 388, "h": 12, "w": 24.484375}], "values": ["2016", "2030"]}, "label": {}}, "legend": {"bbox": {"x": 197, "y": 416, "w": 366, "h": 34}, "items": [{"model": "Parkinson's disease", "label": {"bbox": {"x": 226, "y": 428, "w": 115.240234375, "h": 14}, "text": "Parkinson's disease"}, "preview": {"bbox": {"x": 207, "y": 428, "w": 12, "h": 12}}}, {"model": "Parkinson's disease psychosis", "label": {"bbox": {"x": 375, "y": 428, "w": 177.267578125, "h": 14}, "text": "Parkinson's disease psychosis"}, "preview": {"bbox": {"x": 356, "y": 428, "w": 12, "h": 12}}}]}}, "models": [{"name": "Parkinson's disease", "bboxes": [{"x": 125, "y": 213, "w": 119, "h": 166}, {"x": 442, "y": 79, "w": 119, "h": 300}], "colors": ["#2876dd", "#2876dd"], "y": ["1", "1.8"], "labels": ["2016", "2030"], "x": ["2016", "2030"]}, {"name": "Parkinson's disease psychosis", "bboxes": [{"x": 257, "y": 312, "w": 119, "h": 67}, {"x": 573, "y": 259, "w": 119, "h": 120}], "colors": ["#0f283e", "#0f283e"], "y": ["0.4", "0.72"], "labels": ["2016", "2030"], "x": ["2016", "2030"]}], "type": "v_bar"}