{"general_figure_info": {"figure_info": {"bbox": {"x": 106, "y": 45, "w": 619, "h": 333}}, "y_axis": {"label": {"bbox": [{"x": 40, "y": 171, "w": 11, "h": 81.703125}], "text": "Number of players"}, "major_labels": {"bboxes": [{"x": 65, "y": 363.5, "w": 31.0, "h": 35.5}, {"x": 65, "y": 296.5, "w": 31.0, "h": 35.5}, {"x": 65, "y": 230.5, "w": 31.0, "h": 35.5}, {"x": 65, "y": 163.5, "w": 31.0, "h": 35.5}, {"x": 65, "y": 97.5, "w": 31.0, "h": 35.5}, {"x": 65, "y": 29.5, "w": 31.0, "h": 35.5}]}}, "x_axis": {"major_labels": {"bboxes": [{"x": 132, "y": 388, "h": 12, "w": 24.484375}, {"x": 210, "y": 388, "h": 12, "w": 24.484375}, {"x": 287, "y": 388, "h": 12, "w": 24.484375}, {"x": 365, "y": 388, "h": 12, "w": 24.484375}, {"x": 442, "y": 388, "h": 12, "w": 24.484375}, {"x": 519, "y": 388, "h": 12, "w": 24.484375}, {"x": 597, "y": 388, "h": 12, "w": 24.484375}, {"x": 674, "y": 388, "h": 12, "w": 24.484375}], "values": ["2013", "2014", "2015", "2016", "2017", "2018", "2019", "2020"]}, "label": {}}, "legend": {"bbox": {"x": 252, "y": 416, "w": 255, "h": 34}, "items": [{"model": "US players", "label": {"bbox": {"x": 281, "y": 428, "w": 62.359375, "h": 14}, "text": "US players"}, "preview": {"bbox": {"x": 262, "y": 428, "w": 12, "h": 12}}}, {"model": "International players", "label": {"bbox": {"x": 375, "y": 428, "w": 117.6953125, "h": 14}, "text": "International players"}, "preview": {"bbox": {"x": 356, "y": 428, "w": 12, "h": 12}}}]}}, "models": [{"name": "US players", "bboxes": [{"x": 115, "y": 215, "w": 58, "h": 164}, {"x": 193, "y": 211, "w": 58, "h": 168}, {"x": 271, "y": 209, "w": 58, "h": 170}, {"x": 347, "y": 211, "w": 58, "h": 167}, {"x": 425, "y": 217, "w": 58, "h": 162}, {"x": 503, "y": 213, "w": 58, "h": 166}, {"x": 579, "y": 211, "w": 58, "h": 168}, {"x": 657, "y": 183, "w": 58, "h": 196}], "colors": ["#2876dd", "#2876dd", "#2876dd", "#2876dd", "#2876dd", "#2876dd", "#2876dd", "#2876dd"], "y": ["615", "629", "638", "626", "609", "623", "631", "735"], "labels": ["2013", "2014", "2015", "2016", "2017", "2018", "2019", "2020"], "x": ["2013", "2014", "2015", "2016", "2017", "2018", "2019", "2020"]}, {"name": "International players", "bboxes": [{"x": 115, "y": 151, "w": 58, "h": 64}, {"x": 193, "y": 151, "w": 58, "h": 59}, {"x": 271, "y": 147, "w": 58, "h": 61}, {"x": 347, "y": 149, "w": 58, "h": 63}, {"x": 425, "y": 147, "w": 58, "h": 69}, {"x": 503, "y": 145, "w": 58, "h": 68}, {"x": 579, "y": 143, "w": 58, "h": 67}, {"x": 657, "y": 105, "w": 58, "h": 77}], "colors": ["#0f283e", "#0f283e", "#0f283e", "#0f283e", "#0f283e", "#0f283e", "#0f283e", "#0f283e"], "y": ["241", "224", "230", "238", "259", "254", "251", "291"], "labels": ["2013", "2014", "2015", "2016", "2017", "2018", "2019", "2020"], "x": ["2013", "2014", "2015", "2016", "2017", "2018", "2019", "2020"]}], "type": "v_bar"}