{"general_figure_info": {"figure_info": {"bbox": {"x": 147, "y": 35, "w": 563, "h": 321}}, "y_axis": {"label": {"bbox": [{"x": 358, "y": 387, "w": 140.625, "h": 11}], "text": "Consumption in millions of liters"}, "major_labels": {"bboxes": [{"x": 126.5, "y": 362, "w": 42.55555555555556, "h": 26.0}, {"x": 196.5, "y": 362, "w": 42.55555555555556, "h": 26.0}, {"x": 267.5, "y": 362, "w": 42.55555555555556, "h": 26.0}, {"x": 337.5, "y": 362, "w": 42.55555555555556, "h": 26.0}, {"x": 408.5, "y": 362, "w": 42.55555555555556, "h": 26.0}, {"x": 478.5, "y": 362, "w": 42.55555555555556, "h": 26.0}, {"x": 548.5, "y": 362, "w": 42.55555555555556, "h": 26.0}, {"x": 619.5, "y": 362, "w": 42.55555555555556, "h": 26.0}, {"x": 690.5, "y": 362, "w": 42.55555555555556, "h": 26.0}]}}, "x_axis": {"major_labels": {"bboxes": [{"x": 83, "y": 49, "h": 12, "w": 51.15625}, {"x": 103, "y": 89, "h": 12, "w": 31.1875}, {"x": 77, "y": 129, "h": 12, "w": 57.9599609375}, {"x": 64, "y": 169, "h": 12, "w": 70.572265625}, {"x": 55, "y": 210, "h": 12, "w": 79.296875}, {"x": 58, "y": 250, "h": 12, "w": 76.4375}, {"x": 67, "y": 290, "h": 12, "w": 67.52685546875}, {"x": 45, "y": 330, "h": 12, "w": 88.65625}], "values": ["Worldwide", "EU-28", "Asia-Pacific", "North America", "Western Europe", "Eastern Europe", "Latin America", "Africa/Middle East"]}, "label": {}}, "legend": {"bbox": {"x": 306, "y": 416, "w": 132, "h": 34}, "items": [{"model": "2018", "label": {"bbox": {"x": 398, "y": 428, "w": 27.021484375, "h": 14}, "text": "2018"}, "preview": {"bbox": {"x": 379, "y": 428, "w": 12, "h": 12}}}, {"model": "2017", "label": {"bbox": {"x": 335, "y": 428, "w": 27.021484375, "h": 14}, "text": "2017"}, "preview": {"bbox": {"x": 316, "y": 428, "w": 12, "h": 12}}}]}}, "models": [{"name": "2018", "bboxes": [{"x": 146, "y": 39, "w": 506, "h": 15}, {"x": 146, "y": 79, "w": 128, "h": 15}, {"x": 146, "y": 119, "w": 118, "h": 15}, {"x": 146, "y": 160, "w": 117, "h": 15}, {"x": 146, "y": 200, "w": 113, "h": 15}, {"x": 146, "y": 240, "w": 60, "h": 15}, {"x": 146, "y": 280, "w": 49, "h": 15}, {"x": 146, "y": 320, "w": 48, "h": 15}], "colors": ["#0f283e", "#0f283e", "#0f283e", "#0f283e", "#0f283e", "#0f283e", "#0f283e", "#0f283e"], "y": ["35 934", "9 067", "8 367", "8 331", "8 052", "4 264", "3 492", "3 429"], "labels": ["Worldwide", "EU-28", "Asia-Pacific", "North America", "Western Europe", "Eastern Europe", "Latin America", "Africa/Middle East"], "x": ["Worldwide", "EU-28", "Asia-Pacific", "North America", "Western Europe", "Eastern Europe", "Latin America", "Africa/Middle East"]}, {"name": "2017", "bboxes": [{"x": 146, "y": 56, "w": 510, "h": 15}, {"x": 146, "y": 96, "w": 129, "h": 15}, {"x": 146, "y": 136, "w": 115, "h": 15}, {"x": 146, "y": 176, "w": 121, "h": 15}, {"x": 146, "y": 216, "w": 114, "h": 15}, {"x": 146, "y": 257, "w": 60, "h": 15}, {"x": 146, "y": 297, "w": 48, "h": 15}, {"x": 146, "y": 337, "w": 51, "h": 15}], "colors": ["#2876dd", "#2876dd", "#2876dd", "#2876dd", "#2876dd", "#2876dd", "#2876dd", "#2876dd"], "y": ["36 247", "9 187", "8 159", "8 629", "8 109", "4 282", "3 436", "3 633"], "labels": ["Worldwide", "EU-28", "Asia-Pacific", "North America", "Western Europe", "Eastern Europe", "Latin America", "Africa/Middle East"], "x": ["Worldwide", "EU-28", "Asia-Pacific", "North America", "Western Europe", "Eastern Europe", "Latin America", "Africa/Middle East"]}], "type": "h_bar"}