{"general_figure_info": {"figure_info": {"bbox": {"x": 209, "y": 35, "w": 501, "h": 321}}, "y_axis": {"label": {"bbox": [{"x": 40, "y": 153, "w": 11, "h": 83.8173828125}], "text": "Number of deaths"}, "major_labels": {"bboxes": [{"x": 188.5, "y": 128, "w": 25.545454545454547, "h": 148.0}, {"x": 238.5, "y": 128, "w": 25.545454545454547, "h": 148.0}, {"x": 288.5, "y": 128, "w": 25.545454545454547, "h": 148.0}, {"x": 338.5, "y": 128, "w": 25.545454545454547, "h": 148.0}, {"x": 388.5, "y": 128, "w": 25.545454545454547, "h": 148.0}, {"x": 439.5, "y": 128, "w": 25.545454545454547, "h": 148.0}, {"x": 489.5, "y": 128, "w": 25.545454545454547, "h": 148.0}, {"x": 539.5, "y": 128, "w": 25.545454545454547, "h": 148.0}, {"x": 589.5, "y": 128, "w": 25.545454545454547, "h": 148.0}, {"x": 639.5, "y": 128, "w": 25.545454545454547, "h": 148.0}, {"x": 690.5, "y": 128, "w": 25.545454545454547, "h": 148.0}]}}, "x_axis": {"major_labels": {"bboxes": [{"x": 89, "y": 52, "h": 12, "w": 107.03125}, {"x": 76, "y": 98, "h": 12, "w": 119.84375}, {"x": 140, "y": 144, "h": 12, "w": 55.828125}, {"x": 150, "y": 189, "h": 12, "w": 46.46875}, {"x": 96, "y": 235, "h": 12, "w": 99.671875}, {"x": 120, "y": 281, "h": 12, "w": 76.53759765625}, {"x": 112, "y": 327, "h": 12, "w": 83.78125}], "values": ["Hanging/strangulation", "Drugs/medicines/alcohol", "Train/metro", "Drowning", "Jumping from height", "Other method**", "Method unknown"]}, "label": {}}, "legend": {"bbox": {"x": 303, "y": 416, "w": 139, "h": 34}, "items": [{"model": "Women", "label": {"bbox": {"x": 389, "y": 428, "w": 43.125, "h": 14}, "text": "Women"}, "preview": {"bbox": {"x": 370, "y": 428, "w": 12, "h": 12}}}, {"model": "Men", "label": {"bbox": {"x": 332, "y": 428, "w": 24, "h": 14}, "text": "Men"}, "preview": {"bbox": {"x": 313, "y": 428, "w": 12, "h": 12}}}]}}, "models": [{"name": "Women", "bboxes": [{"x": 209, "y": 41, "w": 304, "h": 35}, {"x": 209, "y": 87, "w": 76, "h": 35}, {"x": 209, "y": 133, "w": 60, "h": 35}, {"x": 209, "y": 179, "w": 28, "h": 35}, {"x": 209, "y": 223, "w": 46, "h": 35}, {"x": 209, "y": 269, "w": 75, "h": 35}, {"x": 209, "y": 315, "w": 3, "h": 35}], "colors": ["#2876dd", "#2876dd", "#2876dd", "#2876dd", "#2876dd", "#2876dd", "#2876dd"], "y": ["606", "151", "119", "55", "91", "149", "5"], "labels": ["Hanging/strangulation", "Drugs/medicines/alcohol", "Train/metro", "Drowning", "Jumping from height", "Other method**", "Method unknown"], "x": ["Hanging/strangulation", "Drugs/medicines/alcohol", "Train/metro", "Drowning", "Jumping from height", "Other method**", "Method unknown"]}, {"name": "Men", "bboxes": [{"x": 513, "y": 41, "w": 113, "h": 35}, {"x": 285, "y": 87, "w": 99, "h": 35}, {"x": 269, "y": 133, "w": 33, "h": 35}, {"x": 237, "y": 179, "w": 21, "h": 35}, {"x": 255, "y": 223, "w": 36, "h": 35}, {"x": 283, "y": 269, "w": 21, "h": 35}, {"x": 211, "y": 315, "w": 2, "h": 35}], "colors": ["#0f283e", "#0f283e", "#0f283e", "#0f283e", "#0f283e", "#0f283e", "#0f283e"], "y": ["227", "199", "67", "42", "72", "42", "4"], "labels": ["Hanging/strangulation", "Drugs/medicines/alcohol", "Train/metro", "Drowning", "Jumping from height", "Other method**", "Method unknown"], "x": ["Hanging/strangulation", "Drugs/medicines/alcohol", "Train/metro", "Drowning", "Jumping from height", "Other method**", "Method unknown"]}], "type": "h_bar"}