{"general_figure_info": {"figure_info": {"bbox": {"x": 0, "y": 57, "w": 857, "h": 423}}, "title": {"bbox": {"x": 0, "y": 0, "w": 857, "h": 57}, "text": "Average wages"}, "x_axis": {"major_labels": {"bboxes": [{"x": 22, "y": 486, "w": 24.5, "h": 12.015625}, {"x": 137, "y": 486, "w": 24.5, "h": 12.015625}, {"x": 251, "y": 486, "w": 24.5, "h": 12.015625}, {"x": 366, "y": 486, "w": 24.5, "h": 12.015625}, {"x": 481, "y": 486, "w": 24.499969482421875, "h": 12.015625}, {"x": 596, "y": 486, "w": 24.5, "h": 12.015625}, {"x": 710, "y": 486, "w": 24.5, "h": 12.015625}, {"x": 825, "y": 486, "w": 24.5, "h": 12.015625}], "values": [2000, 2001, 2002, 2003, 2004, 2005, 2006, 2007]}}, "y_axis": {"major_labels": {"bboxes": [{"x": 9, "y": 431, "w": 18.25, "h": 12}, {"x": 9, "y": 388, "w": 18.25, "h": 12}, {"x": 9, "y": 345, "w": 18.25, "h": 12}, {"x": 9, "y": 302, "w": 18.25, "h": 12}, {"x": 9, "y": 259, "w": 18.25, "h": 12}, {"x": 9, "y": 216, "w": 18.25, "h": 12}, {"x": 9, "y": 173, "w": 18.25, "h": 12}, {"x": 9, "y": 130, "w": 18.25, "h": 12}, {"x": 9, "y": 87, "w": 18.25, "h": 12}], "values": [20.0, 25.0, 30.0, 35.0, 40.0, 45.0, 50.0, 55.0, 60.0]}}, "legend": {"items": []}}, "models": [], "type": "line"}