{"general_figure_info": {"figure_info": {"bbox": {"x": 0, "y": 57, "w": 857, "h": 423}}, "title": {"bbox": {"x": 0, "y": 0, "w": 857, "h": 57}, "text": "Nursing graduates"}, "x_axis": {"major_labels": {"bboxes": [{"x": 16, "y": 486, "w": 24.5, "h": 12.015625}, {"x": 83, "y": 486, "w": 24.5, "h": 12.015625}, {"x": 151, "y": 486, "w": 24.5, "h": 12.015625}, {"x": 218, "y": 486, "w": 24.5, "h": 12.015625}, {"x": 285, "y": 486, "w": 24.5, "h": 12.015625}, {"x": 353, "y": 486, "w": 24.5, "h": 12.015625}, {"x": 420, "y": 486, "w": 24.5, "h": 12.015625}, {"x": 488, "y": 486, "w": 24.499969482421875, "h": 12.015625}, {"x": 555, "y": 486, "w": 24.5, "h": 12.015625}, {"x": 622, "y": 486, "w": 24.5, "h": 12.015625}, {"x": 690, "y": 486, "w": 24.5, "h": 12.015625}, {"x": 757, "y": 486, "w": 24.5, "h": 12.015625}, {"x": 825, "y": 486, "w": 24.5, "h": 12.015625}], "values": [1986, 1988, 1990, 1992, 1994, 1996, 1998, 2000, 2002, 2004, 2006, 2008, 2010]}}, "y_axis": {"major_labels": {"bboxes": [{"x": 10, "y": 420, "w": 12.25, "h": 12}, {"x": 10, "y": 366, "w": 12.25, "h": 12}, {"x": 10, "y": 312, "w": 12.25, "h": 12}, {"x": 10, "y": 259, "w": 12.25, "h": 12}, {"x": 10, "y": 205, "w": 12.25, "h": 12}, {"x": 10, "y": 152, "w": 12.25, "h": 12}, {"x": 10, "y": 98, "w": 12.25, "h": 12}], "values": [10.0, 20.0, 30.0, 40.0, 50.0, 60.0, 70.0]}}, "legend": {"items": [{"model": "Switzerland", "label": {"bbox": {"x": 754.4, "y": 70, "w": 69.60000000000002, "h": 17}, "text": "Switzerland"}}, {"model": "Italy", "label": {"bbox": {"x": 794.35, "y": 391, "w": 29.649999999999977, "h": 17}, "text": "Italy"}}]}}, "models": [{"name": "Switzerland", "bboxes": [{"x": 27.5, "y": 216.5, "w": 34.0, "h": 3.0}, {"x": 61.5, "y": 216.5, "w": 34.0, "h": 17.0}, {"x": 95.5, "y": 233.5, "w": 34.0, "h": 3.0}, {"x": 129.5, "y": 236.5, "w": 33.0, "h": 4.0}, {"x": 162.5, "y": 239.5, "w": 34.0, "h": 1.0}, {"x": 196.5, "y": 239.5, "w": 34.0, "h": 1.0}, {"x": 230.5, "y": 230.5, "w": 33.0, "h": 10.0}, {"x": 263.5, "y": 77.5, "w": 574.0, "h": 153.0}, {"x": 803.5, "y": 77.5, "w": 34.0, "h": 12.0}, {"x": 769.5, "y": 89.5, "w": 34.0, "h": 38.0}, {"x": 735.5, "y": 127.5, "w": 34.0, "h": 7.0}, {"x": 702.5, "y": 134.5, "w": 33.0, "h": 27.0}, {"x": 668.5, "y": 159.5, "w": 34.0, "h": 2.0}, {"x": 634.5, "y": 148.5, "w": 34.0, "h": 11.0}, {"x": 601.5, "y": 123.5, "w": 33.0, "h": 25.0}, {"x": 567.5, "y": 123.5, "w": 34.0, "h": 43.0}, {"x": 533.5, "y": 123.5, "w": 34.0, "h": 43.0}, {"x": 499.5, "y": 123.5, "w": 34.0, "h": 56.0}, {"x": 466.5, "y": 179.5, "w": 33.0, "h": 13.0}, {"x": 432.5, "y": 192.5, "w": 34.0, "h": 39.0}, {"x": 398.5, "y": 187.5, "w": 34.0, "h": 44.0}, {"x": 297.5, "y": 187.5, "w": 101.0, "h": 2.0}, {"x": 297.5, "y": 189.5, "w": 34.0, "h": 8.0}, {"x": 331.5, "y": 197.5, "w": 34.0, "h": 0.0}], "y": [49.35, 49.91, 46.76, 46.2, 45.46, 45.65, 45.46, 47.31, 75.65, 73.43, 66.39, 65.09, 60.09, 60.46, 62.5, 67.13, 59.17, 67.13, 56.76, 54.35, 47.13, 55.28, 54.91, 53.43, 53.43], "x": [1985, 1986, 1988, 1989, 1990, 1991, 1992, 1993, 2010, 2009, 2008, 2007, 2006, 2005, 2004, 2003, 2002, 2001, 2000, 1999, 1998, 1997, 1994, 1995, 1996], "color": "#e5292f"}, {"name": "Italy", "bboxes": [{"x": 803.5, "y": 388.5, "w": 34.0, "h": 10.0}, {"x": 769.5, "y": 388.5, "w": 34.0, "h": 6.0}, {"x": 735.5, "y": 390.5, "w": 34.0, "h": 4.0}, {"x": 702.5, "y": 390.5, "w": 33.0, "h": 10.0}, {"x": 668.5, "y": 400.5, "w": 34.0, "h": 3.0}, {"x": 634.5, "y": 403.5, "w": 34.0, "h": 1.0}, {"x": 601.5, "y": 404.5, "w": 33.0, "h": 17.0}, {"x": 567.5, "y": 421.5, "w": 34.0, "h": 12.0}, {"x": 533.5, "y": 433.5, "w": 34.0, "h": 24.0}, {"x": 499.5, "y": 457.5, "w": 34.0, "h": 0.0}, {"x": 466.5, "y": 457.5, "w": 33.0, "h": 6.0}, {"x": 432.5, "y": 463.5, "w": 34.0, "h": 5.0}, {"x": 398.5, "y": 468.5, "w": 34.0, "h": 5.0}], "y": [16.2, 18.06, 16.94, 17.69, 15.83, 15.28, 15.09, 11.94, 9.72, 5.28, 5.28, 4.17, 3.24, 2.31], "x": [2010, 2009, 2008, 2007, 2006, 2005, 2004, 2003, 2002, 2001, 2000, 1999, 1998, 1997], "color": "#1190da"}], "type": "line"}