{"general_figure_info": {"figure_info": {"bbox": {"x": 0, "y": 57, "w": 857, "h": 407.2679443359375}}, "title": {"bbox": {"x": 0, "y": 0, "w": 857, "h": 57}, "text": "Students per teaching staff"}, "x_axis": {"major_labels": {"bboxes": [{"x": 140, "y": 471, "w": 31.753509521484375, "h": 31.75341796875}, {"x": 404, "y": 471, "w": 36.857940673828125, "h": 36.85791015625}, {"x": 684, "y": 471, "w": 25.8646240234375, "h": 25.864501953125}], "values": ["Norway", "Germany", "Spain"]}}, "y_axis": {"major_labels": {"bboxes": [{"x": 16, "y": 431, "w": 6.125, "h": 12}, {"x": 16, "y": 371, "w": 6.125, "h": 12}, {"x": 16, "y": 310, "w": 6.125, "h": 12}, {"x": 16, "y": 250, "w": 6.125, "h": 12}, {"x": 16, "y": 190, "w": 6.125, "h": 12}, {"x": 10, "y": 130, "w": 12.25, "h": 12}, {"x": 10, "y": 70, "w": 12.25, "h": 12}], "values": ["0", "2", "4", "6", "8", "10", "12"]}}}, "models": [{"name": "bars", "bboxes": [{"x": 342, "y": 81, "w": 180, "h": 363.74749755859375}, {"x": 612, "y": 77, "w": 180, "h": 367.2679443359375}, {"x": 74, "y": 157, "w": 180, "h": 287.50164794921875}], "y": ["12.1", "12.2", "9.6"], "x": ["Norway", "Germany", "Spain"], "colors": ["#e5292f", "#1190da", "#9a3585"]}], "type": "v_bar"}