{"general_figure_info": {"figure_info": {"bbox": {"x": 0, "y": 57, "w": 857, "h": 395.89892578125}}, "title": {"bbox": {"x": 0, "y": 0, "w": 857, "h": 57}, "text": "Household savings forecast"}, "x_axis": {"major_labels": {"bboxes": [{"x": 185, "y": 460, "w": 49.442230224609375, "h": 49.4422607421875}, {"x": 607, "y": 460, "w": 34.515625, "h": 34.515625}], "values": ["New Zealand", "Hungary"]}}, "y_axis": {"major_labels": {"bboxes": [{"x": 11, "y": 419, "w": 6.140625, "h": 12}, {"x": 11, "y": 356, "w": 6.140625, "h": 12}, {"x": 11, "y": 292, "w": 6.140625, "h": 12}, {"x": 11, "y": 228, "w": 6.140625, "h": 12}, {"x": 11, "y": 164, "w": 6.140625, "h": 12}, {"x": 11, "y": 100, "w": 6.140625, "h": 12}], "values": ["0", "1", "2", "3", "4", "5"]}}}, "models": [{"name": "bars", "bboxes": [{"x": 90, "y": 340, "w": 272, "h": 93.290283203125}, {"x": 498, "y": 77, "w": 272, "h": 355.89892578125}], "y": ["1.5", "5.6"], "x": ["New Zealand", "Hungary"], "colors": ["#e5292f", "#1190da"]}], "type": "v_bar"}