{"general_figure_info": {"figure_info": {"bbox": {"x": 0, "y": 57, "w": 857, "h": 388.5517578125}}, "title": {"bbox": {"x": 0, "y": 0, "w": 857, "h": 57}, "text": "Teaching staff"}, "x_axis": {"major_labels": {"bboxes": [{"x": 123, "y": 452, "w": 58.490997314453125, "h": 58.490966796875}, {"x": 410, "y": 452, "w": 36.857940673828125, "h": 36.85791015625}, {"x": 686, "y": 452, "w": 25.46685791015625, "h": 25.4669189453125}], "values": ["Slovak Republic", "Germany", "Brazil"]}}, "y_axis": {"major_labels": {"bboxes": [{"x": 20, "y": 412, "w": 12.125, "h": 12}, {"x": 8, "y": 352, "w": 24.359375, "h": 12}, {"x": 8, "y": 293, "w": 24.359375, "h": 12}, {"x": 8, "y": 233, "w": 24.359375, "h": 12}, {"x": 8, "y": 173, "w": 24.359375, "h": 12}, {"x": 8, "y": 114, "w": 24.359375, "h": 12}], "values": ["0k", "100k", "200k", "300k", "400k", "500k"]}}}, "models": [{"name": "bars", "bboxes": [{"x": 350, "y": 124, "w": 177, "h": 301.6893310546875}, {"x": 615, "y": 77, "w": 177, "h": 348.5517578125}, {"x": 85, "y": 417, "w": 177, "h": 8.2210693359375}], "y": ["506k", "584k", "14k"], "x": ["Slovak Republic", "Germany", "Brazil"], "colors": ["#e5292f", "#1190da", "#9a3585"]}], "type": "v_bar"}