{"general_figure_info": {"figure_info": {"bbox": {"x": 96, "y": 45, "w": 629, "h": 392}}, "y_axis": {"label": {"bbox": [{"x": 40, "y": 168, "w": 11, "h": 145.625}], "text": "Electricity in billion kilowatt hours"}, "major_labels": {"bboxes": [{"x": 65, "y": 422.5, "w": 21.0, "h": 23.555555555555557}, {"x": 65, "y": 373.5, "w": 21.0, "h": 23.555555555555557}, {"x": 65, "y": 324.5, "w": 21.0, "h": 23.555555555555557}, {"x": 65, "y": 275.5, "w": 21.0, "h": 23.555555555555557}, {"x": 65, "y": 226.5, "w": 21.0, "h": 23.555555555555557}, {"x": 65, "y": 177.5, "w": 21.0, "h": 23.555555555555557}, {"x": 65, "y": 128.5, "w": 21.0, "h": 23.555555555555557}, {"x": 65, "y": 79.5, "w": 21.0, "h": 23.555555555555557}, {"x": 65, "y": 29.5, "w": 21.0, "h": 23.555555555555557}]}}, "x_axis": {"major_labels": {"bboxes": [{"x": 123, "y": 447, "h": 12, "w": 24.484375}, {"x": 202, "y": 447, "h": 12, "w": 24.484375}, {"x": 280, "y": 447, "h": 12, "w": 24.484375}, {"x": 359, "y": 447, "h": 12, "w": 24.484375}, {"x": 438, "y": 447, "h": 12, "w": 24.484375}, {"x": 516, "y": 447, "h": 12, "w": 24.484375}, {"x": 595, "y": 447, "h": 12, "w": 24.484375}, {"x": 673, "y": 447, "h": 12, "w": 24.484375}], "values": ["2012", "2013", "2014", "2015", "2016", "2017", "2018", "2019"]}, "label": {}}}, "models": [{"name": {}, "bboxes": [{"x": 108, "y": 193, "w": 54, "h": 245}, {"x": 187, "y": 179, "w": 54, "h": 259}, {"x": 266, "y": 169, "w": 54, "h": 269}, {"x": 344, "y": 161, "w": 54, "h": 277}, {"x": 423, "y": 138, "w": 54, "h": 300}, {"x": 502, "y": 132, "w": 54, "h": 306}, {"x": 580, "y": 118, "w": 54, "h": 320}, {"x": 659, "y": 108, "w": 54, "h": 330}], "x": ["2012", "2013", "2014", "2015", "2016", "2017", "2018", "2019"], "y": ["125.25", "132.05", "137.4", "141.15", "152.94", "156.33", "163.46", "168.4"], "colors": ["#2876dd", "#2876dd", "#2876dd", "#2876dd", "#2876dd", "#2876dd", "#2876dd", "#2876dd"], "labels": ["2012", "2013", "2014", "2015", "2016", "2017", "2018", "2019"]}], "type": "v_bar"}