{"general_figure_info": {"figure_info": {"bbox": {"x": 96, "y": 45, "w": 629, "h": 377}}, "y_axis": {"label": {"bbox": [{"x": 40, "y": 191, "w": 11, "h": 84.5}], "text": "Number of patients"}, "major_labels": {"bboxes": [{"x": 65, "y": 407.5, "w": 21.0, "h": 33.857142857142854}, {"x": 65, "y": 344.5, "w": 21.0, "h": 33.857142857142854}, {"x": 65, "y": 281.5, "w": 21.0, "h": 33.857142857142854}, {"x": 65, "y": 219.5, "w": 21.0, "h": 33.857142857142854}, {"x": 65, "y": 156.5, "w": 21.0, "h": 33.857142857142854}, {"x": 65, "y": 93.5, "w": 21.0, "h": 33.857142857142854}, {"x": 65, "y": 29.5, "w": 21.0, "h": 33.857142857142854}]}}, "x_axis": {"major_labels": {"bboxes": [{"x": 118, "y": 432, "h": 12, "w": 34.1337890625}, {"x": 202, "y": 432, "h": 12, "w": 24.484375}, {"x": 281, "y": 432, "h": 12, "w": 24.17919921875}, {"x": 358, "y": 432, "h": 12, "w": 26.90625}, {"x": 422, "y": 432, "h": 24, "w": 55.046875}, {"x": 505, "y": 432, "h": 12, "w": 46.970703125}, {"x": 580, "y": 432, "h": 12, "w": 54.4375}, {"x": 664, "y": 432, "h": 12, "w": 44.03125}], "values": ["Kidney", "Lung", "Liver", "Heart", "Kidney and", "Pancreas", "Heart/Lung", "Intestinal"]}, "label": {}}}, "models": [{"name": {}, "bboxes": [{"x": 108, "y": 130, "w": 54, "h": 293}, {"x": 187, "y": 361, "w": 54, "h": 62}, {"x": 266, "y": 370, "w": 54, "h": 53}, {"x": 344, "y": 398, "w": 54, "h": 25}, {"x": 423, "y": 407, "w": 54, "h": 16}, {"x": 502, "y": 422, "w": 54, "h": 1}, {"x": 580, "y": 422, "w": 54, "h": 1}, {"x": 659, "y": 423, "w": 54, "h": 0}], "x": ["Kidney", "Lung", "Liver", "Heart", "Kidney and", "Pancreas", "Heart/Lung", "Intestinal"], "y": ["233", "49", "42", "20", "13", "1", "1", "0"], "colors": ["#2876dd", "#2876dd", "#2876dd", "#2876dd", "#2876dd", "#2876dd", "#2876dd", "#2876dd"], "labels": ["Kidney", "Lung", "Liver", "Heart", "Kidney and", "Pancreas", "Heart/Lung", "Intestinal"]}], "type": "v_bar"}