{"general_figure_info": {"figure_info": {"bbox": {"x": 106, "y": 45, "w": 619, "h": 392}}, "y_axis": {"label": {"bbox": [{"x": 40, "y": 158, "w": 11, "h": 166.734375}], "text": "Franchise value in million U.S. dollars"}, "major_labels": {"bboxes": [{"x": 65, "y": 422.5, "w": 31.0, "h": 45.33333333333333}, {"x": 65, "y": 344.5, "w": 31.0, "h": 45.33333333333333}, {"x": 65, "y": 265.5, "w": 31.0, "h": 45.33333333333333}, {"x": 65, "y": 187.5, "w": 31.0, "h": 45.33333333333333}, {"x": 65, "y": 108.5, "w": 31.0, "h": 45.33333333333333}, {"x": 65, "y": 29.5, "w": 31.0, "h": 45.33333333333333}]}}, "x_axis": {"major_labels": {"bboxes": [{"x": 114, "y": 447, "h": 12, "w": 24.484375}, {"x": 156, "y": 447, "h": 12, "w": 24.484375}, {"x": 197, "y": 447, "h": 12, "w": 24.484375}, {"x": 238, "y": 447, "h": 12, "w": 24.484375}, {"x": 279, "y": 447, "h": 12, "w": 24.484375}, {"x": 321, "y": 447, "h": 12, "w": 23.65625}, {"x": 362, "y": 447, "h": 12, "w": 24.484375}, {"x": 403, "y": 447, "h": 12, "w": 24.484375}, {"x": 445, "y": 447, "h": 12, "w": 24.484375}, {"x": 486, "y": 447, "h": 12, "w": 24.484375}, {"x": 527, "y": 447, "h": 12, "w": 24.484375}, {"x": 568, "y": 447, "h": 12, "w": 24.484375}, {"x": 610, "y": 447, "h": 12, "w": 24.484375}, {"x": 651, "y": 447, "h": 12, "w": 24.484375}, {"x": 692, "y": 447, "h": 12, "w": 24.484375}], "values": ["2006", "2007", "2008", "2009", "2010", "2011", "2012", "2013", "2014", "2015", "2016", "2017", "2018", "2019", "2020"]}, "label": {}}}, "models": [{"name": {}, "bboxes": [{"x": 113, "y": 363, "w": 29, "h": 75}, {"x": 154, "y": 355, "w": 29, "h": 83}, {"x": 195, "y": 345, "w": 29, "h": 93}, {"x": 236, "y": 344, "w": 29, "h": 94}, {"x": 278, "y": 335, "w": 29, "h": 103}, {"x": 319, "y": 320, "w": 29, "h": 118}, {"x": 360, "y": 304, "w": 29, "h": 134}, {"x": 401, "y": 164, "w": 29, "h": 274}, {"x": 443, "y": 124, "w": 29, "h": 314}, {"x": 484, "y": 146, "w": 29, "h": 292}, {"x": 525, "y": 164, "w": 29, "h": 274}, {"x": 566, "y": 152, "w": 29, "h": 286}, {"x": 608, "y": 150, "w": 29, "h": 288}, {"x": 649, "y": 148, "w": 29, "h": 290}, {"x": 690, "y": 154, "w": 29, "h": 284}], "x": ["2006", "2007", "2008", "2009", "2010", "2011", "2012", "2013", "2014", "2015", "2016", "2017", "2018", "2019", "2020"], "y": ["192", "211", "236", "239", "262", "300", "342", "700", "800", "745", "700", "730", "735", "740", "725"], "colors": ["#2876dd", "#2876dd", "#2876dd", "#2876dd", "#2876dd", "#2876dd", "#2876dd", "#2876dd", "#2876dd", "#2876dd", "#2876dd", "#2876dd", "#2876dd", "#2876dd", "#2876dd"], "labels": ["2006", "2007", "2008", "2009", "2010", "2011", "2012", "2013", "2014", "2015", "2016", "2017", "2018", "2019", "2020"]}], "type": "v_bar"}