{"general_figure_info": {"figure_info": {"bbox": {"x": 82, "y": 45, "w": 643, "h": 392}}, "y_axis": {"label": {"bbox": [{"x": 40, "y": 174, "w": 11, "h": 133.40625}], "text": "Revenue in billion U.S. dollars"}, "major_labels": {"bboxes": [{"x": 65, "y": 422.5, "w": 7.0, "h": 36.0}, {"x": 65, "y": 357.5, "w": 7.0, "h": 36.0}, {"x": 65, "y": 291.5, "w": 7.0, "h": 36.0}, {"x": 65, "y": 226.5, "w": 7.0, "h": 36.0}, {"x": 65, "y": 161.5, "w": 7.0, "h": 36.0}, {"x": 65, "y": 95.5, "w": 7.0, "h": 36.0}, {"x": 65, "y": 29.5, "w": 7.0, "h": 36.0}]}}, "x_axis": {"major_labels": {"bboxes": [{"x": 116, "y": 447, "h": 12, "w": 24.484375}, {"x": 208, "y": 447, "h": 12, "w": 24.484375}, {"x": 299, "y": 447, "h": 12, "w": 24.484375}, {"x": 391, "y": 447, "h": 12, "w": 24.484375}, {"x": 483, "y": 447, "h": 12, "w": 24.484375}, {"x": 575, "y": 447, "h": 12, "w": 23.65625}, {"x": 667, "y": 447, "h": 12, "w": 24.484375}], "values": ["2006", "2007", "2008", "2009", "2010", "2011", "2012"]}, "label": {}}}, "models": [{"name": {}, "bboxes": [{"x": 97, "y": 205, "w": 63, "h": 233}, {"x": 188, "y": 186, "w": 63, "h": 252}, {"x": 280, "y": 166, "w": 63, "h": 272}, {"x": 372, "y": 155, "w": 63, "h": 283}, {"x": 464, "y": 132, "w": 63, "h": 306}, {"x": 556, "y": 168, "w": 63, "h": 270}, {"x": 648, "y": 175, "w": 63, "h": 263}], "x": ["2006", "2007", "2008", "2009", "2010", "2011", "2012"], "y": ["3.57", "3.85", "4.16", "4.33", "4.68", "4.13", "4.02"], "colors": ["#2876dd", "#2876dd", "#2876dd", "#2876dd", "#2876dd", "#2876dd", "#2876dd"], "labels": ["2006", "2007", "2008", "2009", "2010", "2011", "2012"]}], "type": "v_bar"}