{"general_figure_info": {"figure_info": {"bbox": {"x": 233, "y": 35, "w": 477, "h": 382}}, "y_axis": {"label": {"bbox": [{"x": 422, "y": 446, "w": 99.484375, "h": 11}], "text": "Assets in million euros"}, "major_labels": {"bboxes": [{"x": 212.5, "y": 421, "w": 27.700000000000003, "h": 24.0}, {"x": 265.5, "y": 421, "w": 27.700000000000003, "h": 24.0}, {"x": 318.5, "y": 421, "w": 27.700000000000003, "h": 24.0}, {"x": 371.5, "y": 421, "w": 27.700000000000003, "h": 24.0}, {"x": 424.5, "y": 421, "w": 27.700000000000003, "h": 24.0}, {"x": 477.5, "y": 421, "w": 27.700000000000003, "h": 24.0}, {"x": 530.5, "y": 421, "w": 27.700000000000003, "h": 24.0}, {"x": 583.5, "y": 421, "w": 27.700000000000003, "h": 24.0}, {"x": 636.5, "y": 421, "w": 27.700000000000003, "h": 24.0}, {"x": 690.5, "y": 421, "w": 27.700000000000003, "h": 24.0}]}}, "x_axis": {"major_labels": {"bboxes": [{"x": 51, "y": 67, "h": 12, "w": 169.26513671875}, {"x": 147, "y": 144, "h": 12, "w": 73.25146484375}, {"x": 192, "y": 220, "h": 12, "w": 27.84765625}, {"x": 110, "y": 296, "h": 12, "w": 110.55908203125}, {"x": 190, "y": 373, "h": 12, "w": 30.470703125}], "values": ["Equity and investment fund shares", "Debt securities", "Other", "Currency and deposits", "Loans"]}, "label": {}}}, "models": [{"name": {}, "bboxes": [{"x": 232, "y": 46, "w": 404, "h": 53}, {"x": 232, "y": 123, "w": 330, "h": 53}, {"x": 232, "y": 199, "w": 79, "h": 53}, {"x": 232, "y": 276, "w": 61, "h": 53}, {"x": 232, "y": 352, "w": 4, "h": 53}], "x": ["Equity and investment fund shares", "Debt securities", "Other", "Currency and deposits", "Loans"], "y": ["761 437", "623 554", "149 325", "115 653", "6 740"], "colors": ["#2876dd", "#2876dd", "#C0C0C0", "#2876dd", "#2876dd"], "labels": ["Equity and investment fund shares", "Debt securities", "Other", "Currency and deposits", "Loans"]}], "type": "h_bar"}