{"general_figure_info": {"figure_info": {"bbox": {"x": 260, "y": 35, "w": 450, "h": 662}}, "y_axis": {"label": {"bbox": [{"x": 413, "y": 726, "w": 144.181640625, "h": 11}], "text": "Share of gross domestic product"}, "major_labels": {"bboxes": [{"x": 239.5, "y": 701, "w": 25.0, "h": 24.0}, {"x": 289.5, "y": 701, "w": 25.0, "h": 24.0}, {"x": 339.5, "y": 701, "w": 25.0, "h": 24.0}, {"x": 389.5, "y": 701, "w": 25.0, "h": 24.0}, {"x": 439.5, "y": 701, "w": 25.0, "h": 24.0}, {"x": 489.5, "y": 701, "w": 25.0, "h": 24.0}, {"x": 539.5, "y": 701, "w": 25.0, "h": 24.0}, {"x": 589.5, "y": 701, "w": 25.0, "h": 24.0}, {"x": 639.5, "y": 701, "w": 25.0, "h": 24.0}, {"x": 690.5, "y": 701, "w": 25.0, "h": 24.0}]}}, "x_axis": {"major_labels": {"bboxes": [{"x": 177, "y": 48, "h": 12, "w": 69.71875}, {"x": 95, "y": 87, "h": 12, "w": 151.640625}, {"x": 73, "y": 118, "h": 26, "w": 175.20361328125}, {"x": 185, "y": 165, "h": 12, "w": 61.765625}, {"x": 144, "y": 204, "h": 12, "w": 102.734375}, {"x": 94, "y": 243, "h": 12, "w": 153.46875}, {"x": 86, "y": 282, "h": 12, "w": 161.91748046875}, {"x": 115, "y": 321, "h": 12, "w": 131.6875}, {"x": 79, "y": 351, "h": 26, "w": 168.67138671875}, {"x": 198, "y": 399, "h": 12, "w": 48.9375}, {"x": 146, "y": 438, "h": 12, "w": 101.3798828125}, {"x": 84, "y": 468, "h": 26, "w": 163.14794921875}, {"x": 131, "y": 516, "h": 12, "w": 116.64453125}, {"x": 157, "y": 555, "h": 12, "w": 90.369140625}, {"x": 54, "y": 594, "h": 12, "w": 193.09130859375}, {"x": 158, "y": 633, "h": 12, "w": 89.76220703125}, {"x": 54, "y": 672, "h": 12, "w": 192.8125}], "values": ["Manufacturing", "Agriculture, forestry and fishing", "Wholesale and retail trade, repair of", "Construction", "Mining and quarrying", "Information and communication", "Financial and insurance activities", "Transportation and storage", "Public administration and defence,", "Education", "Real estate activities", "Accommodation and food service", "Other services activities", "Business activities", "Human health and social work activities", "Electricity and gas", "Water, sewage and waste management"]}, "label": {}}}, "models": [{"name": {}, "bboxes": [{"x": 259, "y": 41, "w": 398, "h": 27}, {"x": 259, "y": 80, "w": 274, "h": 27}, {"x": 259, "y": 119, "w": 259, "h": 27}, {"x": 259, "y": 158, "w": 214, "h": 27}, {"x": 259, "y": 197, "w": 129, "h": 27}, {"x": 259, "y": 235, "w": 90, "h": 27}, {"x": 259, "y": 274, "w": 90, "h": 27}, {"x": 259, "y": 313, "w": 89, "h": 27}, {"x": 259, "y": 352, "w": 75, "h": 27}, {"x": 259, "y": 391, "w": 71, "h": 27}, {"x": 259, "y": 430, "w": 59, "h": 27}, {"x": 259, "y": 469, "w": 51, "h": 27}, {"x": 259, "y": 508, "w": 39, "h": 27}, {"x": 259, "y": 547, "w": 38, "h": 27}, {"x": 259, "y": 586, "w": 26, "h": 27}, {"x": 259, "y": 625, "w": 23, "h": 27}, {"x": 259, "y": 664, "w": 1, "h": 27}], "x": ["Manufacturing", "Agriculture, forestry and fishing", "Wholesale and retail trade, repair of", "Construction", "Mining and quarrying", "Information and communication", "Financial and insurance activities", "Transportation and storage", "Public administration and defence,", "Education", "Real estate activities", "Accommodation and food service", "Other services activities", "Business activities", "Human health and social work activities", "Electricity and gas", "Water, sewage and waste management"], "y": ["19.88%", "13.7%", "12.93%", "10.71%", "6.44%", "4.51%", "4.51%", "4.47%", "3.76%", "3.56%", "2.94%", "2.55%", "1.96%", "1.91%", "1.3%", "1.16%", "0.07%"], "colors": ["#2876dd", "#2876dd", "#2876dd", "#2876dd", "#2876dd", "#2876dd", "#2876dd", "#2876dd", "#2876dd", "#2876dd", "#2876dd", "#2876dd", "#2876dd", "#2876dd", "#2876dd", "#2876dd", "#2876dd"], "labels": ["Manufacturing", "Agriculture, forestry and fishing", "Wholesale and retail trade, repair of", "Construction", "Mining and quarrying", "Information and communication", "Financial and insurance activities", "Transportation and storage", "Public administration and defence,", "Education", "Real estate activities", "Accommodation and food service", "Other services activities", "Business activities", "Human health and social work activities", "Electricity and gas", "Water, sewage and waste management"]}], "type": "h_bar"}