{"general_figure_info": {"figure_info": {"bbox": {"x": 96, "y": 45, "w": 629, "h": 392}}, "y_axis": {"label": {"bbox": [{"x": 40, "y": 160, "w": 11, "h": 162.1767578125}], "text": "Number of residents per square mile"}, "major_labels": {"bboxes": [{"x": 65, "y": 422.5, "w": 21.0, "h": 45.33333333333333}, {"x": 65, "y": 344.5, "w": 21.0, "h": 45.33333333333333}, {"x": 65, "y": 265.5, "w": 21.0, "h": 45.33333333333333}, {"x": 65, "y": 187.5, "w": 21.0, "h": 45.33333333333333}, {"x": 65, "y": 108.5, "w": 21.0, "h": 45.33333333333333}, {"x": 65, "y": 29.5, "w": 21.0, "h": 45.33333333333333}]}}, "x_axis": {"major_labels": {"bboxes": [{"x": 108, "y": 447, "h": 12, "w": 24.484375}, {"x": 156, "y": 447, "h": 12, "w": 24.484375}, {"x": 205, "y": 447, "h": 12, "w": 24.484375}, {"x": 253, "y": 447, "h": 12, "w": 24.484375}, {"x": 301, "y": 447, "h": 12, "w": 24.484375}, {"x": 350, "y": 447, "h": 12, "w": 24.484375}, {"x": 398, "y": 447, "h": 12, "w": 24.484375}, {"x": 447, "y": 447, "h": 12, "w": 24.484375}, {"x": 495, "y": 447, "h": 12, "w": 24.484375}, {"x": 543, "y": 447, "h": 12, "w": 24.484375}, {"x": 592, "y": 447, "h": 12, "w": 24.484375}, {"x": 640, "y": 447, "h": 12, "w": 24.484375}, {"x": 689, "y": 447, "h": 12, "w": 24.484375}], "values": ["1960", "1970", "1980", "1990", "2000", "2010", "2012", "2013", "2014", "2015", "2016", "2017", "2018"]}, "label": {}}}, "models": [{"name": {}, "bboxes": [{"x": 104, "y": 303, "w": 34, "h": 135}, {"x": 152, "y": 277, "w": 34, "h": 161}, {"x": 200, "y": 243, "w": 34, "h": 195}, {"x": 249, "y": 208, "w": 34, "h": 230}, {"x": 297, "y": 160, "w": 34, "h": 278}, {"x": 346, "y": 121, "w": 34, "h": 317}, {"x": 394, "y": 112, "w": 34, "h": 326}, {"x": 442, "y": 109, "w": 34, "h": 329}, {"x": 491, "y": 105, "w": 34, "h": 333}, {"x": 539, "y": 100, "w": 34, "h": 338}, {"x": 587, "y": 94, "w": 34, "h": 344}, {"x": 636, "y": 89, "w": 34, "h": 349}, {"x": 684, "y": 82, "w": 34, "h": 356}], "x": ["1960", "1970", "1980", "1990", "2000", "2010", "2012", "2013", "2014", "2015", "2016", "2017", "2018"], "y": ["42.9", "51.4", "62.2", "73.2", "88.7", "101.2", "103.8", "104.9", "106.3", "107.9", "109.7", "111.4", "113.4"], "colors": ["#2876dd", "#2876dd", "#2876dd", "#2876dd", "#2876dd", "#2876dd", "#2876dd", "#2876dd", "#2876dd", "#2876dd", "#2876dd", "#2876dd", "#2876dd"], "labels": ["1960", "1970", "1980", "1990", "2000", "2010", "2012", "2013", "2014", "2015", "2016", "2017", "2018"]}], "type": "v_bar"}