{"general_figure_info": {"figure_info": {"bbox": {"x": 89, "y": 45, "w": 636, "h": 392}}, "y_axis": {"label": {"bbox": [{"x": 40, "y": 207, "w": 11, "h": 68.359375}], "text": "Number of trips"}, "major_labels": {"bboxes": [{"x": 65, "y": 422.5, "w": 14.0, "h": 45.33333333333333}, {"x": 65, "y": 344.5, "w": 14.0, "h": 45.33333333333333}, {"x": 65, "y": 265.5, "w": 14.0, "h": 45.33333333333333}, {"x": 65, "y": 187.5, "w": 14.0, "h": 45.33333333333333}, {"x": 65, "y": 108.5, "w": 14.0, "h": 45.33333333333333}, {"x": 65, "y": 29.5, "w": 14.0, "h": 45.33333333333333}]}}, "x_axis": {"major_labels": {"bboxes": [{"x": 98, "y": 447, "h": 12, "w": 34.25}, {"x": 152, "y": 447, "h": 12, "w": 32.421875}, {"x": 204, "y": 447, "h": 12, "w": 34.25}, {"x": 258, "y": 447, "h": 12, "w": 32.421875}, {"x": 310, "y": 447, "h": 12, "w": 34.25}, {"x": 364, "y": 447, "h": 12, "w": 32.421875}, {"x": 416, "y": 447, "h": 12, "w": 34.25}, {"x": 470, "y": 447, "h": 12, "w": 32.421875}, {"x": 523, "y": 447, "h": 12, "w": 33.4375}, {"x": 577, "y": 447, "h": 12, "w": 31.59375}, {"x": 628, "y": 447, "h": 12, "w": 34.25}, {"x": 682, "y": 447, "h": 12, "w": 32.421875}], "values": ["Mar 07", "Apr 07", "Feb 08", "Apr 08", "Feb 09", "Apr 09", "Feb 10", "Apr 10", "Feb 11", "Apr 11", "Feb 12", "Apr 12"]}, "label": {}}}, "models": [{"name": {}, "bboxes": [{"x": 97, "y": 218, "w": 37, "h": 220}, {"x": 150, "y": 254, "w": 37, "h": 184}, {"x": 203, "y": 168, "w": 37, "h": 270}, {"x": 256, "y": 218, "w": 37, "h": 220}, {"x": 309, "y": 140, "w": 37, "h": 298}, {"x": 362, "y": 195, "w": 37, "h": 243}, {"x": 415, "y": 234, "w": 37, "h": 204}, {"x": 468, "y": 199, "w": 37, "h": 239}, {"x": 521, "y": 191, "w": 37, "h": 247}, {"x": 574, "y": 199, "w": 37, "h": 239}, {"x": 627, "y": 250, "w": 37, "h": 188}, {"x": 680, "y": 191, "w": 37, "h": 247}], "x": ["Mar 07", "Apr 07", "Feb 08", "Apr 08", "Feb 09", "Apr 09", "Feb 10", "Apr 10", "Feb 11", "Apr 11", "Feb 12", "Apr 12"], "y": ["5.6", "4.7", "6.9", "5.6", "7.6", "6.2", "5.2", "6.1", "6.3", "6.1", "4.8", "6.3"], "colors": ["#2876dd", "#2876dd", "#2876dd", "#2876dd", "#2876dd", "#2876dd", "#2876dd", "#2876dd", "#2876dd", "#2876dd", "#2876dd", "#2876dd"], "labels": ["Mar 07", "Apr 07", "Feb 08", "Apr 08", "Feb 09", "Apr 09", "Feb 10", "Apr 10", "Feb 11", "Apr 11", "Feb 12", "Apr 12"]}], "type": "v_bar"}