{"general_figure_info": {"figure_info": {"bbox": {"x": 76, "y": 35, "w": 634, "h": 780}}, "y_axis": {"label": {"bbox": [{"x": 354, "y": 846, "w": 77.25, "h": 11}], "text": "Number of NGOs"}, "major_labels": {"bboxes": [{"x": 55.5, "y": 821, "w": 50.44444444444444, "h": 26.0}, {"x": 134.5, "y": 821, "w": 50.44444444444444, "h": 26.0}, {"x": 214.5, "y": 821, "w": 50.44444444444444, "h": 26.0}, {"x": 293.5, "y": 821, "w": 50.44444444444444, "h": 26.0}, {"x": 372.5, "y": 821, "w": 50.44444444444444, "h": 26.0}, {"x": 451.5, "y": 821, "w": 50.44444444444444, "h": 26.0}, {"x": 531.5, "y": 821, "w": 50.44444444444444, "h": 26.0}, {"x": 610.5, "y": 821, "w": 50.44444444444444, "h": 26.0}, {"x": 690.5, "y": 821, "w": 50.44444444444444, "h": 26.0}]}}, "x_axis": {"major_labels": {"bboxes": [{"x": 39, "y": 48, "h": 12, "w": 24.484375}, {"x": 39, "y": 85, "h": 12, "w": 24.484375}, {"x": 39, "y": 122, "h": 12, "w": 24.484375}, {"x": 39, "y": 159, "h": 12, "w": 24.484375}, {"x": 39, "y": 196, "h": 12, "w": 24.484375}, {"x": 39, "y": 233, "h": 12, "w": 24.484375}, {"x": 39, "y": 270, "h": 12, "w": 24.484375}, {"x": 39, "y": 308, "h": 12, "w": 24.484375}, {"x": 39, "y": 345, "h": 12, "w": 24.484375}, {"x": 39, "y": 382, "h": 12, "w": 24.484375}, {"x": 39, "y": 419, "h": 12, "w": 24.484375}, {"x": 39, "y": 456, "h": 12, "w": 24.484375}, {"x": 39, "y": 493, "h": 12, "w": 24.484375}, {"x": 39, "y": 530, "h": 12, "w": 24.484375}, {"x": 39, "y": 568, "h": 12, "w": 24.484375}, {"x": 39, "y": 605, "h": 12, "w": 24.484375}, {"x": 39, "y": 642, "h": 12, "w": 24.484375}, {"x": 39, "y": 679, "h": 12, "w": 24.484375}, {"x": 39, "y": 716, "h": 12, "w": 24.484375}, {"x": 39, "y": 753, "h": 12, "w": 24.484375}, {"x": 39, "y": 790, "h": 12, "w": 24.484375}], "values": ["2010", "2009", "2008", "2007", "2006", "2005", "2004", "2003", "2002", "2001", "2000", "1999", "1998", "1997", "1996", "1995", "1994", "1993", "1992", "1968", "1948"]}, "label": {}}}, "models": [{"name": {}, "bboxes": [{"x": 75, "y": 40, "w": 536, "h": 26}, {"x": 75, "y": 77, "w": 521, "h": 26}, {"x": 75, "y": 115, "w": 505, "h": 26}, {"x": 75, "y": 152, "w": 484, "h": 26}, {"x": 75, "y": 189, "w": 455, "h": 26}, {"x": 75, "y": 226, "w": 431, "h": 26}, {"x": 75, "y": 263, "w": 401, "h": 26}, {"x": 75, "y": 300, "w": 372, "h": 26}, {"x": 75, "y": 337, "w": 354, "h": 26}, {"x": 75, "y": 375, "w": 341, "h": 26}, {"x": 75, "y": 412, "w": 325, "h": 26}, {"x": 75, "y": 449, "w": 307, "h": 26}, {"x": 75, "y": 486, "w": 239, "h": 26}, {"x": 75, "y": 523, "w": 188, "h": 26}, {"x": 75, "y": 560, "w": 165, "h": 26}, {"x": 75, "y": 597, "w": 140, "h": 26}, {"x": 75, "y": 635, "w": 124, "h": 26}, {"x": 75, "y": 672, "w": 124, "h": 26}, {"x": 75, "y": 709, "w": 115, "h": 26}, {"x": 75, "y": 746, "w": 29, "h": 26}, {"x": 75, "y": 783, "w": 6, "h": 26}], "x": ["2010", "2009", "2008", "2007", "2006", "2005", "2004", "2003", "2002", "2001", "2000", "1999", "1998", "1997", "1996", "1995", "1994", "1993", "1992", "1968", "1948"], "y": ["3 382", "3 287", "3 187", "3 052", "2 869", "2 719", "2 531", "2 350", "2 234", "2 151", "2 050", "1 938", "1 505", "1 184", "1 041", "886", "784", "784", "724", "180", "40"], "colors": ["#2876dd", "#2876dd", "#2876dd", "#2876dd", "#2876dd", "#2876dd", "#2876dd", "#2876dd", "#2876dd", "#2876dd", "#2876dd", "#2876dd", "#2876dd", "#2876dd", "#2876dd", "#2876dd", "#2876dd", "#2876dd", "#2876dd", "#2876dd", "#2876dd"], "labels": ["2010", "2009", "2008", "2007", "2006", "2005", "2004", "2003", "2002", "2001", "2000", "1999", "1998", "1997", "1996", "1995", "1994", "1993", "1992", "1968", "1948"]}], "type": "h_bar"}