{"general_figure_info": {"figure_info": {"bbox": {"x": 94, "y": 45, "w": 631, "h": 392}}, "y_axis": {"label": {"bbox": [{"x": 40, "y": 157, "w": 11, "h": 168.96875}], "text": "Wholesale sales in million U.S. dollars"}, "major_labels": {"bboxes": [{"x": 65, "y": 422.5, "w": 19.0, "h": 36.0}, {"x": 65, "y": 357.5, "w": 19.0, "h": 36.0}, {"x": 65, "y": 291.5, "w": 19.0, "h": 36.0}, {"x": 65, "y": 226.5, "w": 19.0, "h": 36.0}, {"x": 65, "y": 161.5, "w": 19.0, "h": 36.0}, {"x": 65, "y": 95.5, "w": 19.0, "h": 36.0}, {"x": 65, "y": 29.5, "w": 19.0, "h": 36.0}]}}, "x_axis": {"major_labels": {"bboxes": [{"x": 104, "y": 447, "h": 12, "w": 24.484375}, {"x": 149, "y": 447, "h": 12, "w": 24.484375}, {"x": 194, "y": 447, "h": 12, "w": 24.484375}, {"x": 240, "y": 447, "h": 12, "w": 24.484375}, {"x": 285, "y": 447, "h": 12, "w": 23.65625}, {"x": 330, "y": 447, "h": 12, "w": 24.484375}, {"x": 375, "y": 447, "h": 12, "w": 24.484375}, {"x": 420, "y": 447, "h": 12, "w": 24.484375}, {"x": 465, "y": 447, "h": 12, "w": 24.484375}, {"x": 510, "y": 447, "h": 12, "w": 24.484375}, {"x": 555, "y": 447, "h": 12, "w": 24.484375}, {"x": 600, "y": 447, "h": 12, "w": 24.484375}, {"x": 645, "y": 447, "h": 12, "w": 24.484375}, {"x": 690, "y": 447, "h": 12, "w": 24.484375}], "values": ["2007", "2008", "2009", "2010", "2011", "2012", "2013", "2014", "2015", "2016", "2017", "2018", "2019", "2020"]}, "label": {}}}, "models": [{"name": {}, "bboxes": [{"x": 101, "y": 263, "w": 31, "h": 175}, {"x": 146, "y": 292, "w": 31, "h": 146}, {"x": 191, "y": 292, "w": 31, "h": 146}, {"x": 236, "y": 292, "w": 31, "h": 146}, {"x": 281, "y": 288, "w": 31, "h": 150}, {"x": 326, "y": 288, "w": 31, "h": 150}, {"x": 372, "y": 276, "w": 31, "h": 162}, {"x": 417, "y": 245, "w": 31, "h": 193}, {"x": 462, "y": 237, "w": 31, "h": 201}, {"x": 507, "y": 222, "w": 31, "h": 216}, {"x": 552, "y": 221, "w": 31, "h": 217}, {"x": 597, "y": 214, "w": 31, "h": 224}, {"x": 642, "y": 198, "w": 31, "h": 240}, {"x": 687, "y": 84, "w": 31, "h": 354}], "x": ["2007", "2008", "2009", "2010", "2011", "2012", "2013", "2014", "2015", "2016", "2017", "2018", "2019", "2020"], "y": ["67", "56", "56", "56", "57.4", "57.4", "61.9", "74", "77", "82.8", "83.2", "85.8", "92", "135.4"], "colors": ["#2876dd", "#2876dd", "#2876dd", "#2876dd", "#2876dd", "#2876dd", "#2876dd", "#2876dd", "#2876dd", "#2876dd", "#2876dd", "#2876dd", "#2876dd", "#2876dd"], "labels": ["2007", "2008", "2009", "2010", "2011", "2012", "2013", "2014", "2015", "2016", "2017", "2018", "2019", "2020"]}], "type": "v_bar"}