{"general_figure_info": {"figure_info": {"bbox": {"x": 253, "y": 35, "w": 457, "h": 380}}, "y_axis": {"label": {"bbox": [{"x": 452, "y": 446, "w": 58.79296875, "h": 11}], "text": "Market share"}, "major_labels": {"bboxes": [{"x": 232.5, "y": 421, "w": 37.125, "h": 26.0}, {"x": 297.5, "y": 421, "w": 37.125, "h": 26.0}, {"x": 363.5, "y": 421, "w": 37.125, "h": 26.0}, {"x": 428.5, "y": 421, "w": 37.125, "h": 26.0}, {"x": 493.5, "y": 421, "w": 37.125, "h": 26.0}, {"x": 558.5, "y": 421, "w": 37.125, "h": 26.0}, {"x": 624.5, "y": 421, "w": 37.125, "h": 26.0}, {"x": 690.5, "y": 421, "w": 37.125, "h": 26.0}]}}, "x_axis": {"major_labels": {"bboxes": [{"x": 128, "y": 61, "h": 12, "w": 112.9814453125}, {"x": 80, "y": 124, "h": 12, "w": 160.0859375}, {"x": 93, "y": 179, "h": 26, "w": 147.48876953125}, {"x": 53, "y": 251, "h": 12, "w": 187.5751953125}, {"x": 182, "y": 314, "h": 12, "w": 58.16943359375}, {"x": 207, "y": 377, "h": 12, "w": 33.5107421875}], "values": ["OEM - new car dealers", "General automotive repair shops", "Body, paint and interior repair/", "Automotive parts & accessories stores", "Tire dealers", "Others"]}, "label": {}}}, "models": [{"name": {}, "bboxes": [{"x": 252, "y": 44, "w": 353, "h": 44}, {"x": 252, "y": 108, "w": 209, "h": 44}, {"x": 252, "y": 171, "w": 144, "h": 44}, {"x": 252, "y": 234, "w": 144, "h": 44}, {"x": 252, "y": 298, "w": 91, "h": 44}, {"x": 252, "y": 361, "w": 366, "h": 44}], "x": ["OEM - new car dealers", "General automotive repair shops", "Body, paint and interior repair/", "Automotive parts & accessories stores", "Tire dealers", "Others"], "y": ["27%", "16%", "11%", "11%", "7%", "28%"], "colors": ["#2876dd", "#2876dd", "#2876dd", "#2876dd", "#2876dd", "#2876dd"], "labels": ["OEM - new car dealers", "General automotive repair shops", "Body, paint and interior repair/", "Automotive parts & accessories stores", "Tire dealers", "Others"]}], "type": "h_bar"}