{"general_figure_info": {"figure_info": {"bbox": {"x": 256, "y": 35, "w": 454, "h": 510}}, "y_axis": {"label": {"bbox": [{"x": 453, "y": 576, "w": 60.015625, "h": 11}], "text": "Gross margin"}, "major_labels": {"bboxes": [{"x": 235.5, "y": 551, "w": 25.4, "h": 26.0}, {"x": 285.5, "y": 551, "w": 25.4, "h": 26.0}, {"x": 336.5, "y": 551, "w": 25.4, "h": 26.0}, {"x": 386.5, "y": 551, "w": 25.4, "h": 26.0}, {"x": 437.5, "y": 551, "w": 25.4, "h": 26.0}, {"x": 487.5, "y": 551, "w": 25.4, "h": 26.0}, {"x": 538.5, "y": 551, "w": 25.4, "h": 26.0}, {"x": 588.5, "y": 551, "w": 25.4, "h": 26.0}, {"x": 639.5, "y": 551, "w": 25.4, "h": 26.0}, {"x": 690.5, "y": 551, "w": 25.4, "h": 26.0}]}}, "x_axis": {"major_labels": {"bboxes": [{"x": 138, "y": 50, "h": 12, "w": 105.171875}, {"x": 156, "y": 93, "h": 12, "w": 86.796875}, {"x": 109, "y": 135, "h": 12, "w": 133.703125}, {"x": 64, "y": 178, "h": 12, "w": 179.171875}, {"x": 83, "y": 220, "h": 12, "w": 159.578125}, {"x": 143, "y": 263, "h": 12, "w": 99.671875}, {"x": 106, "y": 305, "h": 12, "w": 136.953125}, {"x": 59, "y": 348, "h": 12, "w": 184.046875}, {"x": 82, "y": 390, "h": 12, "w": 161.421875}, {"x": 125, "y": 433, "h": 12, "w": 118}, {"x": 56, "y": 467, "h": 26, "w": 187.125}, {"x": 158, "y": 518, "h": 12, "w": 84.96875}], "values": ["Lepu Medical (stents)", "MicroPort (stents)", "Weigao (orthopedic device)", "Shanghai Kinetic (orthopedic device)", "PW Medtech (orthopedic device)", "Kehua Biology (IVD)", "Mindray (patient monitoring)", "Edan Instruments (patient monitoring)", "Yuyue Medical (medical imaging)", "Hokai (medical imaging)", "Andon Health (blood pressure/glucose", "Shinva (sterilizer)"]}, "label": {}}}, "models": [{"name": {}, "bboxes": [{"x": 255, "y": 41, "w": 318, "h": 30}, {"x": 255, "y": 83, "w": 343, "h": 30}, {"x": 255, "y": 126, "w": 298, "h": 30}, {"x": 255, "y": 168, "w": 313, "h": 30}, {"x": 255, "y": 211, "w": 368, "h": 30}, {"x": 255, "y": 253, "w": 227, "h": 30}, {"x": 255, "y": 296, "w": 282, "h": 30}, {"x": 255, "y": 338, "w": 272, "h": 30}, {"x": 255, "y": 381, "w": 202, "h": 30}, {"x": 255, "y": 423, "w": 318, "h": 30}, {"x": 255, "y": 466, "w": 156, "h": 30}, {"x": 255, "y": 508, "w": 116, "h": 30}], "x": ["Lepu Medical (stents)", "MicroPort (stents)", "Weigao (orthopedic device)", "Shanghai Kinetic (orthopedic device)", "PW Medtech (orthopedic device)", "Kehua Biology (IVD)", "Mindray (patient monitoring)", "Edan Instruments (patient monitoring)", "Yuyue Medical (medical imaging)", "Hokai (medical imaging)", "Andon Health (blood pressure/glucose", "Shinva (sterilizer)"], "y": ["63%", "68%", "59%", "62%", "73%", "45%", "56%", "54%", "40%", "63%", "31%", "23%"], "colors": ["#2876dd", "#2876dd", "#2876dd", "#2876dd", "#2876dd", "#2876dd", "#2876dd", "#2876dd", "#2876dd", "#2876dd", "#2876dd", "#2876dd"], "labels": ["Lepu Medical (stents)", "MicroPort (stents)", "Weigao (orthopedic device)", "Shanghai Kinetic (orthopedic device)", "PW Medtech (orthopedic device)", "Kehua Biology (IVD)", "Mindray (patient monitoring)", "Edan Instruments (patient monitoring)", "Yuyue Medical (medical imaging)", "Hokai (medical imaging)", "Andon Health (blood pressure/glucose", "Shinva (sterilizer)"]}], "type": "h_bar"}