{"general_figure_info": {"figure_info": {"bbox": {"x": 96, "y": 45, "w": 629, "h": 392}}, "y_axis": {"label": {"bbox": [{"x": 40, "y": 196, "w": 11, "h": 89.71875}], "text": "Share in total export"}, "major_labels": {"bboxes": [{"x": 65, "y": 422.5, "w": 21.0, "h": 36.0}, {"x": 65, "y": 357.5, "w": 21.0, "h": 36.0}, {"x": 65, "y": 291.5, "w": 21.0, "h": 36.0}, {"x": 65, "y": 226.5, "w": 21.0, "h": 36.0}, {"x": 65, "y": 161.5, "w": 21.0, "h": 36.0}, {"x": 65, "y": 95.5, "w": 21.0, "h": 36.0}, {"x": 65, "y": 29.5, "w": 21.0, "h": 36.0}]}}, "x_axis": {"major_labels": {"bboxes": [{"x": 136, "y": 447, "h": 12, "w": 45.7353515625}, {"x": 265, "y": 447, "h": 12, "w": 40.623046875}, {"x": 371, "y": 447, "h": 12, "w": 78.28125}, {"x": 519, "y": 447, "h": 12, "w": 34.25}, {"x": 652, "y": 447, "h": 12, "w": 20.673828125}], "values": ["Germany", "Czechia", "United Kingdom", "France", "Italy"]}, "label": {}}}, "models": [{"name": {}, "bboxes": [{"x": 116, "y": 85, "w": 87, "h": 353}, {"x": 242, "y": 360, "w": 87, "h": 78}, {"x": 367, "y": 360, "w": 87, "h": 78}, {"x": 493, "y": 360, "w": 87, "h": 78}, {"x": 619, "y": 373, "w": 87, "h": 65}], "x": ["Germany", "Czechia", "United Kingdom", "France", "Italy"], "y": ["27%", "6%", "6%", "6%", "5%"], "colors": ["#2876dd", "#2876dd", "#2876dd", "#2876dd", "#2876dd"], "labels": ["Germany", "Czechia", "United Kingdom", "France", "Italy"]}], "type": "v_bar"}