{"general_figure_info": {"figure_info": {"bbox": {"x": 110, "y": 45, "w": 615, "h": 392}}, "y_axis": {"label": {"bbox": [{"x": 40, "y": 180, "w": 11, "h": 121.171875}], "text": "Sales value in million euros"}, "major_labels": {"bboxes": [{"x": 65, "y": 422.5, "w": 35.0, "h": 45.33333333333333}, {"x": 65, "y": 344.5, "w": 35.0, "h": 45.33333333333333}, {"x": 65, "y": 265.5, "w": 35.0, "h": 45.33333333333333}, {"x": 65, "y": 187.5, "w": 35.0, "h": 45.33333333333333}, {"x": 65, "y": 108.5, "w": 35.0, "h": 45.33333333333333}, {"x": 65, "y": 29.5, "w": 35.0, "h": 45.33333333333333}]}}, "x_axis": {"major_labels": {"bboxes": [{"x": 141, "y": 447, "h": 12, "w": 41.0107421875}, {"x": 235, "y": 447, "h": 12, "w": 57.52685546875}, {"x": 346, "y": 447, "h": 12, "w": 41}, {"x": 438, "y": 447, "h": 12, "w": 61.17919921875}, {"x": 548, "y": 447, "h": 12, "w": 46.5107421875}, {"x": 654, "y": 447, "h": 12, "w": 40.6025390625}], "values": ["ACS SA", "Acciona SA", "FCC SA", "Ferrovial SA", "Sacyr SA", "OHL SA"]}, "label": {}}}, "models": [{"name": {}, "bboxes": [{"x": 126, "y": 95, "w": 71, "h": 343}, {"x": 229, "y": 375, "w": 71, "h": 63}, {"x": 331, "y": 383, "w": 71, "h": 55}, {"x": 434, "y": 385, "w": 71, "h": 53}, {"x": 536, "y": 401, "w": 71, "h": 37}, {"x": 639, "y": 412, "w": 71, "h": 26}], "x": ["ACS SA", "Acciona SA", "FCC SA", "Ferrovial SA", "Sacyr SA", "OHL SA"], "y": ["43 712", "8 049", "7 026", "6 777", "4 667", "3 313"], "colors": ["#2876dd", "#2876dd", "#2876dd", "#2876dd", "#2876dd", "#2876dd"], "labels": ["ACS SA", "Acciona SA", "FCC SA", "Ferrovial SA", "Sacyr SA", "OHL SA"]}], "type": "v_bar"}