{"general_figure_info": {"figure_info": {"bbox": {"x": 168, "y": 35, "w": 542, "h": 380}}, "y_axis": {"label": {"bbox": [{"x": 386, "y": 446, "w": 106.3935546875, "h": 11}], "text": "Share of unemployment"}, "major_labels": {"bboxes": [{"x": 147.5, "y": 421, "w": 40.22222222222222, "h": 26.0}, {"x": 215.5, "y": 421, "w": 40.22222222222222, "h": 26.0}, {"x": 283.5, "y": 421, "w": 40.22222222222222, "h": 26.0}, {"x": 350.5, "y": 421, "w": 40.22222222222222, "h": 26.0}, {"x": 418.5, "y": 421, "w": 40.22222222222222, "h": 26.0}, {"x": 486.5, "y": 421, "w": 40.22222222222222, "h": 26.0}, {"x": 554.5, "y": 421, "w": 40.22222222222222, "h": 26.0}, {"x": 621.5, "y": 421, "w": 40.22222222222222, "h": 26.0}, {"x": 690.5, "y": 421, "w": 40.22222222222222, "h": 26.0}]}}, "x_axis": {"major_labels": {"bboxes": [{"x": 109, "y": 48, "h": 12, "w": 45.875}, {"x": 43, "y": 86, "h": 12, "w": 111.921875}, {"x": 105, "y": 124, "h": 12, "w": 49.53125}, {"x": 115, "y": 162, "h": 12, "w": 41.22998046875}, {"x": 69, "y": 200, "h": 12, "w": 86.71142578125}, {"x": 102, "y": 238, "h": 12, "w": 53.08837890625}, {"x": 123, "y": 276, "h": 12, "w": 32.40625}, {"x": 117, "y": 314, "h": 12, "w": 38.3876953125}, {"x": 116, "y": 352, "h": 12, "w": 38.53125}, {"x": 85, "y": 390, "h": 12, "w": 70.1845703125}], "values": ["Graduate", "Post graduate & above", "Certificate", "Diploma", "Higher secondary", "Secondary", "Middle", "Primary", "Illiterate", "Below primary"]}, "label": {}}}, "models": [{"name": {}, "bboxes": [{"x": 167, "y": 41, "w": 442, "h": 26}, {"x": 167, "y": 79, "w": 385, "h": 26}, {"x": 167, "y": 117, "w": 306, "h": 26}, {"x": 167, "y": 155, "w": 301, "h": 26}, {"x": 167, "y": 193, "w": 201, "h": 26}, {"x": 167, "y": 231, "w": 114, "h": 26}, {"x": 167, "y": 269, "w": 81, "h": 26}, {"x": 167, "y": 307, "w": 65, "h": 26}, {"x": 167, "y": 345, "w": 54, "h": 26}, {"x": 167, "y": 383, "w": 49, "h": 26}], "x": ["Graduate", "Post graduate & above", "Certificate", "Diploma", "Higher secondary", "Secondary", "Middle", "Primary", "Illiterate", "Below primary"], "y": ["16.3%", "14.2%", "11.3%", "11.1%", "7.4%", "4.2%", "3%", "2.4%", "2%", "1.8%"], "colors": ["#2876dd", "#2876dd", "#2876dd", "#2876dd", "#2876dd", "#2876dd", "#2876dd", "#2876dd", "#2876dd", "#2876dd"], "labels": ["Graduate", "Post graduate & above", "Certificate", "Diploma", "Higher secondary", "Secondary", "Middle", "Primary", "Illiterate", "Below primary"]}], "type": "h_bar"}