{"general_figure_info": {"figure_info": {"bbox": {"x": 120, "y": 35, "w": 590, "h": 380}}, "y_axis": {"label": {"bbox": [{"x": 341, "y": 446, "w": 148.984375, "h": 11}], "text": "Passenger numbers in thousands"}, "major_labels": {"bboxes": [{"x": 99.5, "y": 421, "w": 39.0, "h": 26.0}, {"x": 165.5, "y": 421, "w": 39.0, "h": 26.0}, {"x": 230.5, "y": 421, "w": 39.0, "h": 26.0}, {"x": 296.5, "y": 421, "w": 39.0, "h": 26.0}, {"x": 361.5, "y": 421, "w": 39.0, "h": 26.0}, {"x": 427.5, "y": 421, "w": 39.0, "h": 26.0}, {"x": 492.5, "y": 421, "w": 39.0, "h": 26.0}, {"x": 558.5, "y": 421, "w": 39.0, "h": 26.0}, {"x": 623.5, "y": 421, "w": 39.0, "h": 26.0}, {"x": 690.5, "y": 421, "w": 39.0, "h": 26.0}]}}, "x_axis": {"major_labels": {"bboxes": [{"x": 42, "y": 48, "h": 12, "w": 65.4375}, {"x": 44, "y": 86, "h": 12, "w": 63.015625}, {"x": 62, "y": 124, "h": 12, "w": 45.25}, {"x": 67, "y": 162, "h": 12, "w": 40.2353515625}, {"x": 56, "y": 200, "h": 12, "w": 51.359375}, {"x": 40, "y": 238, "h": 12, "w": 67.265625}, {"x": 72, "y": 276, "h": 12, "w": 35.484375}, {"x": 76, "y": 314, "h": 12, "w": 31.1875}, {"x": 75, "y": 352, "h": 12, "w": 32.421875}, {"x": 89, "y": 390, "h": 12, "w": 18.34375}], "values": ["Southampton", "Copenhagen", "Hamburg", "Rostock", "Stockholm", "St Petersburg", "Bergen", "Tallinn", "Lisbon", "Kiel"]}, "label": {}}}, "models": [{"name": {}, "bboxes": [{"x": 119, "y": 41, "w": 524, "h": 26}, {"x": 119, "y": 79, "w": 223, "h": 26}, {"x": 119, "y": 117, "w": 212, "h": 26}, {"x": 119, "y": 155, "w": 168, "h": 26}, {"x": 119, "y": 193, "w": 163, "h": 26}, {"x": 119, "y": 231, "w": 150, "h": 26}, {"x": 119, "y": 269, "w": 147, "h": 26}, {"x": 119, "y": 307, "w": 142, "h": 26}, {"x": 119, "y": 345, "w": 137, "h": 26}, {"x": 119, "y": 383, "w": 135, "h": 26}], "x": ["Southampton", "Copenhagen", "Hamburg", "Rostock", "Stockholm", "St Petersburg", "Bergen", "Tallinn", "Lisbon", "Kiel"], "y": ["2 000", "849", "810", "642", "621", "573", "559", "543", "521", "514"], "colors": ["#2876dd", "#2876dd", "#2876dd", "#2876dd", "#2876dd", "#2876dd", "#2876dd", "#2876dd", "#2876dd", "#2876dd"], "labels": ["Southampton", "Copenhagen", "Hamburg", "Rostock", "Stockholm", "St Petersburg", "Bergen", "Tallinn", "Lisbon", "Kiel"]}], "type": "h_bar"}