{"general_figure_info": {"figure_info": {"bbox": {"x": 96, "y": 45, "w": 629, "h": 392}}, "y_axis": {"label": {"bbox": [{"x": 40, "y": 185, "w": 11, "h": 112.828125}], "text": "Exports in million bushels"}, "major_labels": {"bboxes": [{"x": 65, "y": 422.5, "w": 21.0, "h": 23.555555555555557}, {"x": 65, "y": 373.5, "w": 21.0, "h": 23.555555555555557}, {"x": 65, "y": 324.5, "w": 21.0, "h": 23.555555555555557}, {"x": 65, "y": 275.5, "w": 21.0, "h": 23.555555555555557}, {"x": 65, "y": 226.5, "w": 21.0, "h": 23.555555555555557}, {"x": 65, "y": 177.5, "w": 21.0, "h": 23.555555555555557}, {"x": 65, "y": 128.5, "w": 21.0, "h": 23.555555555555557}, {"x": 65, "y": 79.5, "w": 21.0, "h": 23.555555555555557}, {"x": 65, "y": 29.5, "w": 21.0, "h": 23.555555555555557}]}}, "x_axis": {"major_labels": {"bboxes": [{"x": 101, "y": 447, "h": 12, "w": 24.484375}, {"x": 136, "y": 447, "h": 12, "w": 24.484375}, {"x": 171, "y": 447, "h": 12, "w": 24.484375}, {"x": 206, "y": 447, "h": 12, "w": 24.484375}, {"x": 241, "y": 447, "h": 12, "w": 24.484375}, {"x": 276, "y": 447, "h": 12, "w": 24.484375}, {"x": 311, "y": 447, "h": 12, "w": 24.484375}, {"x": 346, "y": 447, "h": 12, "w": 24.484375}, {"x": 381, "y": 447, "h": 12, "w": 24.484375}, {"x": 416, "y": 447, "h": 12, "w": 24.484375}, {"x": 451, "y": 447, "h": 12, "w": 23.65625}, {"x": 486, "y": 447, "h": 12, "w": 24.484375}, {"x": 521, "y": 447, "h": 12, "w": 24.484375}, {"x": 556, "y": 447, "h": 12, "w": 24.484375}, {"x": 590, "y": 447, "h": 12, "w": 24.484375}, {"x": 625, "y": 447, "h": 12, "w": 24.484375}, {"x": 660, "y": 447, "h": 12, "w": 24.484375}, {"x": 695, "y": 447, "h": 12, "w": 24.484375}], "values": ["2001", "2002", "2003", "2004", "2005", "2006", "2007", "2008", "2009", "2010", "2011", "2012", "2013", "2014", "2015", "2016", "2017", "2018"]}, "label": {}}}, "models": [{"name": {}, "bboxes": [{"x": 102, "y": 201, "w": 24, "h": 237}, {"x": 136, "y": 258, "w": 24, "h": 180}, {"x": 171, "y": 243, "w": 24, "h": 195}, {"x": 206, "y": 258, "w": 24, "h": 180}, {"x": 241, "y": 248, "w": 24, "h": 190}, {"x": 276, "y": 288, "w": 24, "h": 150}, {"x": 311, "y": 167, "w": 24, "h": 271}, {"x": 346, "y": 298, "w": 24, "h": 140}, {"x": 381, "y": 277, "w": 24, "h": 161}, {"x": 416, "y": 289, "w": 24, "h": 149}, {"x": 451, "y": 376, "w": 24, "h": 62}, {"x": 486, "y": 364, "w": 24, "h": 74}, {"x": 521, "y": 231, "w": 24, "h": 207}, {"x": 556, "y": 93, "w": 24, "h": 345}, {"x": 591, "y": 103, "w": 24, "h": 335}, {"x": 626, "y": 205, "w": 24, "h": 233}, {"x": 661, "y": 242, "w": 24, "h": 196}, {"x": 696, "y": 355, "w": 24, "h": 83}], "x": ["2001", "2002", "2003", "2004", "2005", "2006", "2007", "2008", "2009", "2010", "2011", "2012", "2013", "2014", "2015", "2016", "2017", "2018"], "y": ["242", "184", "199", "184", "194", "153", "277", "143", "164", "152", "63", "76", "211", "352", "342", "238", "200", "85"], "colors": ["#2876dd", "#2876dd", "#2876dd", "#2876dd", "#2876dd", "#2876dd", "#2876dd", "#2876dd", "#2876dd", "#2876dd", "#2876dd", "#2876dd", "#2876dd", "#2876dd", "#2876dd", "#2876dd", "#2876dd", "#2876dd"], "labels": ["2001", "2002", "2003", "2004", "2005", "2006", "2007", "2008", "2009", "2010", "2011", "2012", "2013", "2014", "2015", "2016", "2017", "2018"]}], "type": "v_bar"}