{"general_figure_info": {"figure_info": {"bbox": {"x": 82, "y": 45, "w": 643, "h": 392}}, "y_axis": {"label": {"bbox": [{"x": 40, "y": 182, "w": 11, "h": 118.390625}], "text": "Sales in billion U.S. dollars"}, "major_labels": {"bboxes": [{"x": 65, "y": 422.5, "w": 7.0, "h": 36.0}, {"x": 65, "y": 357.5, "w": 7.0, "h": 36.0}, {"x": 65, "y": 291.5, "w": 7.0, "h": 36.0}, {"x": 65, "y": 226.5, "w": 7.0, "h": 36.0}, {"x": 65, "y": 161.5, "w": 7.0, "h": 36.0}, {"x": 65, "y": 95.5, "w": 7.0, "h": 36.0}, {"x": 65, "y": 29.5, "w": 7.0, "h": 36.0}]}}, "x_axis": {"major_labels": {"bboxes": [{"x": 136, "y": 447, "h": 12, "w": 52}, {"x": 297, "y": 447, "h": 12, "w": 52}, {"x": 458, "y": 447, "h": 12, "w": 52}, {"x": 619, "y": 447, "h": 12, "w": 52}], "values": ["2012/2013", "2013/2014", "2014/2015", "2015/2016"]}, "label": {}}}, "models": [{"name": {}, "bboxes": [{"x": 107, "y": 174, "w": 110, "h": 264}, {"x": 268, "y": 148, "w": 110, "h": 290}, {"x": 429, "y": 131, "w": 110, "h": 307}, {"x": 590, "y": 132, "w": 110, "h": 306}], "x": ["2012/2013", "2013/2014", "2014/2015", "2015/2016"], "y": ["4.04", "4.44", "4.7", "4.69"], "colors": ["#2876dd", "#2876dd", "#2876dd", "#2876dd"], "labels": ["2012/2013", "2013/2014", "2014/2015", "2015/2016"]}], "type": "v_bar"}