{"general_figure_info": {"figure_info": {"bbox": {"x": 94, "y": 45, "w": 631, "h": 392}}, "y_axis": {"label": {"bbox": [{"x": 40, "y": 169, "w": 11, "h": 144.53125}], "text": "Sales in million Canadian dollars"}, "major_labels": {"bboxes": [{"x": 65, "y": 422.5, "w": 19.0, "h": 29.0}, {"x": 65, "y": 366.5, "w": 19.0, "h": 29.0}, {"x": 65, "y": 310.5, "w": 19.0, "h": 29.0}, {"x": 65, "y": 254.5, "w": 19.0, "h": 29.0}, {"x": 65, "y": 198.5, "w": 19.0, "h": 29.0}, {"x": 65, "y": 142.5, "w": 19.0, "h": 29.0}, {"x": 65, "y": 86.5, "w": 19.0, "h": 29.0}, {"x": 65, "y": 29.5, "w": 19.0, "h": 29.0}]}}, "x_axis": {"major_labels": {"bboxes": [{"x": 114, "y": 447, "h": 12, "w": 23.65625}, {"x": 176, "y": 447, "h": 12, "w": 24.484375}, {"x": 240, "y": 447, "h": 12, "w": 24.484375}, {"x": 303, "y": 447, "h": 12, "w": 24.484375}, {"x": 366, "y": 447, "h": 12, "w": 24.484375}, {"x": 429, "y": 447, "h": 12, "w": 24.484375}, {"x": 492, "y": 447, "h": 12, "w": 24.484375}, {"x": 555, "y": 447, "h": 12, "w": 24.484375}, {"x": 618, "y": 447, "h": 12, "w": 24.484375}, {"x": 681, "y": 447, "h": 12, "w": 24.484375}], "values": ["2011", "2012", "2013", "2014", "2015", "2016", "2017", "2018", "2019", "2020"]}, "label": {}}}, "models": [{"name": {}, "bboxes": [{"x": 104, "y": 304, "w": 44, "h": 134}, {"x": 167, "y": 295, "w": 44, "h": 143}, {"x": 230, "y": 277, "w": 44, "h": 161}, {"x": 293, "y": 243, "w": 44, "h": 195}, {"x": 356, "y": 206, "w": 44, "h": 232}, {"x": 419, "y": 170, "w": 44, "h": 268}, {"x": 483, "y": 151, "w": 44, "h": 287}, {"x": 546, "y": 149, "w": 44, "h": 289}, {"x": 609, "y": 118, "w": 44, "h": 320}, {"x": 672, "y": 109, "w": 44, "h": 329}], "x": ["2011", "2012", "2013", "2014", "2015", "2016", "2017", "2018", "2019", "2020"], "y": ["119.35", "128.02", "144.14", "174.54", "207.01", "239.13", "256.16", "257.77", "286", "293.49"], "colors": ["#2876dd", "#2876dd", "#2876dd", "#2876dd", "#2876dd", "#2876dd", "#2876dd", "#2876dd", "#2876dd", "#2876dd"], "labels": ["2011", "2012", "2013", "2014", "2015", "2016", "2017", "2018", "2019", "2020"]}], "type": "v_bar"}