{"general_figure_info": {"figure_info": {"bbox": {"x": 143, "y": 35, "w": 567, "h": 380}}, "y_axis": {"label": {"bbox": [{"x": 347, "y": 446, "w": 159.921875, "h": 11}], "text": "Average number of books published"}, "major_labels": {"bboxes": [{"x": 122.5, "y": 421, "w": 43.0, "h": 26.0}, {"x": 193.5, "y": 421, "w": 43.0, "h": 26.0}, {"x": 264.5, "y": 421, "w": 43.0, "h": 26.0}, {"x": 335.5, "y": 421, "w": 43.0, "h": 26.0}, {"x": 406.5, "y": 421, "w": 43.0, "h": 26.0}, {"x": 476.5, "y": 421, "w": 43.0, "h": 26.0}, {"x": 547.5, "y": 421, "w": 43.0, "h": 26.0}, {"x": 618.5, "y": 421, "w": 43.0, "h": 26.0}, {"x": 690.5, "y": 421, "w": 43.0, "h": 26.0}]}}, "x_axis": {"major_labels": {"bboxes": [{"x": 91, "y": 124, "h": 12, "w": 39.6337890625}, {"x": 43, "y": 314, "h": 12, "w": 87.32373046875}], "values": ["100kers", "Emerging authors"]}, "label": {}}}, "models": [{"name": {}, "bboxes": [{"x": 142, "y": 65, "w": 472, "h": 130}, {"x": 142, "y": 255, "w": 105, "h": 130}], "x": ["100kers", "Emerging authors"], "y": ["33.28", "7.38"], "colors": ["#2876dd", "#2876dd"], "labels": ["100kers", "Emerging authors"]}], "type": "h_bar"}