{"general_figure_info": {"figure_info": {"bbox": {"x": 82, "y": 45, "w": 643, "h": 392}}, "y_axis": {"label": {"bbox": [{"x": 40, "y": 189, "w": 11, "h": 104.484375}], "text": "Fertility rate per woman"}, "major_labels": {"bboxes": [{"x": 65, "y": 422.5, "w": 7.0, "h": 45.33333333333333}, {"x": 65, "y": 344.5, "w": 7.0, "h": 45.33333333333333}, {"x": 65, "y": 265.5, "w": 7.0, "h": 45.33333333333333}, {"x": 65, "y": 187.5, "w": 7.0, "h": 45.33333333333333}, {"x": 65, "y": 108.5, "w": 7.0, "h": 45.33333333333333}, {"x": 65, "y": 29.5, "w": 7.0, "h": 45.33333333333333}]}}, "x_axis": {"major_labels": {"bboxes": [{"x": 117, "y": 447, "h": 12, "w": 58.703125}, {"x": 223, "y": 447, "h": 12, "w": 103.9375}, {"x": 352, "y": 447, "h": 12, "w": 103.9375}, {"x": 502, "y": 447, "h": 12, "w": 61.140625}, {"x": 645, "y": 447, "h": 12, "w": 31.796875}], "values": ["Low income", "Lower middle income", "Upper middle income", "High income", "Global"]}, "label": {}}}, "models": [{"name": {}, "bboxes": [{"x": 102, "y": 124, "w": 88, "h": 314}, {"x": 231, "y": 211, "w": 88, "h": 227}, {"x": 360, "y": 289, "w": 88, "h": 149}, {"x": 488, "y": 305, "w": 88, "h": 133}, {"x": 617, "y": 242, "w": 88, "h": 196}], "x": ["Low income", "Lower middle income", "Upper middle income", "High income", "Global"], "y": ["4", "2.9", "1.9", "1.7", "2.5"], "colors": ["#2876dd", "#2876dd", "#2876dd", "#2876dd", "#808080"], "labels": ["Low income", "Lower middle income", "Upper middle income", "High income", "Global"]}], "type": "v_bar"}