{"general_figure_info": {"figure_info": {"bbox": {"x": 120, "y": 45, "w": 605, "h": 377}}, "y_axis": {"label": {"bbox": [{"x": 40, "y": 184, "w": 11, "h": 98.9375}], "text": "Number of enterprises"}, "major_labels": {"bboxes": [{"x": 65, "y": 407.5, "w": 45.0, "h": 42.833333333333336}, {"x": 65, "y": 332.5, "w": 45.0, "h": 42.833333333333336}, {"x": 65, "y": 256.5, "w": 45.0, "h": 42.833333333333336}, {"x": 65, "y": 181.5, "w": 45.0, "h": 42.833333333333336}, {"x": 65, "y": 105.5, "w": 45.0, "h": 42.833333333333336}, {"x": 65, "y": 29.5, "w": 45.0, "h": 42.833333333333336}]}}, "x_axis": {"major_labels": {"bboxes": [{"x": 136, "y": 432, "h": 24, "w": 88.65625}, {"x": 257, "y": 432, "h": 24, "w": 89.890625}, {"x": 378, "y": 432, "h": 24, "w": 89.890625}, {"x": 499, "y": 432, "h": 24, "w": 89.890625}, {"x": 615, "y": 432, "h": 24, "w": 98.9306640625}], "values": ["250 persons", "From 50 to 249", "From 20 to 49", "From 10 to 19", "From 0 to 9 persons"]}, "label": {}}}, "models": [{"name": {}, "bboxes": [{"x": 139, "y": 422, "w": 83, "h": 1}, {"x": 260, "y": 417, "w": 83, "h": 6}, {"x": 381, "y": 411, "w": 83, "h": 12}, {"x": 502, "y": 404, "w": 83, "h": 19}, {"x": 623, "y": 130, "w": 83, "h": 293}], "x": ["250 persons", "From 50 to 249", "From 20 to 49", "From 10 to 19", "From 0 to 9 persons"], "y": ["652", "3 714", "7 801", "12 278", "194 104"], "colors": ["#2876dd", "#2876dd", "#2876dd", "#2876dd", "#2876dd"], "labels": ["250 persons", "From 50 to 249", "From 20 to 49", "From 10 to 19", "From 0 to 9 persons"]}], "type": "v_bar"}