{"general_figure_info": {"figure_info": {"bbox": {"x": 92, "y": 45, "w": 633, "h": 377}}, "y_axis": {"label": {"bbox": [{"x": 40, "y": 147, "w": 11, "h": 172.703125}], "text": "Average number of trips per household"}, "major_labels": {"bboxes": [{"x": 65, "y": 407.5, "w": 17.0, "h": 21.888888888888886}, {"x": 65, "y": 360.5, "w": 17.0, "h": 21.888888888888886}, {"x": 65, "y": 313.5, "w": 17.0, "h": 21.888888888888886}, {"x": 65, "y": 266.5, "w": 17.0, "h": 21.888888888888886}, {"x": 65, "y": 219.5, "w": 17.0, "h": 21.888888888888886}, {"x": 65, "y": 171.5, "w": 17.0, "h": 21.888888888888886}, {"x": 65, "y": 124.5, "w": 17.0, "h": 21.888888888888886}, {"x": 65, "y": 77.5, "w": 17.0, "h": 21.888888888888886}, {"x": 65, "y": 29.5, "w": 17.0, "h": 21.888888888888886}]}}, "x_axis": {"major_labels": {"bboxes": [{"x": 104, "y": 432, "h": 12, "w": 133.875}, {"x": 276, "y": 432, "h": 24, "w": 107.59375}, {"x": 425, "y": 432, "h": 12, "w": 124.75}, {"x": 597, "y": 432, "h": 24, "w": 98.453125}], "values": ["Domestic trips with children", "Domestic trips without", "International with children", "International without"]}, "label": {}}}, "models": [{"name": {}, "bboxes": [{"x": 117, "y": 90, "w": 109, "h": 333}, {"x": 275, "y": 240, "w": 109, "h": 183}, {"x": 434, "y": 305, "w": 109, "h": 118}, {"x": 592, "y": 306, "w": 109, "h": 117}], "x": ["Domestic trips with children", "Domestic trips without", "International with children", "International without"], "y": ["3.53", "1.94", "1.25", "1.24"], "colors": ["#2876dd", "#2876dd", "#2876dd", "#2876dd"], "labels": ["Domestic trips with children", "Domestic trips without", "International with children", "International without"]}], "type": "v_bar"}