{"models": [{"bbox": {"x": 296, "y": 80, "w": 245.44692993164062, "h": 359}, "color": "#2876dd", "points": {"start": {"x": 363.96344065993674, "y": 80.000003723079}, "end": {"x": 298.05308384194893, "y": 426.44686055521674}, "center": {"x": 364.0, "y": 259.5}}, "text_label": "North America*", "value": 56.0, "text_bbox": {"x": 601, "y": 296, "w": 123, "h": 13}}, {"bbox": {"x": 183, "y": 173, "w": 179.5, "h": 253.15931701660156}, "color": "#0f283e", "points": {"start": {"x": 297.88616998267355, "y": 426.38083017662655}, "end": {"x": 206.59519794764728, "y": 173.22150736794453}, "center": {"x": 364.0, "y": 259.5}}, "text_label": "Europe**", "value": 27.0, "text_bbox": {"x": 63, "y": 324, "w": 85, "h": 16}}, {"bbox": {"x": 205, "y": 81, "w": 157.31845092773438, "h": 178.06822204589844}, "color": "#bababa", "points": {"start": {"x": 206.68155512829404, "y": 173.06414573136902}, "end": {"x": 341.3735303385246, "y": 81.43177467426051}, "center": {"x": 364.0, "y": 259.5}}, "text_label": "Asia Pacific***", "value": 15.0, "text_bbox": {"x": 108, "y": 92, "w": 116, "h": 13}}, {"bbox": {"x": 340, "y": 80, "w": 22.448394775390625, "h": 179.4998321533203}, "color": "#a60b0b", "points": {"start": {"x": 341.55160984740627, "y": 81.40923724247534}, "end": {"x": 363.75067810111614, "y": 80.00017315164135}, "center": {"x": 364.0, "y": 259.5}}, "text_label": "Latin America****", "value": 2.0, "text_bbox": {"x": 193, "y": 58, "w": 129, "h": 13}}], "type": "pie"}