{"general_figure_info": {"figure_info": {"bbox": {"x": 131, "y": 35, "w": 579, "h": 380}}, "y_axis": {"label": {"bbox": [{"x": 407, "y": 446, "w": 27.796875, "h": 11}], "text": "Steals"}, "major_labels": {"bboxes": [{"x": 110.5, "y": 421, "w": 37.9, "h": 26.0}, {"x": 174.5, "y": 421, "w": 37.9, "h": 26.0}, {"x": 239.5, "y": 421, "w": 37.9, "h": 26.0}, {"x": 303.5, "y": 421, "w": 37.9, "h": 26.0}, {"x": 367.5, "y": 421, "w": 37.9, "h": 26.0}, {"x": 432.5, "y": 421, "w": 37.9, "h": 26.0}, {"x": 496.5, "y": 421, "w": 37.9, "h": 26.0}, {"x": 560.5, "y": 421, "w": 37.9, "h": 26.0}, {"x": 625.5, "y": 421, "w": 37.9, "h": 26.0}, {"x": 690.5, "y": 421, "w": 37.9, "h": 26.0}]}}, "x_axis": {"major_labels": {"bboxes": [{"x": 62, "y": 48, "h": 12, "w": 56.265625}, {"x": 70, "y": 86, "h": 12, "w": 47.6875}, {"x": 54, "y": 124, "h": 12, "w": 64.21875}, {"x": 51, "y": 162, "h": 12, "w": 67.265625}, {"x": 44, "y": 200, "h": 12, "w": 74.51708984375}, {"x": 64, "y": 238, "h": 12, "w": 54.421875}, {"x": 56, "y": 276, "h": 12, "w": 62.390625}, {"x": 39, "y": 314, "h": 12, "w": 78.890625}, {"x": 50, "y": 352, "h": 12, "w": 68.46875}, {"x": 50, "y": 390, "h": 12, "w": 68.97607421875}], "values": ["Paul Pierce", "Larry Bird", "Rajon Rondo", "Robert Parish", "Antoine Walker", "Dee Brown", "Danny Ainge", "Dennis Johnson", "Marcus Smart", "Dave Cowens"]}, "label": {}}}, "models": [{"name": {}, "bboxes": [{"x": 130, "y": 41, "w": 509, "h": 26}, {"x": 130, "y": 79, "w": 501, "h": 26}, {"x": 130, "y": 117, "w": 318, "h": 26}, {"x": 130, "y": 155, "w": 281, "h": 26}, {"x": 130, "y": 193, "w": 266, "h": 26}, {"x": 130, "y": 231, "w": 217, "h": 26}, {"x": 130, "y": 269, "w": 216, "h": 26}, {"x": 130, "y": 307, "w": 210, "h": 26}, {"x": 130, "y": 345, "w": 198, "h": 26}, {"x": 130, "y": 383, "w": 183, "h": 26}], "x": ["Paul Pierce", "Larry Bird", "Rajon Rondo", "Robert Parish", "Antoine Walker", "Dee Brown", "Danny Ainge", "Dennis Johnson", "Marcus Smart", "Dave Cowens"], "y": ["1 583", "1 556", "990", "873", "828", "675", "671", "654", "615", "569"], "colors": ["#2876dd", "#2876dd", "#2876dd", "#2876dd", "#2876dd", "#2876dd", "#2876dd", "#2876dd", "#2876dd", "#2876dd"], "labels": ["Paul Pierce", "Larry Bird", "Rajon Rondo", "Robert Parish", "Antoine Walker", "Dee Brown", "Danny Ainge", "Dennis Johnson", "Marcus Smart", "Dave Cowens"]}], "type": "h_bar"}