{"general_figure_info": {"figure_info": {"bbox": {"x": 99, "y": 45, "w": 626, "h": 332}}, "y_axis": {"label": {"bbox": [{"x": 40, "y": 131, "w": 11, "h": 160.640625}], "text": "Per capita consumption in kilograms"}, "major_labels": {"bboxes": [{"x": 65, "y": 362.5, "w": 24.0, "h": 27.42857142857143}, {"x": 65, "y": 307.5, "w": 24.0, "h": 27.42857142857143}, {"x": 65, "y": 251.5, "w": 24.0, "h": 27.42857142857143}, {"x": 65, "y": 196.5, "w": 24.0, "h": 27.42857142857143}, {"x": 65, "y": 141.5, "w": 24.0, "h": 27.42857142857143}, {"x": 65, "y": 85.5, "w": 24.0, "h": 27.42857142857143}, {"x": 65, "y": 29.5, "w": 24.0, "h": 27.42857142857143}]}}, "x_axis": {"major_labels": {"bboxes": [{"x": 74, "y": 390, "h": 63.8385009765625, "w": 63.83848190307617}, {"x": 185, "y": 390, "h": 23.1038818359375, "w": 23.1038818359375}, {"x": 244, "y": 390, "h": 32.70367431640625, "w": 32.70368957519531}, {"x": 283, "y": 390, "h": 63.312652587890625, "w": 63.3126220703125}, {"x": 378, "y": 389, "h": 38.509002685546875, "w": 38.509033203125}, {"x": 445, "y": 390, "h": 40.8250732421875, "w": 40.8250732421875}, {"x": 517, "y": 390, "h": 38.238677978515625, "w": 38.2386474609375}, {"x": 592, "y": 390, "h": 32.714752197265625, "w": 32.7147216796875}, {"x": 655, "y": 389, "h": 40.237060546875, "w": 40.237060546875}], "values": ["United Kingdom", "Italy", "France", "Czech Republic", "Slovakia", "Germany", "Hungary", "Poland", "Romania"]}, "label": {}}}, "models": [{"name": {}, "bboxes": [{"x": 110, "y": 77, "w": 48, "h": 301}, {"x": 180, "y": 146, "w": 48, "h": 232}, {"x": 249, "y": 210, "w": 48, "h": 168}, {"x": 319, "y": 256, "w": 48, "h": 122}, {"x": 388, "y": 256, "w": 48, "h": 122}, {"x": 458, "y": 267, "w": 48, "h": 111}, {"x": 527, "y": 274, "w": 48, "h": 104}, {"x": 597, "y": 294, "w": 48, "h": 84}, {"x": 666, "y": 303, "w": 48, "h": 75}], "x": ["United Kingdom", "Italy", "France", "Czech Republic", "Slovakia", "Germany", "Hungary", "Poland", "Romania"], "y": ["13.6", "10.5", "7.6", "5.5", "5.5", "5", "4.7", "3.8", "3.4"], "colors": ["#2876dd", "#2876dd", "#2876dd", "#2876dd", "#2876dd", "#2876dd", "#2876dd", "#2876dd", "#2876dd"], "labels": ["United Kingdom", "Italy", "France", "Czech Republic", "Slovakia", "Germany", "Hungary", "Poland", "Romania"]}], "type": "v_bar"}