{"general_figure_info": {"figure_info": {"bbox": {"x": 106, "y": 45, "w": 619, "h": 392}}, "y_axis": {"label": {"bbox": [{"x": 40, "y": 161, "w": 11, "h": 159.53125}], "text": "Number of children born per woman"}, "major_labels": {"bboxes": [{"x": 65, "y": 422.5, "w": 31.0, "h": 29.0}, {"x": 65, "y": 366.5, "w": 31.0, "h": 29.0}, {"x": 65, "y": 310.5, "w": 31.0, "h": 29.0}, {"x": 65, "y": 254.5, "w": 31.0, "h": 29.0}, {"x": 65, "y": 198.5, "w": 31.0, "h": 29.0}, {"x": 65, "y": 142.5, "w": 31.0, "h": 29.0}, {"x": 65, "y": 86.5, "w": 31.0, "h": 29.0}, {"x": 65, "y": 29.5, "w": 31.0, "h": 29.0}]}}, "x_axis": {"major_labels": {"bboxes": [{"x": 122, "y": 447, "h": 12, "w": 24.484375}, {"x": 178, "y": 447, "h": 12, "w": 24.484375}, {"x": 234, "y": 447, "h": 12, "w": 24.484375}, {"x": 291, "y": 447, "h": 12, "w": 23.65625}, {"x": 347, "y": 447, "h": 12, "w": 24.484375}, {"x": 403, "y": 447, "h": 12, "w": 24.484375}, {"x": 460, "y": 447, "h": 12, "w": 24.484375}, {"x": 516, "y": 447, "h": 12, "w": 24.484375}, {"x": 572, "y": 447, "h": 12, "w": 24.484375}, {"x": 628, "y": 447, "h": 12, "w": 24.484375}, {"x": 685, "y": 447, "h": 12, "w": 24.484375}], "values": ["2008", "2009", "2010", "2011", "2012", "2013", "2014", "2015", "2016", "2017", "2018"]}, "label": {}}}, "models": [{"name": "line", "bboxes": [{"x": 135, "y": 80, "w": 56, "h": 67}, {"x": 191, "y": 147, "w": 56, "h": 22}, {"x": 247, "y": 169, "w": 56, "h": 45}, {"x": 303, "y": 214, "w": 57, "h": 22}, {"x": 360, "y": 236, "w": 56, "h": 45}, {"x": 416, "y": 281, "w": 56, "h": 0}, {"x": 472, "y": 281, "w": 57, "h": 23}, {"x": 529, "y": 304, "w": 56, "h": 22}, {"x": 585, "y": 326, "w": 56, "h": 45}, {"x": 641, "y": 371, "w": 56, "h": 22}], "x": ["2008", "2009", "2010", "2011", "2012", "2013", "2014", "2015", "2016", "2017", "2018"], "y": ["2.56", "2.53", "2.52", "2.5", "2.49", "2.47", "2.47", "2.46", "2.45", "2.43", "2.42"], "label": " ", "color": "#2876dd"}], "type": "line"}