{"general_figure_info": {"figure_info": {"bbox": {"x": 96, "y": 45, "w": 629, "h": 392}}, "y_axis": {"label": {"bbox": [{"x": 40, "y": 182, "w": 11, "h": 117.296875}], "text": "Investments in billion yuan"}, "major_labels": {"bboxes": [{"x": 65, "y": 422.5, "w": 21.0, "h": 45.33333333333333}, {"x": 65, "y": 344.5, "w": 21.0, "h": 45.33333333333333}, {"x": 65, "y": 265.5, "w": 21.0, "h": 45.33333333333333}, {"x": 65, "y": 187.5, "w": 21.0, "h": 45.33333333333333}, {"x": 65, "y": 108.5, "w": 21.0, "h": 45.33333333333333}, {"x": 65, "y": 29.5, "w": 21.0, "h": 45.33333333333333}]}}, "x_axis": {"major_labels": {"bboxes": [{"x": 241, "y": 447, "h": 12, "w": 24.484375}, {"x": 556, "y": 447, "h": 12, "w": 23.65625}], "values": ["2010", "2011"]}, "label": {}}}, "models": [{"name": {}, "bboxes": [{"x": 146, "y": 133, "w": 216, "h": 305}, {"x": 460, "y": 136, "w": 216, "h": 302}], "x": ["2010", "2011"], "y": ["194.3", "192.7"], "colors": ["#2876dd", "#2876dd"], "labels": ["2010", "2011"]}], "type": "v_bar"}