{"general_figure_info": {"figure_info": {"bbox": {"x": 231, "y": 35, "w": 479, "h": 380}}, "y_axis": {"label": {"bbox": [{"x": 418, "y": 446, "w": 105.0625, "h": 11}], "text": "Number of people killed"}, "major_labels": {"bboxes": [{"x": 210.5, "y": 421, "w": 39.875, "h": 26.0}, {"x": 278.5, "y": 421, "w": 39.875, "h": 26.0}, {"x": 347.5, "y": 421, "w": 39.875, "h": 26.0}, {"x": 415.5, "y": 421, "w": 39.875, "h": 26.0}, {"x": 484.5, "y": 421, "w": 39.875, "h": 26.0}, {"x": 552.5, "y": 421, "w": 39.875, "h": 26.0}, {"x": 621.5, "y": 421, "w": 39.875, "h": 26.0}, {"x": 690.5, "y": 421, "w": 39.875, "h": 26.0}]}}, "x_axis": {"major_labels": {"bboxes": [{"x": 160, "y": 48, "h": 12, "w": 58.109375}, {"x": 183, "y": 86, "h": 12, "w": 35.72998046875}, {"x": 178, "y": 124, "h": 12, "w": 40.623046875}, {"x": 199, "y": 162, "h": 12, "w": 18.96875}, {"x": 50, "y": 200, "h": 12, "w": 167.53125}, {"x": 184, "y": 238, "h": 12, "w": 33.84375}, {"x": 193, "y": 276, "h": 12, "w": 25.94384765625}, {"x": 176, "y": 314, "h": 12, "w": 42.203125}, {"x": 165, "y": 352, "h": 12, "w": 53.70068359375}, {"x": 194, "y": 390, "h": 12, "w": 24.7353515625}], "values": ["Afghanistan", "Nigeria", "Somalia", "Iraq", "Democratic Republic of the Congo", "Yemen", "Syria", "Pakistan", "Philippines", "India"]}, "label": {}}}, "models": [{"name": {}, "bboxes": [{"x": 230, "y": 41, "w": 392, "h": 26}, {"x": 230, "y": 79, "w": 85, "h": 26}, {"x": 230, "y": 117, "w": 39, "h": 26}, {"x": 230, "y": 155, "w": 39, "h": 26}, {"x": 230, "y": 193, "w": 38, "h": 26}, {"x": 230, "y": 231, "w": 38, "h": 26}, {"x": 230, "y": 269, "w": 35, "h": 26}, {"x": 230, "y": 307, "w": 21, "h": 26}, {"x": 230, "y": 345, "w": 19, "h": 26}, {"x": 230, "y": 383, "w": 19, "h": 26}], "x": ["Afghanistan", "Nigeria", "Somalia", "Iraq", "Democratic Republic of the Congo", "Yemen", "Syria", "Pakistan", "Philippines", "India"], "y": ["5 725", "1 245", "569", "564", "559", "555", "517", "300", "284", "277"], "colors": ["#2876dd", "#2876dd", "#2876dd", "#2876dd", "#2876dd", "#2876dd", "#2876dd", "#2876dd", "#2876dd", "#2876dd"], "labels": ["Afghanistan", "Nigeria", "Somalia", "Iraq", "Democratic Republic of the Congo", "Yemen", "Syria", "Pakistan", "Philippines", "India"]}], "type": "h_bar"}