{"general_figure_info": {"figure_info": {"bbox": {"x": 114, "y": 35, "w": 596, "h": 380}}, "y_axis": {"label": {"bbox": [{"x": 386, "y": 446, "w": 52.1328125, "h": 11}], "text": "Index score"}, "major_labels": {"bboxes": [{"x": 93.5, "y": 421, "w": 46.22222222222223, "h": 26.0}, {"x": 168.5, "y": 421, "w": 46.22222222222223, "h": 26.0}, {"x": 242.5, "y": 421, "w": 46.22222222222223, "h": 26.0}, {"x": 317.5, "y": 421, "w": 46.22222222222223, "h": 26.0}, {"x": 391.5, "y": 421, "w": 46.22222222222223, "h": 26.0}, {"x": 466.5, "y": 421, "w": 46.22222222222223, "h": 26.0}, {"x": 540.5, "y": 421, "w": 46.22222222222223, "h": 26.0}, {"x": 615.5, "y": 421, "w": 46.22222222222223, "h": 26.0}, {"x": 690.5, "y": 421, "w": 46.22222222222223, "h": 26.0}]}}, "x_axis": {"major_labels": {"bboxes": [{"x": 42, "y": 67, "h": 12, "w": 60.1953125}, {"x": 66, "y": 143, "h": 12, "w": 35.72998046875}, {"x": 55, "y": 219, "h": 12, "w": 47.35302734375}, {"x": 56, "y": 295, "h": 12, "w": 45.265625}, {"x": 76, "y": 371, "h": 12, "w": 25.94384765625}], "values": ["South Africa", "Nigeria", "Sri Lanka", "Palestine", "Syria"]}, "label": {}}}, "models": [{"name": {}, "bboxes": [{"x": 113, "y": 47, "w": 536, "h": 52}, {"x": 113, "y": 123, "w": 477, "h": 52}, {"x": 113, "y": 199, "w": 447, "h": 52}, {"x": 113, "y": 275, "w": 372, "h": 52}, {"x": 113, "y": 351, "w": 343, "h": 52}], "x": ["South Africa", "Nigeria", "Sri Lanka", "Palestine", "Syria"], "y": ["36%", "32%", "30%", "25%", "23%"], "colors": ["#2876dd", "#2876dd", "#2876dd", "#2876dd", "#2876dd"], "labels": ["South Africa", "Nigeria", "Sri Lanka", "Palestine", "Syria"]}], "type": "h_bar"}