{"general_figure_info": {"figure_info": {"bbox": {"x": 89, "y": 45, "w": 636, "h": 392}}, "y_axis": {"label": {"bbox": [{"x": 40, "y": 148, "w": 11, "h": 185.671875}], "text": "Number of deaths per thousand live births"}, "major_labels": {"bboxes": [{"x": 65, "y": 422.5, "w": 14.0, "h": 36.0}, {"x": 65, "y": 357.5, "w": 14.0, "h": 36.0}, {"x": 65, "y": 291.5, "w": 14.0, "h": 36.0}, {"x": 65, "y": 226.5, "w": 14.0, "h": 36.0}, {"x": 65, "y": 161.5, "w": 14.0, "h": 36.0}, {"x": 65, "y": 95.5, "w": 14.0, "h": 36.0}, {"x": 65, "y": 29.5, "w": 14.0, "h": 36.0}]}}, "x_axis": {"major_labels": {"bboxes": [{"x": 109, "y": 447, "h": 12, "w": 24.484375}, {"x": 173, "y": 447, "h": 12, "w": 23.65625}, {"x": 236, "y": 447, "h": 12, "w": 24.484375}, {"x": 299, "y": 447, "h": 12, "w": 24.484375}, {"x": 363, "y": 447, "h": 12, "w": 24.484375}, {"x": 427, "y": 447, "h": 12, "w": 24.484375}, {"x": 490, "y": 447, "h": 12, "w": 24.484375}, {"x": 554, "y": 447, "h": 12, "w": 24.484375}, {"x": 617, "y": 447, "h": 12, "w": 24.484375}, {"x": 681, "y": 447, "h": 12, "w": 24.484375}], "values": ["2010", "2011", "2012", "2013", "2014", "2015", "2016", "2017", "2018", "2019"]}, "label": {}}}, "models": [{"name": {}, "bboxes": [{"x": 99, "y": 97, "w": 44, "h": 341}, {"x": 163, "y": 124, "w": 44, "h": 314}, {"x": 226, "y": 147, "w": 44, "h": 291}, {"x": 290, "y": 165, "w": 44, "h": 273}, {"x": 353, "y": 179, "w": 44, "h": 259}, {"x": 417, "y": 192, "w": 44, "h": 246}, {"x": 481, "y": 204, "w": 44, "h": 234}, {"x": 544, "y": 213, "w": 44, "h": 225}, {"x": 608, "y": 222, "w": 44, "h": 216}, {"x": 671, "y": 234, "w": 44, "h": 204}], "x": ["2010", "2011", "2012", "2013", "2014", "2015", "2016", "2017", "2018", "2019"], "y": ["26.1", "24", "22.3", "20.9", "19.8", "18.8", "17.9", "17.2", "16.5", "15.6"], "colors": ["#2876dd", "#2876dd", "#2876dd", "#2876dd", "#2876dd", "#2876dd", "#2876dd", "#2876dd", "#2876dd", "#2876dd"], "labels": ["2010", "2011", "2012", "2013", "2014", "2015", "2016", "2017", "2018", "2019"]}], "type": "v_bar"}