{"general_figure_info": {"figure_info": {"bbox": {"x": 106, "y": 45, "w": 619, "h": 392}}, "y_axis": {"label": {"bbox": [{"x": 40, "y": 191, "w": 11, "h": 99.8076171875}], "text": "Exports in million GBP"}, "major_labels": {"bboxes": [{"x": 65, "y": 422.5, "w": 31.0, "h": 45.33333333333333}, {"x": 65, "y": 344.5, "w": 31.0, "h": 45.33333333333333}, {"x": 65, "y": 265.5, "w": 31.0, "h": 45.33333333333333}, {"x": 65, "y": 187.5, "w": 31.0, "h": 45.33333333333333}, {"x": 65, "y": 108.5, "w": 31.0, "h": 45.33333333333333}, {"x": 65, "y": 29.5, "w": 31.0, "h": 45.33333333333333}]}}, "x_axis": {"major_labels": {"bboxes": [{"x": 146, "y": 447, "h": 12, "w": 23.28076171875}, {"x": 244, "y": 447, "h": 12, "w": 34.25}, {"x": 339, "y": 447, "h": 12, "w": 50.15625}, {"x": 450, "y": 447, "h": 12, "w": 34.25}, {"x": 556, "y": 447, "h": 12, "w": 28.140625}, {"x": 651, "y": 447, "h": 12, "w": 45.7353515625}], "values": ["USA", "France", "Singapore", "Taiwan", "Spain", "Germany"]}, "label": {}}}, "models": [{"name": {}, "bboxes": [{"x": 122, "y": 144, "w": 71, "h": 294}, {"x": 225, "y": 264, "w": 71, "h": 174}, {"x": 329, "y": 359, "w": 71, "h": 79}, {"x": 432, "y": 361, "w": 71, "h": 77}, {"x": 535, "y": 373, "w": 71, "h": 65}, {"x": 638, "y": 383, "w": 71, "h": 55}], "x": ["USA", "France", "Singapore", "Taiwan", "Spain", "Germany"], "y": ["750", "445", "201", "197", "166", "141"], "colors": ["#2876dd", "#2876dd", "#2876dd", "#2876dd", "#2876dd", "#2876dd"], "labels": ["USA", "France", "Singapore", "Taiwan", "Spain", "Germany"]}], "type": "v_bar"}