{"general_figure_info": {"figure_info": {"bbox": {"x": 91, "y": 45, "w": 634, "h": 312}}, "y_axis": {"label": {"bbox": [{"x": 40, "y": 130, "w": 11, "h": 142.296875}], "text": "Investment in billion U.S. dollars"}, "major_labels": {"bboxes": [{"x": 65, "y": 342.5, "w": 16.0, "h": 32.0}, {"x": 65, "y": 280.5, "w": 16.0, "h": 32.0}, {"x": 65, "y": 217.5, "w": 16.0, "h": 32.0}, {"x": 65, "y": 155.5, "w": 16.0, "h": 32.0}, {"x": 65, "y": 92.5, "w": 16.0, "h": 32.0}, {"x": 65, "y": 29.5, "w": 16.0, "h": 32.0}]}}, "x_axis": {"major_labels": {"bboxes": [{"x": 82, "y": 370, "h": 41.698577880859375, "w": 41.698585510253906}, {"x": 102, "y": 370, "h": 78.97500610351562, "w": 78.97499084472656}, {"x": 164, "y": 370, "h": 74.65499877929688, "w": 74.65499877929688}, {"x": 267, "y": 369, "h": 29.86492919921875, "w": 29.864913940429688}, {"x": 273, "y": 369, "h": 82.19668579101562, "w": 82.19667053222656}, {"x": 367, "y": 370, "h": 44.801849365234375, "w": 44.801849365234375}, {"x": 433, "y": 369, "h": 37.213897705078125, "w": 37.213897705078125}, {"x": 457, "y": 370, "h": 70.22491455078125, "w": 70.22488403320312}, {"x": 545, "y": 369, "h": 40.670013427734375, "w": 40.6700439453125}, {"x": 604, "y": 369, "h": 39.37872314453125, "w": 39.37872314453125}, {"x": 664, "y": 369, "h": 36.784759521484375, "w": 36.78472900390625}], "values": ["Bahamas", "Trinidad and Tobago", "Caribbean average", "Aruba", "Antigua and Barbuda", "Martinique", "St Lucia", "St Kitts and Nevis", "Bermuda", "Grenada", "Anguilla"]}, "label": {}}}, "models": [{"name": {}, "bboxes": [{"x": 100, "y": 108, "w": 40, "h": 250}, {"x": 158, "y": 108, "w": 40, "h": 250}, {"x": 215, "y": 171, "w": 40, "h": 187}, {"x": 273, "y": 233, "w": 40, "h": 125}, {"x": 331, "y": 233, "w": 40, "h": 125}, {"x": 388, "y": 296, "w": 40, "h": 62}, {"x": 446, "y": 314, "w": 40, "h": 44}, {"x": 504, "y": 314, "w": 40, "h": 44}, {"x": 561, "y": 339, "w": 40, "h": 19}, {"x": 619, "y": 339, "w": 40, "h": 19}, {"x": 676, "y": 352, "w": 40, "h": 6}], "x": ["Bahamas", "Trinidad and Tobago", "Caribbean average", "Aruba", "Antigua and Barbuda", "Martinique", "St Lucia", "St Kitts and Nevis", "Bermuda", "Grenada", "Anguilla"], "y": ["0.4", "0.4", "0.3", "0.2", "0.2", "0.1", "0.07", "0.07", "0.03", "0.03", "0.01"], "colors": ["#2876dd", "#2876dd", "#C0C0C0", "#2876dd", "#2876dd", "#2876dd", "#2876dd", "#2876dd", "#2876dd", "#2876dd", "#2876dd"], "labels": ["Bahamas", "Trinidad and Tobago", "Caribbean average", "Aruba", "Antigua and Barbuda", "Martinique", "St Lucia", "St Kitts and Nevis", "Bermuda", "Grenada", "Anguilla"]}], "type": "v_bar"}