{"general_figure_info": {"figure_info": {"bbox": {"x": 103, "y": 45, "w": 622, "h": 392}}, "y_axis": {"label": {"bbox": [{"x": 40, "y": 170, "w": 11, "h": 140.96484375}], "text": "National debt in relation to GDP"}, "major_labels": {"bboxes": [{"x": 65, "y": 422.5, "w": 28.0, "h": 36.0}, {"x": 65, "y": 357.5, "w": 28.0, "h": 36.0}, {"x": 65, "y": 291.5, "w": 28.0, "h": 36.0}, {"x": 65, "y": 226.5, "w": 28.0, "h": 36.0}, {"x": 65, "y": 161.5, "w": 28.0, "h": 36.0}, {"x": 65, "y": 95.5, "w": 28.0, "h": 36.0}, {"x": 65, "y": 29.5, "w": 28.0, "h": 36.0}]}}, "x_axis": {"major_labels": {"bboxes": [{"x": 119, "y": 447, "h": 12, "w": 24.484375}, {"x": 176, "y": 447, "h": 12, "w": 24.484375}, {"x": 232, "y": 447, "h": 12, "w": 24.484375}, {"x": 289, "y": 447, "h": 12, "w": 24.484375}, {"x": 345, "y": 447, "h": 12, "w": 24.484375}, {"x": 400, "y": 447, "h": 12, "w": 29.470703125}, {"x": 456, "y": 447, "h": 12, "w": 29.470703125}, {"x": 513, "y": 447, "h": 12, "w": 29.470703125}, {"x": 569, "y": 447, "h": 12, "w": 29.470703125}, {"x": 626, "y": 447, "h": 12, "w": 29.470703125}, {"x": 682, "y": 447, "h": 12, "w": 29.470703125}], "values": ["2016", "2017", "2018", "2019", "2020", "2021*", "2022*", "2023*", "2024*", "2025*", "2026*"]}, "label": {}}}, "models": [{"name": {}, "bboxes": [{"x": 112, "y": 182, "w": 39, "h": 256}, {"x": 168, "y": 165, "w": 39, "h": 273}, {"x": 225, "y": 158, "w": 39, "h": 280}, {"x": 282, "y": 152, "w": 39, "h": 286}, {"x": 338, "y": 115, "w": 39, "h": 323}, {"x": 395, "y": 117, "w": 39, "h": 321}, {"x": 451, "y": 115, "w": 39, "h": 323}, {"x": 508, "y": 111, "w": 39, "h": 327}, {"x": 564, "y": 108, "w": 39, "h": 330}, {"x": 621, "y": 107, "w": 39, "h": 331}, {"x": 677, "y": 106, "w": 39, "h": 332}], "x": ["2016", "2017", "2018", "2019", "2020", "2021*", "2022*", "2023*", "2024*", "2025*", "2026*"], "y": ["78.29%", "83.63%", "85.64%", "87.66%", "98.94%", "98.41%", "98.8%", "100.1%", "100.97%", "101.38%", "101.72%"], "colors": ["#2876dd", "#2876dd", "#2876dd", "#2876dd", "#2876dd", "#2876dd", "#2876dd", "#2876dd", "#2876dd", "#2876dd", "#2876dd"], "labels": ["2016", "2017", "2018", "2019", "2020", "2021*", "2022*", "2023*", "2024*", "2025*", "2026*"]}], "type": "v_bar"}