{"general_figure_info": {"figure_info": {"bbox": {"x": 171, "y": 35, "w": 539, "h": 380}}, "y_axis": {"label": {"bbox": [{"x": 369, "y": 446, "w": 142.84375, "h": 11}], "text": "Revenue (in million U.S. dollars)"}, "major_labels": {"bboxes": [{"x": 150.5, "y": 421, "w": 29.0, "h": 26.0}, {"x": 204.5, "y": 421, "w": 29.0, "h": 26.0}, {"x": 258.5, "y": 421, "w": 29.0, "h": 26.0}, {"x": 312.5, "y": 421, "w": 29.0, "h": 26.0}, {"x": 366.5, "y": 421, "w": 29.0, "h": 26.0}, {"x": 420.5, "y": 421, "w": 29.0, "h": 26.0}, {"x": 473.5, "y": 421, "w": 29.0, "h": 26.0}, {"x": 527.5, "y": 421, "w": 29.0, "h": 26.0}, {"x": 581.5, "y": 421, "w": 29.0, "h": 26.0}, {"x": 635.5, "y": 421, "w": 29.0, "h": 26.0}, {"x": 690.5, "y": 421, "w": 29.0, "h": 26.0}]}}, "x_axis": {"major_labels": {"bboxes": [{"x": 75, "y": 48, "h": 12, "w": 82.5625}, {"x": 64, "y": 86, "h": 12, "w": 93.75}, {"x": 93, "y": 124, "h": 12, "w": 65.4375}, {"x": 63, "y": 162, "h": 12, "w": 94.78125}, {"x": 80, "y": 200, "h": 12, "w": 78.265625}, {"x": 75, "y": 238, "h": 12, "w": 83.171875}, {"x": 70, "y": 276, "h": 12, "w": 87.84375}, {"x": 49, "y": 314, "h": 12, "w": 109.4375}, {"x": 61, "y": 352, "h": 12, "w": 97.234375}, {"x": 89, "y": 390, "h": 12, "w": 69.09375}], "values": ["Philadelphia, Pa.", "New York City, N.Y.", "Yonkers, N.Y.", "Charles Town, W.V.", "Providence, R.I.", "Indianapolis, Ind.", "Dade County, Fla.", "Dover/Harrington, Del.", "Meadow Lands, Pa.", "Grantville, Pa."]}, "label": {}}}, "models": [{"name": {}, "bboxes": [{"x": 170, "y": 41, "w": 450, "h": 26}, {"x": 170, "y": 79, "w": 363, "h": 26}, {"x": 170, "y": 117, "w": 294, "h": 26}, {"x": 170, "y": 155, "w": 289, "h": 26}, {"x": 170, "y": 193, "w": 258, "h": 26}, {"x": 170, "y": 231, "w": 240, "h": 26}, {"x": 170, "y": 269, "w": 231, "h": 26}, {"x": 170, "y": 307, "w": 160, "h": 26}, {"x": 170, "y": 345, "w": 153, "h": 26}, {"x": 170, "y": 383, "w": 152, "h": 26}], "x": ["Philadelphia, Pa.", "New York City, N.Y.", "Yonkers, N.Y.", "Charles Town, W.V.", "Providence, R.I.", "Indianapolis, Ind.", "Dade County, Fla.", "Dover/Harrington, Del.", "Meadow Lands, Pa.", "Grantville, Pa."], "y": ["835.33", "672.57", "544.7", "536.99", "477.83", "445.4", "427.89", "297.57", "284.38", "282.6"], "colors": ["#2876dd", "#2876dd", "#2876dd", "#2876dd", "#2876dd", "#2876dd", "#2876dd", "#2876dd", "#2876dd", "#2876dd"], "labels": ["Philadelphia, Pa.", "New York City, N.Y.", "Yonkers, N.Y.", "Charles Town, W.V.", "Providence, R.I.", "Indianapolis, Ind.", "Dade County, Fla.", "Dover/Harrington, Del.", "Meadow Lands, Pa.", "Grantville, Pa."]}], "type": "h_bar"}