{"general_figure_info": {"figure_info": {"bbox": {"x": 160, "y": 35, "w": 550, "h": 600}}, "y_axis": {"label": {"bbox": [{"x": 381, "y": 666, "w": 108.9375, "h": 11}], "text": "Monthly users in millions"}, "major_labels": {"bboxes": [{"x": 139.5, "y": 641, "w": 41.111111111111114, "h": 26.0}, {"x": 208.5, "y": 641, "w": 41.111111111111114, "h": 26.0}, {"x": 277.5, "y": 641, "w": 41.111111111111114, "h": 26.0}, {"x": 345.5, "y": 641, "w": 41.111111111111114, "h": 26.0}, {"x": 414.5, "y": 641, "w": 41.111111111111114, "h": 26.0}, {"x": 483.5, "y": 641, "w": 41.111111111111114, "h": 26.0}, {"x": 552.5, "y": 641, "w": 41.111111111111114, "h": 26.0}, {"x": 620.5, "y": 641, "w": 41.111111111111114, "h": 26.0}, {"x": 690.5, "y": 641, "w": 41.111111111111114, "h": 26.0}]}}, "x_axis": {"major_labels": {"bboxes": [{"x": 70, "y": 49, "h": 12, "w": 77.453125}, {"x": 86, "y": 89, "h": 12, "w": 60.515625}, {"x": 82, "y": 129, "h": 12, "w": 64.796875}, {"x": 87, "y": 169, "h": 12, "w": 60.41455078125}, {"x": 113, "y": 209, "h": 12, "w": 34.12841796875}, {"x": 74, "y": 249, "h": 12, "w": 73.390625}, {"x": 124, "y": 289, "h": 12, "w": 22.625}, {"x": 89, "y": 329, "h": 12, "w": 58.09375}, {"x": 55, "y": 369, "h": 12, "w": 92.2060546875}, {"x": 44, "y": 409, "h": 12, "w": 103.125}, {"x": 75, "y": 449, "h": 12, "w": 72.6337890625}, {"x": 86, "y": 489, "h": 12, "w": 60.5625}, {"x": 82, "y": 529, "h": 12, "w": 65.21875}, {"x": 107, "y": 569, "h": 12, "w": 40.359375}, {"x": 109, "y": 609, "h": 12, "w": 38.41455078125}], "values": ["YouTube (main)", "IMDb (main)", "Netflix (main)", "Apple Music", "Spotify", "Pandora Radio", "Hulu", "iHeartRadio", "Google Play Music", "Amazon Prime Video", "Amazon Music", "SoundCloud", "Vimeo (main)", "Shazam", "Redbox"]}, "label": {}}}, "models": [{"name": {}, "bboxes": [{"x": 159, "y": 41, "w": 450, "h": 28}, {"x": 159, "y": 81, "w": 140, "h": 28}, {"x": 159, "y": 121, "w": 128, "h": 28}, {"x": 159, "y": 161, "w": 122, "h": 28}, {"x": 159, "y": 201, "w": 122, "h": 28}, {"x": 159, "y": 241, "w": 87, "h": 28}, {"x": 159, "y": 281, "w": 73, "h": 28}, {"x": 159, "y": 321, "w": 71, "h": 28}, {"x": 159, "y": 361, "w": 60, "h": 28}, {"x": 159, "y": 401, "w": 54, "h": 28}, {"x": 159, "y": 441, "w": 45, "h": 28}, {"x": 159, "y": 481, "w": 42, "h": 28}, {"x": 159, "y": 521, "w": 41, "h": 28}, {"x": 159, "y": 561, "w": 36, "h": 28}, {"x": 159, "y": 601, "w": 35, "h": 28}], "x": ["YouTube (main)", "IMDb (main)", "Netflix (main)", "Apple Music", "Spotify", "Pandora Radio", "Hulu", "iHeartRadio", "Google Play Music", "Amazon Prime Video", "Amazon Music", "SoundCloud", "Vimeo (main)", "Shazam", "Redbox"], "y": ["163.76", "51.01", "46.55", "44.5", "44.21", "31.47", "26.49", "25.9", "21.78", "19.64", "16.46", "15.32", "15.06", "13.12", "12.72"], "colors": ["#2876dd", "#2876dd", "#2876dd", "#2876dd", "#2876dd", "#2876dd", "#2876dd", "#2876dd", "#2876dd", "#2876dd", "#2876dd", "#2876dd", "#2876dd", "#2876dd", "#2876dd"], "labels": ["YouTube (main)", "IMDb (main)", "Netflix (main)", "Apple Music", "Spotify", "Pandora Radio", "Hulu", "iHeartRadio", "Google Play Music", "Amazon Prime Video", "Amazon Music", "SoundCloud", "Vimeo (main)", "Shazam", "Redbox"]}], "type": "h_bar"}