{"general_figure_info": {"figure_info": {"bbox": {"x": 138, "y": 45, "w": 587, "h": 392}}, "y_axis": {"label": {"bbox": [{"x": 40, "y": 217, "w": 11, "h": 47.265625}], "text": "Population"}, "major_labels": {"bboxes": [{"x": 65, "y": 422.5, "w": 63.0, "h": 36.0}, {"x": 65, "y": 357.5, "w": 63.0, "h": 36.0}, {"x": 65, "y": 291.5, "w": 63.0, "h": 36.0}, {"x": 65, "y": 226.5, "w": 63.0, "h": 36.0}, {"x": 65, "y": 161.5, "w": 63.0, "h": 36.0}, {"x": 65, "y": 95.5, "w": 63.0, "h": 36.0}, {"x": 65, "y": 29.5, "w": 63.0, "h": 36.0}]}}, "x_axis": {"major_labels": {"bboxes": [{"x": 197, "y": 447, "h": 12, "w": 77.0625}, {"x": 411, "y": 447, "h": 12, "w": 40.359375}, {"x": 609, "y": 447, "h": 12, "w": 37.296875}], "values": ["Total population", "National", "Foreign"]}, "label": {}}}, "models": [{"name": {}, "bboxes": [{"x": 169, "y": 129, "w": 134, "h": 309}, {"x": 365, "y": 163, "w": 134, "h": 275}, {"x": 560, "y": 404, "w": 134, "h": 34}], "x": ["Total population", "National", "Foreign"], "y": ["47 329 981", "42 094 606", "5 235 375"], "colors": ["#C0C0C0", "#2876dd", "#2876dd"], "labels": ["Total population", "National", "Foreign"]}], "type": "v_bar"}