{"general_figure_info": {"figure_info": {"bbox": {"x": 96, "y": 45, "w": 629, "h": 392}}, "y_axis": {"label": {"bbox": [{"x": 40, "y": 177, "w": 11, "h": 128.390625}], "text": "Number of murders recorded"}, "major_labels": {"bboxes": [{"x": 65, "y": 422.5, "w": 21.0, "h": 23.555555555555557}, {"x": 65, "y": 373.5, "w": 21.0, "h": 23.555555555555557}, {"x": 65, "y": 324.5, "w": 21.0, "h": 23.555555555555557}, {"x": 65, "y": 275.5, "w": 21.0, "h": 23.555555555555557}, {"x": 65, "y": 226.5, "w": 21.0, "h": 23.555555555555557}, {"x": 65, "y": 177.5, "w": 21.0, "h": 23.555555555555557}, {"x": 65, "y": 128.5, "w": 21.0, "h": 23.555555555555557}, {"x": 65, "y": 79.5, "w": 21.0, "h": 23.555555555555557}, {"x": 65, "y": 29.5, "w": 21.0, "h": 23.555555555555557}]}}, "x_axis": {"major_labels": {"bboxes": [{"x": 108, "y": 447, "h": 12, "w": 38.953125}, {"x": 171, "y": 447, "h": 12, "w": 38.953125}, {"x": 233, "y": 447, "h": 12, "w": 39.765625}, {"x": 296, "y": 447, "h": 12, "w": 39.765625}, {"x": 359, "y": 447, "h": 12, "w": 39.765625}, {"x": 422, "y": 447, "h": 12, "w": 39.765625}, {"x": 485, "y": 447, "h": 12, "w": 39.765625}, {"x": 548, "y": 447, "h": 12, "w": 39.765625}, {"x": 611, "y": 447, "h": 12, "w": 39.765625}, {"x": 674, "y": 447, "h": 12, "w": 39.765625}], "values": ["2010/11", "2011/12", "2012/13", "2013/14", "2014/15", "2015/16", "2016/17", "2017/18", "2018/19", "2019/20"]}, "label": {}}}, "models": [{"name": {}, "bboxes": [{"x": 106, "y": 195, "w": 44, "h": 243}, {"x": 169, "y": 248, "w": 44, "h": 190}, {"x": 232, "y": 238, "w": 44, "h": 200}, {"x": 295, "y": 242, "w": 44, "h": 196}, {"x": 358, "y": 256, "w": 44, "h": 182}, {"x": 420, "y": 236, "w": 44, "h": 202}, {"x": 483, "y": 240, "w": 44, "h": 198}, {"x": 546, "y": 119, "w": 44, "h": 319}, {"x": 609, "y": 199, "w": 44, "h": 239}, {"x": 672, "y": 154, "w": 44, "h": 284}], "x": ["2010/11", "2011/12", "2012/13", "2013/14", "2014/15", "2015/16", "2016/17", "2017/18", "2018/19", "2019/20"], "y": ["124", "97", "102", "100", "93", "103", "101", "163", "122", "145"], "colors": ["#2876dd", "#2876dd", "#2876dd", "#2876dd", "#2876dd", "#2876dd", "#2876dd", "#2876dd", "#2876dd", "#2876dd"], "labels": ["2010/11", "2011/12", "2012/13", "2013/14", "2014/15", "2015/16", "2016/17", "2017/18", "2018/19", "2019/20"]}], "type": "v_bar"}