{"general_figure_info": {"figure_info": {"bbox": {"x": 253, "y": 35, "w": 457, "h": 540}}, "y_axis": {"label": {"bbox": [{"x": 40, "y": 276, "w": 11, "h": 58.24609375}], "text": "Million U.S. dollars"}, "major_labels": {"bboxes": [{"x": 232.5, "y": 251, "w": 56.16666666666667, "h": 244.0}, {"x": 323.5, "y": 251, "w": 56.16666666666667, "h": 244.0}, {"x": 415.5, "y": 251, "w": 56.16666666666667, "h": 244.0}, {"x": 506.5, "y": 251, "w": 56.16666666666667, "h": 244.0}, {"x": 598.5, "y": 251, "w": 56.16666666666667, "h": 244.0}, {"x": 690.5, "y": 251, "w": 56.16666666666667, "h": 244.0}]}}, "x_axis": {"major_labels": {"bboxes": [{"x": 87, "y": 41, "h": 26, "w": 153.96826171875}, {"x": 135, "y": 83, "h": 26, "w": 105.171875}, {"x": 112, "y": 124, "h": 26, "w": 128.91748046875}, {"x": 102, "y": 166, "h": 26, "w": 138.08056640625}, {"x": 85, "y": 207, "h": 26, "w": 155.79443359375}, {"x": 118, "y": 249, "h": 26, "w": 122.7783203125}, {"x": 117, "y": 290, "h": 26, "w": 122.921875}, {"x": 76, "y": 332, "h": 26, "w": 164.3720703125}, {"x": 153, "y": 374, "h": 26, "w": 87.31298828125}, {"x": 137, "y": 415, "h": 26, "w": 103.21142578125}, {"x": 88, "y": 457, "h": 26, "w": 152.7490234375}, {"x": 109, "y": 498, "h": 26, "w": 131.35595703125}, {"x": 90, "y": 540, "h": 26, "w": 150.28564453125}], "values": ["Motor vehicle and parts dealers", "General merchandise", "Food and beverage stores", "Building and material supply", "Food services & drinking places", "Gasoline service stations", "Health and personal care", "Clothing and clothing accessories", "Nonstore retailers", "Miscellaneous stores", "Furniture and home furnishings", "Electronics and appliances", "Sporting goods, hobby, book &"]}, "label": {}}}, "models": [{"name": {}, "bboxes": [{"x": 252, "y": 41, "w": 404, "h": 29}, {"x": 252, "y": 83, "w": 333, "h": 29}, {"x": 252, "y": 124, "w": 301, "h": 29}, {"x": 252, "y": 166, "w": 274, "h": 29}, {"x": 252, "y": 207, "w": 271, "h": 29}, {"x": 252, "y": 249, "w": 247, "h": 29}, {"x": 252, "y": 290, "w": 147, "h": 29}, {"x": 252, "y": 332, "w": 115, "h": 29}, {"x": 252, "y": 373, "w": 82, "h": 29}, {"x": 252, "y": 415, "w": 61, "h": 29}, {"x": 252, "y": 456, "w": 55, "h": 29}, {"x": 252, "y": 498, "w": 51, "h": 29}, {"x": 252, "y": 539, "w": 42, "h": 29}], "x": ["Motor vehicle and parts dealers", "General merchandise", "Food and beverage stores", "Building and material supply", "Food services & drinking places", "Gasoline service stations", "Health and personal care", "Clothing and clothing accessories", "Nonstore retailers", "Miscellaneous stores", "Furniture and home furnishings", "Electronics and appliances", "Sporting goods, hobby, book &"], "y": ["22 075", "18 223", "16 480", "14 991", "14 810", "13 495", "8 028", "6 310", "4 501", "3 343", "2 989", "2 775", "2 305"], "colors": ["#2876dd", "#2876dd", "#2876dd", "#2876dd", "#2876dd", "#2876dd", "#2876dd", "#2876dd", "#2876dd", "#2876dd", "#2876dd", "#2876dd", "#2876dd"], "labels": ["Motor vehicle and parts dealers", "General merchandise", "Food and beverage stores", "Building and material supply", "Food services & drinking places", "Gasoline service stations", "Health and personal care", "Clothing and clothing accessories", "Nonstore retailers", "Miscellaneous stores", "Furniture and home furnishings", "Electronics and appliances", "Sporting goods, hobby, book &"]}], "type": "h_bar"}