{"general_figure_info": {"figure_info": {"bbox": {"x": 132, "y": 35, "w": 578, "h": 722}}, "y_axis": {"label": {"bbox": [{"x": 333, "y": 786, "w": 176.1240234375, "h": 11}], "text": "GDP growth compared to previous year"}, "major_labels": {"bboxes": [{"x": 111.5, "y": 761, "w": 52.25, "h": 24.0}, {"x": 194.5, "y": 761, "w": 52.25, "h": 24.0}, {"x": 276.5, "y": 761, "w": 52.25, "h": 24.0}, {"x": 359.5, "y": 761, "w": 52.25, "h": 24.0}, {"x": 441.5, "y": 761, "w": 52.25, "h": 24.0}, {"x": 524.5, "y": 761, "w": 52.25, "h": 24.0}, {"x": 606.5, "y": 761, "w": 52.25, "h": 24.0}, {"x": 690.5, "y": 761, "w": 52.25, "h": 24.0}]}}, "x_axis": {"major_labels": {"bboxes": [{"x": 92, "y": 48, "h": 12, "w": 27.78076171875}, {"x": 90, "y": 86, "h": 12, "w": 30.2353515625}, {"x": 83, "y": 124, "h": 12, "w": 36.078125}, {"x": 85, "y": 162, "h": 12, "w": 33.640625}, {"x": 78, "y": 200, "h": 12, "w": 40.984375}, {"x": 91, "y": 238, "h": 12, "w": 28.140625}, {"x": 77, "y": 276, "h": 12, "w": 43.07763671875}, {"x": 40, "y": 314, "h": 12, "w": 79.37451171875}, {"x": 85, "y": 352, "h": 12, "w": 34.25}, {"x": 82, "y": 390, "h": 12, "w": 37.572265625}, {"x": 85, "y": 428, "h": 12, "w": 35.11767578125}, {"x": 84, "y": 466, "h": 12, "w": 35.34228515625}, {"x": 99, "y": 504, "h": 12, "w": 20.673828125}, {"x": 58, "y": 542, "h": 12, "w": 61.15625}, {"x": 74, "y": 580, "h": 12, "w": 45.7353515625}, {"x": 74, "y": 618, "h": 12, "w": 45.5322265625}, {"x": 79, "y": 656, "h": 12, "w": 39.75}, {"x": 60, "y": 694, "h": 12, "w": 59.81298828125}, {"x": 83, "y": 732, "h": 12, "w": 36.078125}], "values": ["Malta", "Latvia", "Greece", "Ireland", "Portugal", "Spain", "Slovenia", "Slovak Republic", "France", "Estonia", "Austria", "Cyprus", "Italy", "Luxembourg", "Germany", "Lithuania", "Belgium", "Netherlands", "Finland"]}, "label": {}}}, "models": [{"name": {}, "bboxes": [{"x": 131, "y": 41, "w": 461, "h": 26}, {"x": 131, "y": 79, "w": 429, "h": 26}, {"x": 131, "y": 117, "w": 413, "h": 26}, {"x": 131, "y": 155, "w": 400, "h": 26}, {"x": 131, "y": 193, "w": 396, "h": 26}, {"x": 131, "y": 231, "w": 388, "h": 26}, {"x": 131, "y": 269, "w": 372, "h": 26}, {"x": 131, "y": 307, "w": 367, "h": 26}, {"x": 131, "y": 345, "w": 348, "h": 26}, {"x": 131, "y": 383, "w": 347, "h": 26}, {"x": 131, "y": 421, "w": 330, "h": 26}, {"x": 131, "y": 459, "w": 322, "h": 26}, {"x": 131, "y": 497, "w": 297, "h": 26}, {"x": 131, "y": 535, "w": 297, "h": 26}, {"x": 131, "y": 573, "w": 282, "h": 26}, {"x": 131, "y": 611, "w": 266, "h": 26}, {"x": 131, "y": 649, "w": 255, "h": 26}, {"x": 131, "y": 687, "w": 247, "h": 26}, {"x": 131, "y": 725, "w": 207, "h": 26}], "x": ["Malta", "Latvia", "Greece", "Ireland", "Portugal", "Spain", "Slovenia", "Slovak Republic", "France", "Estonia", "Austria", "Cyprus", "Italy", "Luxembourg", "Germany", "Lithuania", "Belgium", "Netherlands", "Finland"], "y": ["5.58%", "5.19%", "5%", "4.84%", "4.8%", "4.7%", "4.51%", "4.45%", "4.22%", "4.2%", "4%", "3.9%", "3.6%", "3.6%", "3.42%", "3.22%", "3.09%", "2.99%", "2.51%"], "colors": ["#2876dd", "#2876dd", "#2876dd", "#2876dd", "#2876dd", "#2876dd", "#2876dd", "#2876dd", "#2876dd", "#2876dd", "#2876dd", "#2876dd", "#2876dd", "#2876dd", "#2876dd", "#2876dd", "#2876dd", "#2876dd", "#2876dd"], "labels": ["Malta", "Latvia", "Greece", "Ireland", "Portugal", "Spain", "Slovenia", "Slovak Republic", "France", "Estonia", "Austria", "Cyprus", "Italy", "Luxembourg", "Germany", "Lithuania", "Belgium", "Netherlands", "Finland"]}], "type": "h_bar"}