{"general_figure_info": {"figure_info": {"bbox": {"x": 94, "y": 95, "w": 631, "h": 369}}, "y_axis": {"label": {"bbox": [{"x": 40, "y": 180, "w": 11, "h": 198.984375}], "text": "Gross domestic product in billion U.S. dollars"}, "major_labels": {"bboxes": [{"x": 65, "y": 449.5, "w": 19.0, "h": 26.125}, {"x": 65, "y": 396.5, "w": 19.0, "h": 26.125}, {"x": 65, "y": 344.5, "w": 19.0, "h": 26.125}, {"x": 65, "y": 291.5, "w": 19.0, "h": 26.125}, {"x": 65, "y": 238.5, "w": 19.0, "h": 26.125}, {"x": 65, "y": 185.5, "w": 19.0, "h": 26.125}, {"x": 65, "y": 133.5, "w": 19.0, "h": 26.125}, {"x": 65, "y": 79.5, "w": 19.0, "h": 26.125}]}}, "x_axis": {"major_labels": {"bboxes": [{"x": 80, "y": 477, "h": 25.798370361328125, "w": 25.798351287841797}, {"x": 111, "y": 477, "h": 25.79833984375, "w": 25.798355102539062}, {"x": 141, "y": 477, "h": 25.798370361328125, "w": 25.79834747314453}, {"x": 172, "y": 477, "h": 25.798370361328125, "w": 25.798355102539062}, {"x": 203, "y": 477, "h": 25.798370361328125, "w": 25.798355102539062}, {"x": 234, "y": 477, "h": 25.79833984375, "w": 25.79833984375}, {"x": 265, "y": 477, "h": 25.798370361328125, "w": 25.798355102539062}, {"x": 295, "y": 477, "h": 25.798370361328125, "w": 25.79833984375}, {"x": 326, "y": 477, "h": 25.798370361328125, "w": 25.79833984375}, {"x": 357, "y": 477, "h": 25.798370361328125, "w": 25.79833984375}, {"x": 388, "y": 477, "h": 25.798370361328125, "w": 25.79833984375}, {"x": 418, "y": 477, "h": 25.798370361328125, "w": 25.79833984375}, {"x": 449, "y": 477, "h": 25.798370361328125, "w": 25.79833984375}, {"x": 480, "y": 477, "h": 25.798370361328125, "w": 25.79833984375}, {"x": 511, "y": 477, "h": 25.79833984375, "w": 25.79833984375}, {"x": 542, "y": 477, "h": 25.798370361328125, "w": 25.79833984375}, {"x": 572, "y": 477, "h": 25.798370361328125, "w": 25.79833984375}, {"x": 603, "y": 477, "h": 25.798370361328125, "w": 25.79833984375}, {"x": 631, "y": 476, "h": 29.32421875, "w": 29.32421875}, {"x": 662, "y": 476, "h": 29.32421875, "w": 29.32421875}, {"x": 692, "y": 476, "h": 29.32421875, "w": 29.32421875}], "values": ["1986", "1988", "1990", "1992", "1994", "1996", "1998", "2000", "2002", "2004", "2006", "2008", "2010", "2012", "2014", "2016", "2018", "2020", "2022*", "2024*", "2026*"]}, "label": {}}}, "models": [{"name": "line", "bboxes": [{"x": 102, "y": 442, "w": 16, "h": 2}, {"x": 118, "y": 441, "w": 15, "h": 1}, {"x": 133, "y": 440, "w": 15, "h": 1}, {"x": 148, "y": 438, "w": 16, "h": 2}, {"x": 164, "y": 436, "w": 15, "h": 2}, {"x": 179, "y": 434, "w": 16, "h": 2}, {"x": 195, "y": 434, "w": 15, "h": 12}, {"x": 210, "y": 446, "w": 15, "h": 2}, {"x": 225, "y": 448, "w": 16, "h": 0}, {"x": 241, "y": 446, "w": 15, "h": 2}, {"x": 256, "y": 446, "w": 15, "h": 1}, {"x": 271, "y": 447, "w": 16, "h": 2}, {"x": 287, "y": 449, "w": 15, "h": 0}, {"x": 302, "y": 448, "w": 16, "h": 1}, {"x": 318, "y": 448, "w": 15, "h": 0}, {"x": 333, "y": 448, "w": 15, "h": 0}, {"x": 348, "y": 447, "w": 16, "h": 1}, {"x": 364, "y": 444, "w": 15, "h": 3}, {"x": 379, "y": 439, "w": 16, "h": 5}, {"x": 395, "y": 433, "w": 15, "h": 6}, {"x": 410, "y": 424, "w": 15, "h": 9}, {"x": 425, "y": 410, "w": 16, "h": 14}, {"x": 441, "y": 405, "w": 15, "h": 5}, {"x": 456, "y": 405, "w": 16, "h": 3}, {"x": 472, "y": 401, "w": 15, "h": 7}, {"x": 487, "y": 376, "w": 15, "h": 25}, {"x": 502, "y": 367, "w": 16, "h": 9}, {"x": 518, "y": 351, "w": 15, "h": 16}, {"x": 533, "y": 332, "w": 16, "h": 19}, {"x": 549, "y": 313, "w": 15, "h": 19}, {"x": 564, "y": 303, "w": 15, "h": 10}, {"x": 579, "y": 296, "w": 16, "h": 7}, {"x": 595, "y": 270, "w": 15, "h": 26}, {"x": 610, "y": 261, "w": 15, "h": 9}, {"x": 625, "y": 261, "w": 16, "h": 6}, {"x": 641, "y": 267, "w": 15, "h": 2}, {"x": 656, "y": 250, "w": 16, "h": 19}, {"x": 672, "y": 225, "w": 15, "h": 25}, {"x": 687, "y": 200, "w": 15, "h": 25}, {"x": 702, "y": 172, "w": 16, "h": 28}], "x": ["1986", "1988", "1990", "1992", "1994", "1996", "1998", "2000", "2002", "2004", "2006", "2008", "2010", "2012", "2014", "2016", "2018", "2020", "2022*", "2024*", "2026*"], "y": ["10.19", "10.89", "11.29", "11.87", "12.6", "13.93", "14.7", "9.14", "8.14", "7.89", "8.79", "8.62", "7.82", "7.52", "8.17", "8.1", "7.83", "8.6", "10.12", "12.39", "15.31", "19.33", "26.25", "28.67", "26.89", "30.48", "42.22", "46.54", "54.17", "63.08", "72.12", "76.84", "80.21", "92.61", "96.61", "93.97", "92.91", "101.97", "113.62", "125.51", "138.8"], "label": " ", "color": "#2876dd"}], "type": "line"}