{"general_figure_info": {"figure_info": {"bbox": {"x": 81, "y": 45, "w": 644, "h": 392}}, "y_axis": {"label": {"bbox": [{"x": 40, "y": 181, "w": 11, "h": 120.609375}], "text": "Number of users in millions"}, "major_labels": {"bboxes": [{"x": 65, "y": 422.5, "w": 6.0, "h": 36.0}, {"x": 65, "y": 357.5, "w": 6.0, "h": 36.0}, {"x": 65, "y": 291.5, "w": 6.0, "h": 36.0}, {"x": 65, "y": 226.5, "w": 6.0, "h": 36.0}, {"x": 65, "y": 161.5, "w": 6.0, "h": 36.0}, {"x": 65, "y": 95.5, "w": 6.0, "h": 36.0}, {"x": 65, "y": 29.5, "w": 6.0, "h": 36.0}]}}, "x_axis": {"major_labels": {"bboxes": [{"x": 105, "y": 447, "h": 12, "w": 24.484375}, {"x": 176, "y": 447, "h": 12, "w": 24.484375}, {"x": 248, "y": 447, "h": 12, "w": 24.484375}, {"x": 317, "y": 447, "h": 12, "w": 29.470703125}, {"x": 389, "y": 447, "h": 12, "w": 29.470703125}, {"x": 460, "y": 447, "h": 12, "w": 29.470703125}, {"x": 532, "y": 447, "h": 12, "w": 29.470703125}, {"x": 603, "y": 447, "h": 12, "w": 29.470703125}, {"x": 675, "y": 447, "h": 12, "w": 29.470703125}], "values": ["2017", "2018", "2019", "2020*", "2021*", "2022*", "2023*", "2024*", "2025*"]}, "label": {}}}, "models": [{"name": {}, "bboxes": [{"x": 92, "y": 139, "w": 49, "h": 299}, {"x": 164, "y": 134, "w": 49, "h": 304}, {"x": 235, "y": 128, "w": 49, "h": 310}, {"x": 307, "y": 123, "w": 49, "h": 315}, {"x": 379, "y": 119, "w": 49, "h": 319}, {"x": 450, "y": 115, "w": 49, "h": 323}, {"x": 522, "y": 112, "w": 49, "h": 326}, {"x": 593, "y": 109, "w": 49, "h": 329}, {"x": 665, "y": 105, "w": 49, "h": 333}], "x": ["2017", "2018", "2019", "2020*", "2021*", "2022*", "2023*", "2024*", "2025*"], "y": ["4.57", "4.66", "4.74", "4.82", "4.88", "4.94", "4.99", "5.04", "5.09"], "colors": ["#2876dd", "#2876dd", "#2876dd", "#2876dd", "#2876dd", "#2876dd", "#2876dd", "#2876dd", "#2876dd"], "labels": ["2017", "2018", "2019", "2020*", "2021*", "2022*", "2023*", "2024*", "2025*"]}], "type": "v_bar"}