{"general_figure_info": {"figure_info": {"bbox": {"x": 215, "y": 35, "w": 495, "h": 1440}}, "y_axis": {"label": {"bbox": [{"x": 371, "y": 1506, "w": 183.984375, "h": 11}], "text": "Storm damage in 2017 billion U.S. dollars"}, "major_labels": {"bboxes": [{"x": 194.5, "y": 1481, "w": 35.0, "h": 26.0}, {"x": 256.5, "y": 1481, "w": 35.0, "h": 26.0}, {"x": 318.5, "y": 1481, "w": 35.0, "h": 26.0}, {"x": 380.5, "y": 1481, "w": 35.0, "h": 26.0}, {"x": 442.5, "y": 1481, "w": 35.0, "h": 26.0}, {"x": 503.5, "y": 1481, "w": 35.0, "h": 26.0}, {"x": 565.5, "y": 1481, "w": 35.0, "h": 26.0}, {"x": 627.5, "y": 1481, "w": 35.0, "h": 26.0}, {"x": 690.5, "y": 1481, "w": 35.0, "h": 26.0}]}}, "x_axis": {"major_labels": {"bboxes": [{"x": 132, "y": 46, "h": 12, "w": 69.71875}, {"x": 132, "y": 79, "h": 12, "w": 69.703125}, {"x": 140, "y": 113, "h": 12, "w": 62.359375}, {"x": 136, "y": 146, "h": 12, "w": 66.046875}, {"x": 145, "y": 180, "h": 12, "w": 56.859375}, {"x": 130, "y": 213, "h": 12, "w": 72.15625}, {"x": 152, "y": 247, "h": 12, "w": 49.53125}, {"x": 146, "y": 280, "h": 12, "w": 55.65625}, {"x": 137, "y": 314, "h": 12, "w": 65.40625}, {"x": 129, "y": 347, "h": 12, "w": 72.765625}, {"x": 148, "y": 381, "h": 12, "w": 54.421875}, {"x": 124, "y": 414, "h": 12, "w": 77.65625}, {"x": 129, "y": 448, "h": 12, "w": 72.765625}, {"x": 141, "y": 481, "h": 12, "w": 61.15625}, {"x": 143, "y": 515, "h": 12, "w": 59.109375}, {"x": 127, "y": 548, "h": 12, "w": 74.59375}, {"x": 136, "y": 582, "h": 12, "w": 66.046875}, {"x": 135, "y": 615, "h": 12, "w": 67.265625}, {"x": 140, "y": 649, "h": 12, "w": 62.375}, {"x": 126, "y": 682, "h": 12, "w": 76.4375}, {"x": 131, "y": 716, "h": 12, "w": 70.953125}, {"x": 140, "y": 749, "h": 12, "w": 61.765625}, {"x": 130, "y": 782, "h": 12, "w": 71.53125}, {"x": 125, "y": 816, "h": 12, "w": 77.046875}, {"x": 145, "y": 849, "h": 12, "w": 57.484375}, {"x": 138, "y": 883, "h": 12, "w": 63.59375}, {"x": 144, "y": 916, "h": 12, "w": 58.09375}, {"x": 141, "y": 950, "h": 12, "w": 61.140625}, {"x": 138, "y": 983, "h": 12, "w": 64.21875}, {"x": 132, "y": 1017, "h": 12, "w": 69.703125}, {"x": 142, "y": 1050, "h": 12, "w": 59.921875}, {"x": 121, "y": 1084, "h": 12, "w": 80.703125}, {"x": 148, "y": 1117, "h": 12, "w": 54.421875}, {"x": 67, "y": 1151, "h": 12, "w": 134.53125}, {"x": 134, "y": 1184, "h": 12, "w": 67.875}, {"x": 50, "y": 1218, "h": 12, "w": 151.640625}, {"x": 141, "y": 1251, "h": 12, "w": 61.140625}, {"x": 143, "y": 1285, "h": 12, "w": 58.71875}, {"x": 132, "y": 1318, "h": 12, "w": 70.3125}, {"x": 135, "y": 1352, "h": 12, "w": 67.28125}, {"x": 133, "y": 1385, "h": 12, "w": 69.09375}, {"x": 139, "y": 1419, "h": 12, "w": 63}, {"x": 141, "y": 1452, "h": 12, "w": 61.15625}], "values": ["Katrina (2005)", "Harvey (2017)", "Maria (2017)", "Sandy (2012)", "Irma (2017)", "Andrew (1992)", "Ike (2008)", "Ivan (2004)", "Wilma (2005)", "Michael (2018)", "Rita (2005)", "Florence (2018)", "Charley (2004)", "Hugo (1989)", "Irene (2011)", "Frances (2004)", "Agnes (1972)", "Allison (2001)", "Betsy (1965)", "Matthew (2016)", "Jeanne (2004)", "Floyd (1999)", "Camille (1969)", "Georges (1998)", "Fran (1996)", "Diane (1955)", "Opal (1995)", "Alicia (1983)", "Isabel (2003)", "Gustav (2008)", "Celia (1970)", "Frederick (1979)", "Iniki (1992)", "Long Island Express (1938)", "Imelda (2019)", "Great Atlantic Hurricane (1944)", "Carol (1954)", "Juan (1985)", "Marilyn (1995)", "Donna (1960)", "Dennis (2005)", "Elena (1985)", "Isaac (2012)"]}, "label": {}}}, "models": [{"name": {}, "bboxes": [{"x": 214, "y": 40, "w": 421, "h": 23}, {"x": 214, "y": 74, "w": 325, "h": 23}, {"x": 214, "y": 107, "w": 234, "h": 23}, {"x": 214, "y": 141, "w": 183, "h": 23}, {"x": 214, "y": 174, "w": 130, "h": 23}, {"x": 214, "y": 208, "w": 125, "h": 23}, {"x": 214, "y": 241, "w": 91, "h": 23}, {"x": 214, "y": 275, "w": 71, "h": 23}, {"x": 214, "y": 308, "w": 64, "h": 23}, {"x": 214, "y": 342, "w": 63, "h": 23}, {"x": 214, "y": 375, "w": 62, "h": 23}, {"x": 214, "y": 409, "w": 61, "h": 23}, {"x": 214, "y": 442, "w": 55, "h": 23}, {"x": 214, "y": 476, "w": 48, "h": 23}, {"x": 214, "y": 509, "w": 39, "h": 23}, {"x": 214, "y": 543, "w": 34, "h": 23}, {"x": 214, "y": 576, "w": 32, "h": 23}, {"x": 214, "y": 609, "w": 31, "h": 23}, {"x": 214, "y": 643, "w": 29, "h": 23}, {"x": 214, "y": 676, "w": 27, "h": 23}, {"x": 214, "y": 710, "w": 26, "h": 23}, {"x": 214, "y": 743, "w": 25, "h": 23}, {"x": 214, "y": 777, "w": 25, "h": 23}, {"x": 214, "y": 810, "w": 24, "h": 23}, {"x": 214, "y": 844, "w": 21, "h": 23}, {"x": 214, "y": 877, "w": 20, "h": 23}, {"x": 214, "y": 911, "w": 20, "h": 23}, {"x": 214, "y": 944, "w": 20, "h": 23}, {"x": 214, "y": 978, "w": 19, "h": 23}, {"x": 214, "y": 1011, "w": 18, "h": 23}, {"x": 214, "y": 1045, "w": 15, "h": 23}, {"x": 214, "y": 1078, "w": 15, "h": 23}, {"x": 214, "y": 1112, "w": 14, "h": 23}, {"x": 214, "y": 1145, "w": 14, "h": 23}, {"x": 214, "y": 1179, "w": 13, "h": 23}, {"x": 214, "y": 1212, "w": 13, "h": 23}, {"x": 214, "y": 1246, "w": 11, "h": 23}, {"x": 214, "y": 1279, "w": 9, "h": 23}, {"x": 214, "y": 1313, "w": 9, "h": 23}, {"x": 214, "y": 1346, "w": 8, "h": 23}, {"x": 214, "y": 1380, "w": 8, "h": 23}, {"x": 214, "y": 1413, "w": 8, "h": 23}, {"x": 214, "y": 1447, "w": 8, "h": 23}], "x": ["Katrina (2005)", "Harvey (2017)", "Maria (2017)", "Sandy (2012)", "Irma (2017)", "Andrew (1992)", "Ike (2008)", "Ivan (2004)", "Wilma (2005)", "Michael (2018)", "Rita (2005)", "Florence (2018)", "Charley (2004)", "Hugo (1989)", "Irene (2011)", "Frances (2004)", "Agnes (1972)", "Allison (2001)", "Betsy (1965)", "Matthew (2016)", "Jeanne (2004)", "Floyd (1999)", "Camille (1969)", "Georges (1998)", "Fran (1996)", "Diane (1955)", "Opal (1995)", "Alicia (1983)", "Isabel (2003)", "Gustav (2008)", "Celia (1970)", "Frederick (1979)", "Iniki (1992)", "Long Island Express (1938)", "Imelda (2019)", "Great Atlantic Hurricane (1944)", "Carol (1954)", "Juan (1985)", "Marilyn (1995)", "Donna (1960)", "Dennis (2005)", "Elena (1985)", "Isaac (2012)"], "y": ["170", "131.3", "94.5", "74.1", "52.5", "50.5", "36.9", "28.7", "25.8", "25.5", "25.2", "24.5", "22.4", "19.3", "15.8", "13.7", "13", "12.6", "11.6", "10.9", "10.5", "10.2", "10", "9.6", "8.4", "8.1", "8.1", "7.9", "7.8", "7.4", "6.2", "6.1", "5.8", "5.6", "5.1", "5.1", "4.4", "3.7", "3.6", "3.4", "3.4", "3.2", "3.2"], "colors": ["#2876dd", "#2876dd", "#2876dd", "#2876dd", "#2876dd", "#2876dd", "#2876dd", "#2876dd", "#2876dd", "#2876dd", "#2876dd", "#2876dd", "#2876dd", "#2876dd", "#2876dd", "#2876dd", "#2876dd", "#2876dd", "#2876dd", "#2876dd", "#2876dd", "#2876dd", "#2876dd", "#2876dd", "#2876dd", "#2876dd", "#2876dd", "#2876dd", "#2876dd", "#2876dd", "#2876dd", "#2876dd", "#2876dd", "#2876dd", "#2876dd", "#2876dd", "#2876dd", "#2876dd", "#2876dd", "#2876dd", "#2876dd", "#2876dd", "#2876dd"], "labels": ["Katrina (2005)", "Harvey (2017)", "Maria (2017)", "Sandy (2012)", "Irma (2017)", "Andrew (1992)", "Ike (2008)", "Ivan (2004)", "Wilma (2005)", "Michael (2018)", "Rita (2005)", "Florence (2018)", "Charley (2004)", "Hugo (1989)", "Irene (2011)", "Frances (2004)", "Agnes (1972)", "Allison (2001)", "Betsy (1965)", "Matthew (2016)", "Jeanne (2004)", "Floyd (1999)", "Camille (1969)", "Georges (1998)", "Fran (1996)", "Diane (1955)", "Opal (1995)", "Alicia (1983)", "Isabel (2003)", "Gustav (2008)", "Celia (1970)", "Frederick (1979)", "Iniki (1992)", "Long Island Express (1938)", "Imelda (2019)", "Great Atlantic Hurricane (1944)", "Carol (1954)", "Juan (1985)", "Marilyn (1995)", "Donna (1960)", "Dennis (2005)", "Elena (1985)", "Isaac (2012)"]}], "type": "h_bar"}