{"general_figure_info": {"figure_info": {"bbox": {"x": 160, "y": 35, "w": 550, "h": 600}}, "y_axis": {"label": {"bbox": [{"x": 406, "y": 666, "w": 57.265625, "h": 11}], "text": "Mobile reach"}, "major_labels": {"bboxes": [{"x": 139.5, "y": 641, "w": 30.0, "h": 26.0}, {"x": 194.5, "y": 641, "w": 30.0, "h": 26.0}, {"x": 249.5, "y": 641, "w": 30.0, "h": 26.0}, {"x": 304.5, "y": 641, "w": 30.0, "h": 26.0}, {"x": 359.5, "y": 641, "w": 30.0, "h": 26.0}, {"x": 414.5, "y": 641, "w": 30.0, "h": 26.0}, {"x": 469.5, "y": 641, "w": 30.0, "h": 26.0}, {"x": 524.5, "y": 641, "w": 30.0, "h": 26.0}, {"x": 579.5, "y": 641, "w": 30.0, "h": 26.0}, {"x": 634.5, "y": 641, "w": 30.0, "h": 26.0}, {"x": 690.5, "y": 641, "w": 30.0, "h": 26.0}]}}, "x_axis": {"major_labels": {"bboxes": [{"x": 70, "y": 49, "h": 12, "w": 77.453125}, {"x": 86, "y": 89, "h": 12, "w": 60.515625}, {"x": 82, "y": 129, "h": 12, "w": 64.796875}, {"x": 87, "y": 169, "h": 12, "w": 60.41455078125}, {"x": 113, "y": 209, "h": 12, "w": 34.12841796875}, {"x": 74, "y": 249, "h": 12, "w": 73.390625}, {"x": 124, "y": 289, "h": 12, "w": 22.625}, {"x": 89, "y": 329, "h": 12, "w": 58.09375}, {"x": 55, "y": 369, "h": 12, "w": 92.2060546875}, {"x": 44, "y": 409, "h": 12, "w": 103.125}, {"x": 75, "y": 449, "h": 12, "w": 72.6337890625}, {"x": 86, "y": 489, "h": 12, "w": 60.5625}, {"x": 82, "y": 529, "h": 12, "w": 65.21875}, {"x": 107, "y": 569, "h": 12, "w": 40.359375}, {"x": 63, "y": 609, "h": 12, "w": 83.78125}], "values": ["YouTube (main)", "IMDb (main)", "Netflix (main)", "Apple Music", "Spotify", "Pandora Radio", "Hulu", "iHeartRadio", "Google Play Music", "Amazon Prime Video", "Amazon Music", "SoundCloud", "Vimeo (main)", "Shazam", "Fandango (main)"]}, "label": {}}}, "models": [{"name": {}, "bboxes": [{"x": 159, "y": 41, "w": 482, "h": 28}, {"x": 159, "y": 81, "w": 150, "h": 28}, {"x": 159, "y": 121, "w": 137, "h": 28}, {"x": 159, "y": 161, "w": 131, "h": 28}, {"x": 159, "y": 201, "w": 130, "h": 28}, {"x": 159, "y": 241, "w": 93, "h": 28}, {"x": 159, "y": 281, "w": 78, "h": 28}, {"x": 159, "y": 321, "w": 76, "h": 28}, {"x": 159, "y": 361, "w": 64, "h": 28}, {"x": 159, "y": 401, "w": 58, "h": 28}, {"x": 159, "y": 441, "w": 48, "h": 28}, {"x": 159, "y": 481, "w": 45, "h": 28}, {"x": 159, "y": 521, "w": 45, "h": 28}, {"x": 159, "y": 561, "w": 38, "h": 28}, {"x": 159, "y": 601, "w": 37, "h": 28}], "x": ["YouTube (main)", "IMDb (main)", "Netflix (main)", "Apple Music", "Spotify", "Pandora Radio", "Hulu", "iHeartRadio", "Google Play Music", "Amazon Prime Video", "Amazon Music", "SoundCloud", "Vimeo (main)", "Shazam", "Fandango (main)"], "y": ["87.7%", "27.3%", "24.9%", "23.8%", "23.7%", "16.9%", "14.2%", "13.9%", "11.7%", "10.5%", "8.8%", "8.2%", "8.1%", "7%", "6.8%"], "colors": ["#2876dd", "#2876dd", "#2876dd", "#2876dd", "#2876dd", "#2876dd", "#2876dd", "#2876dd", "#2876dd", "#2876dd", "#2876dd", "#2876dd", "#2876dd", "#2876dd", "#2876dd"], "labels": ["YouTube (main)", "IMDb (main)", "Netflix (main)", "Apple Music", "Spotify", "Pandora Radio", "Hulu", "iHeartRadio", "Google Play Music", "Amazon Prime Video", "Amazon Music", "SoundCloud", "Vimeo (main)", "Shazam", "Fandango (main)"]}], "type": "h_bar"}