{"general_figure_info": {"figure_info": {"bbox": {"x": 127, "y": 35, "w": 583, "h": 960}}, "y_axis": {"label": {"bbox": [{"x": 327, "y": 1026, "w": 182.859375, "h": 11}], "text": "Total wage income (in billion U.S. dollars)"}, "major_labels": {"bboxes": [{"x": 106.5, "y": 1001, "w": 28.583333333333336, "h": 26.0}, {"x": 159.5, "y": 1001, "w": 28.583333333333336, "h": 26.0}, {"x": 212.5, "y": 1001, "w": 28.583333333333336, "h": 26.0}, {"x": 265.5, "y": 1001, "w": 28.583333333333336, "h": 26.0}, {"x": 318.5, "y": 1001, "w": 28.583333333333336, "h": 26.0}, {"x": 371.5, "y": 1001, "w": 28.583333333333336, "h": 26.0}, {"x": 424.5, "y": 1001, "w": 28.583333333333336, "h": 26.0}, {"x": 477.5, "y": 1001, "w": 28.583333333333336, "h": 26.0}, {"x": 530.5, "y": 1001, "w": 28.583333333333336, "h": 26.0}, {"x": 583.5, "y": 1001, "w": 28.583333333333336, "h": 26.0}, {"x": 636.5, "y": 1001, "w": 28.583333333333336, "h": 26.0}, {"x": 690.5, "y": 1001, "w": 28.583333333333336, "h": 26.0}]}}, "x_axis": {"major_labels": {"bboxes": [{"x": 68, "y": 47, "h": 12, "w": 47.34765625}, {"x": 80, "y": 82, "h": 12, "w": 34.50537109375}, {"x": 85, "y": 118, "h": 12, "w": 29.2353515625}, {"x": 43, "y": 153, "h": 12, "w": 71.80224609375}, {"x": 68, "y": 189, "h": 12, "w": 46.970703125}, {"x": 91, "y": 225, "h": 12, "w": 23.25}, {"x": 83, "y": 260, "h": 12, "w": 31.06689453125}, {"x": 75, "y": 296, "h": 12, "w": 40.01611328125}, {"x": 77, "y": 331, "h": 12, "w": 38.17919921875}, {"x": 70, "y": 367, "h": 12, "w": 44.03125}, {"x": 57, "y": 402, "h": 12, "w": 57.9599609375}, {"x": 77, "y": 438, "h": 12, "w": 37.3681640625}, {"x": 41, "y": 473, "h": 12, "w": 73.86376953125}, {"x": 81, "y": 509, "h": 12, "w": 33.015625}, {"x": 56, "y": 545, "h": 12, "w": 57.6875}, {"x": 63, "y": 580, "h": 12, "w": 51.6337890625}, {"x": 64, "y": 616, "h": 12, "w": 50.125}, {"x": 41, "y": 651, "h": 12, "w": 73.64990234375}, {"x": 77, "y": 687, "h": 12, "w": 36.703125}, {"x": 49, "y": 722, "h": 12, "w": 66.31298828125}, {"x": 78, "y": 758, "h": 12, "w": 36.970703125}, {"x": 54, "y": 793, "h": 12, "w": 59.90625}, {"x": 56, "y": 829, "h": 12, "w": 58.09375}, {"x": 67, "y": 865, "h": 12, "w": 47.97607421875}, {"x": 91, "y": 900, "h": 12, "w": 24.11767578125}, {"x": 69, "y": 936, "h": 12, "w": 45.74609375}, {"x": 69, "y": 971, "h": 12, "w": 44.640625}], "values": ["California", "Florida", "Texas", "North Carolina", "New York", "Ohio", "Illinois", "Georgia", "Arizona", "Michigan", "New Jersey", "Virginia", "Massachusetts", "Hawaii", "Washington", "Minnesota", "Wisconsin", "South Carolina", "Oregon", "Pennsylvania", "Indiana", "New Mexico", "Connecticut", "Louisiana", "Iowa", "Kentucky", "Colorado"]}, "label": {}}}, "models": [{"name": {}, "bboxes": [{"x": 126, "y": 40, "w": 509, "h": 25}, {"x": 126, "y": 75, "w": 498, "h": 25}, {"x": 126, "y": 111, "w": 254, "h": 25}, {"x": 126, "y": 147, "w": 180, "h": 25}, {"x": 126, "y": 182, "w": 170, "h": 25}, {"x": 126, "y": 218, "w": 159, "h": 25}, {"x": 126, "y": 253, "w": 159, "h": 25}, {"x": 126, "y": 289, "w": 159, "h": 25}, {"x": 126, "y": 324, "w": 148, "h": 25}, {"x": 126, "y": 360, "w": 148, "h": 25}, {"x": 126, "y": 395, "w": 103, "h": 25}, {"x": 126, "y": 431, "w": 101, "h": 25}, {"x": 126, "y": 467, "w": 91, "h": 25}, {"x": 126, "y": 502, "w": 90, "h": 25}, {"x": 126, "y": 538, "w": 85, "h": 25}, {"x": 126, "y": 573, "w": 83, "h": 25}, {"x": 126, "y": 609, "w": 82, "h": 25}, {"x": 126, "y": 644, "w": 75, "h": 25}, {"x": 126, "y": 680, "w": 74, "h": 25}, {"x": 126, "y": 715, "w": 74, "h": 25}, {"x": 126, "y": 751, "w": 56, "h": 25}, {"x": 126, "y": 787, "w": 46, "h": 25}, {"x": 126, "y": 822, "w": 36, "h": 25}, {"x": 126, "y": 858, "w": 30, "h": 25}, {"x": 126, "y": 893, "w": 24, "h": 25}, {"x": 126, "y": 929, "w": 23, "h": 25}, {"x": 126, "y": 964, "w": 19, "h": 25}], "x": ["California", "Florida", "Texas", "North Carolina", "New York", "Ohio", "Illinois", "Georgia", "Arizona", "Michigan", "New Jersey", "Virginia", "Massachusetts", "Hawaii", "Washington", "Minnesota", "Wisconsin", "South Carolina", "Oregon", "Pennsylvania", "Indiana", "New Mexico", "Connecticut", "Louisiana", "Iowa", "Kentucky", "Colorado"], "y": ["4.8", "4.7", "2.4", "1.7", "1.6", "1.5", "1.5", "1.5", "1.4", "1.4", "0.97", "0.95", "0.86", "0.85", "0.8", "0.78", "0.77", "0.71", "0.7", "0.7", "0.53", "0.43", "0.34", "0.28", "0.23", "0.22", "0.18"], "colors": ["#2876dd", "#2876dd", "#2876dd", "#2876dd", "#2876dd", "#2876dd", "#2876dd", "#2876dd", "#2876dd", "#2876dd", "#2876dd", "#2876dd", "#2876dd", "#2876dd", "#2876dd", "#2876dd", "#2876dd", "#2876dd", "#2876dd", "#2876dd", "#2876dd", "#2876dd", "#2876dd", "#2876dd", "#2876dd", "#2876dd", "#2876dd"], "labels": ["California", "Florida", "Texas", "North Carolina", "New York", "Ohio", "Illinois", "Georgia", "Arizona", "Michigan", "New Jersey", "Virginia", "Massachusetts", "Hawaii", "Washington", "Minnesota", "Wisconsin", "South Carolina", "Oregon", "Pennsylvania", "Indiana", "New Mexico", "Connecticut", "Louisiana", "Iowa", "Kentucky", "Colorado"]}], "type": "h_bar"}