{"general_figure_info": {"figure_info": {"bbox": {"x": 99, "y": 45, "w": 626, "h": 392}}, "y_axis": {"label": {"bbox": [{"x": 40, "y": 156, "w": 11, "h": 170.625}], "text": "Number of policy purchases in millions"}, "major_labels": {"bboxes": [{"x": 65, "y": 422.5, "w": 24.0, "h": 36.0}, {"x": 65, "y": 357.5, "w": 24.0, "h": 36.0}, {"x": 65, "y": 291.5, "w": 24.0, "h": 36.0}, {"x": 65, "y": 226.5, "w": 24.0, "h": 36.0}, {"x": 65, "y": 161.5, "w": 24.0, "h": 36.0}, {"x": 65, "y": 95.5, "w": 24.0, "h": 36.0}, {"x": 65, "y": 29.5, "w": 24.0, "h": 36.0}]}}, "x_axis": {"major_labels": {"bboxes": [{"x": 118, "y": 447, "h": 12, "w": 24.484375}, {"x": 181, "y": 447, "h": 12, "w": 24.484375}, {"x": 244, "y": 447, "h": 12, "w": 23.65625}, {"x": 306, "y": 447, "h": 12, "w": 24.484375}, {"x": 368, "y": 447, "h": 12, "w": 24.484375}, {"x": 431, "y": 447, "h": 12, "w": 24.484375}, {"x": 494, "y": 447, "h": 12, "w": 24.484375}, {"x": 556, "y": 447, "h": 12, "w": 24.484375}, {"x": 619, "y": 447, "h": 12, "w": 24.484375}, {"x": 681, "y": 447, "h": 12, "w": 24.484375}], "values": ["2009", "2010", "2011", "2012", "2013", "2014", "2015", "2016", "2017", "2018"]}, "label": {}}}, "models": [{"name": {}, "bboxes": [{"x": 109, "y": 152, "w": 43, "h": 286}, {"x": 171, "y": 151, "w": 43, "h": 287}, {"x": 234, "y": 121, "w": 43, "h": 317}, {"x": 297, "y": 178, "w": 43, "h": 260}, {"x": 359, "y": 183, "w": 43, "h": 255}, {"x": 422, "y": 181, "w": 43, "h": 257}, {"x": 484, "y": 194, "w": 43, "h": 244}, {"x": 547, "y": 208, "w": 43, "h": 230}, {"x": 610, "y": 225, "w": 43, "h": 213}, {"x": 672, "y": 233, "w": 43, "h": 205}], "x": ["2009", "2010", "2011", "2012", "2013", "2014", "2015", "2016", "2017", "2018"], "y": ["10.94", "10.99", "12.14", "9.93", "9.76", "9.82", "9.35", "8.82", "8.16", "7.85"], "colors": ["#2876dd", "#2876dd", "#2876dd", "#2876dd", "#2876dd", "#2876dd", "#2876dd", "#2876dd", "#2876dd", "#2876dd"], "labels": ["2009", "2010", "2011", "2012", "2013", "2014", "2015", "2016", "2017", "2018"]}], "type": "v_bar"}