{"general_figure_info": {"figure_info": {"bbox": {"x": 187, "y": 35, "w": 523, "h": 382}}, "y_axis": {"label": {"bbox": [{"x": 396, "y": 446, "w": 104.44140625, "h": 11}], "text": "Turnover in million SEK"}, "major_labels": {"bboxes": [{"x": 166.5, "y": 421, "w": 27.545454545454547, "h": 24.0}, {"x": 218.5, "y": 421, "w": 27.545454545454547, "h": 24.0}, {"x": 271.5, "y": 421, "w": 27.545454545454547, "h": 24.0}, {"x": 323.5, "y": 421, "w": 27.545454545454547, "h": 24.0}, {"x": 375.5, "y": 421, "w": 27.545454545454547, "h": 24.0}, {"x": 428.5, "y": 421, "w": 27.545454545454547, "h": 24.0}, {"x": 480.5, "y": 421, "w": 27.545454545454547, "h": 24.0}, {"x": 532.5, "y": 421, "w": 27.545454545454547, "h": 24.0}, {"x": 584.5, "y": 421, "w": 27.545454545454547, "h": 24.0}, {"x": 637.5, "y": 421, "w": 27.545454545454547, "h": 24.0}, {"x": 690.5, "y": 421, "w": 27.545454545454547, "h": 24.0}]}}, "x_axis": {"major_labels": {"bboxes": [{"x": 84, "y": 48, "h": 12, "w": 89.890625}, {"x": 131, "y": 86, "h": 12, "w": 43.421875}, {"x": 80, "y": 125, "h": 12, "w": 93.5625}, {"x": 135, "y": 163, "h": 12, "w": 38.53125}, {"x": 98, "y": 201, "h": 12, "w": 75.828125}, {"x": 46, "y": 239, "h": 12, "w": 127.78125}, {"x": 71, "y": 277, "h": 12, "w": 102.921875}, {"x": 54, "y": 316, "h": 12, "w": 119.84375}, {"x": 115, "y": 354, "h": 12, "w": 59.3125}, {"x": 84, "y": 392, "h": 12, "w": 89.875}], "values": ["Telia Company AB", "Tele2 AB", "Telenor Sverige AB", "Eltel AB", "Sinch AB (publ)", "Eltel Networks Infranet AB", "Transtema Group AB", "Canal Digital Sverige AB", "Teracom AB", "Redtel Owners AB"]}, "label": {}}}, "models": [{"name": {}, "bboxes": [{"x": 186, "y": 40, "w": 450, "h": 27}, {"x": 186, "y": 78, "w": 145, "h": 27}, {"x": 186, "y": 117, "w": 68, "h": 27}, {"x": 186, "y": 155, "w": 59, "h": 27}, {"x": 186, "y": 193, "w": 26, "h": 27}, {"x": 186, "y": 231, "w": 17, "h": 27}, {"x": 186, "y": 269, "w": 8, "h": 27}, {"x": 186, "y": 308, "w": 8, "h": 27}, {"x": 186, "y": 346, "w": 7, "h": 27}, {"x": 186, "y": 384, "w": 6, "h": 27}], "x": ["Telia Company AB", "Tele2 AB", "Telenor Sverige AB", "Eltel AB", "Sinch AB (publ)", "Eltel Networks Infranet AB", "Transtema Group AB", "Canal Digital Sverige AB", "Teracom AB", "Redtel Owners AB"], "y": ["85 966", "27 659", "13 074.42", "11 361.94", "5 035.55", "3 204.3", "1 497.23", "1 489.09", "1 310.01", "1 063.28"], "colors": ["#2876dd", "#2876dd", "#2876dd", "#2876dd", "#2876dd", "#2876dd", "#2876dd", "#2876dd", "#2876dd", "#2876dd"], "labels": ["Telia Company AB", "Tele2 AB", "Telenor Sverige AB", "Eltel AB", "Sinch AB (publ)", "Eltel Networks Infranet AB", "Transtema Group AB", "Canal Digital Sverige AB", "Teracom AB", "Redtel Owners AB"]}], "type": "h_bar"}