{"general_figure_info": {"figure_info": {"bbox": {"x": 113, "y": 35, "w": 597, "h": 542}}, "y_axis": {"label": {"bbox": [{"x": 353, "y": 606, "w": 117.8125, "h": 11}], "text": "Number of terrorist attacks"}, "major_labels": {"bboxes": [{"x": 92.5, "y": 581, "w": 29.75, "h": 24.0}, {"x": 146.5, "y": 581, "w": 29.75, "h": 24.0}, {"x": 201.5, "y": 581, "w": 29.75, "h": 24.0}, {"x": 255.5, "y": 581, "w": 29.75, "h": 24.0}, {"x": 309.5, "y": 581, "w": 29.75, "h": 24.0}, {"x": 363.5, "y": 581, "w": 29.75, "h": 24.0}, {"x": 418.5, "y": 581, "w": 29.75, "h": 24.0}, {"x": 472.5, "y": 581, "w": 29.75, "h": 24.0}, {"x": 526.5, "y": 581, "w": 29.75, "h": 24.0}, {"x": 580.5, "y": 581, "w": 29.75, "h": 24.0}, {"x": 635.5, "y": 581, "w": 29.75, "h": 24.0}, {"x": 690.5, "y": 581, "w": 29.75, "h": 24.0}]}}, "x_axis": {"major_labels": {"bboxes": [{"x": 80, "y": 50, "h": 12, "w": 20.673828125}, {"x": 66, "y": 92, "h": 12, "w": 34.25}, {"x": 64, "y": 133, "h": 12, "w": 36.078125}, {"x": 55, "y": 175, "h": 12, "w": 45.7353515625}, {"x": 72, "y": 217, "h": 12, "w": 28.140625}, {"x": 41, "y": 258, "h": 12, "w": 59.81298828125}, {"x": 60, "y": 300, "h": 12, "w": 40.623046875}, {"x": 55, "y": 342, "h": 12, "w": 45.123046875}, {"x": 66, "y": 383, "h": 12, "w": 34.265625}, {"x": 60, "y": 425, "h": 12, "w": 39.75}, {"x": 60, "y": 467, "h": 12, "w": 41.24072265625}, {"x": 64, "y": 508, "h": 12, "w": 36.078125}, {"x": 60, "y": 550, "h": 12, "w": 39.765625}], "values": ["Italy", "France", "Greece", "Germany", "Spain", "Netherlands", "Czechia", "Denmark", "Poland", "Belgium", "Bulgaria", "Finland", "Sweden"]}, "label": {}}}, "models": [{"name": {}, "bboxes": [{"x": 112, "y": 41, "w": 521, "h": 29}, {"x": 112, "y": 83, "w": 326, "h": 29}, {"x": 112, "y": 124, "w": 0, "h": 29}, {"x": 112, "y": 166, "w": 130, "h": 29}, {"x": 112, "y": 208, "w": 195, "h": 29}, {"x": 112, "y": 250, "w": 0, "h": 29}, {"x": 112, "y": 291, "w": 0, "h": 29}, {"x": 112, "y": 333, "w": 0, "h": 29}, {"x": 112, "y": 375, "w": 0, "h": 29}, {"x": 112, "y": 416, "w": 43, "h": 29}, {"x": 112, "y": 458, "w": 0, "h": 29}, {"x": 112, "y": 500, "w": 0, "h": 29}, {"x": 112, "y": 541, "w": 0, "h": 29}], "x": ["Italy", "France", "Greece", "Germany", "Spain", "Netherlands", "Czechia", "Denmark", "Poland", "Belgium", "Bulgaria", "Finland", "Sweden"], "y": ["24", "15", "0", "6", "9", "0", "0", "0", "0", "2", "0", "0", "0"], "colors": ["#2876dd", "#2876dd", "#2876dd", "#2876dd", "#2876dd", "#2876dd", "#2876dd", "#2876dd", "#2876dd", "#2876dd", "#2876dd", "#2876dd", "#2876dd"], "labels": ["Italy", "France", "Greece", "Germany", "Spain", "Netherlands", "Czechia", "Denmark", "Poland", "Belgium", "Bulgaria", "Finland", "Sweden"]}], "type": "h_bar"}