{"general_figure_info": {"figure_info": {"bbox": {"x": 94, "y": 45, "w": 631, "h": 392}}, "y_axis": {"label": {"bbox": [{"x": 40, "y": 189, "w": 11, "h": 103.390625}], "text": "Demand in million units"}, "major_labels": {"bboxes": [{"x": 65, "y": 422.5, "w": 19.0, "h": 29.0}, {"x": 65, "y": 366.5, "w": 19.0, "h": 29.0}, {"x": 65, "y": 310.5, "w": 19.0, "h": 29.0}, {"x": 65, "y": 254.5, "w": 19.0, "h": 29.0}, {"x": 65, "y": 198.5, "w": 19.0, "h": 29.0}, {"x": 65, "y": 142.5, "w": 19.0, "h": 29.0}, {"x": 65, "y": 86.5, "w": 19.0, "h": 29.0}, {"x": 65, "y": 29.5, "w": 19.0, "h": 29.0}]}}, "x_axis": {"major_labels": {"bboxes": [{"x": 127, "y": 447, "h": 12, "w": 24.484375}, {"x": 217, "y": 447, "h": 12, "w": 24.484375}, {"x": 307, "y": 447, "h": 12, "w": 24.484375}, {"x": 397, "y": 447, "h": 12, "w": 24.484375}, {"x": 487, "y": 447, "h": 12, "w": 24.484375}, {"x": 578, "y": 447, "h": 12, "w": 24.484375}, {"x": 668, "y": 447, "h": 12, "w": 24.484375}], "values": ["2012", "2013", "2014", "2015", "2016", "2017", "2018"]}, "label": {}}}, "models": [{"name": {}, "bboxes": [{"x": 108, "y": 165, "w": 62, "h": 273}, {"x": 198, "y": 146, "w": 62, "h": 292}, {"x": 289, "y": 147, "w": 62, "h": 291}, {"x": 379, "y": 160, "w": 62, "h": 278}, {"x": 469, "y": 152, "w": 62, "h": 286}, {"x": 559, "y": 127, "w": 62, "h": 311}, {"x": 649, "y": 127, "w": 62, "h": 311}], "x": ["2012", "2013", "2014", "2015", "2016", "2017", "2018"], "y": ["97.59", "104.37", "103.78", "99.36", "102.31", "110.97", "110.97"], "colors": ["#2876dd", "#2876dd", "#2876dd", "#2876dd", "#2876dd", "#2876dd", "#2876dd"], "labels": ["2012", "2013", "2014", "2015", "2016", "2017", "2018"]}], "type": "v_bar"}