{"general_figure_info": {"figure_info": {"bbox": {"x": 89, "y": 45, "w": 636, "h": 392}}, "y_axis": {"label": {"bbox": [{"x": 40, "y": 181, "w": 11, "h": 120.609375}], "text": "Number of users in millions"}, "major_labels": {"bboxes": [{"x": 65, "y": 422.5, "w": 14.0, "h": 36.0}, {"x": 65, "y": 357.5, "w": 14.0, "h": 36.0}, {"x": 65, "y": 291.5, "w": 14.0, "h": 36.0}, {"x": 65, "y": 226.5, "w": 14.0, "h": 36.0}, {"x": 65, "y": 161.5, "w": 14.0, "h": 36.0}, {"x": 65, "y": 95.5, "w": 14.0, "h": 36.0}, {"x": 65, "y": 29.5, "w": 14.0, "h": 36.0}]}}, "x_axis": {"major_labels": {"bboxes": [{"x": 112, "y": 447, "h": 12, "w": 24.484375}, {"x": 183, "y": 447, "h": 12, "w": 24.484375}, {"x": 253, "y": 447, "h": 12, "w": 24.484375}, {"x": 322, "y": 447, "h": 12, "w": 29.470703125}, {"x": 393, "y": 447, "h": 12, "w": 29.470703125}, {"x": 463, "y": 447, "h": 12, "w": 29.470703125}, {"x": 534, "y": 447, "h": 12, "w": 29.470703125}, {"x": 605, "y": 447, "h": 12, "w": 29.470703125}, {"x": 675, "y": 447, "h": 12, "w": 29.470703125}], "values": ["2017", "2018", "2019", "2020*", "2021*", "2022*", "2023*", "2024*", "2025*"]}, "label": {}}}, "models": [{"name": {}, "bboxes": [{"x": 100, "y": 168, "w": 49, "h": 270}, {"x": 171, "y": 160, "w": 49, "h": 278}, {"x": 241, "y": 154, "w": 49, "h": 284}, {"x": 312, "y": 147, "w": 49, "h": 291}, {"x": 383, "y": 142, "w": 49, "h": 296}, {"x": 453, "y": 141, "w": 49, "h": 297}, {"x": 524, "y": 141, "w": 49, "h": 297}, {"x": 595, "y": 141, "w": 49, "h": 297}, {"x": 665, "y": 141, "w": 49, "h": 297}], "x": ["2017", "2018", "2019", "2020*", "2021*", "2022*", "2023*", "2024*", "2025*"], "y": ["41.37", "42.51", "43.53", "44.47", "45.33", "45.5", "45.52", "45.53", "45.53"], "colors": ["#2876dd", "#2876dd", "#2876dd", "#2876dd", "#2876dd", "#2876dd", "#2876dd", "#2876dd", "#2876dd"], "labels": ["2017", "2018", "2019", "2020*", "2021*", "2022*", "2023*", "2024*", "2025*"]}], "type": "v_bar"}