{"general_figure_info": {"figure_info": {"bbox": {"x": 287, "y": 35, "w": 423, "h": 340}}, "y_axis": {"label": {"bbox": [{"x": 40, "y": 108, "w": 11, "h": 193.4375}], "text": "Number of adherents"}, "major_labels": {"bboxes": [{"x": 266.5, "y": 83, "w": 22.299999999999997, "h": 212.0}, {"x": 313.5, "y": 83, "w": 22.299999999999997, "h": 212.0}, {"x": 360.5, "y": 83, "w": 22.299999999999997, "h": 212.0}, {"x": 407.5, "y": 83, "w": 22.299999999999997, "h": 212.0}, {"x": 454.5, "y": 83, "w": 22.299999999999997, "h": 212.0}, {"x": 501.5, "y": 83, "w": 22.299999999999997, "h": 212.0}, {"x": 548.5, "y": 83, "w": 22.299999999999997, "h": 212.0}, {"x": 595.5, "y": 83, "w": 22.299999999999997, "h": 212.0}, {"x": 642.5, "y": 83, "w": 22.299999999999997, "h": 212.0}, {"x": 690.5, "y": 83, "w": 22.299999999999997, "h": 212.0}]}}, "x_axis": {"major_labels": {"bboxes": [{"x": 101, "y": 48, "h": 12, "w": 173.046875}, {"x": 81, "y": 86, "h": 12, "w": 193.10205078125}, {"x": 182, "y": 123, "h": 12, "w": 92.328125}, {"x": 107, "y": 161, "h": 12, "w": 166.921875}, {"x": 183, "y": 199, "h": 12, "w": 91.09375}, {"x": 97, "y": 228, "h": 26, "w": 178.25439453125}, {"x": 126, "y": 275, "h": 12, "w": 147.984375}, {"x": 84, "y": 312, "h": 12, "w": 189.96875}, {"x": 86, "y": 342, "h": 26, "w": 188.82666015625}], "values": ["Southern Baptist Convention (SBC)", "Non-denominational Christian churches", "Assemblies of God", "Lutheran Church - Missouri Synod", "Churches of Christ", "Christian Churches and Churches of", "Seventh-day Adventist Church", "Church of God (Cleveland, Tennessee)", "All other Evangelical and Conservative"]}, "label": {}}}, "models": [{"name": {}, "bboxes": [{"x": 286, "y": 41, "w": 374, "h": 26}, {"x": 286, "y": 79, "w": 230, "h": 26}, {"x": 286, "y": 116, "w": 55, "h": 26}, {"x": 286, "y": 154, "w": 43, "h": 26}, {"x": 286, "y": 192, "w": 30, "h": 26}, {"x": 286, "y": 230, "w": 27, "h": 26}, {"x": 286, "y": 267, "w": 22, "h": 26}, {"x": 286, "y": 305, "w": 21, "h": 26}, {"x": 286, "y": 343, "w": 138, "h": 26}], "x": ["Southern Baptist Convention (SBC)", "Non-denominational Christian churches", "Assemblies of God", "Lutheran Church - Missouri Synod", "Churches of Christ", "Christian Churches and Churches of", "Seventh-day Adventist Church", "Church of God (Cleveland, Tennessee)", "All other Evangelical and Conservative"], "y": ["19 896 975", "12 241 329", "2 944 887", "2 270 921", "1 584 162", "1 453 160", "1 194 996", "1 109 992", "7 317 381"], "colors": ["#2876dd", "#2876dd", "#2876dd", "#2876dd", "#2876dd", "#2876dd", "#2876dd", "#2876dd", "#2876dd"], "labels": ["Southern Baptist Convention (SBC)", "Non-denominational Christian churches", "Assemblies of God", "Lutheran Church - Missouri Synod", "Churches of Christ", "Christian Churches and Churches of", "Seventh-day Adventist Church", "Church of God (Cleveland, Tennessee)", "All other Evangelical and Conservative"]}], "type": "h_bar"}