{"general_figure_info": {"figure_info": {"bbox": {"x": 114, "y": 35, "w": 596, "h": 750}}, "y_axis": {"label": {"bbox": [{"x": 292, "y": 816, "w": 240.6875, "h": 11}], "text": "Child deaths in the first year of life per 1,000 live births"}, "major_labels": {"bboxes": [{"x": 93.5, "y": 791, "w": 46.22222222222223, "h": 26.0}, {"x": 168.5, "y": 791, "w": 46.22222222222223, "h": 26.0}, {"x": 242.5, "y": 791, "w": 46.22222222222223, "h": 26.0}, {"x": 317.5, "y": 791, "w": 46.22222222222223, "h": 26.0}, {"x": 391.5, "y": 791, "w": 46.22222222222223, "h": 26.0}, {"x": 466.5, "y": 791, "w": 46.22222222222223, "h": 26.0}, {"x": 540.5, "y": 791, "w": 46.22222222222223, "h": 26.0}, {"x": 615.5, "y": 791, "w": 46.22222222222223, "h": 26.0}, {"x": 690.5, "y": 791, "w": 46.22222222222223, "h": 26.0}]}}, "x_axis": {"major_labels": {"bboxes": [{"x": 59, "y": 48, "h": 12, "w": 43.07763671875}, {"x": 51, "y": 85, "h": 12, "w": 50.15625}, {"x": 66, "y": 123, "h": 12, "w": 35.484375}, {"x": 62, "y": 160, "h": 12, "w": 39.140625}, {"x": 71, "y": 198, "h": 12, "w": 29.984375}, {"x": 65, "y": 235, "h": 12, "w": 36.078125}, {"x": 56, "y": 273, "h": 12, "w": 45.51611328125}, {"x": 64, "y": 310, "h": 12, "w": 37.7861328125}, {"x": 61, "y": 348, "h": 12, "w": 40.623046875}, {"x": 61, "y": 385, "h": 12, "w": 39.765625}, {"x": 60, "y": 423, "h": 12, "w": 40.984375}, {"x": 46, "y": 460, "h": 12, "w": 55.046875}, {"x": 40, "y": 498, "h": 12, "w": 62.03759765625}, {"x": 58, "y": 535, "h": 12, "w": 43.67919921875}, {"x": 56, "y": 573, "h": 12, "w": 45.123046875}, {"x": 62, "y": 610, "h": 12, "w": 40.021484375}, {"x": 73, "y": 648, "h": 12, "w": 28.140625}, {"x": 81, "y": 685, "h": 12, "w": 20.673828125}, {"x": 67, "y": 723, "h": 12, "w": 34.25}, {"x": 56, "y": 760, "h": 12, "w": 45.7353515625}], "values": ["Slovenia", "Singapore", "Iceland", "Monaco", "Japan", "Finland", "Bermuda", "Norway", "Czechia", "Sweden", "Portugal", "Hong Kong", "South Korea", "Australia", "Denmark", "Anguilla", "Spain", "Italy", "France", "Germany"]}, "label": {}}}, "models": [{"name": {}, "bboxes": [{"x": 113, "y": 41, "w": 228, "h": 26}, {"x": 113, "y": 78, "w": 232, "h": 26}, {"x": 113, "y": 116, "w": 247, "h": 26}, {"x": 113, "y": 153, "w": 265, "h": 26}, {"x": 113, "y": 191, "w": 286, "h": 26}, {"x": 113, "y": 228, "w": 320, "h": 26}, {"x": 113, "y": 266, "w": 329, "h": 26}, {"x": 113, "y": 303, "w": 349, "h": 26}, {"x": 113, "y": 341, "w": 361, "h": 26}, {"x": 113, "y": 378, "w": 365, "h": 26}, {"x": 113, "y": 416, "w": 377, "h": 26}, {"x": 113, "y": 453, "w": 386, "h": 26}, {"x": 113, "y": 491, "w": 434, "h": 26}, {"x": 113, "y": 528, "w": 454, "h": 26}, {"x": 113, "y": 566, "w": 460, "h": 26}, {"x": 113, "y": 603, "w": 463, "h": 26}, {"x": 113, "y": 641, "w": 468, "h": 26}, {"x": 113, "y": 678, "w": 468, "h": 26}, {"x": 113, "y": 716, "w": 475, "h": 26}, {"x": 113, "y": 753, "w": 483, "h": 26}], "x": ["Slovenia", "Singapore", "Iceland", "Monaco", "Japan", "Finland", "Bermuda", "Norway", "Czechia", "Sweden", "Portugal", "Hong Kong", "South Korea", "Australia", "Denmark", "Anguilla", "Spain", "Italy", "France", "Germany"], "y": ["1.53", "1.56", "1.66", "1.78", "1.92", "2.15", "2.21", "2.34", "2.42", "2.45", "2.53", "2.59", "2.91", "3.05", "3.09", "3.11", "3.14", "3.14", "3.19", "3.24"], "colors": ["#2876dd", "#2876dd", "#2876dd", "#2876dd", "#2876dd", "#2876dd", "#2876dd", "#2876dd", "#2876dd", "#2876dd", "#2876dd", "#2876dd", "#2876dd", "#2876dd", "rgb(40,118,221)", "#2876dd", "#2876dd", "#2876dd", "#2876dd", "#2876dd"], "labels": ["Slovenia", "Singapore", "Iceland", "Monaco", "Japan", "Finland", "Bermuda", "Norway", "Czechia", "Sweden", "Portugal", "Hong Kong", "South Korea", "Australia", "Denmark", "Anguilla", "Spain", "Italy", "France", "Germany"]}], "type": "h_bar"}