{"general_figure_info": {"figure_info": {"bbox": {"x": 96, "y": 45, "w": 629, "h": 392}}, "y_axis": {"label": {"bbox": [{"x": 40, "y": 169, "w": 11, "h": 144.515625}], "text": "Device unit shipments in millions"}, "major_labels": {"bboxes": [{"x": 65, "y": 422.5, "w": 21.0, "h": 23.555555555555557}, {"x": 65, "y": 373.5, "w": 21.0, "h": 23.555555555555557}, {"x": 65, "y": 324.5, "w": 21.0, "h": 23.555555555555557}, {"x": 65, "y": 275.5, "w": 21.0, "h": 23.555555555555557}, {"x": 65, "y": 226.5, "w": 21.0, "h": 23.555555555555557}, {"x": 65, "y": 177.5, "w": 21.0, "h": 23.555555555555557}, {"x": 65, "y": 128.5, "w": 21.0, "h": 23.555555555555557}, {"x": 65, "y": 79.5, "w": 21.0, "h": 23.555555555555557}, {"x": 65, "y": 29.5, "w": 21.0, "h": 23.555555555555557}]}}, "x_axis": {"major_labels": {"bboxes": [{"x": 136, "y": 447, "h": 12, "w": 24.484375}, {"x": 239, "y": 447, "h": 12, "w": 29.470703125}, {"x": 344, "y": 447, "h": 12, "w": 29.470703125}, {"x": 449, "y": 447, "h": 12, "w": 29.470703125}, {"x": 553, "y": 447, "h": 12, "w": 29.470703125}, {"x": 658, "y": 447, "h": 12, "w": 29.470703125}], "values": ["2014", "2015*", "2016*", "2017*", "2018*", "2019*"]}, "label": {}}}, "models": [{"name": {}, "bboxes": [{"x": 113, "y": 418, "w": 72, "h": 20}, {"x": 217, "y": 373, "w": 72, "h": 65}, {"x": 322, "y": 310, "w": 72, "h": 128}, {"x": 427, "y": 242, "w": 72, "h": 196}, {"x": 532, "y": 198, "w": 72, "h": 240}, {"x": 637, "y": 91, "w": 72, "h": 347}], "x": ["2014", "2015*", "2016*", "2017*", "2018*", "2019*"], "y": ["41", "132", "262", "400", "489", "709"], "colors": ["#2876dd", "#2876dd", "#2876dd", "#2876dd", "#2876dd", "#2876dd"], "labels": ["2014", "2015*", "2016*", "2017*", "2018*", "2019*"]}], "type": "v_bar"}