{"general_figure_info": {"figure_info": {"bbox": {"x": 103, "y": 45, "w": 622, "h": 392}}, "y_axis": {"label": {"bbox": [{"x": 40, "y": 179, "w": 11, "h": 123.390625}], "text": "Assets in billion U.S. dollars"}, "major_labels": {"bboxes": [{"x": 65, "y": 422.5, "w": 28.0, "h": 29.0}, {"x": 65, "y": 366.5, "w": 28.0, "h": 29.0}, {"x": 65, "y": 310.5, "w": 28.0, "h": 29.0}, {"x": 65, "y": 254.5, "w": 28.0, "h": 29.0}, {"x": 65, "y": 198.5, "w": 28.0, "h": 29.0}, {"x": 65, "y": 142.5, "w": 28.0, "h": 29.0}, {"x": 65, "y": 86.5, "w": 28.0, "h": 29.0}, {"x": 65, "y": 29.5, "w": 28.0, "h": 29.0}]}}, "x_axis": {"major_labels": {"bboxes": [{"x": 138, "y": 447, "h": 12, "w": 86.09912109375}, {"x": 271, "y": 447, "h": 12, "w": 131.46875}, {"x": 470, "y": 447, "h": 12, "w": 43.296875}, {"x": 602, "y": 447, "h": 12, "w": 91.23291015625}], "values": ["Brokerage assets", "Assets under management", "Deposits", "Loans and leases*"]}, "label": {}}}, "models": [{"name": {}, "bboxes": [{"x": 128, "y": 107, "w": 107, "h": 331}, {"x": 283, "y": 123, "w": 107, "h": 315}, {"x": 439, "y": 366, "w": 107, "h": 72}, {"x": 594, "y": 426, "w": 107, "h": 12}], "x": ["Brokerage assets", "Assets under management", "Deposits", "Loans and leases*"], "y": ["1 479.61", "1 408.47", "322.16", "51.56"], "colors": ["#2876dd", "#2876dd", "#2876dd", "#2876dd"], "labels": ["Brokerage assets", "Assets under management", "Deposits", "Loans and leases*"]}], "type": "v_bar"}