{"general_figure_info": {"figure_info": {"bbox": {"x": 113, "y": 45, "w": 612, "h": 392}}, "y_axis": {"label": {"bbox": [{"x": 40, "y": 168, "w": 11, "h": 145.640625}], "text": "Total expenditure in million euros"}, "major_labels": {"bboxes": [{"x": 65, "y": 422.5, "w": 38.0, "h": 36.0}, {"x": 65, "y": 357.5, "w": 38.0, "h": 36.0}, {"x": 65, "y": 291.5, "w": 38.0, "h": 36.0}, {"x": 65, "y": 226.5, "w": 38.0, "h": 36.0}, {"x": 65, "y": 161.5, "w": 38.0, "h": 36.0}, {"x": 65, "y": 95.5, "w": 38.0, "h": 36.0}, {"x": 65, "y": 29.5, "w": 38.0, "h": 36.0}]}}, "x_axis": {"major_labels": {"bboxes": [{"x": 129, "y": 447, "h": 12, "w": 24.484375}, {"x": 184, "y": 447, "h": 12, "w": 24.484375}, {"x": 240, "y": 447, "h": 12, "w": 23.65625}, {"x": 295, "y": 447, "h": 12, "w": 24.484375}, {"x": 351, "y": 447, "h": 12, "w": 24.484375}, {"x": 407, "y": 447, "h": 12, "w": 24.484375}, {"x": 462, "y": 447, "h": 12, "w": 24.484375}, {"x": 518, "y": 447, "h": 12, "w": 24.484375}, {"x": 574, "y": 447, "h": 12, "w": 24.484375}, {"x": 629, "y": 447, "h": 12, "w": 24.484375}, {"x": 685, "y": 447, "h": 12, "w": 24.484375}], "values": ["2009", "2010", "2011", "2012", "2013", "2014", "2015", "2016", "2017", "2018", "2019"]}, "label": {}}}, "models": [{"name": {}, "bboxes": [{"x": 122, "y": 130, "w": 39, "h": 308}, {"x": 177, "y": 116, "w": 39, "h": 322}, {"x": 233, "y": 106, "w": 39, "h": 332}, {"x": 289, "y": 102, "w": 39, "h": 336}, {"x": 344, "y": 98, "w": 39, "h": 340}, {"x": 400, "y": 95, "w": 39, "h": 343}, {"x": 456, "y": 96, "w": 39, "h": 342}, {"x": 511, "y": 94, "w": 39, "h": 344}, {"x": 567, "y": 104, "w": 39, "h": 334}, {"x": 623, "y": 99, "w": 39, "h": 339}, {"x": 678, "y": 85, "w": 39, "h": 353}], "x": ["2009", "2010", "2011", "2012", "2013", "2014", "2015", "2016", "2017", "2018", "2019"], "y": ["11 779", "12 303", "12 720", "12 869", "13 004", "13 118", "13 095", "13 158", "12 785", "12 954", "13 507"], "colors": ["#2876dd", "#2876dd", "#2876dd", "#2876dd", "#2876dd", "#2876dd", "#2876dd", "#2876dd", "#2876dd", "#2876dd", "#2876dd"], "labels": ["2009", "2010", "2011", "2012", "2013", "2014", "2015", "2016", "2017", "2018", "2019"]}], "type": "v_bar"}