{"general_figure_info": {"figure_info": {"bbox": {"x": 96, "y": 45, "w": 629, "h": 367}}, "y_axis": {"label": {"bbox": [{"x": 386, "y": 446, "w": 49.0146484375, "h": 11}], "text": "Revenue in billion U.S. dollars"}, "major_labels": {"bboxes": [{"x": 411, "y": 397.5, "w": 305.0, "h": 41.166666666666664}, {"x": 411, "y": 324.5, "w": 305.0, "h": 41.166666666666664}, {"x": 411, "y": 250.5, "w": 305.0, "h": 41.166666666666664}, {"x": 411, "y": 177.5, "w": 305.0, "h": 41.166666666666664}, {"x": 411, "y": 103.5, "w": 305.0, "h": 41.166666666666664}, {"x": 411, "y": 29.5, "w": 305.0, "h": 41.166666666666664}]}}, "x_axis": {"major_labels": {"bboxes": [{"x": 106, "y": 422, "h": 12, "w": 24.484375}, {"x": 151, "y": 422, "h": 12, "w": 24.484375}, {"x": 196, "y": 422, "h": 12, "w": 24.484375}, {"x": 241, "y": 422, "h": 12, "w": 24.484375}, {"x": 286, "y": 422, "h": 12, "w": 24.484375}, {"x": 331, "y": 422, "h": 12, "w": 24.484375}, {"x": 376, "y": 422, "h": 12, "w": 24.484375}, {"x": 421, "y": 422, "h": 12, "w": 24.484375}, {"x": 466, "y": 422, "h": 12, "w": 24.484375}, {"x": 511, "y": 422, "h": 12, "w": 24.484375}, {"x": 556, "y": 422, "h": 12, "w": 24.484375}, {"x": 600, "y": 422, "h": 12, "w": 24.484375}, {"x": 645, "y": 422, "h": 12, "w": 24.484375}, {"x": 690, "y": 422, "h": 12, "w": 24.484375}], "values": ["2012", "2013", "2014", "2015", "2016", "2017", "2018", "2019", "2020", "2021", "2022", "2023", "2024", "2025"]}, "label": {}}}, "models": [{"name": {}, "bboxes": [{"x": 103, "y": 149, "w": 31, "h": 264}, {"x": 148, "y": 151, "w": 31, "h": 262}, {"x": 193, "y": 146, "w": 31, "h": 267}, {"x": 238, "y": 142, "w": 31, "h": 271}, {"x": 283, "y": 158, "w": 31, "h": 255}, {"x": 328, "y": 150, "w": 31, "h": 263}, {"x": 373, "y": 140, "w": 31, "h": 273}, {"x": 418, "y": 130, "w": 31, "h": 283}, {"x": 463, "y": 120, "w": 31, "h": 293}, {"x": 507, "y": 115, "w": 31, "h": 298}, {"x": 552, "y": 109, "w": 31, "h": 304}, {"x": 597, "y": 106, "w": 31, "h": 307}, {"x": 642, "y": 101, "w": 31, "h": 312}, {"x": 687, "y": 97, "w": 31, "h": 316}], "x": ["2012", "2013", "2014", "2015", "2016", "2017", "2018", "2019", "2020", "2021", "2022", "2023", "2024", "2025"], "y": ["71.96", "71.28", "72.62", "73.78", "69.41", "71.79", "74.43", "77.06", "79.79", "81.23", "82.7", "83.78", "84.88", "85.98"], "colors": ["#2876dd", "#2876dd", "#2876dd", "#2876dd", "#2876dd", "#2876dd", "#2876dd", "#2876dd", "#2876dd", "#2876dd", "#2876dd", "#2876dd", "#2876dd", "#2876dd"], "labels": ["2012", "2013", "2014", "2015", "2016", "2017", "2018", "2019", "2020", "2021", "2022", "2023", "2024", "2025"]}], "type": "v_bar"}