{"models": [{"bbox": {"x": 257, "y": 198, "w": 307.2158508300781, "h": 232.13575744628906}, "color": "#bababa", "points": {"start": {"x": 555.8636144294675, "y": 198.36426973844726}, "end": {"x": 259.28415228442066, "y": 365.7399200587824}, "center": {"x": 394.0, "y": 258.0}}, "text_label": "Neutral", "value": 44.9, "text_bbox": {"x": 529, "y": 424, "w": 85, "h": 13}}, {"bbox": {"x": 220, "y": 258, "w": 171.67918395996094, "h": 107.60516357421875}, "color": "#a60b0b", "points": {"start": {"x": 259.1764797402367, "y": 365.60515036356395}, "end": {"x": 222.32082132929986, "y": 274.8080222201726}, "center": {"x": 394.0, "y": 258.0}}, "text_label": "Rather negative", "value": 9.18, "text_bbox": {"x": 53, "y": 329, "w": 135, "h": 13}}, {"bbox": {"x": 219, "y": 86, "w": 172.5, "h": 189.13616943359375}, "color": "#87bc24", "points": {"start": {"x": 222.30409914946318, "y": 274.63633466610474}, "end": {"x": 393.76040096068266, "y": 85.50016639920963}, "center": {"x": 394.0, "y": 258.0}}, "text_label": "Definitely negative", "value": 26.53, "text_bbox": {"x": 62, "y": 128, "w": 162, "h": 14}}, {"bbox": {"x": 392, "y": 85, "w": 111.66275024414062, "h": 172.5}, "color": "#2876dd", "points": {"start": {"x": 393.96486637236256, "y": 85.50000357788929}, "end": {"x": 505.62761848426896, "y": 126.48754891064308}, "center": {"x": 394.0, "y": 258.0}}, "text_label": "Definitely positive", "value": 11.22, "text_bbox": {"x": 501, "y": 76, "w": 157, "h": 14}}, {"bbox": {"x": 392, "y": 127, "w": 161.80389404296875, "h": 131.4007568359375}, "color": "#0f283e", "points": {"start": {"x": 505.75907509963497, "y": 126.5992422667428}, "end": {"x": 555.8038977773448, "y": 198.2024359688577}, "center": {"x": 394.0, "y": 258.0}}, "text_label": "Rather positive", "value": 8.16, "text_bbox": {"x": 593, "y": 146, "w": 131, "h": 15}}], "type": "pie"}