{"general_figure_info": {"figure_info": {"bbox": {"x": 191, "y": 35, "w": 519, "h": 752}}, "y_axis": {"label": {"bbox": [{"x": 377, "y": 816, "w": 146.75, "h": 11}], "text": "Brand value in billion U.S. dollars"}, "major_labels": {"bboxes": [{"x": 170.5, "y": 791, "w": 44.875, "h": 24.0}, {"x": 244.5, "y": 791, "w": 44.875, "h": 24.0}, {"x": 318.5, "y": 791, "w": 44.875, "h": 24.0}, {"x": 392.5, "y": 791, "w": 44.875, "h": 24.0}, {"x": 467.5, "y": 791, "w": 44.875, "h": 24.0}, {"x": 541.5, "y": 791, "w": 44.875, "h": 24.0}, {"x": 615.5, "y": 791, "w": 44.875, "h": 24.0}, {"x": 690.5, "y": 791, "w": 44.875, "h": 24.0}]}}, "x_axis": {"major_labels": {"bboxes": [{"x": 99, "y": 48, "h": 12, "w": 79.36376953125}, {"x": 87, "y": 85, "h": 12, "w": 91.8193359375}, {"x": 96, "y": 123, "h": 12, "w": 82.42529296875}, {"x": 111, "y": 161, "h": 12, "w": 68.1337890625}, {"x": 119, "y": 198, "h": 12, "w": 59.3125}, {"x": 70, "y": 236, "h": 12, "w": 108.91015625}, {"x": 82, "y": 273, "h": 12, "w": 96.50830078125}, {"x": 72, "y": 311, "h": 12, "w": 106.2783203125}, {"x": 97, "y": 349, "h": 12, "w": 81.818359375}, {"x": 105, "y": 386, "h": 12, "w": 73.375}, {"x": 86, "y": 424, "h": 12, "w": 92.328125}, {"x": 116, "y": 461, "h": 12, "w": 62.41455078125}, {"x": 86, "y": 499, "h": 12, "w": 92.216796875}, {"x": 99, "y": 537, "h": 12, "w": 79.970703125}, {"x": 77, "y": 574, "h": 12, "w": 101.3798828125}, {"x": 73, "y": 612, "h": 12, "w": 105.06982421875}, {"x": 108, "y": 649, "h": 12, "w": 70.20068359375}, {"x": 106, "y": 687, "h": 12, "w": 72.64990234375}, {"x": 48, "y": 725, "h": 12, "w": 129.640625}, {"x": 99, "y": 762, "h": 12, "w": 79.9921875}], "values": ["Dallas Cowboys", "New York Yankees", "New York Knicks", "FC Barcelona", "Real Madrid", "Golden State Warriors", "Los Angeles Lakers", "New England Patriots", "New York Giants", "Bayern Munich", "Manchester United", "Liverpool FC", "Los Angeles Rams", "Manchester City", "San Francisco 49ers", "Los Angeles Dodgers", "New York Jets", "Chicago Bears", "Washington Football Team", "Boston Red Sox"]}, "label": {}}}, "models": [{"name": {}, "bboxes": [{"x": 190, "y": 41, "w": 423, "h": 26}, {"x": 190, "y": 78, "w": 389, "h": 26}, {"x": 190, "y": 116, "w": 371, "h": 26}, {"x": 190, "y": 153, "w": 353, "h": 26}, {"x": 190, "y": 191, "w": 352, "h": 26}, {"x": 190, "y": 229, "w": 348, "h": 26}, {"x": 190, "y": 266, "w": 341, "h": 26}, {"x": 190, "y": 304, "w": 326, "h": 26}, {"x": 190, "y": 341, "w": 319, "h": 26}, {"x": 190, "y": 379, "w": 312, "h": 26}, {"x": 190, "y": 417, "w": 311, "h": 26}, {"x": 190, "y": 454, "w": 304, "h": 26}, {"x": 190, "y": 492, "w": 297, "h": 26}, {"x": 190, "y": 529, "w": 297, "h": 26}, {"x": 190, "y": 567, "w": 282, "h": 26}, {"x": 190, "y": 605, "w": 265, "h": 26}, {"x": 190, "y": 642, "w": 263, "h": 26}, {"x": 190, "y": 680, "w": 262, "h": 26}, {"x": 190, "y": 717, "w": 259, "h": 26}, {"x": 190, "y": 755, "w": 257, "h": 26}], "x": ["Dallas Cowboys", "New York Yankees", "New York Knicks", "FC Barcelona", "Real Madrid", "Golden State Warriors", "Los Angeles Lakers", "New England Patriots", "New York Giants", "Bayern Munich", "Manchester United", "Liverpool FC", "Los Angeles Rams", "Manchester City", "San Francisco 49ers", "Los Angeles Dodgers", "New York Jets", "Chicago Bears", "Washington Football Team", "Boston Red Sox"], "y": ["5.7", "5.25", "5", "4.76", "4.75", "4.7", "4.6", "4.4", "4.3", "4.21", "4.2", "4.1", "4", "4", "3.8", "3.57", "3.55", "3.53", "3.5", "3.47"], "colors": ["#2876dd", "#2876dd", "#2876dd", "#2876dd", "#2876dd", "#2876dd", "#2876dd", "#2876dd", "#2876dd", "#2876dd", "#2876dd", "#2876dd", "#2876dd", "#2876dd", "#2876dd", "#2876dd", "#2876dd", "#2876dd", "#2876dd", "#2876dd"], "labels": ["Dallas Cowboys", "New York Yankees", "New York Knicks", "FC Barcelona", "Real Madrid", "Golden State Warriors", "Los Angeles Lakers", "New England Patriots", "New York Giants", "Bayern Munich", "Manchester United", "Liverpool FC", "Los Angeles Rams", "Manchester City", "San Francisco 49ers", "Los Angeles Dodgers", "New York Jets", "Chicago Bears", "Washington Football Team", "Boston Red Sox"]}], "type": "h_bar"}