{"general_figure_info": {"figure_info": {"bbox": {"x": 223, "y": 35, "w": 487, "h": 540}}, "y_axis": {"label": {"bbox": [{"x": 441, "y": 606, "w": 52.1328125, "h": 11}], "text": "Index score"}, "major_labels": {"bboxes": [{"x": 202.5, "y": 581, "w": 28.700000000000003, "h": 26.0}, {"x": 256.5, "y": 581, "w": 28.700000000000003, "h": 26.0}, {"x": 310.5, "y": 581, "w": 28.700000000000003, "h": 26.0}, {"x": 364.5, "y": 581, "w": 28.700000000000003, "h": 26.0}, {"x": 418.5, "y": 581, "w": 28.700000000000003, "h": 26.0}, {"x": 473.5, "y": 581, "w": 28.700000000000003, "h": 26.0}, {"x": 527.5, "y": 581, "w": 28.700000000000003, "h": 26.0}, {"x": 581.5, "y": 581, "w": 28.700000000000003, "h": 26.0}, {"x": 635.5, "y": 581, "w": 28.700000000000003, "h": 26.0}, {"x": 690.5, "y": 581, "w": 28.700000000000003, "h": 26.0}]}}, "x_axis": {"major_labels": {"bboxes": [{"x": 55, "y": 50, "h": 12, "w": 155.60107421875}, {"x": 141, "y": 91, "h": 12, "w": 69.5830078125}, {"x": 114, "y": 133, "h": 12, "w": 96.49755859375}, {"x": 132, "y": 174, "h": 12, "w": 78.14453125}, {"x": 109, "y": 216, "h": 12, "w": 100.90625}, {"x": 165, "y": 257, "h": 12, "w": 45.25}, {"x": 134, "y": 299, "h": 12, "w": 76.92529296875}, {"x": 115, "y": 341, "h": 12, "w": 95.2783203125}, {"x": 126, "y": 382, "h": 12, "w": 84.87451171875}, {"x": 146, "y": 424, "h": 12, "w": 64.072265625}, {"x": 113, "y": 465, "h": 12, "w": 97.234375}, {"x": 171, "y": 507, "h": 12, "w": 38.53125}, {"x": 172, "y": 548, "h": 12, "w": 38.4091796875}], "values": ["Average investor-owned utilities", "Atmos Energy", "CenterPoint Energy", "NextEra Energy", "Consolidated Edison", "NiSource", "Sempra Energy", "Southern Company", "Dominion Energy", "WEC Energy", "Edison International", "Ameren", "Entergy"]}, "label": {}}}, "models": [{"name": {}, "bboxes": [{"x": 222, "y": 41, "w": 390, "h": 29}, {"x": 222, "y": 83, "w": 422, "h": 29}, {"x": 222, "y": 124, "w": 417, "h": 29}, {"x": 222, "y": 166, "w": 411, "h": 29}, {"x": 222, "y": 207, "w": 406, "h": 29}, {"x": 222, "y": 249, "w": 406, "h": 29}, {"x": 222, "y": 290, "w": 406, "h": 29}, {"x": 222, "y": 332, "w": 406, "h": 29}, {"x": 222, "y": 373, "w": 400, "h": 29}, {"x": 222, "y": 415, "w": 400, "h": 29}, {"x": 222, "y": 456, "w": 400, "h": 29}, {"x": 222, "y": 498, "w": 395, "h": 29}, {"x": 222, "y": 539, "w": 390, "h": 29}], "x": ["Average investor-owned utilities", "Atmos Energy", "CenterPoint Energy", "NextEra Energy", "Consolidated Edison", "NiSource", "Sempra Energy", "Southern Company", "Dominion Energy", "WEC Energy", "Edison International", "Ameren", "Entergy"], "y": ["72", "78", "77", "76", "75", "75", "75", "75", "74", "74", "74", "73", "72"], "colors": ["#C0C0C0", "#2876dd", "#2876dd", "#2876dd", "#2876dd", "#2876dd", "#2876dd", "#2876dd", "#2876dd", "#2876dd", "#2876dd", "#2876dd", "#2876dd"], "labels": ["Average investor-owned utilities", "Atmos Energy", "CenterPoint Energy", "NextEra Energy", "Consolidated Edison", "NiSource", "Sempra Energy", "Southern Company", "Dominion Energy", "WEC Energy", "Edison International", "Ameren", "Entergy"]}], "type": "h_bar"}