{"general_figure_info": {"figure_info": {"bbox": {"x": 81, "y": 45, "w": 644, "h": 392}}, "y_axis": {"label": {"bbox": [{"x": 40, "y": 196, "w": 11, "h": 90.59375}], "text": "Units sold in millions"}, "major_labels": {"bboxes": [{"x": 65, "y": 422.5, "w": 6.0, "h": 45.33333333333333}, {"x": 65, "y": 344.5, "w": 6.0, "h": 45.33333333333333}, {"x": 65, "y": 265.5, "w": 6.0, "h": 45.33333333333333}, {"x": 65, "y": 187.5, "w": 6.0, "h": 45.33333333333333}, {"x": 65, "y": 108.5, "w": 6.0, "h": 45.33333333333333}, {"x": 65, "y": 29.5, "w": 6.0, "h": 45.33333333333333}]}}, "x_axis": {"major_labels": {"bboxes": [{"x": 97, "y": 447, "h": 12, "w": 182.25}, {"x": 342, "y": 447, "h": 12, "w": 122.890625}, {"x": 555, "y": 447, "h": 12, "w": 124.734375}], "values": ["June 19-21, 2020 (opening weekend)", "Digital units in first month", "First seven days in Japan"]}, "label": {}}}, "models": [{"name": {}, "bboxes": [{"x": 115, "y": 124, "w": 147, "h": 314}, {"x": 330, "y": 218, "w": 147, "h": 220}, {"x": 544, "y": 424, "w": 147, "h": 14}], "x": ["June 19-21, 2020 (opening weekend)", "Digital units in first month", "First seven days in Japan"], "y": ["4", "2.8", "0.18"], "colors": ["#2876dd", "#2876dd", "#2876dd"], "labels": ["June 19-21, 2020 (opening weekend)", "Digital units in first month", "First seven days in Japan"]}], "type": "v_bar"}