{"general_figure_info": {"figure_info": {"bbox": {"x": 99, "y": 45, "w": 626, "h": 392}}, "y_axis": {"label": {"bbox": [{"x": 40, "y": 147, "w": 11, "h": 188.46875}], "text": "Crude suicide rate per 100,000 inhabitants"}, "major_labels": {"bboxes": [{"x": 65, "y": 422.5, "w": 24.0, "h": 36.0}, {"x": 65, "y": 357.5, "w": 24.0, "h": 36.0}, {"x": 65, "y": 291.5, "w": 24.0, "h": 36.0}, {"x": 65, "y": 226.5, "w": 24.0, "h": 36.0}, {"x": 65, "y": 161.5, "w": 24.0, "h": 36.0}, {"x": 65, "y": 95.5, "w": 24.0, "h": 36.0}, {"x": 65, "y": 29.5, "w": 24.0, "h": 36.0}]}}, "x_axis": {"major_labels": {"bboxes": [{"x": 165, "y": 447, "h": 12, "w": 24.484375}, {"x": 322, "y": 447, "h": 12, "w": 24.484375}, {"x": 478, "y": 447, "h": 12, "w": 24.484375}, {"x": 635, "y": 447, "h": 12, "w": 24.484375}], "values": ["2000", "2005", "2010", "2015"]}, "label": {}}}, "models": [{"name": {}, "bboxes": [{"x": 124, "y": 137, "w": 108, "h": 301}, {"x": 280, "y": 135, "w": 108, "h": 303}, {"x": 437, "y": 145, "w": 108, "h": 293}, {"x": 593, "y": 127, "w": 108, "h": 311}], "x": ["2000", "2005", "2010", "2015"], "y": ["11.5", "11.6", "11.2", "11.9"], "colors": ["#2876dd", "#2876dd", "#2876dd", "#2876dd"], "labels": ["2000", "2005", "2010", "2015"]}], "type": "v_bar"}