{"general_figure_info": {"figure_info": {"bbox": {"x": 142, "y": 35, "w": 568, "h": 380}}, "y_axis": {"label": {"bbox": [{"x": 376, "y": 446, "w": 100.609375, "h": 11}], "text": "Number of games won"}, "major_labels": {"bboxes": [{"x": 121.5, "y": 421, "w": 43.111111111111114, "h": 26.0}, {"x": 192.5, "y": 421, "w": 43.111111111111114, "h": 26.0}, {"x": 263.5, "y": 421, "w": 43.111111111111114, "h": 26.0}, {"x": 334.5, "y": 421, "w": 43.111111111111114, "h": 26.0}, {"x": 405.5, "y": 421, "w": 43.111111111111114, "h": 26.0}, {"x": 476.5, "y": 421, "w": 43.111111111111114, "h": 26.0}, {"x": 547.5, "y": 421, "w": 43.111111111111114, "h": 26.0}, {"x": 618.5, "y": 421, "w": 43.111111111111114, "h": 26.0}, {"x": 690.5, "y": 421, "w": 43.111111111111114, "h": 26.0}]}}, "x_axis": {"major_labels": {"bboxes": [{"x": 76, "y": 48, "h": 12, "w": 52.578125}, {"x": 73, "y": 86, "h": 12, "w": 56.25}, {"x": 65, "y": 124, "h": 12, "w": 63.90380859375}, {"x": 78, "y": 162, "h": 12, "w": 51.359375}, {"x": 68, "y": 200, "h": 12, "w": 60.53125}, {"x": 72, "y": 238, "h": 12, "w": 57.484375}, {"x": 73, "y": 276, "h": 12, "w": 56.25}, {"x": 48, "y": 314, "h": 12, "w": 81.22216796875}, {"x": 65, "y": 352, "h": 12, "w": 64.5537109375}, {"x": 42, "y": 390, "h": 12, "w": 87.03125}], "values": ["Joe Niekro", "Roy Oswalt", "Larry Dierker", "Mike Scott", "J.R. Richard", "Nolan Ryan", "Don Wilson", "Shane Reynolds", "Bob Knepper", "Wandy Rodriguez"]}, "label": {}}}, "models": [{"name": {}, "bboxes": [{"x": 141, "y": 41, "w": 511, "h": 26}, {"x": 141, "y": 79, "w": 508, "h": 26}, {"x": 141, "y": 117, "w": 486, "h": 26}, {"x": 141, "y": 155, "w": 390, "h": 26}, {"x": 141, "y": 193, "w": 380, "h": 26}, {"x": 141, "y": 231, "w": 376, "h": 26}, {"x": 141, "y": 269, "w": 369, "h": 26}, {"x": 141, "y": 307, "w": 366, "h": 26}, {"x": 141, "y": 345, "w": 330, "h": 26}, {"x": 141, "y": 383, "w": 284, "h": 26}], "x": ["Joe Niekro", "Roy Oswalt", "Larry Dierker", "Mike Scott", "J.R. Richard", "Nolan Ryan", "Don Wilson", "Shane Reynolds", "Bob Knepper", "Wandy Rodriguez"], "y": ["144", "143", "137", "110", "107", "106", "104", "103", "93", "80"], "colors": ["#2876dd", "#2876dd", "#2876dd", "#2876dd", "#2876dd", "#2876dd", "#2876dd", "#2876dd", "#2876dd", "#2876dd"], "labels": ["Joe Niekro", "Roy Oswalt", "Larry Dierker", "Mike Scott", "J.R. Richard", "Nolan Ryan", "Don Wilson", "Shane Reynolds", "Bob Knepper", "Wandy Rodriguez"]}], "type": "h_bar"}