{"general_figure_info": {"figure_info": {"bbox": {"x": 103, "y": 45, "w": 622, "h": 392}}, "y_axis": {"label": {"bbox": [{"x": 40, "y": 176, "w": 11, "h": 130.0625}], "text": "Number of department stores"}, "major_labels": {"bboxes": [{"x": 65, "y": 422.5, "w": 28.0, "h": 29.0}, {"x": 65, "y": 366.5, "w": 28.0, "h": 29.0}, {"x": 65, "y": 310.5, "w": 28.0, "h": 29.0}, {"x": 65, "y": 254.5, "w": 28.0, "h": 29.0}, {"x": 65, "y": 198.5, "w": 28.0, "h": 29.0}, {"x": 65, "y": 142.5, "w": 28.0, "h": 29.0}, {"x": 65, "y": 86.5, "w": 28.0, "h": 29.0}, {"x": 65, "y": 29.5, "w": 28.0, "h": 29.0}]}}, "x_axis": {"major_labels": {"bboxes": [{"x": 130, "y": 447, "h": 12, "w": 24.484375}, {"x": 207, "y": 447, "h": 12, "w": 24.484375}, {"x": 285, "y": 447, "h": 12, "w": 24.484375}, {"x": 363, "y": 447, "h": 12, "w": 24.484375}, {"x": 441, "y": 447, "h": 12, "w": 24.484375}, {"x": 518, "y": 447, "h": 12, "w": 24.484375}, {"x": 596, "y": 447, "h": 12, "w": 24.484375}, {"x": 674, "y": 447, "h": 12, "w": 24.484375}], "values": ["2012", "2013", "2014", "2015", "2016", "2017", "2018", "2019"]}, "label": {}}}, "models": [{"name": {}, "bboxes": [{"x": 115, "y": 129, "w": 54, "h": 309}, {"x": 193, "y": 132, "w": 54, "h": 306}, {"x": 271, "y": 141, "w": 54, "h": 297}, {"x": 349, "y": 152, "w": 54, "h": 286}, {"x": 426, "y": 154, "w": 54, "h": 284}, {"x": 504, "y": 194, "w": 54, "h": 244}, {"x": 582, "y": 196, "w": 54, "h": 242}, {"x": 660, "y": 201, "w": 54, "h": 237}], "x": ["2012", "2013", "2014", "2015", "2016", "2017", "2018", "2019"], "y": ["1 104", "1 094", "1 062", "1 021", "1 013", "872", "864", "846"], "colors": ["#2876dd", "#2876dd", "#2876dd", "#2876dd", "#2876dd", "#2876dd", "#2876dd", "#2876dd"], "labels": ["2012", "2013", "2014", "2015", "2016", "2017", "2018", "2019"]}], "type": "v_bar"}