{"general_figure_info": {"figure_info": {"bbox": {"x": 96, "y": 45, "w": 629, "h": 392}}, "y_axis": {"label": {"bbox": [{"x": 40, "y": 188, "w": 11, "h": 105.935546875}], "text": "Revenue in million GBP"}, "major_labels": {"bboxes": [{"x": 65, "y": 422.5, "w": 21.0, "h": 36.0}, {"x": 65, "y": 357.5, "w": 21.0, "h": 36.0}, {"x": 65, "y": 291.5, "w": 21.0, "h": 36.0}, {"x": 65, "y": 226.5, "w": 21.0, "h": 36.0}, {"x": 65, "y": 161.5, "w": 21.0, "h": 36.0}, {"x": 65, "y": 95.5, "w": 21.0, "h": 36.0}, {"x": 65, "y": 29.5, "w": 21.0, "h": 36.0}]}}, "x_axis": {"major_labels": {"bboxes": [{"x": 129, "y": 447, "h": 12, "w": 24.484375}, {"x": 219, "y": 447, "h": 12, "w": 24.484375}, {"x": 308, "y": 447, "h": 12, "w": 24.484375}, {"x": 398, "y": 447, "h": 12, "w": 24.484375}, {"x": 488, "y": 447, "h": 12, "w": 24.484375}, {"x": 578, "y": 447, "h": 12, "w": 24.484375}, {"x": 668, "y": 447, "h": 12, "w": 24.484375}], "values": ["2014", "2015", "2016", "2017", "2018", "2019", "2020"]}, "label": {}}}, "models": [{"name": {}, "bboxes": [{"x": 110, "y": 277, "w": 62, "h": 161}, {"x": 200, "y": 282, "w": 62, "h": 156}, {"x": 290, "y": 284, "w": 62, "h": 154}, {"x": 380, "y": 231, "w": 62, "h": 207}, {"x": 470, "y": 149, "w": 62, "h": 289}, {"x": 559, "y": 103, "w": 62, "h": 335}, {"x": 649, "y": 86, "w": 62, "h": 352}], "x": ["2014", "2015", "2016", "2017", "2018", "2019", "2020"], "y": ["123.5", "119.13", "118.07", "158.11", "221.3", "256.57", "269.7"], "colors": ["#2876dd", "#2876dd", "#2876dd", "#2876dd", "#2876dd", "#2876dd", "#2876dd"], "labels": ["2014", "2015", "2016", "2017", "2018", "2019", "2020"]}], "type": "v_bar"}