{"general_figure_info": {"figure_info": {"bbox": {"x": 76, "y": 35, "w": 634, "h": 1232}}, "y_axis": {"label": {"bbox": [{"x": 314, "y": 1296, "w": 157.296875, "h": 11}], "text": "Export volume in billion U.S. dollars"}, "major_labels": {"bboxes": [{"x": 55.5, "y": 1271, "w": 43.4, "h": 24.0}, {"x": 125.5, "y": 1271, "w": 43.4, "h": 24.0}, {"x": 196.5, "y": 1271, "w": 43.4, "h": 24.0}, {"x": 266.5, "y": 1271, "w": 43.4, "h": 24.0}, {"x": 337.5, "y": 1271, "w": 43.4, "h": 24.0}, {"x": 407.5, "y": 1271, "w": 43.4, "h": 24.0}, {"x": 478.5, "y": 1271, "w": 43.4, "h": 24.0}, {"x": 548.5, "y": 1271, "w": 43.4, "h": 24.0}, {"x": 619.5, "y": 1271, "w": 43.4, "h": 24.0}, {"x": 690.5, "y": 1271, "w": 43.4, "h": 24.0}]}}, "x_axis": {"major_labels": {"bboxes": [{"x": 39, "y": 46, "h": 12, "w": 24.484375}, {"x": 39, "y": 80, "h": 12, "w": 24.484375}, {"x": 39, "y": 115, "h": 12, "w": 24.484375}, {"x": 39, "y": 149, "h": 12, "w": 24.484375}, {"x": 39, "y": 183, "h": 12, "w": 24.484375}, {"x": 39, "y": 217, "h": 12, "w": 24.484375}, {"x": 39, "y": 251, "h": 12, "w": 24.484375}, {"x": 39, "y": 286, "h": 12, "w": 24.484375}, {"x": 39, "y": 320, "h": 12, "w": 24.484375}, {"x": 39, "y": 354, "h": 12, "w": 23.65625}, {"x": 39, "y": 388, "h": 12, "w": 24.484375}, {"x": 39, "y": 423, "h": 12, "w": 24.484375}, {"x": 39, "y": 457, "h": 12, "w": 24.484375}, {"x": 39, "y": 491, "h": 12, "w": 24.484375}, {"x": 39, "y": 525, "h": 12, "w": 24.484375}, {"x": 39, "y": 559, "h": 12, "w": 24.484375}, {"x": 39, "y": 594, "h": 12, "w": 24.484375}, {"x": 39, "y": 628, "h": 12, "w": 24.484375}, {"x": 39, "y": 662, "h": 12, "w": 24.484375}, {"x": 39, "y": 696, "h": 12, "w": 24.484375}, {"x": 39, "y": 731, "h": 12, "w": 24.484375}, {"x": 39, "y": 765, "h": 12, "w": 24.484375}, {"x": 39, "y": 799, "h": 12, "w": 24.484375}, {"x": 39, "y": 833, "h": 12, "w": 24.484375}, {"x": 39, "y": 867, "h": 12, "w": 24.484375}, {"x": 39, "y": 902, "h": 12, "w": 24.484375}, {"x": 39, "y": 936, "h": 12, "w": 24.484375}, {"x": 39, "y": 970, "h": 12, "w": 24.484375}, {"x": 39, "y": 1004, "h": 12, "w": 24.484375}, {"x": 39, "y": 1039, "h": 12, "w": 24.484375}, {"x": 39, "y": 1073, "h": 12, "w": 24.484375}, {"x": 39, "y": 1107, "h": 12, "w": 24.484375}, {"x": 39, "y": 1141, "h": 12, "w": 24.484375}, {"x": 39, "y": 1175, "h": 12, "w": 24.484375}, {"x": 39, "y": 1210, "h": 12, "w": 24.484375}, {"x": 39, "y": 1244, "h": 12, "w": 24.484375}], "values": ["2020", "2019", "2018", "2017", "2016", "2015", "2014", "2013", "2012", "2011", "2010", "2009", "2008", "2007", "2006", "2005", "2004", "2003", "2002", "2001", "2000", "1999", "1998", "1997", "1996", "1995", "1994", "1993", "1992", "1991", "1990", "1989", "1988", "1987", "1986", "1985"]}, "label": {}}}, "models": [{"name": {}, "bboxes": [{"x": 75, "y": 40, "w": 452, "h": 24}, {"x": 75, "y": 74, "w": 524, "h": 24}, {"x": 75, "y": 108, "w": 529, "h": 24}, {"x": 75, "y": 142, "w": 476, "h": 24}, {"x": 75, "y": 177, "w": 446, "h": 24}, {"x": 75, "y": 211, "w": 440, "h": 24}, {"x": 75, "y": 245, "w": 471, "h": 24}, {"x": 75, "y": 279, "w": 460, "h": 24}, {"x": 75, "y": 314, "w": 493, "h": 24}, {"x": 75, "y": 348, "w": 464, "h": 24}, {"x": 75, "y": 382, "w": 426, "h": 24}, {"x": 75, "y": 416, "w": 360, "h": 24}, {"x": 75, "y": 450, "w": 459, "h": 24}, {"x": 75, "y": 485, "w": 431, "h": 24}, {"x": 75, "y": 519, "w": 412, "h": 24}, {"x": 75, "y": 553, "w": 385, "h": 24}, {"x": 75, "y": 587, "w": 377, "h": 24}, {"x": 75, "y": 622, "w": 366, "h": 24}, {"x": 75, "y": 656, "w": 362, "h": 24}, {"x": 75, "y": 690, "w": 405, "h": 24}, {"x": 75, "y": 724, "w": 457, "h": 24}, {"x": 75, "y": 758, "w": 405, "h": 24}, {"x": 75, "y": 793, "w": 407, "h": 24}, {"x": 75, "y": 827, "w": 462, "h": 24}, {"x": 75, "y": 861, "w": 476, "h": 24}, {"x": 75, "y": 895, "w": 453, "h": 24}, {"x": 75, "y": 930, "w": 377, "h": 24}, {"x": 75, "y": 964, "w": 337, "h": 24}, {"x": 75, "y": 998, "w": 337, "h": 24}, {"x": 75, "y": 1032, "w": 339, "h": 24}, {"x": 75, "y": 1066, "w": 342, "h": 24}, {"x": 75, "y": 1101, "w": 313, "h": 24}, {"x": 75, "y": 1135, "w": 266, "h": 24}, {"x": 75, "y": 1169, "w": 199, "h": 24}, {"x": 75, "y": 1203, "w": 189, "h": 24}, {"x": 75, "y": 1238, "w": 159, "h": 24}], "x": ["2020", "2019", "2018", "2017", "2016", "2015", "2014", "2013", "2012", "2011", "2010", "2009", "2008", "2007", "2006", "2005", "2004", "2003", "2002", "2001", "2000", "1999", "1998", "1997", "1996", "1995", "1994", "1993", "1992", "1991", "1990", "1989", "1988", "1987", "1986", "1985"], "y": ["64.1", "74.38", "75.15", "67.6", "63.25", "62.39", "66.89", "65.24", "69.98", "65.8", "60.47", "51.13", "65.14", "61.16", "58.46", "54.68", "53.57", "52", "51.45", "57.45", "64.92", "57.47", "57.83", "65.55", "67.61", "64.34", "53.49", "47.89", "47.81", "48.13", "48.58", "44.49", "37.73", "28.25", "26.88", "22.63"], "colors": ["#2876dd", "#2876dd", "#2876dd", "#2876dd", "#2876dd", "#2876dd", "#2876dd", "#2876dd", "#2876dd", "#2876dd", "#2876dd", "#2876dd", "#2876dd", "#2876dd", "#2876dd", "#2876dd", "#2876dd", "#2876dd", "#2876dd", "#2876dd", "#2876dd", "#2876dd", "#2876dd", "#2876dd", "#2876dd", "#2876dd", "#2876dd", "#2876dd", "#2876dd", "#2876dd", "#2876dd", "#2876dd", "#2876dd", "#2876dd", "#2876dd", "#2876dd"], "labels": ["2020", "2019", "2018", "2017", "2016", "2015", "2014", "2013", "2012", "2011", "2010", "2009", "2008", "2007", "2006", "2005", "2004", "2003", "2002", "2001", "2000", "1999", "1998", "1997", "1996", "1995", "1994", "1993", "1992", "1991", "1990", "1989", "1988", "1987", "1986", "1985"]}], "type": "h_bar"}