{"general_figure_info": {"figure_info": {"bbox": {"x": 96, "y": 45, "w": 629, "h": 392}}, "y_axis": {"label": {"bbox": [{"x": 40, "y": 201, "w": 11, "h": 80.609375}], "text": "Share of net sales"}, "major_labels": {"bboxes": [{"x": 65, "y": 422.5, "w": 21.0, "h": 29.0}, {"x": 65, "y": 366.5, "w": 21.0, "h": 29.0}, {"x": 65, "y": 310.5, "w": 21.0, "h": 29.0}, {"x": 65, "y": 254.5, "w": 21.0, "h": 29.0}, {"x": 65, "y": 198.5, "w": 21.0, "h": 29.0}, {"x": 65, "y": 142.5, "w": 21.0, "h": 29.0}, {"x": 65, "y": 86.5, "w": 21.0, "h": 29.0}, {"x": 65, "y": 29.5, "w": 21.0, "h": 29.0}]}}, "x_axis": {"major_labels": {"bboxes": [{"x": 152, "y": 447, "h": 12, "w": 99.14453125}, {"x": 355, "y": 447, "h": 12, "w": 112.0029296875}, {"x": 572, "y": 447, "h": 12, "w": 97.92529296875}], "values": ["Jewelry Collections*", "Engagement Jewelry**", "Designer Jewelry***"]}, "label": {}}}, "models": [{"name": {}, "bboxes": [{"x": 129, "y": 129, "w": 144, "h": 308}, {"x": 339, "y": 291, "w": 144, "h": 146}, {"x": 547, "y": 371, "w": 144, "h": 67}], "x": ["Jewelry Collections*", "Engagement Jewelry**", "Designer Jewelry***"], "y": ["55%", "26%", "12%"], "colors": ["#2876dd", "#2876dd", "#2876dd"], "labels": ["Jewelry Collections*", "Engagement Jewelry**", "Designer Jewelry***"]}], "type": "v_bar"}