{"general_figure_info": {"figure_info": {"bbox": {"x": 100, "y": 45, "w": 625, "h": 267}}, "y_axis": {"label": {"bbox": [{"x": 40, "y": 105, "w": 11, "h": 146.71875}], "text": "Net income in million U.S. dollars"}, "major_labels": {"bboxes": [{"x": 65, "y": 297.5, "w": 25.0, "h": 24.5}, {"x": 65, "y": 244.5, "w": 25.0, "h": 24.5}, {"x": 65, "y": 190.5, "w": 25.0, "h": 24.5}, {"x": 65, "y": 137.5, "w": 25.0, "h": 24.5}, {"x": 65, "y": 83.5, "w": 25.0, "h": 24.5}, {"x": 65, "y": 29.5, "w": 25.0, "h": 24.5}]}}, "x_axis": {"major_labels": {"bboxes": [{"x": 51, "y": 325, "h": 80.9637451171875, "w": 80.96372985839844}, {"x": 41, "y": 325, "h": 121.77703857421875, "w": 121.77705383300781}, {"x": 80, "y": 325, "h": 121.77703857421875, "w": 121.77705383300781}, {"x": 119, "y": 325, "h": 121.77703857421875, "w": 121.77705383300781}, {"x": 161, "y": 324, "h": 119.24798583984375, "w": 119.24797058105469}, {"x": 282, "y": 325, "h": 37.1783447265625, "w": 37.1783447265625}, {"x": 320, "y": 325, "h": 37.75286865234375, "w": 37.75286865234375}, {"x": 359, "y": 325, "h": 37.75286865234375, "w": 37.75286865234375}, {"x": 398, "y": 325, "h": 37.75286865234375, "w": 37.75286865234375}, {"x": 437, "y": 325, "h": 37.75286865234375, "w": 37.75286865234375}, {"x": 476, "y": 325, "h": 37.75286865234375, "w": 37.75286865234375}, {"x": 515, "y": 325, "h": 37.75286865234375, "w": 37.752838134765625}, {"x": 555, "y": 325, "h": 37.75286865234375, "w": 37.75286865234375}, {"x": 594, "y": 325, "h": 37.75286865234375, "w": 37.75286865234375}, {"x": 633, "y": 325, "h": 37.75286865234375, "w": 37.75286865234375}, {"x": 672, "y": 325, "h": 37.75286865234375, "w": 37.75286865234375}], "values": ["November 2005 to", "November 2006 to October 2007", "November 2007 to October 2008", "November 2008 to October 2009", "November 2009 to March 2010*", "FY 2011", "FY 2012", "FY 2013", "FY 2014", "FY 2015", "FY 2016", "FY 2017", "FY 2018", "FY 2019", "FY 2020", "FY 2021"]}, "label": {}}}, "models": [{"name": {}, "bboxes": [{"x": 106, "y": 206, "w": 27, "h": 40}, {"x": 145, "y": 206, "w": 27, "h": 30}, {"x": 184, "y": 185, "w": 27, "h": 21}, {"x": 223, "y": 206, "w": 27, "h": 30}, {"x": 262, "y": 206, "w": 27, "h": 6}, {"x": 301, "y": 196, "w": 27, "h": 10}, {"x": 341, "y": 206, "w": 27, "h": 23}, {"x": 380, "y": 206, "w": 27, "h": 6}, {"x": 419, "y": 129, "w": 27, "h": 77}, {"x": 458, "y": 206, "w": 27, "h": 60}, {"x": 497, "y": 206, "w": 27, "h": 2}, {"x": 536, "y": 192, "w": 27, "h": 14}, {"x": 575, "y": 169, "w": 27, "h": 37}, {"x": 614, "y": 135, "w": 27, "h": 71}, {"x": 653, "y": 120, "w": 27, "h": 86}, {"x": 692, "y": 80, "w": 27, "h": 126}], "x": ["November 2005 to", "November 2006 to October 2007", "November 2007 to October 2008", "November 2008 to October 2009", "November 2009 to March 2010*", "FY 2011", "FY 2012", "FY 2013", "FY 2014", "FY 2015", "FY 2016", "FY 2017", "FY 2018", "FY 2019", "FY 2020", "FY 2021"], "y": ["-184.89", "-138.41", "97.1", "-140.45", "-28.8", "48.46", "-108.82", "-29.49", "361.61", "-279.47", "-8.3", "67.3", "173.53", "333.84", "404.46", "588.89"], "colors": ["#2876dd", "#2876dd", "#2876dd", "#2876dd", "#2876dd", "#2876dd", "#2876dd", "#2876dd", "#2876dd", "#2876dd", "#2876dd", "#2876dd", "#2876dd", "#2876dd", "#2876dd", "#2876dd"], "labels": ["November 2005 to", "November 2006 to October 2007", "November 2007 to October 2008", "November 2008 to October 2009", "November 2009 to March 2010*", "FY 2011", "FY 2012", "FY 2013", "FY 2014", "FY 2015", "FY 2016", "FY 2017", "FY 2018", "FY 2019", "FY 2020", "FY 2021"]}], "type": "v_bar"}