{"general_figure_info": {"figure_info": {"bbox": {"x": 89, "y": 45, "w": 636, "h": 392}}, "y_axis": {"label": {"bbox": [{"x": 40, "y": 165, "w": 11, "h": 151.578125}], "text": "Working age population in millions"}, "major_labels": {"bboxes": [{"x": 65, "y": 422.5, "w": 14.0, "h": 19.200000000000003}, {"x": 65, "y": 378.5, "w": 14.0, "h": 19.200000000000003}, {"x": 65, "y": 335.5, "w": 14.0, "h": 19.200000000000003}, {"x": 65, "y": 291.5, "w": 14.0, "h": 19.200000000000003}, {"x": 65, "y": 248.5, "w": 14.0, "h": 19.200000000000003}, {"x": 65, "y": 204.5, "w": 14.0, "h": 19.200000000000003}, {"x": 65, "y": 161.5, "w": 14.0, "h": 19.200000000000003}, {"x": 65, "y": 117.5, "w": 14.0, "h": 19.200000000000003}, {"x": 65, "y": 74.5, "w": 14.0, "h": 19.200000000000003}, {"x": 65, "y": 29.5, "w": 14.0, "h": 19.200000000000003}]}}, "x_axis": {"major_labels": {"bboxes": [{"x": 106, "y": 447, "h": 12, "w": 24.484375}, {"x": 164, "y": 447, "h": 12, "w": 23.65625}, {"x": 221, "y": 447, "h": 12, "w": 24.484375}, {"x": 279, "y": 447, "h": 12, "w": 24.484375}, {"x": 337, "y": 447, "h": 12, "w": 24.484375}, {"x": 395, "y": 447, "h": 12, "w": 24.484375}, {"x": 453, "y": 447, "h": 12, "w": 24.484375}, {"x": 510, "y": 447, "h": 12, "w": 24.484375}, {"x": 568, "y": 447, "h": 12, "w": 24.484375}, {"x": 626, "y": 447, "h": 12, "w": 24.484375}, {"x": 684, "y": 447, "h": 12, "w": 24.484375}], "values": ["2010", "2011", "2012", "2013", "2014", "2015", "2016", "2017", "2018", "2019", "2020"]}, "label": {}}}, "models": [{"name": {}, "bboxes": [{"x": 98, "y": 152, "w": 40, "h": 286}, {"x": 156, "y": 145, "w": 40, "h": 293}, {"x": 214, "y": 141, "w": 40, "h": 297}, {"x": 272, "y": 139, "w": 40, "h": 299}, {"x": 329, "y": 136, "w": 40, "h": 302}, {"x": 387, "y": 134, "w": 40, "h": 304}, {"x": 445, "y": 129, "w": 40, "h": 309}, {"x": 503, "y": 125, "w": 40, "h": 313}, {"x": 561, "y": 122, "w": 40, "h": 316}, {"x": 618, "y": 118, "w": 40, "h": 320}, {"x": 676, "y": 115, "w": 40, "h": 323}], "x": ["2010", "2011", "2012", "2013", "2014", "2015", "2016", "2017", "2018", "2019", "2020"], "y": ["65.71", "67.38", "68.19", "68.69", "69.34", "69.74", "70.94", "71.89", "72.59", "73.39", "74.18"], "colors": ["#2876dd", "#2876dd", "#2876dd", "#2876dd", "#2876dd", "#2876dd", "#2876dd", "#2876dd", "#2876dd", "#2876dd", "#2876dd"], "labels": ["2010", "2011", "2012", "2013", "2014", "2015", "2016", "2017", "2018", "2019", "2020"]}], "type": "v_bar"}