{"general_figure_info": {"figure_info": {"bbox": {"x": 139, "y": 35, "w": 571, "h": 380}}, "y_axis": {"label": {"bbox": [{"x": 342, "y": 446, "w": 165.0625, "h": 11}], "text": "Number of desktop visitors in millions"}, "major_labels": {"bboxes": [{"x": 118.5, "y": 421, "w": 51.375, "h": 26.0}, {"x": 200.5, "y": 421, "w": 51.375, "h": 26.0}, {"x": 281.5, "y": 421, "w": 51.375, "h": 26.0}, {"x": 363.5, "y": 421, "w": 51.375, "h": 26.0}, {"x": 444.5, "y": 421, "w": 51.375, "h": 26.0}, {"x": 526.5, "y": 421, "w": 51.375, "h": 26.0}, {"x": 607.5, "y": 421, "w": 51.375, "h": 26.0}, {"x": 690.5, "y": 421, "w": 51.375, "h": 26.0}]}}, "x_axis": {"major_labels": {"bboxes": [{"x": 86, "y": 48, "h": 12, "w": 40.359375}, {"x": 85, "y": 86, "h": 12, "w": 40.546875}, {"x": 101, "y": 124, "h": 12, "w": 25.572265625}, {"x": 42, "y": 162, "h": 12, "w": 83.765625}, {"x": 83, "y": 200, "h": 12, "w": 42.8125}, {"x": 95, "y": 238, "h": 12, "w": 30.578125}, {"x": 58, "y": 276, "h": 12, "w": 67.875}, {"x": 82, "y": 314, "h": 12, "w": 44.521484375}, {"x": 105, "y": 352, "h": 12, "w": 21.89306640625}, {"x": 96, "y": 390, "h": 12, "w": 30.1162109375}], "values": ["Amazon", "Walmart", "eBay", "The Home Depot", "Groupon", "Target", "Coupons.com", "Best Buy", "Etsy", "Kohl's"]}, "label": {}}}, "models": [{"name": {}, "bboxes": [{"x": 138, "y": 41, "w": 498, "h": 26}, {"x": 138, "y": 79, "w": 241, "h": 26}, {"x": 138, "y": 117, "w": 220, "h": 26}, {"x": 138, "y": 155, "w": 147, "h": 26}, {"x": 138, "y": 193, "w": 131, "h": 26}, {"x": 138, "y": 231, "w": 118, "h": 26}, {"x": 138, "y": 269, "w": 118, "h": 26}, {"x": 138, "y": 307, "w": 106, "h": 26}, {"x": 138, "y": 345, "w": 86, "h": 26}, {"x": 138, "y": 383, "w": 73, "h": 26}], "x": ["Amazon", "Walmart", "eBay", "The Home Depot", "Groupon", "Target", "Coupons.com", "Best Buy", "Etsy", "Kohl's"], "y": ["122", "59", "54", "36", "32", "29", "29", "26", "21", "18"], "colors": ["#2876dd", "#2876dd", "#2876dd", "#2876dd", "#2876dd", "#2876dd", "#2876dd", "#2876dd", "#2876dd", "#2876dd"], "labels": ["Amazon", "Walmart", "eBay", "The Home Depot", "Groupon", "Target", "Coupons.com", "Best Buy", "Etsy", "Kohl's"]}], "type": "h_bar"}