{"general_figure_info": {"figure_info": {"bbox": {"x": 106, "y": 45, "w": 619, "h": 392}}, "y_axis": {"label": {"bbox": [{"x": 40, "y": 161, "w": 11, "h": 159.0634765625}], "text": "Consumption in million U.S. dollars*"}, "major_labels": {"bboxes": [{"x": 65, "y": 422.5, "w": 31.0, "h": 45.33333333333333}, {"x": 65, "y": 344.5, "w": 31.0, "h": 45.33333333333333}, {"x": 65, "y": 265.5, "w": 31.0, "h": 45.33333333333333}, {"x": 65, "y": 187.5, "w": 31.0, "h": 45.33333333333333}, {"x": 65, "y": 108.5, "w": 31.0, "h": 45.33333333333333}, {"x": 65, "y": 29.5, "w": 31.0, "h": 45.33333333333333}]}}, "x_axis": {"major_labels": {"bboxes": [{"x": 125, "y": 447, "h": 12, "w": 24.484375}, {"x": 187, "y": 447, "h": 12, "w": 23.65625}, {"x": 249, "y": 447, "h": 12, "w": 24.484375}, {"x": 310, "y": 447, "h": 12, "w": 24.484375}, {"x": 372, "y": 447, "h": 12, "w": 24.484375}, {"x": 434, "y": 447, "h": 12, "w": 24.484375}, {"x": 496, "y": 447, "h": 12, "w": 24.484375}, {"x": 558, "y": 447, "h": 12, "w": 24.484375}, {"x": 620, "y": 447, "h": 12, "w": 24.484375}, {"x": 682, "y": 447, "h": 12, "w": 24.484375}], "values": ["2010", "2011", "2012", "2013", "2014", "2015", "2016", "2017", "2018", "2019"]}, "label": {}}}, "models": [{"name": {}, "bboxes": [{"x": 116, "y": 231, "w": 43, "h": 207}, {"x": 178, "y": 211, "w": 43, "h": 227}, {"x": 240, "y": 211, "w": 43, "h": 227}, {"x": 301, "y": 182, "w": 43, "h": 256}, {"x": 363, "y": 172, "w": 43, "h": 266}, {"x": 425, "y": 138, "w": 43, "h": 300}, {"x": 487, "y": 140, "w": 43, "h": 298}, {"x": 549, "y": 186, "w": 43, "h": 252}, {"x": 611, "y": 132, "w": 43, "h": 306}, {"x": 673, "y": 162, "w": 43, "h": 276}], "x": ["2010", "2011", "2012", "2013", "2014", "2015", "2016", "2017", "2018", "2019"], "y": ["527", "578.4", "578", "653.2", "679.6", "765.8", "759.9", "643.9", "779.7", "703.2"], "colors": ["#2876dd", "#2876dd", "#2876dd", "#2876dd", "#2876dd", "#2876dd", "#2876dd", "#2876dd", "#2876dd", "#2876dd"], "labels": ["2010", "2011", "2012", "2013", "2014", "2015", "2016", "2017", "2018", "2019"]}], "type": "v_bar"}