{"general_figure_info": {"figure_info": {"bbox": {"x": 199, "y": 35, "w": 511, "h": 602}}, "y_axis": {"label": {"bbox": [{"x": 377, "y": 666, "w": 155.671875, "h": 11}], "text": "HIV infections per 1,000 population"}, "major_labels": {"bboxes": [{"x": 178.5, "y": 641, "w": 36.77777777777778, "h": 24.0}, {"x": 242.5, "y": 641, "w": 36.77777777777778, "h": 24.0}, {"x": 306.5, "y": 641, "w": 36.77777777777778, "h": 24.0}, {"x": 370.5, "y": 641, "w": 36.77777777777778, "h": 24.0}, {"x": 434.5, "y": 641, "w": 36.77777777777778, "h": 24.0}, {"x": 497.5, "y": 641, "w": 36.77777777777778, "h": 24.0}, {"x": 561.5, "y": 641, "w": 36.77777777777778, "h": 24.0}, {"x": 625.5, "y": 641, "w": 36.77777777777778, "h": 24.0}, {"x": 690.5, "y": 641, "w": 36.77777777777778, "h": 24.0}]}}, "x_axis": {"major_labels": {"bboxes": [{"x": 147, "y": 49, "h": 12, "w": 39.15625}, {"x": 145, "y": 89, "h": 12, "w": 40.96875}, {"x": 138, "y": 129, "h": 12, "w": 49.18994140625}, {"x": 123, "y": 169, "h": 12, "w": 62.984375}, {"x": 98, "y": 210, "h": 12, "w": 88.94140625}, {"x": 127, "y": 250, "h": 12, "w": 60.1953125}, {"x": 149, "y": 290, "h": 12, "w": 37.5615234375}, {"x": 146, "y": 330, "h": 12, "w": 41.22998046875}, {"x": 135, "y": 370, "h": 12, "w": 50.75}, {"x": 152, "y": 410, "h": 12, "w": 34.234375}, {"x": 154, "y": 450, "h": 12, "w": 32.421875}, {"x": 122, "y": 491, "h": 12, "w": 63.625}, {"x": 49, "y": 531, "h": 12, "w": 137.6572265625}, {"x": 147, "y": 571, "h": 12, "w": 39.41455078125}, {"x": 114, "y": 611, "h": 12, "w": 72.15625}], "values": ["Lesotho", "Eswatini", "Botswana", "Mozambique", "Equatorial Guinea", "South Africa", "Zambia", "Namibia", "Zimbabwe", "Malawi", "Congo", "South Sudan", "United Republic of Tanzania", "Uganda", "Guinea-Bissau"]}, "label": {}}}, "models": [{"name": {}, "bboxes": [{"x": 198, "y": 41, "w": 411, "h": 28}, {"x": 198, "y": 81, "w": 313, "h": 28}, {"x": 198, "y": 121, "w": 305, "h": 28}, {"x": 198, "y": 161, "w": 299, "h": 28}, {"x": 198, "y": 201, "w": 259, "h": 28}, {"x": 198, "y": 241, "w": 254, "h": 28}, {"x": 198, "y": 282, "w": 202, "h": 28}, {"x": 198, "y": 322, "w": 198, "h": 28}, {"x": 198, "y": 362, "w": 179, "h": 28}, {"x": 198, "y": 402, "w": 124, "h": 28}, {"x": 198, "y": 442, "w": 99, "h": 28}, {"x": 198, "y": 482, "w": 96, "h": 28}, {"x": 198, "y": 522, "w": 93, "h": 28}, {"x": 198, "y": 563, "w": 88, "h": 28}, {"x": 198, "y": 603, "w": 73, "h": 28}], "x": ["Lesotho", "Eswatini", "Botswana", "Mozambique", "Equatorial Guinea", "South Africa", "Zambia", "Namibia", "Zimbabwe", "Malawi", "Congo", "South Sudan", "United Republic of Tanzania", "Uganda", "Guinea-Bissau"], "y": ["6.43", "4.9", "4.78", "4.68", "4.06", "3.98", "3.17", "3.1", "2.81", "1.94", "1.55", "1.5", "1.46", "1.38", "1.15"], "colors": ["#2876dd", "#2876dd", "#2876dd", "#2876dd", "#2876dd", "#2876dd", "#2876dd", "#2876dd", "#2876dd", "#2876dd", "#2876dd", "#2876dd", "#2876dd", "#2876dd", "#2876dd"], "labels": ["Lesotho", "Eswatini", "Botswana", "Mozambique", "Equatorial Guinea", "South Africa", "Zambia", "Namibia", "Zimbabwe", "Malawi", "Congo", "South Sudan", "United Republic of Tanzania", "Uganda", "Guinea-Bissau"]}], "type": "h_bar"}