{"general_figure_info": {"figure_info": {"bbox": {"x": 99, "y": 45, "w": 626, "h": 392}}, "y_axis": {"label": {"bbox": [{"x": 40, "y": 151, "w": 11, "h": 180.7431640625}], "text": "Costs in U.S. dollars per megawatt hour*"}, "major_labels": {"bboxes": [{"x": 65, "y": 422.5, "w": 24.0, "h": 29.0}, {"x": 65, "y": 366.5, "w": 24.0, "h": 29.0}, {"x": 65, "y": 310.5, "w": 24.0, "h": 29.0}, {"x": 65, "y": 254.5, "w": 24.0, "h": 29.0}, {"x": 65, "y": 198.5, "w": 24.0, "h": 29.0}, {"x": 65, "y": 142.5, "w": 24.0, "h": 29.0}, {"x": 65, "y": 86.5, "w": 24.0, "h": 29.0}, {"x": 65, "y": 29.5, "w": 24.0, "h": 29.0}]}}, "x_axis": {"major_labels": {"bboxes": [{"x": 115, "y": 447, "h": 12, "w": 24.484375}, {"x": 172, "y": 447, "h": 12, "w": 24.484375}, {"x": 229, "y": 447, "h": 12, "w": 24.484375}, {"x": 286, "y": 447, "h": 12, "w": 24.484375}, {"x": 343, "y": 447, "h": 12, "w": 23.65625}, {"x": 400, "y": 447, "h": 12, "w": 24.484375}, {"x": 457, "y": 447, "h": 12, "w": 24.484375}, {"x": 514, "y": 447, "h": 12, "w": 24.484375}, {"x": 570, "y": 447, "h": 12, "w": 24.484375}, {"x": 627, "y": 447, "h": 12, "w": 24.484375}, {"x": 684, "y": 447, "h": 12, "w": 24.484375}], "values": ["2002", "2004", "2007", "2010", "2011", "2012", "2015", "2016", "2017", "2018", "2019"]}, "label": {}}}, "models": [{"name": "line", "bboxes": [{"x": 128, "y": 397, "w": 57, "h": 30}, {"x": 185, "y": 397, "w": 57, "h": 25}, {"x": 242, "y": 218, "w": 57, "h": 204}, {"x": 299, "y": 159, "w": 57, "h": 59}, {"x": 356, "y": 112, "w": 57, "h": 47}, {"x": 413, "y": 112, "w": 56, "h": 137}, {"x": 469, "y": 249, "w": 57, "h": 52}, {"x": 526, "y": 301, "w": 57, "h": 24}, {"x": 583, "y": 325, "w": 57, "h": 48}, {"x": 640, "y": 373, "w": 57, "h": 56}], "x": ["2002", "2004", "2007", "2010", "2011", "2012", "2015", "2016", "2017", "2018", "2019"], "y": ["30.5", "31.82", "30.73", "39.83", "42.47", "44.57", "38.45", "36.11", "35.03", "32.91", "30.41"], "label": " ", "color": "#2876dd"}], "type": "line"}