{"general_figure_info": {"figure_info": {"bbox": {"x": 131, "y": 45, "w": 594, "h": 392}}, "y_axis": {"label": {"bbox": [{"x": 40, "y": 196, "w": 11, "h": 90.046875}], "text": "Number of residents"}, "major_labels": {"bboxes": [{"x": 65, "y": 422.5, "w": 56.0, "h": 36.0}, {"x": 65, "y": 357.5, "w": 56.0, "h": 36.0}, {"x": 65, "y": 291.5, "w": 56.0, "h": 36.0}, {"x": 65, "y": 226.5, "w": 56.0, "h": 36.0}, {"x": 65, "y": 161.5, "w": 56.0, "h": 36.0}, {"x": 65, "y": 95.5, "w": 56.0, "h": 36.0}, {"x": 65, "y": 29.5, "w": 56.0, "h": 36.0}]}}, "x_axis": {"major_labels": {"bboxes": [{"x": 148, "y": 447, "h": 12, "w": 24.484375}, {"x": 208, "y": 447, "h": 12, "w": 23.65625}, {"x": 267, "y": 447, "h": 12, "w": 24.484375}, {"x": 327, "y": 447, "h": 12, "w": 24.484375}, {"x": 386, "y": 447, "h": 12, "w": 24.484375}, {"x": 445, "y": 447, "h": 12, "w": 24.484375}, {"x": 505, "y": 447, "h": 12, "w": 24.484375}, {"x": 564, "y": 447, "h": 12, "w": 24.484375}, {"x": 624, "y": 447, "h": 12, "w": 24.484375}, {"x": 683, "y": 447, "h": 12, "w": 24.484375}], "values": ["2010", "2011", "2012", "2013", "2014", "2015", "2016", "2017", "2018", "2019"]}, "label": {}}}, "models": [{"name": {}, "bboxes": [{"x": 140, "y": 144, "w": 41, "h": 294}, {"x": 200, "y": 140, "w": 41, "h": 298}, {"x": 259, "y": 135, "w": 41, "h": 303}, {"x": 319, "y": 130, "w": 41, "h": 308}, {"x": 378, "y": 124, "w": 41, "h": 314}, {"x": 437, "y": 118, "w": 41, "h": 320}, {"x": 497, "y": 111, "w": 41, "h": 327}, {"x": 556, "y": 105, "w": 41, "h": 333}, {"x": 616, "y": 99, "w": 41, "h": 339}, {"x": 675, "y": 93, "w": 41, "h": 345}], "x": ["2010", "2011", "2012", "2013", "2014", "2015", "2016", "2017", "2018", "2019"], "y": ["2250121", "2281230", "2318671", "2358660", "2400483", "2447898", "2499697", "2550373", "2592950", "2636883"], "colors": ["#2876dd", "#2876dd", "#2876dd", "#2876dd", "#2876dd", "#2876dd", "#2876dd", "#2876dd", "#2876dd", "#2876dd"], "labels": ["2010", "2011", "2012", "2013", "2014", "2015", "2016", "2017", "2018", "2019"]}], "type": "v_bar"}