{"general_figure_info": {"figure_info": {"bbox": {"x": 95, "y": 45, "w": 630, "h": 392}}, "y_axis": {"label": {"bbox": [{"x": 40, "y": 177, "w": 11, "h": 127.3125}], "text": "Profit in billion Japanese yen"}, "major_labels": {"bboxes": [{"x": 65, "y": 422.5, "w": 20.0, "h": 36.0}, {"x": 65, "y": 357.5, "w": 20.0, "h": 36.0}, {"x": 65, "y": 291.5, "w": 20.0, "h": 36.0}, {"x": 65, "y": 226.5, "w": 20.0, "h": 36.0}, {"x": 65, "y": 161.5, "w": 20.0, "h": 36.0}, {"x": 65, "y": 95.5, "w": 20.0, "h": 36.0}, {"x": 65, "y": 29.5, "w": 20.0, "h": 36.0}]}}, "x_axis": {"major_labels": {"bboxes": [{"x": 114, "y": 447, "h": 12, "w": 24.484375}, {"x": 178, "y": 447, "h": 12, "w": 23.65625}, {"x": 240, "y": 447, "h": 12, "w": 24.484375}, {"x": 303, "y": 447, "h": 12, "w": 24.484375}, {"x": 366, "y": 447, "h": 12, "w": 24.484375}, {"x": 429, "y": 447, "h": 12, "w": 24.484375}, {"x": 492, "y": 447, "h": 12, "w": 24.484375}, {"x": 555, "y": 447, "h": 12, "w": 24.484375}, {"x": 618, "y": 447, "h": 12, "w": 24.484375}, {"x": 681, "y": 447, "h": 12, "w": 24.484375}], "values": ["2010", "2011", "2012", "2013", "2014", "2015", "2016", "2017", "2018", "2019"]}, "label": {}}}, "models": [{"name": {}, "bboxes": [{"x": 105, "y": 139, "w": 44, "h": 103}, {"x": 168, "y": 140, "w": 44, "h": 102}, {"x": 231, "y": 93, "w": 44, "h": 149}, {"x": 294, "y": 139, "w": 44, "h": 103}, {"x": 357, "y": 193, "w": 44, "h": 49}, {"x": 420, "y": 205, "w": 44, "h": 37}, {"x": 483, "y": 141, "w": 44, "h": 101}, {"x": 546, "y": 167, "w": 44, "h": 75}, {"x": 609, "y": 200, "w": 44, "h": 42}, {"x": 672, "y": 242, "w": 44, "h": 161}], "x": ["2010", "2011", "2012", "2013", "2014", "2015", "2016", "2017", "2018", "2019"], "y": ["31.6", "31.14", "45.58", "31.66", "14.95", "11.3", "30.8", "23", "12.71", "-49.17"], "colors": ["#2876dd", "#2876dd", "#2876dd", "#2876dd", "#2876dd", "#2876dd", "#2876dd", "#2876dd", "#2876dd", "#2876dd"], "labels": ["2010", "2011", "2012", "2013", "2014", "2015", "2016", "2017", "2018", "2019"]}], "type": "v_bar"}