{"general_figure_info": {"figure_info": {"bbox": {"x": 107, "y": 45, "w": 618, "h": 392}}, "y_axis": {"label": {"bbox": [{"x": 40, "y": 206, "w": 11, "h": 69.9306640625}], "text": "Audience share"}, "major_labels": {"bboxes": [{"x": 65, "y": 422.5, "w": 32.0, "h": 23.555555555555557}, {"x": 65, "y": 373.5, "w": 32.0, "h": 23.555555555555557}, {"x": 65, "y": 324.5, "w": 32.0, "h": 23.555555555555557}, {"x": 65, "y": 275.5, "w": 32.0, "h": 23.555555555555557}, {"x": 65, "y": 226.5, "w": 32.0, "h": 23.555555555555557}, {"x": 65, "y": 177.5, "w": 32.0, "h": 23.555555555555557}, {"x": 65, "y": 128.5, "w": 32.0, "h": 23.555555555555557}, {"x": 65, "y": 79.5, "w": 32.0, "h": 23.555555555555557}, {"x": 65, "y": 29.5, "w": 32.0, "h": 23.555555555555557}]}}, "x_axis": {"major_labels": {"bboxes": [{"x": 128, "y": 447, "h": 12, "w": 25.6875}, {"x": 201, "y": 447, "h": 12, "w": 18.34375}, {"x": 269, "y": 447, "h": 12, "w": 18.359375}, {"x": 331, "y": 447, "h": 12, "w": 32.421875}, {"x": 400, "y": 447, "h": 12, "w": 32.421875}, {"x": 472, "y": 447, "h": 12, "w": 25.6875}, {"x": 540, "y": 447, "h": 12, "w": 25.6875}, {"x": 600, "y": 447, "h": 12, "w": 44.046875}, {"x": 678, "y": 447, "h": 12, "w": 25.6875}], "values": ["Nove", "Tv8", "La7", "Rete 4", "Italia 1", "Rai 2", "Rai 3", "Canale 5", "Rai 1"]}, "label": {}}}, "models": [{"name": {}, "bboxes": [{"x": 118, "y": 415, "w": 47, "h": 23}, {"x": 187, "y": 408, "w": 47, "h": 30}, {"x": 255, "y": 376, "w": 47, "h": 62}, {"x": 324, "y": 360, "w": 47, "h": 78}, {"x": 393, "y": 337, "w": 47, "h": 101}, {"x": 461, "y": 313, "w": 47, "h": 125}, {"x": 530, "y": 306, "w": 47, "h": 132}, {"x": 599, "y": 116, "w": 47, "h": 322}, {"x": 667, "y": 108, "w": 47, "h": 330}], "x": ["Nove", "Tv8", "La7", "Rete 4", "Italia 1", "Rai 2", "Rai 3", "Canale 5", "Rai 1"], "y": ["1.19%", "1.53%", "3.15%", "4%", "5.14%", "6.38%", "6.76%", "16.43%", "16.82%"], "colors": ["#2876dd", "#2876dd", "#2876dd", "#2876dd", "#2876dd", "#2876dd", "#2876dd", "#2876dd", "#2876dd"], "labels": ["Nove", "Tv8", "La7", "Rete 4", "Italia 1", "Rai 2", "Rai 3", "Canale 5", "Rai 1"]}], "type": "v_bar"}