{"general_figure_info": {"figure_info": {"bbox": {"x": 89, "y": 45, "w": 636, "h": 392}}, "y_axis": {"label": {"bbox": [{"x": 40, "y": 181, "w": 11, "h": 119.515625}], "text": "Production in million heads"}, "major_labels": {"bboxes": [{"x": 65, "y": 422.5, "w": 14.0, "h": 29.0}, {"x": 65, "y": 366.5, "w": 14.0, "h": 29.0}, {"x": 65, "y": 310.5, "w": 14.0, "h": 29.0}, {"x": 65, "y": 254.5, "w": 14.0, "h": 29.0}, {"x": 65, "y": 198.5, "w": 14.0, "h": 29.0}, {"x": 65, "y": 142.5, "w": 14.0, "h": 29.0}, {"x": 65, "y": 86.5, "w": 14.0, "h": 29.0}, {"x": 65, "y": 29.5, "w": 14.0, "h": 29.0}]}}, "x_axis": {"major_labels": {"bboxes": [{"x": 109, "y": 447, "h": 12, "w": 24.484375}, {"x": 173, "y": 447, "h": 12, "w": 23.65625}, {"x": 236, "y": 447, "h": 12, "w": 24.484375}, {"x": 299, "y": 447, "h": 12, "w": 24.484375}, {"x": 363, "y": 447, "h": 12, "w": 24.484375}, {"x": 427, "y": 447, "h": 12, "w": 24.484375}, {"x": 490, "y": 447, "h": 12, "w": 24.484375}, {"x": 554, "y": 447, "h": 12, "w": 24.484375}, {"x": 617, "y": 447, "h": 12, "w": 24.484375}, {"x": 681, "y": 447, "h": 12, "w": 24.484375}], "values": ["2010", "2011", "2012", "2013", "2014", "2015", "2016", "2017", "2018", "2019"]}, "label": {}}}, "models": [{"name": {}, "bboxes": [{"x": 99, "y": 190, "w": 44, "h": 248}, {"x": 163, "y": 194, "w": 44, "h": 244}, {"x": 226, "y": 162, "w": 44, "h": 276}, {"x": 290, "y": 153, "w": 44, "h": 285}, {"x": 353, "y": 184, "w": 44, "h": 254}, {"x": 417, "y": 184, "w": 44, "h": 254}, {"x": 481, "y": 172, "w": 44, "h": 266}, {"x": 544, "y": 116, "w": 44, "h": 322}, {"x": 608, "y": 105, "w": 44, "h": 333}, {"x": 671, "y": 95, "w": 44, "h": 343}], "x": ["2010", "2011", "2012", "2013", "2014", "2015", "2016", "2017", "2018", "2019"], "y": ["44.3", "43.49", "49.3", "50.93", "45.27", "45.32", "47.42", "57.56", "59.55", "61.32"], "colors": ["#2876dd", "#2876dd", "#2876dd", "#2876dd", "#2876dd", "#2876dd", "#2876dd", "#2876dd", "#2876dd", "#2876dd"], "labels": ["2010", "2011", "2012", "2013", "2014", "2015", "2016", "2017", "2018", "2019"]}], "type": "v_bar"}