{"general_figure_info": {"figure_info": {"bbox": {"x": 113, "y": 45, "w": 612, "h": 392}}, "y_axis": {"label": {"bbox": [{"x": 40, "y": 142, "w": 11, "h": 197.859375}], "text": "Number of commercial 3D-printing machines"}, "major_labels": {"bboxes": [{"x": 65, "y": 422.5, "w": 38.0, "h": 36.0}, {"x": 65, "y": 357.5, "w": 38.0, "h": 36.0}, {"x": 65, "y": 291.5, "w": 38.0, "h": 36.0}, {"x": 65, "y": 226.5, "w": 38.0, "h": 36.0}, {"x": 65, "y": 161.5, "w": 38.0, "h": 36.0}, {"x": 65, "y": 95.5, "w": 38.0, "h": 36.0}, {"x": 65, "y": 29.5, "w": 38.0, "h": 36.0}]}}, "x_axis": {"major_labels": {"bboxes": [{"x": 254, "y": 447, "h": 12, "w": 24.484375}, {"x": 560, "y": 447, "h": 12, "w": 24.484375}], "values": ["2008", "2013"]}, "label": {}}}, "models": [{"name": {}, "bboxes": [{"x": 161, "y": 433, "w": 210, "h": 5}, {"x": 467, "y": 137, "w": 210, "h": 301}], "x": ["2008", "2013"], "y": ["355", "23 000"], "colors": ["#2876dd", "#2876dd"], "labels": ["2008", "2013"]}], "type": "v_bar"}