{"general_figure_info": {"figure_info": {"bbox": {"x": 112, "y": 35, "w": 598, "h": 750}}, "y_axis": {"label": {"bbox": [{"x": 363, "y": 816, "w": 96.71875, "h": 11}], "text": "Size in square meters"}, "major_labels": {"bboxes": [{"x": 91.5, "y": 791, "w": 26.0, "h": 26.0}, {"x": 141.5, "y": 791, "w": 26.0, "h": 26.0}, {"x": 191.5, "y": 791, "w": 26.0, "h": 26.0}, {"x": 241.5, "y": 791, "w": 26.0, "h": 26.0}, {"x": 290.5, "y": 791, "w": 26.0, "h": 26.0}, {"x": 340.5, "y": 791, "w": 26.0, "h": 26.0}, {"x": 390.5, "y": 791, "w": 26.0, "h": 26.0}, {"x": 440.5, "y": 791, "w": 26.0, "h": 26.0}, {"x": 490.5, "y": 791, "w": 26.0, "h": 26.0}, {"x": 540.5, "y": 791, "w": 26.0, "h": 26.0}, {"x": 589.5, "y": 791, "w": 26.0, "h": 26.0}, {"x": 639.5, "y": 791, "w": 26.0, "h": 26.0}, {"x": 690.5, "y": 791, "w": 26.0, "h": 26.0}]}}, "x_axis": {"major_labels": {"bboxes": [{"x": 60, "y": 48, "h": 12, "w": 39.140625}, {"x": 44, "y": 85, "h": 12, "w": 55.046875}, {"x": 62, "y": 123, "h": 12, "w": 36.71875}, {"x": 53, "y": 160, "h": 12, "w": 46.970703125}, {"x": 60, "y": 198, "h": 12, "w": 39.4091796875}, {"x": 49, "y": 235, "h": 12, "w": 50.15625}, {"x": 74, "y": 273, "h": 12, "w": 25.5615234375}, {"x": 39, "y": 310, "h": 12, "w": 60.43603515625}, {"x": 62, "y": 348, "h": 12, "w": 37.18994140625}, {"x": 53, "y": 385, "h": 12, "w": 46.5}, {"x": 70, "y": 423, "h": 12, "w": 28.75}, {"x": 66, "y": 460, "h": 12, "w": 33.03125}, {"x": 71, "y": 498, "h": 12, "w": 28.125}, {"x": 70, "y": 535, "h": 12, "w": 29.34375}, {"x": 47, "y": 573, "h": 12, "w": 51.984375}, {"x": 60, "y": 610, "h": 12, "w": 39.125}, {"x": 60, "y": 648, "h": 12, "w": 38.53125}, {"x": 70, "y": 685, "h": 12, "w": 28.75}, {"x": 44, "y": 723, "h": 12, "w": 54.84375}, {"x": 48, "y": 760, "h": 12, "w": 50.765625}], "values": ["Monaco", "Hong Kong", "London", "New York", "Geneva", "Singapore", "Paris", "Los Angeles", "Sydney", "Shanghai", "Tokyo", "Beijing", "Berlin", "Miami", "Melbourne", "Mumbai", "Istanbul", "Dubai", "Cape Town", "Sao Paulo"]}, "label": {}}}, "models": [{"name": {}, "bboxes": [{"x": 111, "y": 41, "w": 30, "h": 26}, {"x": 111, "y": 78, "w": 46, "h": 26}, {"x": 111, "y": 116, "w": 62, "h": 26}, {"x": 111, "y": 153, "w": 68, "h": 26}, {"x": 111, "y": 191, "w": 70, "h": 26}, {"x": 111, "y": 228, "w": 72, "h": 26}, {"x": 111, "y": 266, "w": 84, "h": 26}, {"x": 111, "y": 303, "w": 88, "h": 26}, {"x": 111, "y": 341, "w": 90, "h": 26}, {"x": 111, "y": 378, "w": 100, "h": 26}, {"x": 111, "y": 416, "w": 116, "h": 26}, {"x": 111, "y": 453, "w": 124, "h": 26}, {"x": 111, "y": 491, "w": 140, "h": 26}, {"x": 111, "y": 528, "w": 169, "h": 26}, {"x": 111, "y": 566, "w": 173, "h": 26}, {"x": 111, "y": 603, "w": 211, "h": 26}, {"x": 111, "y": 641, "w": 223, "h": 26}, {"x": 111, "y": 678, "w": 329, "h": 26}, {"x": 111, "y": 716, "w": 403, "h": 26}, {"x": 111, "y": 753, "w": 502, "h": 26}], "x": ["Monaco", "Hong Kong", "London", "New York", "Geneva", "Singapore", "Paris", "Los Angeles", "Sydney", "Shanghai", "Tokyo", "Beijing", "Berlin", "Miami", "Melbourne", "Mumbai", "Istanbul", "Dubai", "Cape Town", "Sao Paulo"], "y": ["15", "23", "31", "34", "35", "36", "42", "44", "45", "50", "58", "62", "70", "85", "87", "106", "112", "165", "202", "252"], "colors": ["#2876dd", "#2876dd", "#2876dd", "#2876dd", "#2876dd", "#2876dd", "#2876dd", "#2876dd", "#2876dd", "#2876dd", "#2876dd", "#2876dd", "#2876dd", "#2876dd", "#2876dd", "#2876dd", "#2876dd", "#2876dd", "#2876dd", "#2876dd"], "labels": ["Monaco", "Hong Kong", "London", "New York", "Geneva", "Singapore", "Paris", "Los Angeles", "Sydney", "Shanghai", "Tokyo", "Beijing", "Berlin", "Miami", "Melbourne", "Mumbai", "Istanbul", "Dubai", "Cape Town", "Sao Paulo"]}], "type": "h_bar"}