{"general_figure_info": {"figure_info": {"bbox": {"x": 97, "y": 45, "w": 628, "h": 392}}, "y_axis": {"label": {"bbox": [{"x": 40, "y": 204, "w": 11, "h": 73.7978515625}], "text": "Risk index score"}, "major_labels": {"bboxes": [{"x": 65, "y": 422.5, "w": 22.0, "h": 36.0}, {"x": 65, "y": 357.5, "w": 22.0, "h": 36.0}, {"x": 65, "y": 291.5, "w": 22.0, "h": 36.0}, {"x": 65, "y": 226.5, "w": 22.0, "h": 36.0}, {"x": 65, "y": 161.5, "w": 22.0, "h": 36.0}, {"x": 65, "y": 95.5, "w": 22.0, "h": 36.0}, {"x": 65, "y": 29.5, "w": 22.0, "h": 36.0}]}}, "x_axis": {"major_labels": {"bboxes": [{"x": 148, "y": 447, "h": 12, "w": 24.484375}, {"x": 273, "y": 447, "h": 12, "w": 24.484375}, {"x": 399, "y": 447, "h": 12, "w": 24.484375}, {"x": 524, "y": 447, "h": 12, "w": 24.484375}, {"x": 648, "y": 447, "h": 12, "w": 29.470703125}], "values": ["2015", "2016", "2017", "2018", "2019*"]}, "label": {}}}, "models": [{"name": "line", "bboxes": [{"x": 160, "y": 124, "w": 126, "h": 40}, {"x": 286, "y": 124, "w": 126, "h": 66}, {"x": 412, "y": 190, "w": 125, "h": 183}, {"x": 537, "y": 373, "w": 126, "h": 65}], "x": ["2015", "2016", "2017", "2018", "2019*"], "y": ["6.71", "6.74", "6.69", "6.55", "6.5"], "label": " ", "color": "#2876dd"}], "type": "line"}