{"general_figure_info": {"figure_info": {"bbox": {"x": 263, "y": 35, "w": 447, "h": 660}}, "y_axis": {"label": {"bbox": [{"x": 439, "y": 726, "w": 95.625, "h": 11}], "text": "Share of respondents"}, "major_labels": {"bboxes": [{"x": 242.5, "y": 701, "w": 29.666666666666664, "h": 26.0}, {"x": 298.5, "y": 701, "w": 29.666666666666664, "h": 26.0}, {"x": 354.5, "y": 701, "w": 29.666666666666664, "h": 26.0}, {"x": 410.5, "y": 701, "w": 29.666666666666664, "h": 26.0}, {"x": 466.5, "y": 701, "w": 29.666666666666664, "h": 26.0}, {"x": 521.5, "y": 701, "w": 29.666666666666664, "h": 26.0}, {"x": 577.5, "y": 701, "w": 29.666666666666664, "h": 26.0}, {"x": 633.5, "y": 701, "w": 29.666666666666664, "h": 26.0}, {"x": 690.5, "y": 701, "w": 29.666666666666664, "h": 26.0}]}}, "x_axis": {"major_labels": {"bboxes": [{"x": 210, "y": 48, "h": 12, "w": 40.24072265625}, {"x": 133, "y": 87, "h": 12, "w": 116.796875}, {"x": 205, "y": 126, "h": 12, "w": 45.25}, {"x": 140, "y": 165, "h": 12, "w": 110.078125}, {"x": 210, "y": 204, "h": 12, "w": 40.34375}, {"x": 164, "y": 243, "h": 12, "w": 86.21875}, {"x": 167, "y": 281, "h": 12, "w": 83.30615234375}, {"x": 150, "y": 320, "h": 12, "w": 100.28125}, {"x": 200, "y": 359, "h": 12, "w": 50.140625}, {"x": 81, "y": 398, "h": 12, "w": 168.75}, {"x": 224, "y": 437, "h": 12, "w": 26.296875}, {"x": 59, "y": 467, "h": 26, "w": 191.06103515625}, {"x": 222, "y": 514, "h": 12, "w": 27.84765625}, {"x": 216, "y": 553, "h": 12, "w": 33.640625}, {"x": 189, "y": 592, "h": 12, "w": 61.20068359375}, {"x": 208, "y": 631, "h": 12, "w": 42.68994140625}, {"x": 179, "y": 670, "h": 12, "w": 71.26220703125}], "values": ["Catholic", "Evangelist (unspecified)", "Adventist", "Pentecostal evangelist", "Mormon", "Baptist evangelist", "Jehova's witness", "Methodist evangelist", "Protestant", "Afroamerican cults, Umbanda, etc.", "None", "Believer without formal affiliation to any", "Other", "Atheist", "Do not know", "Agnostic", "Do not answer"]}, "label": {}}}, "models": [{"name": {}, "bboxes": [{"x": 262, "y": 41, "w": 391, "h": 27}, {"x": 262, "y": 80, "w": 65, "h": 27}, {"x": 262, "y": 118, "w": 14, "h": 27}, {"x": 262, "y": 157, "w": 9, "h": 27}, {"x": 262, "y": 196, "w": 7, "h": 27}, {"x": 262, "y": 235, "w": 6, "h": 27}, {"x": 262, "y": 274, "w": 3, "h": 27}, {"x": 262, "y": 312, "w": 1, "h": 27}, {"x": 262, "y": 351, "w": 1, "h": 27}, {"x": 262, "y": 390, "w": 1, "h": 27}, {"x": 262, "y": 429, "w": 37, "h": 27}, {"x": 262, "y": 468, "w": 9, "h": 27}, {"x": 262, "y": 507, "w": 6, "h": 27}, {"x": 262, "y": 545, "w": 4, "h": 27}, {"x": 262, "y": 584, "w": 3, "h": 27}, {"x": 262, "y": 623, "w": 2, "h": 27}, {"x": 262, "y": 662, "w": 1, "h": 27}], "x": ["Catholic", "Evangelist (unspecified)", "Adventist", "Pentecostal evangelist", "Mormon", "Baptist evangelist", "Jehova's witness", "Methodist evangelist", "Protestant", "Afroamerican cults, Umbanda, etc.", "None", "Believer without formal affiliation to any", "Other", "Atheist", "Do not know", "Agnostic", "Do not answer"], "y": ["70%", "11.6%", "2.5%", "1.6%", "1.2%", "1.1%", "0.5%", "0.2%", "0.2%", "0.1%", "6.6%", "1.6%", "1.1%", "0.8%", "0.5%", "0.3%", "0.1%"], "colors": ["#2876dd", "#2876dd", "#2876dd", "#2876dd", "#2876dd", "#2876dd", "#2876dd", "#2876dd", "#2876dd", "#2876dd", "#C0C0C0", "#C0C0C0", "#C0C0C0", "#C0C0C0", "#C0C0C0", "#C0C0C0", "#C0C0C0"], "labels": ["Catholic", "Evangelist (unspecified)", "Adventist", "Pentecostal evangelist", "Mormon", "Baptist evangelist", "Jehova's witness", "Methodist evangelist", "Protestant", "Afroamerican cults, Umbanda, etc.", "None", "Believer without formal affiliation to any", "Other", "Atheist", "Do not know", "Agnostic", "Do not answer"]}], "type": "h_bar"}