{"general_figure_info": {"figure_info": {"bbox": {"x": 88, "y": 45, "w": 637, "h": 392}}, "y_axis": {"label": {"bbox": [{"x": 40, "y": 167, "w": 11, "h": 147.859375}], "text": "Net revenue in billion U.S. dollars"}, "major_labels": {"bboxes": [{"x": 65, "y": 422.5, "w": 13.0, "h": 36.0}, {"x": 65, "y": 357.5, "w": 13.0, "h": 36.0}, {"x": 65, "y": 291.5, "w": 13.0, "h": 36.0}, {"x": 65, "y": 226.5, "w": 13.0, "h": 36.0}, {"x": 65, "y": 161.5, "w": 13.0, "h": 36.0}, {"x": 65, "y": 95.5, "w": 13.0, "h": 36.0}, {"x": 65, "y": 29.5, "w": 13.0, "h": 36.0}]}}, "x_axis": {"major_labels": {"bboxes": [{"x": 102, "y": 447, "h": 12, "w": 24.484375}, {"x": 155, "y": 447, "h": 12, "w": 24.484375}, {"x": 209, "y": 447, "h": 12, "w": 23.65625}, {"x": 262, "y": 447, "h": 12, "w": 24.484375}, {"x": 315, "y": 447, "h": 12, "w": 24.484375}, {"x": 368, "y": 447, "h": 12, "w": 24.484375}, {"x": 421, "y": 447, "h": 12, "w": 24.484375}, {"x": 474, "y": 447, "h": 12, "w": 24.484375}, {"x": 527, "y": 447, "h": 12, "w": 24.484375}, {"x": 580, "y": 447, "h": 12, "w": 24.484375}, {"x": 633, "y": 447, "h": 12, "w": 24.484375}, {"x": 686, "y": 447, "h": 12, "w": 24.484375}], "values": ["2009", "2010", "2011", "2012", "2013", "2014", "2015", "2016", "2017", "2018", "2019", "2020"]}, "label": {}}}, "models": [{"name": {}, "bboxes": [{"x": 96, "y": 275, "w": 37, "h": 163}, {"x": 149, "y": 281, "w": 37, "h": 157}, {"x": 203, "y": 296, "w": 37, "h": 142}, {"x": 256, "y": 277, "w": 37, "h": 161}, {"x": 309, "y": 242, "w": 37, "h": 196}, {"x": 362, "y": 227, "w": 37, "h": 211}, {"x": 415, "y": 208, "w": 37, "h": 230}, {"x": 468, "y": 233, "w": 37, "h": 205}, {"x": 521, "y": 207, "w": 37, "h": 231}, {"x": 574, "y": 195, "w": 37, "h": 243}, {"x": 627, "y": 216, "w": 37, "h": 222}, {"x": 680, "y": 139, "w": 37, "h": 299}], "x": ["2009", "2010", "2011", "2012", "2013", "2014", "2015", "2016", "2017", "2018", "2019", "2020"], "y": ["4.98", "4.81", "4.36", "4.93", "6", "6.46", "7.03", "6.27", "7.08", "7.43", "6.8", "9.14"], "colors": ["#2876dd", "#2876dd", "#2876dd", "#2876dd", "#2876dd", "#2876dd", "#2876dd", "#2876dd", "#2876dd", "#2876dd", "#2876dd", "#2876dd"], "labels": ["2009", "2010", "2011", "2012", "2013", "2014", "2015", "2016", "2017", "2018", "2019", "2020"]}], "type": "v_bar"}