{"general_figure_info": {"figure_info": {"bbox": {"x": 96, "y": 45, "w": 629, "h": 392}}, "y_axis": {"label": {"bbox": [{"x": 40, "y": 169, "w": 11, "h": 144.2998046875}], "text": "National debt as percent of GDP"}, "major_labels": {"bboxes": [{"x": 65, "y": 422.5, "w": 21.0, "h": 29.0}, {"x": 65, "y": 366.5, "w": 21.0, "h": 29.0}, {"x": 65, "y": 310.5, "w": 21.0, "h": 29.0}, {"x": 65, "y": 254.5, "w": 21.0, "h": 29.0}, {"x": 65, "y": 198.5, "w": 21.0, "h": 29.0}, {"x": 65, "y": 142.5, "w": 21.0, "h": 29.0}, {"x": 65, "y": 86.5, "w": 21.0, "h": 29.0}, {"x": 65, "y": 29.5, "w": 21.0, "h": 29.0}]}}, "x_axis": {"major_labels": {"bboxes": [{"x": 105, "y": 447, "h": 12, "w": 24.484375}, {"x": 147, "y": 447, "h": 12, "w": 23.65625}, {"x": 189, "y": 447, "h": 12, "w": 24.484375}, {"x": 231, "y": 447, "h": 12, "w": 24.484375}, {"x": 272, "y": 447, "h": 12, "w": 24.484375}, {"x": 314, "y": 447, "h": 12, "w": 24.484375}, {"x": 356, "y": 447, "h": 12, "w": 24.484375}, {"x": 398, "y": 447, "h": 12, "w": 24.484375}, {"x": 440, "y": 447, "h": 12, "w": 24.484375}, {"x": 480, "y": 447, "h": 12, "w": 29.470703125}, {"x": 522, "y": 447, "h": 12, "w": 29.470703125}, {"x": 564, "y": 447, "h": 12, "w": 29.470703125}, {"x": 606, "y": 447, "h": 12, "w": 29.470703125}, {"x": 648, "y": 447, "h": 12, "w": 29.470703125}, {"x": 690, "y": 447, "h": 12, "w": 29.470703125}], "values": ["2010", "2011", "2012", "2013", "2014", "2015", "2016", "2017", "2018", "2019*", "2020*", "2021*", "2022*", "2023*", "2024*"]}, "label": {}}}, "models": [{"name": {}, "bboxes": [{"x": 103, "y": 232, "w": 29, "h": 206}, {"x": 145, "y": 112, "w": 29, "h": 326}, {"x": 186, "y": 231, "w": 29, "h": 207}, {"x": 228, "y": 232, "w": 29, "h": 206}, {"x": 270, "y": 221, "w": 29, "h": 217}, {"x": 312, "y": 141, "w": 29, "h": 297}, {"x": 354, "y": 139, "w": 29, "h": 299}, {"x": 396, "y": 140, "w": 29, "h": 298}, {"x": 438, "y": 170, "w": 29, "h": 268}, {"x": 480, "y": 179, "w": 29, "h": 259}, {"x": 522, "y": 143, "w": 29, "h": 295}, {"x": 564, "y": 146, "w": 29, "h": 292}, {"x": 606, "y": 144, "w": 29, "h": 294}, {"x": 648, "y": 132, "w": 29, "h": 306}, {"x": 690, "y": 118, "w": 29, "h": 320}], "x": ["2010", "2011", "2012", "2013", "2014", "2015", "2016", "2017", "2018", "2019*", "2020*", "2021*", "2022*", "2023*", "2024*"], "y": ["36.81%", "58.22%", "36.95%", "36.86%", "38.79%", "53.01%", "53.48%", "53.16%", "47.83%", "46.18%", "52.73%", "52.1%", "52.52%", "54.63%", "57.17%"], "colors": ["#2876dd", "#2876dd", "#2876dd", "#2876dd", "#2876dd", "#2876dd", "#2876dd", "#2876dd", "#2876dd", "#2876dd", "#2876dd", "#2876dd", "#2876dd", "#2876dd", "#2876dd"], "labels": ["2010", "2011", "2012", "2013", "2014", "2015", "2016", "2017", "2018", "2019*", "2020*", "2021*", "2022*", "2023*", "2024*"]}], "type": "v_bar"}