{"general_figure_info": {"figure_info": {"bbox": {"x": 76, "y": 35, "w": 634, "h": 1230}}, "y_axis": {"label": {"bbox": [{"x": 314, "y": 1296, "w": 157.296875, "h": 11}], "text": "Export volume in billion U.S. dollars"}, "major_labels": {"bboxes": [{"x": 55.5, "y": 1271, "w": 22.266666666666666, "h": 26.0}, {"x": 100.5, "y": 1271, "w": 22.266666666666666, "h": 26.0}, {"x": 146.5, "y": 1271, "w": 22.266666666666666, "h": 26.0}, {"x": 191.5, "y": 1271, "w": 22.266666666666666, "h": 26.0}, {"x": 236.5, "y": 1271, "w": 22.266666666666666, "h": 26.0}, {"x": 281.5, "y": 1271, "w": 22.266666666666666, "h": 26.0}, {"x": 327.5, "y": 1271, "w": 22.266666666666666, "h": 26.0}, {"x": 372.5, "y": 1271, "w": 22.266666666666666, "h": 26.0}, {"x": 417.5, "y": 1271, "w": 22.266666666666666, "h": 26.0}, {"x": 463.5, "y": 1271, "w": 22.266666666666666, "h": 26.0}, {"x": 508.5, "y": 1271, "w": 22.266666666666666, "h": 26.0}, {"x": 553.5, "y": 1271, "w": 22.266666666666666, "h": 26.0}, {"x": 598.5, "y": 1271, "w": 22.266666666666666, "h": 26.0}, {"x": 644.5, "y": 1271, "w": 22.266666666666666, "h": 26.0}, {"x": 690.5, "y": 1271, "w": 22.266666666666666, "h": 26.0}]}}, "x_axis": {"major_labels": {"bboxes": [{"x": 39, "y": 46, "h": 12, "w": 24.484375}, {"x": 39, "y": 80, "h": 12, "w": 24.484375}, {"x": 39, "y": 114, "h": 12, "w": 24.484375}, {"x": 39, "y": 149, "h": 12, "w": 24.484375}, {"x": 39, "y": 183, "h": 12, "w": 24.484375}, {"x": 39, "y": 217, "h": 12, "w": 24.484375}, {"x": 39, "y": 251, "h": 12, "w": 24.484375}, {"x": 39, "y": 285, "h": 12, "w": 24.484375}, {"x": 39, "y": 319, "h": 12, "w": 24.484375}, {"x": 39, "y": 354, "h": 12, "w": 23.65625}, {"x": 39, "y": 388, "h": 12, "w": 24.484375}, {"x": 39, "y": 422, "h": 12, "w": 24.484375}, {"x": 39, "y": 456, "h": 12, "w": 24.484375}, {"x": 39, "y": 490, "h": 12, "w": 24.484375}, {"x": 39, "y": 524, "h": 12, "w": 24.484375}, {"x": 39, "y": 559, "h": 12, "w": 24.484375}, {"x": 39, "y": 593, "h": 12, "w": 24.484375}, {"x": 39, "y": 627, "h": 12, "w": 24.484375}, {"x": 39, "y": 661, "h": 12, "w": 24.484375}, {"x": 39, "y": 695, "h": 12, "w": 24.484375}, {"x": 39, "y": 729, "h": 12, "w": 24.484375}, {"x": 39, "y": 764, "h": 12, "w": 24.484375}, {"x": 39, "y": 798, "h": 12, "w": 24.484375}, {"x": 39, "y": 832, "h": 12, "w": 24.484375}, {"x": 39, "y": 866, "h": 12, "w": 24.484375}, {"x": 39, "y": 900, "h": 12, "w": 24.484375}, {"x": 39, "y": 934, "h": 12, "w": 24.484375}, {"x": 39, "y": 969, "h": 12, "w": 24.484375}, {"x": 39, "y": 1003, "h": 12, "w": 24.484375}, {"x": 39, "y": 1037, "h": 12, "w": 24.484375}, {"x": 39, "y": 1071, "h": 12, "w": 24.484375}, {"x": 39, "y": 1105, "h": 12, "w": 24.484375}, {"x": 39, "y": 1139, "h": 12, "w": 24.484375}, {"x": 39, "y": 1174, "h": 12, "w": 24.484375}, {"x": 39, "y": 1208, "h": 12, "w": 24.484375}, {"x": 39, "y": 1242, "h": 12, "w": 24.484375}], "values": ["2020", "2019", "2018", "2017", "2016", "2015", "2014", "2013", "2012", "2011", "2010", "2009", "2008", "2007", "2006", "2005", "2004", "2003", "2002", "2001", "2000", "1999", "1998", "1997", "1996", "1995", "1994", "1993", "1992", "1991", "1990", "1989", "1988", "1987", "1986", "1985"]}, "label": {}}}, "models": [{"name": {}, "bboxes": [{"x": 75, "y": 40, "w": 552, "h": 24}, {"x": 75, "y": 74, "w": 566, "h": 24}, {"x": 75, "y": 108, "w": 554, "h": 24}, {"x": 75, "y": 142, "w": 466, "h": 24}, {"x": 75, "y": 176, "w": 472, "h": 24}, {"x": 75, "y": 211, "w": 468, "h": 24}, {"x": 75, "y": 245, "w": 483, "h": 24}, {"x": 75, "y": 279, "w": 462, "h": 24}, {"x": 75, "y": 313, "w": 441, "h": 24}, {"x": 75, "y": 347, "w": 470, "h": 24}, {"x": 75, "y": 381, "w": 472, "h": 24}, {"x": 75, "y": 416, "w": 335, "h": 24}, {"x": 75, "y": 450, "w": 452, "h": 24}, {"x": 75, "y": 484, "w": 468, "h": 24}, {"x": 75, "y": 518, "w": 411, "h": 24}, {"x": 75, "y": 552, "w": 391, "h": 24}, {"x": 75, "y": 586, "w": 391, "h": 24}, {"x": 75, "y": 621, "w": 316, "h": 24}, {"x": 75, "y": 655, "w": 333, "h": 24}, {"x": 75, "y": 689, "w": 328, "h": 24}, {"x": 75, "y": 723, "w": 442, "h": 24}, {"x": 75, "y": 757, "w": 347, "h": 24}, {"x": 75, "y": 791, "w": 329, "h": 24}, {"x": 75, "y": 826, "w": 369, "h": 24}, {"x": 75, "y": 860, "w": 334, "h": 24}, {"x": 75, "y": 894, "w": 349, "h": 24}, {"x": 75, "y": 928, "w": 310, "h": 24}, {"x": 75, "y": 962, "w": 293, "h": 24}, {"x": 75, "y": 996, "w": 276, "h": 24}, {"x": 75, "y": 1031, "w": 239, "h": 24}, {"x": 75, "y": 1065, "w": 208, "h": 24}, {"x": 75, "y": 1099, "w": 205, "h": 24}, {"x": 75, "y": 1133, "w": 220, "h": 24}, {"x": 75, "y": 1167, "w": 134, "h": 24}, {"x": 75, "y": 1201, "w": 100, "h": 24}, {"x": 75, "y": 1236, "w": 85, "h": 24}], "x": ["2020", "2019", "2018", "2017", "2016", "2015", "2014", "2013", "2012", "2011", "2010", "2009", "2008", "2007", "2006", "2005", "2004", "2003", "2002", "2001", "2000", "1999", "1998", "1997", "1996", "1995", "1994", "1993", "1992", "1991", "1990", "1989", "1988", "1987", "1986", "1985"], "y": ["30.5", "31.22", "30.56", "25.74", "26.03", "25.83", "26.68", "25.52", "24.34", "25.93", "26.05", "18.49", "24.93", "25.83", "22.71", "21.61", "21.59", "17.45", "18.38", "18.12", "24.41", "19.13", "18.16", "20.37", "18.46", "19.29", "17.11", "16.17", "15.25", "13.18", "11.49", "11.33", "12.13", "7.41", "5.52", "4.7"], "colors": ["#2876dd", "#2876dd", "#2876dd", "#2876dd", "#2876dd", "#2876dd", "#2876dd", "#2876dd", "#2876dd", "#2876dd", "#2876dd", "#2876dd", "#2876dd", "#2876dd", "#2876dd", "rgb(40,118,221)", "#2876dd", "#2876dd", "#2876dd", "#2876dd", "#2876dd", "#2876dd", "#2876dd", "#2876dd", "#2876dd", "#2876dd", "#2876dd", "#2876dd", "#2876dd", "#2876dd", "#2876dd", "#2876dd", "#2876dd", "#2876dd", "#2876dd", "#2876dd"], "labels": ["2020", "2019", "2018", "2017", "2016", "2015", "2014", "2013", "2012", "2011", "2010", "2009", "2008", "2007", "2006", "2005", "2004", "2003", "2002", "2001", "2000", "1999", "1998", "1997", "1996", "1995", "1994", "1993", "1992", "1991", "1990", "1989", "1988", "1987", "1986", "1985"]}], "type": "h_bar"}