{"general_figure_info": {"figure_info": {"bbox": {"x": 89, "y": 45, "w": 636, "h": 392}}, "y_axis": {"label": {"bbox": [{"x": 40, "y": 165, "w": 11, "h": 152.671875}], "text": "Average ticket price in U.S. dollars"}, "major_labels": {"bboxes": [{"x": 65, "y": 422.5, "w": 14.0, "h": 29.0}, {"x": 65, "y": 366.5, "w": 14.0, "h": 29.0}, {"x": 65, "y": 310.5, "w": 14.0, "h": 29.0}, {"x": 65, "y": 254.5, "w": 14.0, "h": 29.0}, {"x": 65, "y": 198.5, "w": 14.0, "h": 29.0}, {"x": 65, "y": 142.5, "w": 14.0, "h": 29.0}, {"x": 65, "y": 86.5, "w": 14.0, "h": 29.0}, {"x": 65, "y": 29.5, "w": 14.0, "h": 29.0}]}}, "x_axis": {"major_labels": {"bboxes": [{"x": 101, "y": 447, "h": 12, "w": 24.484375}, {"x": 150, "y": 447, "h": 12, "w": 24.484375}, {"x": 199, "y": 447, "h": 12, "w": 24.484375}, {"x": 248, "y": 447, "h": 12, "w": 24.484375}, {"x": 297, "y": 447, "h": 12, "w": 24.484375}, {"x": 346, "y": 447, "h": 12, "w": 23.65625}, {"x": 395, "y": 447, "h": 12, "w": 24.484375}, {"x": 444, "y": 447, "h": 12, "w": 24.484375}, {"x": 493, "y": 447, "h": 12, "w": 24.484375}, {"x": 542, "y": 447, "h": 12, "w": 24.484375}, {"x": 590, "y": 447, "h": 12, "w": 24.484375}, {"x": 639, "y": 447, "h": 12, "w": 24.484375}, {"x": 688, "y": 447, "h": 12, "w": 24.484375}], "values": ["2006", "2007", "2008", "2009", "2010", "2011", "2012", "2013", "2014", "2015", "2016", "2018", "2019"]}, "label": {}}}, "models": [{"name": {}, "bboxes": [{"x": 97, "y": 197, "w": 34, "h": 241}, {"x": 146, "y": 199, "w": 34, "h": 239}, {"x": 195, "y": 150, "w": 34, "h": 288}, {"x": 243, "y": 190, "w": 34, "h": 248}, {"x": 292, "y": 190, "w": 34, "h": 248}, {"x": 341, "y": 231, "w": 34, "h": 207}, {"x": 390, "y": 209, "w": 34, "h": 229}, {"x": 439, "y": 219, "w": 34, "h": 219}, {"x": 488, "y": 199, "w": 34, "h": 239}, {"x": 537, "y": 187, "w": 34, "h": 251}, {"x": 586, "y": 151, "w": 34, "h": 287}, {"x": 635, "y": 102, "w": 34, "h": 336}, {"x": 684, "y": 89, "w": 34, "h": 349}], "x": ["2006", "2007", "2008", "2009", "2010", "2011", "2012", "2013", "2014", "2015", "2016", "2018", "2019"], "y": ["21.54", "21.32", "25.72", "22.12", "22.12", "18.49", "20.42", "19.59", "21.31", "22.38", "25.61", "30.04", "31.16"], "colors": ["#2876dd", "#2876dd", "#2876dd", "#2876dd", "#2876dd", "#2876dd", "#2876dd", "#2876dd", "#2876dd", "#2876dd", "#2876dd", "#2876dd", "#2876dd"], "labels": ["2006", "2007", "2008", "2009", "2010", "2011", "2012", "2013", "2014", "2015", "2016", "2018", "2019"]}], "type": "v_bar"}