{"general_figure_info": {"figure_info": {"bbox": {"x": 92, "y": 45, "w": 633, "h": 392}}, "y_axis": {"label": {"bbox": [{"x": 40, "y": 187, "w": 11, "h": 108.1669921875}], "text": "Spending in million GBP"}, "major_labels": {"bboxes": [{"x": 65, "y": 422.5, "w": 17.0, "h": 29.0}, {"x": 65, "y": 366.5, "w": 17.0, "h": 29.0}, {"x": 65, "y": 310.5, "w": 17.0, "h": 29.0}, {"x": 65, "y": 254.5, "w": 17.0, "h": 29.0}, {"x": 65, "y": 198.5, "w": 17.0, "h": 29.0}, {"x": 65, "y": 142.5, "w": 17.0, "h": 29.0}, {"x": 65, "y": 86.5, "w": 17.0, "h": 29.0}, {"x": 65, "y": 29.5, "w": 17.0, "h": 29.0}]}}, "x_axis": {"major_labels": {"bboxes": [{"x": 127, "y": 447, "h": 12, "w": 88.65625}, {"x": 302, "y": 447, "h": 12, "w": 55.0625}, {"x": 435, "y": 447, "h": 12, "w": 105.66064453125}, {"x": 597, "y": 447, "h": 12, "w": 97.7275390625}], "values": ["Britain Stronger In", "Vote Leave", "Other Remain groups", "Other Leave groups"]}, "label": {}}}, "models": [{"name": {}, "bboxes": [{"x": 117, "y": 385, "w": 109, "h": 52}, {"x": 275, "y": 115, "w": 109, "h": 323}, {"x": 433, "y": 275, "w": 109, "h": 162}, {"x": 591, "y": 261, "w": 109, "h": 176}], "x": ["Britain Stronger In", "Vote Leave", "Other Remain groups", "Other Leave groups"], "y": ["0.46", "2.88", "1.45", "1.57"], "colors": ["#2876dd", "#2876dd", "#2876dd", "#2876dd"], "labels": ["Britain Stronger In", "Vote Leave", "Other Remain groups", "Other Leave groups"]}], "type": "v_bar"}