{"general_figure_info": {"figure_info": {"bbox": {"x": 159, "y": 35, "w": 551, "h": 775}}, "y_axis": {"label": {"bbox": [{"x": 40, "y": 405, "w": 11, "h": 35.015625}], "text": "Number of data requests"}, "major_labels": {"bboxes": [{"x": 138.5, "y": 380, "w": 48.875, "h": 350.0}, {"x": 217.5, "y": 380, "w": 48.875, "h": 350.0}, {"x": 295.5, "y": 380, "w": 48.875, "h": 350.0}, {"x": 374.5, "y": 380, "w": 48.875, "h": 350.0}, {"x": 453.5, "y": 380, "w": 48.875, "h": 350.0}, {"x": 532.5, "y": 380, "w": 48.875, "h": 350.0}, {"x": 610.5, "y": 380, "w": 48.875, "h": 350.0}, {"x": 690.5, "y": 380, "w": 48.875, "h": 350.0}]}}, "x_axis": {"major_labels": {"bboxes": [{"x": 80, "y": 48, "h": 12, "w": 66.53759765625}, {"x": 122, "y": 87, "h": 12, "w": 24.7353515625}, {"x": 101, "y": 126, "h": 12, "w": 45.7353515625}, {"x": 112, "y": 165, "h": 12, "w": 34.25}, {"x": 118, "y": 203, "h": 12, "w": 27.515625}, {"x": 68, "y": 242, "h": 12, "w": 78.28125}, {"x": 113, "y": 281, "h": 12, "w": 33.70947265625}, {"x": 112, "y": 320, "h": 12, "w": 34.265625}, {"x": 126, "y": 358, "h": 12, "w": 20.673828125}, {"x": 99, "y": 397, "h": 12, "w": 47.970703125}, {"x": 111, "y": 436, "h": 12, "w": 34.84375}, {"x": 107, "y": 475, "h": 12, "w": 39.41455078125}, {"x": 104, "y": 513, "h": 12, "w": 42.203125}, {"x": 118, "y": 552, "h": 12, "w": 28.140625}, {"x": 103, "y": 591, "h": 12, "w": 43.67919921875}, {"x": 96, "y": 630, "h": 12, "w": 50.15625}, {"x": 112, "y": 668, "h": 12, "w": 34.25}, {"x": 105, "y": 707, "h": 12, "w": 40.984375}, {"x": 119, "y": 746, "h": 12, "w": 26.90625}, {"x": 85, "y": 785, "h": 12, "w": 62.03759765625}], "values": ["United States", "India", "Germany", "France", "Brazil", "United Kingdom", "Turkey", "Poland", "Italy", "Argentina", "Mexico", "Canada", "Pakistan", "Spain", "Australia", "Singapore", "Taiwan", "Portugal", "Israel", "South Korea"]}, "label": {}}}, "models": [{"name": {}, "bboxes": [{"x": 158, "y": 41, "w": 482, "h": 27}, {"x": 158, "y": 79, "w": 317, "h": 27}, {"x": 158, "y": 118, "w": 100, "h": 27}, {"x": 158, "y": 157, "w": 88, "h": 27}, {"x": 158, "y": 196, "w": 87, "h": 27}, {"x": 158, "y": 234, "w": 83, "h": 27}, {"x": 158, "y": 273, "w": 54, "h": 27}, {"x": 158, "y": 312, "w": 37, "h": 27}, {"x": 158, "y": 351, "w": 25, "h": 27}, {"x": 158, "y": 389, "w": 23, "h": 27}, {"x": 158, "y": 428, "w": 20, "h": 27}, {"x": 158, "y": 467, "w": 19, "h": 27}, {"x": 158, "y": 506, "w": 14, "h": 27}, {"x": 158, "y": 544, "w": 13, "h": 27}, {"x": 158, "y": 583, "w": 11, "h": 27}, {"x": 158, "y": 622, "w": 10, "h": 27}, {"x": 158, "y": 661, "w": 9, "h": 27}, {"x": 158, "y": 699, "w": 8, "h": 27}, {"x": 158, "y": 738, "w": 8, "h": 27}, {"x": 158, "y": 777, "w": 7, "h": 27}], "x": ["United States", "India", "Germany", "France", "Brazil", "United Kingdom", "Turkey", "Poland", "Italy", "Argentina", "Mexico", "Canada", "Pakistan", "Spain", "Australia", "Singapore", "Taiwan", "Portugal", "Israel", "South Korea"], "y": ["61 262", "40 300", "12 715", "11 131", "11 100", "10 526", "6 831", "4 673", "3 214", "2 974", "2 525", "2 477", "1 816", "1 602", "1 417", "1 260", "1 165", "1 048", "1 030", "859"], "colors": ["#2876dd", "#2876dd", "#2876dd", "#2876dd", "#2876dd", "#2876dd", "#2876dd", "#2876dd", "#2876dd", "#2876dd", "#2876dd", "#2876dd", "#2876dd", "#2876dd", "#2876dd", "#2876dd", "#2876dd", "#2876dd", "#2876dd", "#2876dd"], "labels": ["United States", "India", "Germany", "France", "Brazil", "United Kingdom", "Turkey", "Poland", "Italy", "Argentina", "Mexico", "Canada", "Pakistan", "Spain", "Australia", "Singapore", "Taiwan", "Portugal", "Israel", "South Korea"]}], "type": "h_bar"}