{"general_figure_info": {"figure_info": {"bbox": {"x": 96, "y": 45, "w": 629, "h": 392}}, "y_axis": {"label": {"bbox": [{"x": 40, "y": 154, "w": 11, "h": 173.4375}], "text": "Demand in percentage of total capacity"}, "major_labels": {"bboxes": [{"x": 65, "y": 422.5, "w": 21.0, "h": 45.33333333333333}, {"x": 65, "y": 344.5, "w": 21.0, "h": 45.33333333333333}, {"x": 65, "y": 265.5, "w": 21.0, "h": 45.33333333333333}, {"x": 65, "y": 187.5, "w": 21.0, "h": 45.33333333333333}, {"x": 65, "y": 108.5, "w": 21.0, "h": 45.33333333333333}, {"x": 65, "y": 29.5, "w": 21.0, "h": 45.33333333333333}]}}, "x_axis": {"major_labels": {"bboxes": [{"x": 115, "y": 447, "h": 12, "w": 24.484375}, {"x": 179, "y": 447, "h": 12, "w": 23.65625}, {"x": 241, "y": 447, "h": 12, "w": 24.484375}, {"x": 304, "y": 447, "h": 12, "w": 24.484375}, {"x": 367, "y": 447, "h": 12, "w": 24.484375}, {"x": 430, "y": 447, "h": 12, "w": 24.484375}, {"x": 493, "y": 447, "h": 12, "w": 24.484375}, {"x": 556, "y": 447, "h": 12, "w": 24.484375}, {"x": 618, "y": 447, "h": 12, "w": 24.484375}, {"x": 681, "y": 447, "h": 12, "w": 24.484375}], "values": ["2010", "2011", "2012", "2013", "2014", "2015", "2016", "2017", "2018", "2019"]}, "label": {}}}, "models": [{"name": {}, "bboxes": [{"x": 106, "y": 152, "w": 44, "h": 286}, {"x": 169, "y": 164, "w": 44, "h": 274}, {"x": 232, "y": 163, "w": 44, "h": 275}, {"x": 295, "y": 167, "w": 44, "h": 271}, {"x": 358, "y": 159, "w": 44, "h": 279}, {"x": 420, "y": 146, "w": 44, "h": 292}, {"x": 483, "y": 130, "w": 44, "h": 308}, {"x": 546, "y": 149, "w": 44, "h": 289}, {"x": 609, "y": 164, "w": 44, "h": 274}, {"x": 672, "y": 154, "w": 44, "h": 284}], "x": ["2010", "2011", "2012", "2013", "2014", "2015", "2016", "2017", "2018", "2019"], "y": ["73", "69.8", "70.2", "69.2", "71.2", "74.5", "78.6", "73.7", "69.8", "72.5"], "colors": ["#2876dd", "#2876dd", "#2876dd", "#2876dd", "#2876dd", "#2876dd", "#2876dd", "#2876dd", "#2876dd", "#2876dd"], "labels": ["2010", "2011", "2012", "2013", "2014", "2015", "2016", "2017", "2018", "2019"]}], "type": "v_bar"}