{"general_figure_info": {"figure_info": {"bbox": {"x": 270, "y": 35, "w": 440, "h": 750}}, "y_axis": {"label": {"bbox": [{"x": 450, "y": 816, "w": 79.5, "h": 11}], "text": "Number of deaths"}, "major_labels": {"bboxes": [{"x": 249.5, "y": 791, "w": 35.0, "h": 26.0}, {"x": 312.5, "y": 791, "w": 35.0, "h": 26.0}, {"x": 375.5, "y": 791, "w": 35.0, "h": 26.0}, {"x": 438.5, "y": 791, "w": 35.0, "h": 26.0}, {"x": 500.5, "y": 791, "w": 35.0, "h": 26.0}, {"x": 563.5, "y": 791, "w": 35.0, "h": 26.0}, {"x": 626.5, "y": 791, "w": 35.0, "h": 26.0}, {"x": 690.5, "y": 791, "w": 35.0, "h": 26.0}]}}, "x_axis": {"major_labels": {"bboxes": [{"x": 90, "y": 48, "h": 12, "w": 166.890625}, {"x": 202, "y": 85, "h": 12, "w": 55.521484375}, {"x": 88, "y": 123, "h": 12, "w": 168.734375}, {"x": 94, "y": 160, "h": 12, "w": 163.15283203125}, {"x": 101, "y": 198, "h": 12, "w": 155.90625}, {"x": 93, "y": 227, "h": 26, "w": 163.859375}, {"x": 97, "y": 273, "h": 12, "w": 160.1875}, {"x": 67, "y": 295, "h": 40, "w": 190.140625}, {"x": 82, "y": 339, "h": 26, "w": 175.38330078125}, {"x": 60, "y": 385, "h": 12, "w": 197.3828125}, {"x": 77, "y": 423, "h": 12, "w": 180.375}, {"x": 71, "y": 460, "h": 12, "w": 186.98974609375}, {"x": 62, "y": 489, "h": 26, "w": 195.03125}, {"x": 63, "y": 527, "h": 26, "w": 194.92822265625}, {"x": 59, "y": 557, "h": 40, "w": 197.515625}, {"x": 66, "y": 602, "h": 26, "w": 191.89892578125}, {"x": 85, "y": 639, "h": 26, "w": 171.828125}, {"x": 57, "y": 685, "h": 12, "w": 200.359375}, {"x": 58, "y": 723, "h": 12, "w": 199.82666015625}, {"x": 100, "y": 760, "h": 12, "w": 158.0458984375}], "values": ["Diseases of the circulatory system", "Neoplasms", "Diseases of the respiratory system", "Mental and behavioural disorders", "Diseases of the nervous system", "External causes of morbidity and", "Diseases of the digestive system", "Symptoms, signs and abnormal clinical", "Endocrine, nutritional and metabolic", "Certain infectious and parasitic diseases", "Diseases of the genitourinary system", "Poisoning with medicine and narcotics", "Diseases of the musculoskeletal system", "Congenital malformations, deformations", "Diseases of the blood and blood-forming", "Diseases of the skin and subcutaneous", "Certain conditions originating in the", "Pregnancy, childbirth and the puerperium", "Diseases of the ear and mastoid process", "Diseases of the eye and adnexa"]}, "label": {}}}, "models": [{"name": {}, "bboxes": [{"x": 269, "y": 41, "w": 354, "h": 26}, {"x": 269, "y": 78, "w": 295, "h": 26}, {"x": 269, "y": 116, "w": 77, "h": 26}, {"x": 269, "y": 153, "w": 82, "h": 26}, {"x": 269, "y": 191, "w": 71, "h": 26}, {"x": 269, "y": 228, "w": 61, "h": 26}, {"x": 269, "y": 266, "w": 37, "h": 26}, {"x": 269, "y": 303, "w": 43, "h": 26}, {"x": 269, "y": 341, "w": 34, "h": 26}, {"x": 269, "y": 378, "w": 27, "h": 26}, {"x": 269, "y": 416, "w": 17, "h": 26}, {"x": 269, "y": 453, "w": 12, "h": 26}, {"x": 269, "y": 491, "w": 6, "h": 26}, {"x": 269, "y": 528, "w": 3, "h": 26}, {"x": 269, "y": 566, "w": 4, "h": 26}, {"x": 269, "y": 603, "w": 3, "h": 26}, {"x": 269, "y": 641, "w": 2, "h": 26}, {"x": 269, "y": 678, "w": 0, "h": 26}, {"x": 269, "y": 716, "w": 0, "h": 26}, {"x": 269, "y": 753, "w": 0, "h": 26}], "x": ["Diseases of the circulatory system", "Neoplasms", "Diseases of the respiratory system", "Mental and behavioural disorders", "Diseases of the nervous system", "External causes of morbidity and", "Diseases of the digestive system", "Symptoms, signs and abnormal clinical", "Endocrine, nutritional and metabolic", "Certain infectious and parasitic diseases", "Diseases of the genitourinary system", "Poisoning with medicine and narcotics", "Diseases of the musculoskeletal system", "Congenital malformations, deformations", "Diseases of the blood and blood-forming", "Diseases of the skin and subcutaneous", "Certain conditions originating in the", "Pregnancy, childbirth and the puerperium", "Diseases of the ear and mastoid process", "Diseases of the eye and adnexa"], "y": ["28 195", "23 453", "6 154", "6 510", "5 685", "4 884", "2 931", "3 445", "2 737", "2 110", "1 362", "949", "456", "261", "302", "201", "124", "4", "6", "2"], "colors": ["#2876dd", "#2876dd", "#2876dd", "#2876dd", "#2876dd", "#2876dd", "#2876dd", "#2876dd", "#2876dd", "#2876dd", "#2876dd", "#2876dd", "#2876dd", "#2876dd", "#2876dd", "#2876dd", "#2876dd", "#2876dd", "#2876dd", "#2876dd"], "labels": ["Diseases of the circulatory system", "Neoplasms", "Diseases of the respiratory system", "Mental and behavioural disorders", "Diseases of the nervous system", "External causes of morbidity and", "Diseases of the digestive system", "Symptoms, signs and abnormal clinical", "Endocrine, nutritional and metabolic", "Certain infectious and parasitic diseases", "Diseases of the genitourinary system", "Poisoning with medicine and narcotics", "Diseases of the musculoskeletal system", "Congenital malformations, deformations", "Diseases of the blood and blood-forming", "Diseases of the skin and subcutaneous", "Certain conditions originating in the", "Pregnancy, childbirth and the puerperium", "Diseases of the ear and mastoid process", "Diseases of the eye and adnexa"]}], "type": "h_bar"}