{"general_figure_info": {"figure_info": {"bbox": {"x": 96, "y": 45, "w": 629, "h": 392}}, "y_axis": {"label": {"bbox": [{"x": 40, "y": 160, "w": 11, "h": 162.84375}], "text": "R&D expenses in million U.S. dollars"}, "major_labels": {"bboxes": [{"x": 65, "y": 422.5, "w": 21.0, "h": 36.0}, {"x": 65, "y": 357.5, "w": 21.0, "h": 36.0}, {"x": 65, "y": 291.5, "w": 21.0, "h": 36.0}, {"x": 65, "y": 226.5, "w": 21.0, "h": 36.0}, {"x": 65, "y": 161.5, "w": 21.0, "h": 36.0}, {"x": 65, "y": 95.5, "w": 21.0, "h": 36.0}, {"x": 65, "y": 29.5, "w": 21.0, "h": 36.0}]}}, "x_axis": {"major_labels": {"bboxes": [{"x": 110, "y": 447, "h": 12, "w": 24.484375}, {"x": 162, "y": 447, "h": 12, "w": 24.484375}, {"x": 215, "y": 447, "h": 12, "w": 23.65625}, {"x": 267, "y": 447, "h": 12, "w": 24.484375}, {"x": 320, "y": 447, "h": 12, "w": 24.484375}, {"x": 372, "y": 447, "h": 12, "w": 24.484375}, {"x": 424, "y": 447, "h": 12, "w": 24.484375}, {"x": 477, "y": 447, "h": 12, "w": 24.484375}, {"x": 529, "y": 447, "h": 12, "w": 24.484375}, {"x": 582, "y": 447, "h": 12, "w": 24.484375}, {"x": 634, "y": 447, "h": 12, "w": 24.484375}, {"x": 687, "y": 447, "h": 12, "w": 24.484375}], "values": ["2009", "2010", "2011", "2012", "2013", "2014", "2015", "2016", "2017", "2018", "2019", "2020"]}, "label": {}}}, "models": [{"name": {}, "bboxes": [{"x": 104, "y": 258, "w": 36, "h": 180}, {"x": 157, "y": 263, "w": 36, "h": 175}, {"x": 209, "y": 258, "w": 36, "h": 180}, {"x": 262, "y": 259, "w": 36, "h": 179}, {"x": 314, "y": 236, "w": 36, "h": 202}, {"x": 366, "y": 243, "w": 36, "h": 195}, {"x": 419, "y": 227, "w": 36, "h": 211}, {"x": 471, "y": 232, "w": 36, "h": 206}, {"x": 524, "y": 207, "w": 36, "h": 231}, {"x": 576, "y": 145, "w": 36, "h": 293}, {"x": 628, "y": 132, "w": 36, "h": 306}, {"x": 681, "y": 103, "w": 36, "h": 335}], "x": ["2009", "2010", "2011", "2012", "2013", "2014", "2015", "2016", "2017", "2018", "2019", "2020"], "y": ["55.1", "53.7", "55.1", "54.8", "61.8", "59.8", "64.7", "63.2", "70.8", "89.7", "93.6", "102.6"], "colors": ["#2876dd", "#2876dd", "#2876dd", "#2876dd", "#2876dd", "#2876dd", "#2876dd", "#2876dd", "#2876dd", "#2876dd", "#2876dd", "#2876dd"], "labels": ["2009", "2010", "2011", "2012", "2013", "2014", "2015", "2016", "2017", "2018", "2019", "2020"]}], "type": "v_bar"}