{"general_figure_info": {"figure_info": {"bbox": {"x": 92, "y": 45, "w": 633, "h": 392}}, "y_axis": {"label": {"bbox": [{"x": 40, "y": 197, "w": 11, "h": 87.25}], "text": "CPM in U.S. dollars"}, "major_labels": {"bboxes": [{"x": 65, "y": 422.5, "w": 17.0, "h": 45.33333333333333}, {"x": 65, "y": 344.5, "w": 17.0, "h": 45.33333333333333}, {"x": 65, "y": 265.5, "w": 17.0, "h": 45.33333333333333}, {"x": 65, "y": 187.5, "w": 17.0, "h": 45.33333333333333}, {"x": 65, "y": 108.5, "w": 17.0, "h": 45.33333333333333}, {"x": 65, "y": 29.5, "w": 17.0, "h": 45.33333333333333}]}}, "x_axis": {"major_labels": {"bboxes": [{"x": 211, "y": 447, "h": 12, "w": 78.28125}, {"x": 538, "y": 447, "h": 12, "w": 58.09375}], "values": ["November 2019", "March 2020"]}, "label": {}}}, "models": [{"name": {}, "bboxes": [{"x": 142, "y": 143, "w": 217, "h": 295}, {"x": 459, "y": 311, "w": 217, "h": 127}], "x": ["November 2019", "March 2020"], "y": ["1.88", "0.81"], "colors": ["#2876dd", "#2876dd"], "labels": ["November 2019", "March 2020"]}], "type": "v_bar"}