{"general_figure_info": {"figure_info": {"bbox": {"x": 89, "y": 45, "w": 636, "h": 392}}, "y_axis": {"label": {"bbox": [{"x": 40, "y": 192, "w": 11, "h": 98.9375}], "text": "Number of enterprises"}, "major_labels": {"bboxes": [{"x": 65, "y": 422.5, "w": 14.0, "h": 23.555555555555557}, {"x": 65, "y": 373.5, "w": 14.0, "h": 23.555555555555557}, {"x": 65, "y": 324.5, "w": 14.0, "h": 23.555555555555557}, {"x": 65, "y": 275.5, "w": 14.0, "h": 23.555555555555557}, {"x": 65, "y": 226.5, "w": 14.0, "h": 23.555555555555557}, {"x": 65, "y": 177.5, "w": 14.0, "h": 23.555555555555557}, {"x": 65, "y": 128.5, "w": 14.0, "h": 23.555555555555557}, {"x": 65, "y": 79.5, "w": 14.0, "h": 23.555555555555557}, {"x": 65, "y": 29.5, "w": 14.0, "h": 23.555555555555557}]}}, "x_axis": {"major_labels": {"bboxes": [{"x": 109, "y": 447, "h": 12, "w": 24.484375}, {"x": 172, "y": 447, "h": 12, "w": 24.484375}, {"x": 236, "y": 447, "h": 12, "w": 24.484375}, {"x": 300, "y": 447, "h": 12, "w": 23.65625}, {"x": 363, "y": 447, "h": 12, "w": 24.484375}, {"x": 427, "y": 447, "h": 12, "w": 24.484375}, {"x": 490, "y": 447, "h": 12, "w": 24.484375}, {"x": 554, "y": 447, "h": 12, "w": 24.484375}, {"x": 617, "y": 447, "h": 12, "w": 24.484375}, {"x": 681, "y": 447, "h": 12, "w": 24.484375}], "values": ["2008", "2009", "2010", "2011", "2012", "2013", "2014", "2015", "2016", "2017"]}, "label": {}}}, "models": [{"name": {}, "bboxes": [{"x": 99, "y": 409, "w": 44, "h": 29}, {"x": 163, "y": 320, "w": 44, "h": 118}, {"x": 226, "y": 379, "w": 44, "h": 59}, {"x": 290, "y": 409, "w": 44, "h": 29}, {"x": 353, "y": 252, "w": 44, "h": 186}, {"x": 417, "y": 252, "w": 44, "h": 186}, {"x": 481, "y": 193, "w": 44, "h": 245}, {"x": 544, "y": 154, "w": 44, "h": 284}, {"x": 608, "y": 134, "w": 44, "h": 304}, {"x": 671, "y": 115, "w": 44, "h": 323}], "x": ["2008", "2009", "2010", "2011", "2012", "2013", "2014", "2015", "2016", "2017"], "y": ["3", "12", "6", "3", "19", "19", "25", "29", "31", "33"], "colors": ["#2876dd", "#2876dd", "#2876dd", "#2876dd", "#2876dd", "#2876dd", "#2876dd", "#2876dd", "#2876dd", "#2876dd"], "labels": ["2008", "2009", "2010", "2011", "2012", "2013", "2014", "2015", "2016", "2017"]}], "type": "v_bar"}