{"general_figure_info": {"figure_info": {"bbox": {"x": 103, "y": 45, "w": 622, "h": 367}}, "y_axis": {"label": {"bbox": [{"x": 404, "y": 446, "w": 20.875, "h": 11}], "text": "Million U.S. dollars"}, "major_labels": {"bboxes": [{"x": 429, "y": 397.5, "w": 316.0, "h": 41.166666666666664}, {"x": 429, "y": 324.5, "w": 316.0, "h": 41.166666666666664}, {"x": 429, "y": 250.5, "w": 316.0, "h": 41.166666666666664}, {"x": 429, "y": 177.5, "w": 316.0, "h": 41.166666666666664}, {"x": 429, "y": 103.5, "w": 316.0, "h": 41.166666666666664}, {"x": 429, "y": 29.5, "w": 316.0, "h": 41.166666666666664}]}}, "x_axis": {"major_labels": {"bboxes": [{"x": 113, "y": 422, "h": 12, "w": 24.484375}, {"x": 157, "y": 422, "h": 12, "w": 24.484375}, {"x": 202, "y": 422, "h": 12, "w": 24.484375}, {"x": 246, "y": 422, "h": 12, "w": 24.484375}, {"x": 291, "y": 422, "h": 12, "w": 23.65625}, {"x": 335, "y": 422, "h": 12, "w": 24.484375}, {"x": 380, "y": 422, "h": 12, "w": 24.484375}, {"x": 424, "y": 422, "h": 12, "w": 24.484375}, {"x": 468, "y": 422, "h": 12, "w": 24.484375}, {"x": 513, "y": 422, "h": 12, "w": 24.484375}, {"x": 557, "y": 422, "h": 12, "w": 24.484375}, {"x": 602, "y": 422, "h": 12, "w": 24.484375}, {"x": 646, "y": 422, "h": 12, "w": 24.484375}, {"x": 691, "y": 422, "h": 12, "w": 24.484375}], "values": ["2007", "2008", "2009", "2010", "2011", "2012", "2013", "2014", "2015", "2016", "2017", "2018", "2019", "2020"]}, "label": {}}}, "models": [{"name": {}, "bboxes": [{"x": 110, "y": 325, "w": 31, "h": 88}, {"x": 154, "y": 321, "w": 31, "h": 92}, {"x": 199, "y": 337, "w": 31, "h": 76}, {"x": 243, "y": 324, "w": 31, "h": 89}, {"x": 288, "y": 298, "w": 31, "h": 115}, {"x": 332, "y": 283, "w": 31, "h": 130}, {"x": 377, "y": 263, "w": 31, "h": 150}, {"x": 421, "y": 240, "w": 31, "h": 173}, {"x": 465, "y": 234, "w": 31, "h": 179}, {"x": 510, "y": 207, "w": 31, "h": 206}, {"x": 554, "y": 157, "w": 31, "h": 256}, {"x": 599, "y": 134, "w": 31, "h": 279}, {"x": 643, "y": 146, "w": 31, "h": 267}, {"x": 688, "y": 300, "w": 31, "h": 113}], "x": ["2007", "2008", "2009", "2010", "2011", "2012", "2013", "2014", "2015", "2016", "2017", "2018", "2019", "2020"], "y": ["1 203.9", "1 249.6", "1 029.4", "1 215.3", "1 565.1", "1 771.73", "2 037.8", "2 350.7", "2 432.5", "2 810.5", "3 490.9", "3 797", "3 638.8", "1 536.7"], "colors": ["#2876dd", "#2876dd", "#2876dd", "#2876dd", "#2876dd", "#2876dd", "#2876dd", "#2876dd", "#2876dd", "#2876dd", "#2876dd", "#2876dd", "#2876dd", "#2876dd"], "labels": ["2007", "2008", "2009", "2010", "2011", "2012", "2013", "2014", "2015", "2016", "2017", "2018", "2019", "2020"]}], "type": "v_bar"}