{"general_figure_info": {"figure_info": {"bbox": {"x": 107, "y": 45, "w": 618, "h": 377}}, "y_axis": {"label": {"bbox": [{"x": 40, "y": 189, "w": 11, "h": 89.71875}], "text": "Share in total export"}, "major_labels": {"bboxes": [{"x": 65, "y": 407.5, "w": 32.0, "h": 21.888888888888886}, {"x": 65, "y": 360.5, "w": 32.0, "h": 21.888888888888886}, {"x": 65, "y": 313.5, "w": 32.0, "h": 21.888888888888886}, {"x": 65, "y": 266.5, "w": 32.0, "h": 21.888888888888886}, {"x": 65, "y": 219.5, "w": 32.0, "h": 21.888888888888886}, {"x": 65, "y": 171.5, "w": 32.0, "h": 21.888888888888886}, {"x": 65, "y": 124.5, "w": 32.0, "h": 21.888888888888886}, {"x": 65, "y": 77.5, "w": 32.0, "h": 21.888888888888886}, {"x": 65, "y": 29.5, "w": 32.0, "h": 21.888888888888886}]}}, "x_axis": {"major_labels": {"bboxes": [{"x": 141, "y": 432, "h": 12, "w": 20.673828125}, {"x": 225, "y": 432, "h": 12, "w": 29.623046875}, {"x": 305, "y": 432, "h": 12, "w": 45.7353515625}, {"x": 402, "y": 432, "h": 12, "w": 28.140625}, {"x": 476, "y": 432, "h": 24, "w": 57.484375}, {"x": 575, "y": 432, "h": 12, "w": 34.25}, {"x": 648, "y": 432, "h": 12, "w": 66.53759765625}], "values": ["Italy", "China", "Germany", "Spain", "United Arab", "France", "United States"]}, "label": {}}}, "models": [{"name": {}, "bboxes": [{"x": 121, "y": 84, "w": 61, "h": 339}, {"x": 209, "y": 121, "w": 61, "h": 302}, {"x": 298, "y": 140, "w": 61, "h": 283}, {"x": 386, "y": 140, "w": 61, "h": 283}, {"x": 474, "y": 310, "w": 61, "h": 113}, {"x": 562, "y": 310, "w": 61, "h": 113}, {"x": 651, "y": 329, "w": 61, "h": 94}], "x": ["Italy", "China", "Germany", "Spain", "United Arab", "France", "United States"], "y": ["18%", "16%", "15%", "15%", "6%", "6%", "5%"], "colors": ["#2876dd", "#2876dd", "#2876dd", "#2876dd", "#2876dd", "#2876dd", "#2876dd"], "labels": ["Italy", "China", "Germany", "Spain", "United Arab", "France", "United States"]}], "type": "v_bar"}