{"general_figure_info": {"figure_info": {"bbox": {"x": 235, "y": 35, "w": 475, "h": 782}}, "y_axis": {"label": {"bbox": [{"x": 427, "y": 846, "w": 90.9208984375, "h": 11}], "text": "Sales in million GBP"}, "major_labels": {"bboxes": [{"x": 214.5, "y": 821, "w": 39.375, "h": 24.0}, {"x": 282.5, "y": 821, "w": 39.375, "h": 24.0}, {"x": 350.5, "y": 821, "w": 39.375, "h": 24.0}, {"x": 418.5, "y": 821, "w": 39.375, "h": 24.0}, {"x": 485.5, "y": 821, "w": 39.375, "h": 24.0}, {"x": 553.5, "y": 821, "w": 39.375, "h": 24.0}, {"x": 621.5, "y": 821, "w": 39.375, "h": 24.0}, {"x": 690.5, "y": 821, "w": 39.375, "h": 24.0}]}}, "x_axis": {"major_labels": {"bboxes": [{"x": 203, "y": 48, "h": 12, "w": 18.953125}, {"x": 160, "y": 85, "h": 12, "w": 61.953125}, {"x": 150, "y": 122, "h": 12, "w": 71.953125}, {"x": 48, "y": 159, "h": 12, "w": 174.7490234375}, {"x": 147, "y": 197, "h": 12, "w": 74.796875}, {"x": 118, "y": 234, "h": 12, "w": 103.9375}, {"x": 166, "y": 271, "h": 12, "w": 56.265625}, {"x": 180, "y": 308, "h": 12, "w": 42.2353515625}, {"x": 132, "y": 346, "h": 12, "w": 90.9814453125}, {"x": 150, "y": 383, "h": 12, "w": 71.546875}, {"x": 187, "y": 420, "h": 12, "w": 34.84375}, {"x": 182, "y": 457, "h": 12, "w": 39.75}, {"x": 153, "y": 494, "h": 12, "w": 69.572265625}, {"x": 135, "y": 532, "h": 12, "w": 87.92529296875}, {"x": 134, "y": 569, "h": 12, "w": 88.453125}, {"x": 189, "y": 606, "h": 12, "w": 34.3173828125}, {"x": 117, "y": 643, "h": 12, "w": 104.578125}, {"x": 150, "y": 681, "h": 12, "w": 71.53125}, {"x": 122, "y": 718, "h": 12, "w": 100.28125}, {"x": 97, "y": 755, "h": 12, "w": 124.734375}, {"x": 138, "y": 792, "h": 12, "w": 83.78125}], "values": ["ISG", "Wates Retail", "Styles & Wood", "Havelock Europa\n Interiors Business", "Simpson (York)", "Morris & Spottiswood", "Alan Nuttall", "Portview", "Harvey Shopfitters", "Powells Group", "McCue", "Railston", "Hurst Interiors", "Bridgford Interiors", "Vinci Construction", "Vizona", "Barnwood Shopfitting", "Newman Scott", "Birley Manufacturing", "Cumberland Construction", "A Edmonds & Co"]}, "label": {}}}, "models": [{"name": {}, "bboxes": [{"x": 234, "y": 40, "w": 384, "h": 26}, {"x": 234, "y": 78, "w": 149, "h": 26}, {"x": 234, "y": 115, "w": 128, "h": 26}, {"x": 234, "y": 152, "w": 112, "h": 26}, {"x": 234, "y": 189, "w": 100, "h": 26}, {"x": 234, "y": 227, "w": 94, "h": 26}, {"x": 234, "y": 264, "w": 74, "h": 26}, {"x": 234, "y": 301, "w": 45, "h": 26}, {"x": 234, "y": 338, "w": 44, "h": 26}, {"x": 234, "y": 375, "w": 40, "h": 26}, {"x": 234, "y": 413, "w": 31, "h": 26}, {"x": 234, "y": 450, "w": 35, "h": 26}, {"x": 234, "y": 487, "w": 34, "h": 26}, {"x": 234, "y": 524, "w": 31, "h": 26}, {"x": 234, "y": 562, "w": 27, "h": 26}, {"x": 234, "y": 599, "w": 24, "h": 26}, {"x": 234, "y": 636, "w": 30, "h": 26}, {"x": 234, "y": 673, "w": 16, "h": 26}, {"x": 234, "y": 711, "w": 13, "h": 26}, {"x": 234, "y": 748, "w": 13, "h": 26}, {"x": 234, "y": 785, "w": 6, "h": 26}], "x": ["ISG", "Wates Retail", "Styles & Wood", "Havelock Europa\n Interiors Business", "Simpson (York)", "Morris & Spottiswood", "Alan Nuttall", "Portview", "Harvey Shopfitters", "Powells Group", "McCue", "Railston", "Hurst Interiors", "Bridgford Interiors", "Vinci Construction", "Vizona", "Barnwood Shopfitting", "Newman Scott", "Birley Manufacturing", "Cumberland Construction", "A Edmonds & Co"], "y": ["283", "110", "94", "82.2", "73.7", "69.5", "54.7", "32.8", "32.4", "29.2", "23", "25.6", "25.2", "22.5", "20", "18", "22.3", "11.6", "9.9", "9.6", "4.3"], "colors": ["#2876dd", "#2876dd", "#2876dd", "#2876dd", "#2876dd", "#2876dd", "#2876dd", "#2876dd", "#2876dd", "#2876dd", "#2876dd", "#2876dd", "#2876dd", "#2876dd", "#2876dd", "#2876dd", "#2876dd", "#2876dd", "#2876dd", "#2876dd", "#2876dd"], "labels": ["ISG", "Wates Retail", "Styles & Wood", "Havelock Europa\n Interiors Business", "Simpson (York)", "Morris & Spottiswood", "Alan Nuttall", "Portview", "Harvey Shopfitters", "Powells Group", "McCue", "Railston", "Hurst Interiors", "Bridgford Interiors", "Vinci Construction", "Vizona", "Barnwood Shopfitting", "Newman Scott", "Birley Manufacturing", "Cumberland Construction", "A Edmonds & Co"]}], "type": "h_bar"}