{"general_figure_info": {"figure_info": {"bbox": {"x": 97, "y": 45, "w": 628, "h": 392}}, "y_axis": {"label": {"bbox": [{"x": 40, "y": 156, "w": 11, "h": 169.1875}], "text": "Trade value in billion Canadian dollars"}, "major_labels": {"bboxes": [{"x": 65, "y": 422.5, "w": 22.0, "h": 36.0}, {"x": 65, "y": 357.5, "w": 22.0, "h": 36.0}, {"x": 65, "y": 291.5, "w": 22.0, "h": 36.0}, {"x": 65, "y": 226.5, "w": 22.0, "h": 36.0}, {"x": 65, "y": 161.5, "w": 22.0, "h": 36.0}, {"x": 65, "y": 95.5, "w": 22.0, "h": 36.0}, {"x": 65, "y": 29.5, "w": 22.0, "h": 36.0}]}}, "x_axis": {"major_labels": {"bboxes": [{"x": 124, "y": 447, "h": 12, "w": 24.484375}, {"x": 203, "y": 447, "h": 12, "w": 24.484375}, {"x": 281, "y": 447, "h": 12, "w": 24.484375}, {"x": 360, "y": 447, "h": 12, "w": 24.484375}, {"x": 438, "y": 447, "h": 12, "w": 24.484375}, {"x": 517, "y": 447, "h": 12, "w": 24.484375}, {"x": 595, "y": 447, "h": 12, "w": 24.484375}, {"x": 674, "y": 447, "h": 12, "w": 24.484375}], "values": ["2013", "2014", "2015", "2016", "2017", "2018", "2019", "2020"]}, "label": {}}}, "models": [{"name": {}, "bboxes": [{"x": 109, "y": 190, "w": 54, "h": 248}, {"x": 188, "y": 200, "w": 54, "h": 238}, {"x": 266, "y": 159, "w": 54, "h": 279}, {"x": 345, "y": 134, "w": 54, "h": 304}, {"x": 423, "y": 88, "w": 54, "h": 350}, {"x": 502, "y": 111, "w": 54, "h": 327}, {"x": 580, "y": 119, "w": 54, "h": 319}, {"x": 659, "y": 181, "w": 54, "h": 257}], "x": ["2013", "2014", "2015", "2016", "2017", "2018", "2019", "2020"], "y": ["9.48", "9.1", "10.67", "11.64", "13.39", "12.51", "12.2", "9.83"], "colors": ["#2876dd", "#2876dd", "#2876dd", "#2876dd", "#2876dd", "#2876dd", "#2876dd", "#2876dd"], "labels": ["2013", "2014", "2015", "2016", "2017", "2018", "2019", "2020"]}], "type": "v_bar"}