{"general_figure_info": {"figure_info": {"bbox": {"x": 60, "y": 45, "w": 665, "h": 392}}, "y_axis": {"label": {"bbox": [{"x": 40, "y": 215, "w": 11, "h": 52.1328125}], "text": "Index score"}, "major_labels": {"bboxes": [{"x": 65, "y": 422.5, "w": -5.0, "h": 23.555555555555557}, {"x": 65, "y": 373.5, "w": -5.0, "h": 23.555555555555557}, {"x": 65, "y": 324.5, "w": -5.0, "h": 23.555555555555557}, {"x": 65, "y": 275.5, "w": -5.0, "h": 23.555555555555557}, {"x": 65, "y": 226.5, "w": -5.0, "h": 23.555555555555557}, {"x": 65, "y": 177.5, "w": -5.0, "h": 23.555555555555557}, {"x": 65, "y": 128.5, "w": -5.0, "h": 23.555555555555557}, {"x": 65, "y": 79.5, "w": -5.0, "h": 23.555555555555557}, {"x": 65, "y": 29.5, "w": -5.0, "h": 23.555555555555557}]}}, "x_axis": {"major_labels": {"bboxes": [{"x": 103, "y": 447, "h": 12, "w": 24.484375}, {"x": 214, "y": 447, "h": 12, "w": 24.484375}, {"x": 325, "y": 447, "h": 12, "w": 24.484375}, {"x": 436, "y": 447, "h": 12, "w": 24.484375}, {"x": 547, "y": 447, "h": 12, "w": 24.484375}, {"x": 657, "y": 447, "h": 12, "w": 24.484375}], "values": ["2015", "2016", "2017", "2018", "2020", "2021"]}, "label": {}}}, "models": [{"name": "line", "bboxes": [{"x": 116, "y": 389, "w": 111, "h": 0}, {"x": 227, "y": 389, "w": 111, "h": 49}, {"x": 338, "y": 291, "w": 110, "h": 147}, {"x": 448, "y": 144, "w": 111, "h": 147}, {"x": 559, "y": 95, "w": 111, "h": 49}], "x": ["2015", "2016", "2017", "2018", "2020", "2021"], "y": ["0.7", "0.7", "0.69", "0.72", "0.75", "0.76"], "label": " ", "color": "#2876dd"}], "type": "line"}