{"general_figure_info": {"figure_info": {"bbox": {"x": 96, "y": 95, "w": 629, "h": 365}}, "y_axis": {"label": {"bbox": [{"x": 40, "y": 251, "w": 11, "h": 51.5859375}], "text": "Index value"}, "major_labels": {"bboxes": [{"x": 65, "y": 445.5, "w": 21.0, "h": 25.625}, {"x": 65, "y": 393.5, "w": 21.0, "h": 25.625}, {"x": 65, "y": 341.5, "w": 21.0, "h": 25.625}, {"x": 65, "y": 289.5, "w": 21.0, "h": 25.625}, {"x": 65, "y": 236.5, "w": 21.0, "h": 25.625}, {"x": 65, "y": 184.5, "w": 21.0, "h": 25.625}, {"x": 65, "y": 132.5, "w": 21.0, "h": 25.625}, {"x": 65, "y": 79.5, "w": 21.0, "h": 25.625}]}}, "x_axis": {"major_labels": {"bboxes": [{"x": 74, "y": 473, "h": 32.703704833984375, "w": 32.70368957519531}, {"x": 101, "y": 473, "h": 31.4110107421875, "w": 31.4110107421875}, {"x": 127, "y": 473, "h": 31.8419189453125, "w": 31.841903686523438}, {"x": 152, "y": 473, "h": 33.1456298828125, "w": 33.1456298828125}, {"x": 180, "y": 473, "h": 31.39996337890625, "w": 31.39996337890625}, {"x": 204, "y": 473, "h": 33.13458251953125, "w": 33.13458251953125}, {"x": 231, "y": 473, "h": 32.703704833984375, "w": 32.70368957519531}, {"x": 259, "y": 473, "h": 31.4110107421875, "w": 31.4110107421875}, {"x": 284, "y": 473, "h": 31.8419189453125, "w": 31.8419189453125}, {"x": 309, "y": 473, "h": 33.1456298828125, "w": 33.1456298828125}, {"x": 337, "y": 473, "h": 31.39996337890625, "w": 31.39996337890625}, {"x": 362, "y": 473, "h": 33.13458251953125, "w": 33.13458251953125}, {"x": 388, "y": 473, "h": 32.703704833984375, "w": 32.703704833984375}, {"x": 416, "y": 473, "h": 31.4110107421875, "w": 31.4110107421875}, {"x": 442, "y": 473, "h": 31.8419189453125, "w": 31.8419189453125}, {"x": 467, "y": 473, "h": 33.1456298828125, "w": 33.1456298828125}, {"x": 494, "y": 473, "h": 31.39996337890625, "w": 31.39996337890625}, {"x": 519, "y": 473, "h": 33.13458251953125, "w": 33.134552001953125}, {"x": 546, "y": 473, "h": 32.703704833984375, "w": 32.70367431640625}, {"x": 573, "y": 473, "h": 31.4110107421875, "w": 31.41094970703125}, {"x": 599, "y": 473, "h": 31.8419189453125, "w": 31.84185791015625}, {"x": 624, "y": 473, "h": 33.1456298828125, "w": 33.1456298828125}, {"x": 652, "y": 473, "h": 31.39996337890625, "w": 31.39990234375}, {"x": 676, "y": 473, "h": 33.13458251953125, "w": 33.13458251953125}], "values": ["Feb 17", "Apr 17", "Jun 17", "Aug 17", "Oct 17", "Dec 17", "Feb 18", "Apr 18", "Jun 18", "Aug 18", "Oct 18", "Dec 18", "Feb 19", "Apr 19", "Jun 19", "Aug 19", "Oct 19", "Dec 19", "Feb 20", "Apr 20", "Jun 20", "Aug 20", "Oct 20", "Dec 20"]}, "label": {}}}, "models": [{"name": "line", "bboxes": [{"x": 103, "y": 426, "w": 13, "h": 8}, {"x": 116, "y": 416, "w": 13, "h": 10}, {"x": 129, "y": 405, "w": 13, "h": 11}, {"x": 142, "y": 396, "w": 13, "h": 9}, {"x": 155, "y": 390, "w": 14, "h": 6}, {"x": 169, "y": 385, "w": 13, "h": 5}, {"x": 182, "y": 383, "w": 13, "h": 2}, {"x": 195, "y": 382, "w": 13, "h": 1}, {"x": 208, "y": 380, "w": 13, "h": 2}, {"x": 221, "y": 377, "w": 13, "h": 3}, {"x": 234, "y": 376, "w": 13, "h": 1}, {"x": 247, "y": 372, "w": 13, "h": 4}, {"x": 260, "y": 363, "w": 13, "h": 9}, {"x": 273, "y": 353, "w": 14, "h": 10}, {"x": 287, "y": 343, "w": 13, "h": 10}, {"x": 300, "y": 334, "w": 13, "h": 9}, {"x": 313, "y": 330, "w": 13, "h": 4}, {"x": 326, "y": 328, "w": 13, "h": 2}, {"x": 339, "y": 328, "w": 13, "h": 0}, {"x": 352, "y": 328, "w": 13, "h": 0}, {"x": 365, "y": 328, "w": 13, "h": 1}, {"x": 378, "y": 329, "w": 13, "h": 2}, {"x": 391, "y": 331, "w": 13, "h": 2}, {"x": 404, "y": 332, "w": 14, "h": 1}, {"x": 418, "y": 325, "w": 13, "h": 7}, {"x": 431, "y": 315, "w": 13, "h": 10}, {"x": 444, "y": 306, "w": 13, "h": 9}, {"x": 457, "y": 300, "w": 13, "h": 6}, {"x": 470, "y": 296, "w": 13, "h": 4}, {"x": 483, "y": 294, "w": 13, "h": 2}, {"x": 496, "y": 294, "w": 13, "h": 0}, {"x": 509, "y": 293, "w": 13, "h": 1}, {"x": 522, "y": 293, "w": 13, "h": 0}, {"x": 535, "y": 292, "w": 14, "h": 1}, {"x": 549, "y": 292, "w": 13, "h": 0}, {"x": 562, "y": 287, "w": 13, "h": 5}, {"x": 575, "y": 277, "w": 13, "h": 10}, {"x": 588, "y": 266, "w": 13, "h": 11}, {"x": 601, "y": 260, "w": 13, "h": 6}, {"x": 614, "y": 253, "w": 13, "h": 7}, {"x": 627, "y": 244, "w": 13, "h": 9}, {"x": 640, "y": 231, "w": 13, "h": 13}, {"x": 653, "y": 217, "w": 14, "h": 14}, {"x": 667, "y": 201, "w": 13, "h": 16}, {"x": 680, "y": 187, "w": 13, "h": 14}, {"x": 693, "y": 177, "w": 13, "h": 10}, {"x": 706, "y": 167, "w": 13, "h": 10}], "x": ["Feb 17", "Apr 17", "Jun 17", "Aug 17", "Oct 17", "Dec 17", "Feb 18", "Apr 18", "Jun 18", "Aug 18", "Oct 18", "Dec 18", "Feb 19", "Apr 19", "Jun 19", "Aug 19", "Oct 19", "Dec 19", "Feb 20", "Apr 20", "Jun 20", "Aug 20", "Oct 20", "Dec 20"], "y": ["185.14", "188.65", "192.4", "194.5", "195.24", "196.02", "197.08", "200.8", "204.27", "205.55", "205.59", "204.94", "204.72", "207.96", "210.87", "212.06", "212.18", "212.38", "213.28", "217.31", "219.9", "224.14", "229.93", "234.45"], "label": " ", "color": "#2876dd"}], "type": "line"}