{"general_figure_info": {"figure_info": {"bbox": {"x": 103, "y": 45, "w": 622, "h": 392}}, "y_axis": {"label": {"bbox": [{"x": 40, "y": 168, "w": 11, "h": 146.1875}], "text": "Total assets in billion U.S. dollars"}, "major_labels": {"bboxes": [{"x": 65, "y": 422.5, "w": 28.0, "h": 23.555555555555557}, {"x": 65, "y": 373.5, "w": 28.0, "h": 23.555555555555557}, {"x": 65, "y": 324.5, "w": 28.0, "h": 23.555555555555557}, {"x": 65, "y": 275.5, "w": 28.0, "h": 23.555555555555557}, {"x": 65, "y": 226.5, "w": 28.0, "h": 23.555555555555557}, {"x": 65, "y": 177.5, "w": 28.0, "h": 23.555555555555557}, {"x": 65, "y": 128.5, "w": 28.0, "h": 23.555555555555557}, {"x": 65, "y": 79.5, "w": 28.0, "h": 23.555555555555557}, {"x": 65, "y": 29.5, "w": 28.0, "h": 23.555555555555557}]}}, "x_axis": {"major_labels": {"bboxes": [{"x": 111, "y": 447, "h": 12, "w": 24.484375}, {"x": 153, "y": 447, "h": 12, "w": 24.484375}, {"x": 194, "y": 447, "h": 12, "w": 24.484375}, {"x": 236, "y": 447, "h": 12, "w": 24.484375}, {"x": 277, "y": 447, "h": 12, "w": 24.484375}, {"x": 319, "y": 447, "h": 12, "w": 23.65625}, {"x": 360, "y": 447, "h": 12, "w": 24.484375}, {"x": 402, "y": 447, "h": 12, "w": 24.484375}, {"x": 443, "y": 447, "h": 12, "w": 24.484375}, {"x": 485, "y": 447, "h": 12, "w": 24.484375}, {"x": 526, "y": 447, "h": 12, "w": 24.484375}, {"x": 568, "y": 447, "h": 12, "w": 24.484375}, {"x": 609, "y": 447, "h": 12, "w": 24.484375}, {"x": 651, "y": 447, "h": 12, "w": 24.484375}, {"x": 692, "y": 447, "h": 12, "w": 24.484375}], "values": ["2006", "2007", "2008", "2009", "2010", "2011", "2012", "2013", "2014", "2015", "2016", "2017", "2018", "2019", "2020"]}, "label": {}}}, "models": [{"name": {}, "bboxes": [{"x": 110, "y": 306, "w": 29, "h": 132}, {"x": 151, "y": 285, "w": 29, "h": 153}, {"x": 192, "y": 225, "w": 29, "h": 213}, {"x": 234, "y": 239, "w": 29, "h": 199}, {"x": 275, "y": 230, "w": 29, "h": 208}, {"x": 317, "y": 216, "w": 29, "h": 222}, {"x": 358, "y": 207, "w": 29, "h": 231}, {"x": 400, "y": 201, "w": 29, "h": 237}, {"x": 441, "y": 186, "w": 29, "h": 252}, {"x": 483, "y": 208, "w": 29, "h": 230}, {"x": 524, "y": 194, "w": 29, "h": 244}, {"x": 566, "y": 190, "w": 29, "h": 248}, {"x": 607, "y": 181, "w": 29, "h": 257}, {"x": 649, "y": 175, "w": 29, "h": 263}, {"x": 690, "y": 106, "w": 29, "h": 332}], "x": ["2006", "2007", "2008", "2009", "2010", "2011", "2012", "2013", "2014", "2015", "2016", "2017", "2018", "2019", "2020"], "y": ["1351.52", "1562.15", "2175.05", "2031.99", "2117.61", "2265.79", "2359.14", "2415.69", "2572.27", "2351.7", "2490.97", "2533.6", "2622.53", "2687.38", "3386.07"], "colors": ["#2876dd", "#2876dd", "#2876dd", "#2876dd", "#2876dd", "#2876dd", "#2876dd", "#2876dd", "#2876dd", "#2876dd", "#2876dd", "#2876dd", "#2876dd", "#2876dd", "#2876dd"], "labels": ["2006", "2007", "2008", "2009", "2010", "2011", "2012", "2013", "2014", "2015", "2016", "2017", "2018", "2019", "2020"]}], "type": "v_bar"}