{"general_figure_info": {"figure_info": {"bbox": {"x": 106, "y": 45, "w": 619, "h": 392}}, "y_axis": {"label": {"bbox": [{"x": 40, "y": 165, "w": 11, "h": 151.734375}], "text": "Export value in million U.S. dollars"}, "major_labels": {"bboxes": [{"x": 65, "y": 422.5, "w": 31.0, "h": 36.0}, {"x": 65, "y": 357.5, "w": 31.0, "h": 36.0}, {"x": 65, "y": 291.5, "w": 31.0, "h": 36.0}, {"x": 65, "y": 226.5, "w": 31.0, "h": 36.0}, {"x": 65, "y": 161.5, "w": 31.0, "h": 36.0}, {"x": 65, "y": 95.5, "w": 31.0, "h": 36.0}, {"x": 65, "y": 29.5, "w": 31.0, "h": 36.0}]}}, "x_axis": {"major_labels": {"bboxes": [{"x": 124, "y": 447, "h": 12, "w": 41.390625}, {"x": 201, "y": 447, "h": 12, "w": 41.390625}, {"x": 279, "y": 447, "h": 12, "w": 41.390625}, {"x": 356, "y": 447, "h": 12, "w": 41.390625}, {"x": 433, "y": 447, "h": 12, "w": 41.390625}, {"x": 511, "y": 447, "h": 12, "w": 41.390625}, {"x": 588, "y": 447, "h": 12, "w": 41.390625}, {"x": 666, "y": 447, "h": 12, "w": 41.390625}], "values": ["FY 2013", "FY 2014", "FY 2015", "FY 2016", "FY 2017", "FY 2018", "FY 2019", "FY 2020"]}, "label": {}}}, "models": [{"name": {}, "bboxes": [{"x": 118, "y": 192, "w": 53, "h": 246}, {"x": 196, "y": 163, "w": 53, "h": 275}, {"x": 273, "y": 145, "w": 53, "h": 293}, {"x": 350, "y": 188, "w": 53, "h": 250}, {"x": 428, "y": 184, "w": 53, "h": 254}, {"x": 505, "y": 139, "w": 53, "h": 299}, {"x": 582, "y": 229, "w": 53, "h": 209}, {"x": 660, "y": 253, "w": 53, "h": 185}], "x": ["FY 2013", "FY 2014", "FY 2015", "FY 2016", "FY 2017", "FY 2018", "FY 2019", "FY 2020"], "y": ["752", "843", "898", "765", "778", "916", "640", "566.8"], "colors": ["#2876dd", "#2876dd", "#2876dd", "#2876dd", "#2876dd", "#2876dd", "#2876dd", "#2876dd"], "labels": ["FY 2013", "FY 2014", "FY 2015", "FY 2016", "FY 2017", "FY 2018", "FY 2019", "FY 2020"]}], "type": "v_bar"}