{"general_figure_info": {"figure_info": {"bbox": {"x": 106, "y": 45, "w": 619, "h": 392}}, "y_axis": {"label": {"bbox": [{"x": 40, "y": 174, "w": 11, "h": 133.40625}], "text": "Revenue in billion U.S. dollars"}, "major_labels": {"bboxes": [{"x": 65, "y": 422.5, "w": 31.0, "h": 36.0}, {"x": 65, "y": 357.5, "w": 31.0, "h": 36.0}, {"x": 65, "y": 291.5, "w": 31.0, "h": 36.0}, {"x": 65, "y": 226.5, "w": 31.0, "h": 36.0}, {"x": 65, "y": 161.5, "w": 31.0, "h": 36.0}, {"x": 65, "y": 95.5, "w": 31.0, "h": 36.0}, {"x": 65, "y": 29.5, "w": 31.0, "h": 36.0}]}}, "x_axis": {"major_labels": {"bboxes": [{"x": 125, "y": 447, "h": 12, "w": 24.484375}, {"x": 187, "y": 447, "h": 12, "w": 24.484375}, {"x": 249, "y": 447, "h": 12, "w": 24.484375}, {"x": 310, "y": 447, "h": 12, "w": 24.484375}, {"x": 372, "y": 447, "h": 12, "w": 24.484375}, {"x": 430, "y": 447, "h": 12, "w": 32.93505859375}, {"x": 496, "y": 447, "h": 12, "w": 24.484375}, {"x": 558, "y": 447, "h": 12, "w": 24.484375}, {"x": 620, "y": 447, "h": 12, "w": 24.484375}, {"x": 682, "y": 447, "h": 12, "w": 24.484375}], "values": ["2006", "2007", "2008", "2009", "2010", "2011**", "2012", "2013", "2014", "2015"]}, "label": {}}}, "models": [{"name": {}, "bboxes": [{"x": 116, "y": 389, "w": 43, "h": 49}, {"x": 178, "y": 373, "w": 43, "h": 65}, {"x": 240, "y": 354, "w": 43, "h": 84}, {"x": 301, "y": 332, "w": 43, "h": 106}, {"x": 363, "y": 289, "w": 43, "h": 149}, {"x": 425, "y": 264, "w": 43, "h": 174}, {"x": 487, "y": 229, "w": 43, "h": 209}, {"x": 549, "y": 201, "w": 43, "h": 237}, {"x": 611, "y": 183, "w": 43, "h": 255}, {"x": 673, "y": 134, "w": 43, "h": 304}], "x": ["2006", "2007", "2008", "2009", "2010", "2011**", "2012", "2013", "2014", "2015"], "y": ["189.1", "247.02", "320.29", "405.39", "568.49", "665.4", "801.32", "905.33", "976.24", "1 161.8"], "colors": ["#2876dd", "#2876dd", "#2876dd", "#2876dd", "#2876dd", "#2876dd", "#2876dd", "#2876dd", "#2876dd", "#2876dd"], "labels": ["2006", "2007", "2008", "2009", "2010", "2011**", "2012", "2013", "2014", "2015"]}], "type": "v_bar"}