{"general_figure_info": {"figure_info": {"bbox": {"x": 101, "y": 35, "w": 609, "h": 382}}, "y_axis": {"label": {"bbox": [{"x": 369, "y": 446, "w": 72.8125, "h": 11}], "text": "Number of ships"}, "major_labels": {"bboxes": [{"x": 80.5, "y": 421, "w": 30.75, "h": 24.0}, {"x": 135.5, "y": 421, "w": 30.75, "h": 24.0}, {"x": 191.5, "y": 421, "w": 30.75, "h": 24.0}, {"x": 246.5, "y": 421, "w": 30.75, "h": 24.0}, {"x": 301.5, "y": 421, "w": 30.75, "h": 24.0}, {"x": 357.5, "y": 421, "w": 30.75, "h": 24.0}, {"x": 412.5, "y": 421, "w": 30.75, "h": 24.0}, {"x": 468.5, "y": 421, "w": 30.75, "h": 24.0}, {"x": 523.5, "y": 421, "w": 30.75, "h": 24.0}, {"x": 578.5, "y": 421, "w": 30.75, "h": 24.0}, {"x": 634.5, "y": 421, "w": 30.75, "h": 24.0}, {"x": 690.5, "y": 421, "w": 30.75, "h": 24.0}]}}, "x_axis": {"major_labels": {"bboxes": [{"x": 53, "y": 125, "h": 12, "w": 34.859375}, {"x": 39, "y": 316, "h": 12, "w": 48.921875}], "values": ["Owned", "Chartered"]}, "label": {}}}, "models": [{"name": {}, "bboxes": [{"x": 100, "y": 65, "w": 554, "h": 131}, {"x": 100, "y": 256, "w": 343, "h": 131}], "x": ["Owned", "Chartered"], "y": ["50", "31"], "colors": ["#2876dd", "#2876dd"], "labels": ["Owned", "Chartered"]}], "type": "h_bar"}