{"general_figure_info": {"figure_info": {"bbox": {"x": 89, "y": 45, "w": 636, "h": 392}}, "y_axis": {"label": {"bbox": [{"x": 40, "y": 176, "w": 11, "h": 129.515625}], "text": "Funding in billion U.S. dollars"}, "major_labels": {"bboxes": [{"x": 65, "y": 422.5, "w": 14.0, "h": 36.0}, {"x": 65, "y": 357.5, "w": 14.0, "h": 36.0}, {"x": 65, "y": 291.5, "w": 14.0, "h": 36.0}, {"x": 65, "y": 226.5, "w": 14.0, "h": 36.0}, {"x": 65, "y": 161.5, "w": 14.0, "h": 36.0}, {"x": 65, "y": 95.5, "w": 14.0, "h": 36.0}, {"x": 65, "y": 29.5, "w": 14.0, "h": 36.0}]}}, "x_axis": {"major_labels": {"bboxes": [{"x": 165, "y": 447, "h": 12, "w": 60.53125}, {"x": 342, "y": 447, "h": 12, "w": 129.93798828125}, {"x": 597, "y": 447, "h": 12, "w": 44.72998046875}], "values": ["Government", "Lottery, London authorities", "LOCOG*"]}, "label": {}}}, "models": [{"name": {}, "bboxes": [{"x": 122, "y": 117, "w": 146, "h": 321}, {"x": 334, "y": 282, "w": 146, "h": 156}, {"x": 546, "y": 334, "w": 146, "h": 104}], "x": ["Government", "Lottery, London authorities", "LOCOG*"], "y": ["9.82", "4.79", "3.18"], "colors": ["#2876dd", "#2876dd", "#2876dd"], "labels": ["Government", "Lottery, London authorities", "LOCOG*"]}], "type": "v_bar"}