{"general_figure_info": {"figure_info": {"bbox": {"x": 96, "y": 45, "w": 629, "h": 392}}, "y_axis": {"label": {"bbox": [{"x": 40, "y": 182, "w": 11, "h": 118.40625}], "text": "Number of hotel properties"}, "major_labels": {"bboxes": [{"x": 65, "y": 422.5, "w": 21.0, "h": 45.33333333333333}, {"x": 65, "y": 344.5, "w": 21.0, "h": 45.33333333333333}, {"x": 65, "y": 265.5, "w": 21.0, "h": 45.33333333333333}, {"x": 65, "y": 187.5, "w": 21.0, "h": 45.33333333333333}, {"x": 65, "y": 108.5, "w": 21.0, "h": 45.33333333333333}, {"x": 65, "y": 29.5, "w": 21.0, "h": 45.33333333333333}]}}, "x_axis": {"major_labels": {"bboxes": [{"x": 162, "y": 447, "h": 12, "w": 24.484375}, {"x": 320, "y": 447, "h": 12, "w": 24.484375}, {"x": 477, "y": 447, "h": 12, "w": 24.484375}, {"x": 634, "y": 447, "h": 12, "w": 24.484375}], "values": ["2017", "2018", "2019", "2020"]}, "label": {}}}, "models": [{"name": {}, "bboxes": [{"x": 121, "y": 167, "w": 108, "h": 271}, {"x": 278, "y": 123, "w": 108, "h": 315}, {"x": 435, "y": 87, "w": 108, "h": 351}, {"x": 593, "y": 226, "w": 108, "h": 212}], "x": ["2017", "2018", "2019", "2020"], "y": ["173", "201", "224", "135"], "colors": ["#2876dd", "#2876dd", "#2876dd", "#2876dd"], "labels": ["2017", "2018", "2019", "2020"]}], "type": "v_bar"}