{"general_figure_info": {"figure_info": {"bbox": {"x": 96, "y": 45, "w": 629, "h": 392}}, "y_axis": {"label": {"bbox": [{"x": 40, "y": 184, "w": 11, "h": 114.515625}], "text": "Revenues in million euros"}, "major_labels": {"bboxes": [{"x": 65, "y": 422.5, "w": 21.0, "h": 29.0}, {"x": 65, "y": 366.5, "w": 21.0, "h": 29.0}, {"x": 65, "y": 310.5, "w": 21.0, "h": 29.0}, {"x": 65, "y": 254.5, "w": 21.0, "h": 29.0}, {"x": 65, "y": 198.5, "w": 21.0, "h": 29.0}, {"x": 65, "y": 142.5, "w": 21.0, "h": 29.0}, {"x": 65, "y": 86.5, "w": 21.0, "h": 29.0}, {"x": 65, "y": 29.5, "w": 21.0, "h": 29.0}]}}, "x_axis": {"major_labels": {"bboxes": [{"x": 189, "y": 447, "h": 12, "w": 24.484375}, {"x": 398, "y": 447, "h": 12, "w": 24.484375}, {"x": 608, "y": 447, "h": 12, "w": 24.484375}], "values": ["2018", "2019", "2020"]}, "label": {}}}, "models": [{"name": {}, "bboxes": [{"x": 129, "y": 201, "w": 144, "h": 236}, {"x": 339, "y": 95, "w": 144, "h": 342}, {"x": 547, "y": 147, "w": 144, "h": 291}], "x": ["2018", "2019", "2020"], "y": ["210.4", "305.7", "259.7"], "colors": ["#2876dd", "#2876dd", "#2876dd"], "labels": ["2018", "2019", "2020"]}], "type": "v_bar"}