{"general_figure_info": {"figure_info": {"bbox": {"x": 106, "y": 45, "w": 619, "h": 392}}, "y_axis": {"label": {"bbox": [{"x": 40, "y": 191, "w": 11, "h": 100.609375}], "text": "Exports in billion euros"}, "major_labels": {"bboxes": [{"x": 65, "y": 422.5, "w": 31.0, "h": 45.33333333333333}, {"x": 65, "y": 344.5, "w": 31.0, "h": 45.33333333333333}, {"x": 65, "y": 265.5, "w": 31.0, "h": 45.33333333333333}, {"x": 65, "y": 187.5, "w": 31.0, "h": 45.33333333333333}, {"x": 65, "y": 108.5, "w": 31.0, "h": 45.33333333333333}, {"x": 65, "y": 29.5, "w": 31.0, "h": 45.33333333333333}]}}, "x_axis": {"major_labels": {"bboxes": [{"x": 122, "y": 447, "h": 12, "w": 24.484375}, {"x": 179, "y": 447, "h": 12, "w": 23.65625}, {"x": 234, "y": 447, "h": 12, "w": 24.484375}, {"x": 291, "y": 447, "h": 12, "w": 24.484375}, {"x": 347, "y": 447, "h": 12, "w": 24.484375}, {"x": 403, "y": 447, "h": 12, "w": 24.484375}, {"x": 460, "y": 447, "h": 12, "w": 24.484375}, {"x": 516, "y": 447, "h": 12, "w": 24.484375}, {"x": 572, "y": 447, "h": 12, "w": 24.484375}, {"x": 628, "y": 447, "h": 12, "w": 24.484375}, {"x": 685, "y": 447, "h": 12, "w": 24.484375}], "values": ["2010", "2011", "2012", "2013", "2014", "2015", "2016", "2017", "2018", "2019", "2020"]}, "label": {}}}, "models": [{"name": {}, "bboxes": [{"x": 115, "y": 226, "w": 39, "h": 212}, {"x": 171, "y": 194, "w": 39, "h": 244}, {"x": 227, "y": 174, "w": 39, "h": 264}, {"x": 284, "y": 166, "w": 39, "h": 272}, {"x": 340, "y": 171, "w": 39, "h": 267}, {"x": 396, "y": 157, "w": 39, "h": 281}, {"x": 453, "y": 164, "w": 39, "h": 274}, {"x": 509, "y": 143, "w": 39, "h": 295}, {"x": 565, "y": 131, "w": 39, "h": 307}, {"x": 621, "y": 104, "w": 39, "h": 334}, {"x": 678, "y": 135, "w": 39, "h": 303}], "x": ["2010", "2011", "2012", "2013", "2014", "2015", "2016", "2017", "2018", "2019", "2020"], "y": ["1 354.06", "1 554.51", "1 684.93", "1 736.5", "1 703.24", "1 789.87", "1 744.56", "1 879", "1 954.9", "2 132.3", "1 931.6"], "colors": ["#2876dd", "#2876dd", "#2876dd", "#2876dd", "#2876dd", "#2876dd", "#2876dd", "#2876dd", "#2876dd", "#2876dd", "#2876dd"], "labels": ["2010", "2011", "2012", "2013", "2014", "2015", "2016", "2017", "2018", "2019", "2020"]}], "type": "v_bar"}