{"general_figure_info": {"figure_info": {"bbox": {"x": 92, "y": 45, "w": 633, "h": 392}}, "y_axis": {"label": {"bbox": [{"x": 40, "y": 169, "w": 11, "h": 144.5}], "text": "Market size in billion U.S. dollars"}, "major_labels": {"bboxes": [{"x": 65, "y": 422.5, "w": 17.0, "h": 23.555555555555557}, {"x": 65, "y": 373.5, "w": 17.0, "h": 23.555555555555557}, {"x": 65, "y": 324.5, "w": 17.0, "h": 23.555555555555557}, {"x": 65, "y": 275.5, "w": 17.0, "h": 23.555555555555557}, {"x": 65, "y": 226.5, "w": 17.0, "h": 23.555555555555557}, {"x": 65, "y": 177.5, "w": 17.0, "h": 23.555555555555557}, {"x": 65, "y": 128.5, "w": 17.0, "h": 23.555555555555557}, {"x": 65, "y": 79.5, "w": 17.0, "h": 23.555555555555557}, {"x": 65, "y": 29.5, "w": 17.0, "h": 23.555555555555557}]}}, "x_axis": {"major_labels": {"bboxes": [{"x": 238, "y": 447, "h": 12, "w": 24.484375}, {"x": 552, "y": 447, "h": 12, "w": 29.470703125}], "values": ["2018", "2028*"]}, "label": {}}}, "models": [{"name": {}, "bboxes": [{"x": 142, "y": 284, "w": 217, "h": 154}, {"x": 459, "y": 96, "w": 217, "h": 342}], "x": ["2018", "2028*"], "y": ["1.57", "3.49"], "colors": ["#2876dd", "#2876dd"], "labels": ["2018", "2028*"]}], "type": "v_bar"}