{"general_figure_info": {"figure_info": {"bbox": {"x": 240, "y": 35, "w": 470, "h": 602}}, "y_axis": {"label": {"bbox": [{"x": 411, "y": 666, "w": 128.4375, "h": 11}], "text": "Tests per 100,000 population"}, "major_labels": {"bboxes": [{"x": 219.5, "y": 641, "w": 27.0, "h": 24.0}, {"x": 271.5, "y": 641, "w": 27.0, "h": 24.0}, {"x": 323.5, "y": 641, "w": 27.0, "h": 24.0}, {"x": 376.5, "y": 641, "w": 27.0, "h": 24.0}, {"x": 428.5, "y": 641, "w": 27.0, "h": 24.0}, {"x": 480.5, "y": 641, "w": 27.0, "h": 24.0}, {"x": 532.5, "y": 641, "w": 27.0, "h": 24.0}, {"x": 585.5, "y": 641, "w": 27.0, "h": 24.0}, {"x": 637.5, "y": 641, "w": 27.0, "h": 24.0}, {"x": 690.5, "y": 641, "w": 27.0, "h": 24.0}]}}, "x_axis": {"major_labels": {"bboxes": [{"x": 55, "y": 49, "h": 12, "w": 172.21875}, {"x": 167, "y": 89, "h": 12, "w": 60.3984375}, {"x": 145, "y": 129, "h": 12, "w": 81.9375}, {"x": 141, "y": 169, "h": 12, "w": 86.203125}, {"x": 146, "y": 210, "h": 12, "w": 80.71875}, {"x": 166, "y": 250, "h": 12, "w": 61.140625}, {"x": 63, "y": 290, "h": 12, "w": 164.484375}, {"x": 83, "y": 330, "h": 12, "w": 143.703125}, {"x": 158, "y": 370, "h": 12, "w": 69.58837890625}, {"x": 85, "y": 410, "h": 12, "w": 142.9521484375}, {"x": 153, "y": 450, "h": 12, "w": 73.984375}, {"x": 149, "y": 491, "h": 12, "w": 77.65625}, {"x": 144, "y": 531, "h": 12, "w": 83.666015625}, {"x": 150, "y": 571, "h": 12, "w": 77.046875}, {"x": 104, "y": 611, "h": 12, "w": 123.80419921875}], "values": ["Yamalo-Nenets Autonomous Okrug", "Moscow city", "Saint Petersburg", "Murmansk Oblast", "Magadan Oblast", "Amur Oblast", "Khanty-Mansi Autonomous Okrug", "Chukotka Autonomous Okrug", "Tyva Republic", "Karachay-Cherkess Republic", "Tyumen Oblast", "Kamchatka Krai", "Adygea Republic", "Sakhalin Oblast", "Sakha (Yakutia) Republic"]}, "label": {}}}, "models": [{"name": {}, "bboxes": [{"x": 239, "y": 41, "w": 381, "h": 28}, {"x": 239, "y": 81, "w": 196, "h": 28}, {"x": 239, "y": 121, "w": 176, "h": 28}, {"x": 239, "y": 161, "w": 160, "h": 28}, {"x": 239, "y": 201, "w": 158, "h": 28}, {"x": 239, "y": 241, "w": 150, "h": 28}, {"x": 239, "y": 282, "w": 147, "h": 28}, {"x": 239, "y": 322, "w": 146, "h": 28}, {"x": 239, "y": 362, "w": 144, "h": 28}, {"x": 239, "y": 402, "w": 140, "h": 28}, {"x": 239, "y": 442, "w": 139, "h": 28}, {"x": 239, "y": 482, "w": 137, "h": 28}, {"x": 239, "y": 522, "w": 135, "h": 28}, {"x": 239, "y": 563, "w": 135, "h": 28}, {"x": 239, "y": 603, "w": 126, "h": 28}], "x": ["Yamalo-Nenets Autonomous Okrug", "Moscow city", "Saint Petersburg", "Murmansk Oblast", "Magadan Oblast", "Amur Oblast", "Khanty-Mansi Autonomous Okrug", "Chukotka Autonomous Okrug", "Tyva Republic", "Karachay-Cherkess Republic", "Tyumen Oblast", "Kamchatka Krai", "Adygea Republic", "Sakhalin Oblast", "Sakha (Yakutia) Republic"], "y": ["364 493.21", "187 245.76", "168 980.85", "153 272.46", "150 819.52", "143 667.72", "140 740.37", "139 413.71", "138 042.91", "134 423.45", "133 239.9", "130 807.12", "129 491.89", "129 204.74", "120 263.48"], "colors": ["#2876dd", "#2876dd", "#2876dd", "#2876dd", "#2876dd", "#2876dd", "#2876dd", "#2876dd", "#2876dd", "#2876dd", "#2876dd", "#2876dd", "#2876dd", "#2876dd", "#2876dd"], "labels": ["Yamalo-Nenets Autonomous Okrug", "Moscow city", "Saint Petersburg", "Murmansk Oblast", "Magadan Oblast", "Amur Oblast", "Khanty-Mansi Autonomous Okrug", "Chukotka Autonomous Okrug", "Tyva Republic", "Karachay-Cherkess Republic", "Tyumen Oblast", "Kamchatka Krai", "Adygea Republic", "Sakhalin Oblast", "Sakha (Yakutia) Republic"]}], "type": "h_bar"}