{"general_figure_info": {"figure_info": {"bbox": {"x": 96, "y": 45, "w": 629, "h": 339}}, "y_axis": {"label": {"bbox": [{"x": 40, "y": 149, "w": 11, "h": 130.609375}], "text": "Price per gram in U.S. dollars"}, "major_labels": {"bboxes": [{"x": 65, "y": 369.5, "w": 21.0, "h": 36.5}, {"x": 65, "y": 301.5, "w": 21.0, "h": 36.5}, {"x": 65, "y": 233.5, "w": 21.0, "h": 36.5}, {"x": 65, "y": 166.5, "w": 21.0, "h": 36.5}, {"x": 65, "y": 98.5, "w": 21.0, "h": 36.5}, {"x": 65, "y": 29.5, "w": 21.0, "h": 36.5}]}}, "x_axis": {"major_labels": {"bboxes": [{"x": 57, "y": 397, "h": 56.48016357421875, "w": 56.48015594482422}, {"x": 84, "y": 397, "h": 55.187469482421875, "w": 55.187477111816406}, {"x": 111, "y": 397, "h": 54.32568359375, "w": 54.32569122314453}, {"x": 135, "y": 397, "h": 56.48016357421875, "w": 56.48015594482422}, {"x": 161, "y": 397, "h": 56.48016357421875, "w": 56.48016357421875}, {"x": 189, "y": 397, "h": 55.187469482421875, "w": 55.187469482421875}, {"x": 216, "y": 397, "h": 54.32568359375, "w": 54.32568359375}, {"x": 240, "y": 397, "h": 56.48016357421875, "w": 56.48014831542969}, {"x": 266, "y": 397, "h": 56.48016357421875, "w": 56.48014831542969}, {"x": 294, "y": 397, "h": 55.187469482421875, "w": 55.187469482421875}, {"x": 321, "y": 397, "h": 54.32568359375, "w": 54.32568359375}, {"x": 345, "y": 397, "h": 56.48016357421875, "w": 56.48016357421875}, {"x": 371, "y": 397, "h": 56.48016357421875, "w": 56.48016357421875}, {"x": 399, "y": 397, "h": 55.187469482421875, "w": 55.187469482421875}, {"x": 426, "y": 397, "h": 54.32568359375, "w": 54.32568359375}, {"x": 450, "y": 397, "h": 56.48016357421875, "w": 56.48016357421875}, {"x": 476, "y": 397, "h": 56.48016357421875, "w": 56.48016357421875}, {"x": 503, "y": 397, "h": 55.187469482421875, "w": 55.18743896484375}, {"x": 531, "y": 397, "h": 54.32568359375, "w": 54.325653076171875}, {"x": 555, "y": 397, "h": 56.48016357421875, "w": 56.4801025390625}, {"x": 581, "y": 397, "h": 56.48016357421875, "w": 56.4801025390625}, {"x": 608, "y": 397, "h": 55.187469482421875, "w": 55.18743896484375}, {"x": 635, "y": 397, "h": 54.32568359375, "w": 54.32568359375}, {"x": 659, "y": 397, "h": 56.48016357421875, "w": 56.4801025390625}], "values": ["Jan-Mar 2012", "Apr-Jun 2012", "Jul-Sep 2012", "Oct-Dec 2012", "Jan-Mar 2013", "Apr-Jun 2013", "Jul-Sep 2013", "Oct-Dec 2013", "Jan-Mar 2014", "Apr-Jun 2014", "Jul-Sep 2014", "Oct-Dec 2014", "Jan-Mar 2015", "Apr-Jun 2015", "Jul-Sep 2015", "Oct-Dec 2015", "Jan-Mar 2016", "Apr-Jun 2016", "Jul-Sep 2016", "Oct-Dec 2016", "Jan-Mar 2017", "Apr-Jun 2017", "Jul-Sep 2017", "Oct-Dec 2017"]}, "label": {}}}, "models": [{"name": {}, "bboxes": [{"x": 100, "y": 110, "w": 18, "h": 275}, {"x": 126, "y": 127, "w": 18, "h": 258}, {"x": 153, "y": 114, "w": 18, "h": 271}, {"x": 179, "y": 107, "w": 18, "h": 278}, {"x": 205, "y": 154, "w": 18, "h": 231}, {"x": 231, "y": 161, "w": 18, "h": 224}, {"x": 257, "y": 171, "w": 18, "h": 214}, {"x": 284, "y": 151, "w": 18, "h": 234}, {"x": 310, "y": 192, "w": 18, "h": 193}, {"x": 336, "y": 154, "w": 18, "h": 231}, {"x": 362, "y": 185, "w": 18, "h": 200}, {"x": 388, "y": 121, "w": 18, "h": 264}, {"x": 415, "y": 171, "w": 18, "h": 214}, {"x": 441, "y": 175, "w": 18, "h": 210}, {"x": 467, "y": 158, "w": 18, "h": 227}, {"x": 493, "y": 182, "w": 18, "h": 203}, {"x": 519, "y": 175, "w": 18, "h": 210}, {"x": 546, "y": 171, "w": 18, "h": 214}, {"x": 572, "y": 192, "w": 18, "h": 193}, {"x": 598, "y": 202, "w": 18, "h": 183}, {"x": 624, "y": 175, "w": 18, "h": 210}, {"x": 651, "y": 165, "w": 18, "h": 220}, {"x": 677, "y": 127, "w": 18, "h": 258}, {"x": 703, "y": 195, "w": 18, "h": 190}], "x": ["Jan-Mar 2012", "Apr-Jun 2012", "Jul-Sep 2012", "Oct-Dec 2012", "Jan-Mar 2013", "Apr-Jun 2013", "Jul-Sep 2013", "Oct-Dec 2013", "Jan-Mar 2014", "Apr-Jun 2014", "Jul-Sep 2014", "Oct-Dec 2014", "Jan-Mar 2015", "Apr-Jun 2015", "Jul-Sep 2015", "Oct-Dec 2015", "Jan-Mar 2016", "Apr-Jun 2016", "Jul-Sep 2016", "Oct-Dec 2016", "Jan-Mar 2017", "Apr-Jun 2017", "Jul-Sep 2017", "Oct-Dec 2017"], "y": ["81", "76", "80", "82", "68", "66", "63", "69", "57", "68", "59", "78", "63", "62", "67", "60", "62", "63", "57", "54", "62", "65", "76", "56"], "colors": ["#2876dd", "#2876dd", "#2876dd", "#2876dd", "#2876dd", "#2876dd", "#2876dd", "#2876dd", "#2876dd", "#2876dd", "#2876dd", "#2876dd", "#2876dd", "#2876dd", "#2876dd", "#2876dd", "#2876dd", "#2876dd", "#2876dd", "#2876dd", "#2876dd", "#2876dd", "#2876dd", "#2876dd"], "labels": ["Jan-Mar 2012", "Apr-Jun 2012", "Jul-Sep 2012", "Oct-Dec 2012", "Jan-Mar 2013", "Apr-Jun 2013", "Jul-Sep 2013", "Oct-Dec 2013", "Jan-Mar 2014", "Apr-Jun 2014", "Jul-Sep 2014", "Oct-Dec 2014", "Jan-Mar 2015", "Apr-Jun 2015", "Jul-Sep 2015", "Oct-Dec 2015", "Jan-Mar 2016", "Apr-Jun 2016", "Jul-Sep 2016", "Oct-Dec 2016", "Jan-Mar 2017", "Apr-Jun 2017", "Jul-Sep 2017", "Oct-Dec 2017"]}], "type": "v_bar"}