{"general_figure_info": {"figure_info": {"bbox": {"x": 94, "y": 45, "w": 631, "h": 365}}, "y_axis": {"label": {"bbox": [{"x": 40, "y": 132, "w": 11, "h": 191.796875}], "text": "Number of cases per 100,000 of population"}, "major_labels": {"bboxes": [{"x": 65, "y": 395.5, "w": 19.0, "h": 25.625}, {"x": 65, "y": 343.5, "w": 19.0, "h": 25.625}, {"x": 65, "y": 291.5, "w": 19.0, "h": 25.625}, {"x": 65, "y": 239.5, "w": 19.0, "h": 25.625}, {"x": 65, "y": 186.5, "w": 19.0, "h": 25.625}, {"x": 65, "y": 134.5, "w": 19.0, "h": 25.625}, {"x": 65, "y": 82.5, "w": 19.0, "h": 25.625}, {"x": 65, "y": 29.5, "w": 19.0, "h": 25.625}]}}, "x_axis": {"major_labels": {"bboxes": [{"x": 115, "y": 420, "h": 12, "w": 37.36279296875}, {"x": 191, "y": 420, "h": 24, "w": 42.796875}, {"x": 264, "y": 420, "h": 24, "w": 53.8125}, {"x": 349, "y": 420, "h": 24, "w": 43.67919921875}, {"x": 425, "y": 420, "h": 12, "w": 47.9599609375}, {"x": 506, "y": 420, "h": 24, "w": 43.67919921875}, {"x": 577, "y": 420, "h": 12, "w": 59.328125}, {"x": 661, "y": 420, "h": 36, "w": 48.921875}], "values": ["Victoria", "Northern", "New South", "South", "Tasmania", "Western", "Queensland", "Australian"]}, "label": {}}}, "models": [{"name": {}, "bboxes": [{"x": 106, "y": 85, "w": 54, "h": 326}, {"x": 185, "y": 336, "w": 54, "h": 75}, {"x": 264, "y": 341, "w": 54, "h": 70}, {"x": 343, "y": 364, "w": 54, "h": 47}, {"x": 422, "y": 365, "w": 54, "h": 46}, {"x": 501, "y": 371, "w": 54, "h": 40}, {"x": 580, "y": 377, "w": 54, "h": 34}, {"x": 659, "y": 381, "w": 54, "h": 30}], "x": ["Victoria", "Northern", "New South", "South", "Tasmania", "Western", "Queensland", "Australian"], "y": ["312.18", "72.08", "67.32", "44.86", "43.7", "38.78", "32.7", "28.97"], "colors": ["#2876dd", "#2876dd", "#2876dd", "#2876dd", "#2876dd", "#2876dd", "#2876dd", "#2876dd"], "labels": ["Victoria", "Northern", "New South", "South", "Tasmania", "Western", "Queensland", "Australian"]}], "type": "v_bar"}