{"general_figure_info": {"figure_info": {"bbox": {"x": 106, "y": 45, "w": 619, "h": 392}}, "y_axis": {"label": {"bbox": [{"x": 40, "y": 182, "w": 11, "h": 118.390625}], "text": "Investment in million euros"}, "major_labels": {"bboxes": [{"x": 65, "y": 422.5, "w": 31.0, "h": 23.555555555555557}, {"x": 65, "y": 373.5, "w": 31.0, "h": 23.555555555555557}, {"x": 65, "y": 324.5, "w": 31.0, "h": 23.555555555555557}, {"x": 65, "y": 275.5, "w": 31.0, "h": 23.555555555555557}, {"x": 65, "y": 226.5, "w": 31.0, "h": 23.555555555555557}, {"x": 65, "y": 177.5, "w": 31.0, "h": 23.555555555555557}, {"x": 65, "y": 128.5, "w": 31.0, "h": 23.555555555555557}, {"x": 65, "y": 79.5, "w": 31.0, "h": 23.555555555555557}, {"x": 65, "y": 29.5, "w": 31.0, "h": 23.555555555555557}]}}, "x_axis": {"major_labels": {"bboxes": [{"x": 114, "y": 447, "h": 12, "w": 24.484375}, {"x": 156, "y": 447, "h": 12, "w": 24.484375}, {"x": 197, "y": 447, "h": 12, "w": 24.484375}, {"x": 238, "y": 447, "h": 12, "w": 24.484375}, {"x": 279, "y": 447, "h": 12, "w": 24.484375}, {"x": 321, "y": 447, "h": 12, "w": 24.484375}, {"x": 362, "y": 447, "h": 12, "w": 24.484375}, {"x": 404, "y": 447, "h": 12, "w": 23.65625}, {"x": 445, "y": 447, "h": 12, "w": 24.484375}, {"x": 486, "y": 447, "h": 12, "w": 24.484375}, {"x": 527, "y": 447, "h": 12, "w": 24.484375}, {"x": 568, "y": 447, "h": 12, "w": 24.484375}, {"x": 610, "y": 447, "h": 12, "w": 24.484375}, {"x": 651, "y": 447, "h": 12, "w": 24.484375}, {"x": 692, "y": 447, "h": 12, "w": 24.484375}], "values": ["2004", "2005", "2006", "2007", "2008", "2009", "2010", "2011", "2012", "2013", "2014", "2015", "2016", "2017", "2018"]}, "label": {}}}, "models": [{"name": {}, "bboxes": [{"x": 113, "y": 158, "w": 29, "h": 280}, {"x": 154, "y": 104, "w": 29, "h": 334}, {"x": 195, "y": 324, "w": 29, "h": 114}, {"x": 236, "y": 311, "w": 29, "h": 127}, {"x": 278, "y": 246, "w": 29, "h": 192}, {"x": 319, "y": 131, "w": 29, "h": 307}, {"x": 360, "y": 273, "w": 29, "h": 165}, {"x": 401, "y": 380, "w": 29, "h": 58}, {"x": 443, "y": 408, "w": 29, "h": 30}, {"x": 484, "y": 359, "w": 29, "h": 79}, {"x": 525, "y": 414, "w": 29, "h": 24}, {"x": 566, "y": 414, "w": 29, "h": 24}, {"x": 608, "y": 281, "w": 29, "h": 157}, {"x": 649, "y": 187, "w": 29, "h": 251}, {"x": 690, "y": 89, "w": 29, "h": 349}], "x": ["2004", "2005", "2006", "2007", "2008", "2009", "2010", "2011", "2012", "2013", "2014", "2015", "2016", "2017", "2018"], "y": ["1 427.4", "1 703.1", "583.4", "645.8", "978.8", "1 566.4", "839.8", "298", "152.7", "400.7", "123.8", "124.7", "802.7", "1 280.4", "1 780.3"], "colors": ["#2876dd", "#2876dd", "#2876dd", "#2876dd", "#2876dd", "#2876dd", "#2876dd", "#2876dd", "#2876dd", "#2876dd", "#2876dd", "#2876dd", "#2876dd", "#2876dd", "#2876dd"], "labels": ["2004", "2005", "2006", "2007", "2008", "2009", "2010", "2011", "2012", "2013", "2014", "2015", "2016", "2017", "2018"]}], "type": "v_bar"}