{"general_figure_info": {"figure_info": {"bbox": {"x": 165, "y": 35, "w": 545, "h": 662}}, "y_axis": {"label": {"bbox": [{"x": 361, "y": 726, "w": 152.296875, "h": 11}], "text": "Number of patients on waiting lists"}, "major_labels": {"bboxes": [{"x": 144.5, "y": 701, "w": 40.55555555555556, "h": 24.0}, {"x": 212.5, "y": 701, "w": 40.55555555555556, "h": 24.0}, {"x": 280.5, "y": 701, "w": 40.55555555555556, "h": 24.0}, {"x": 348.5, "y": 701, "w": 40.55555555555556, "h": 24.0}, {"x": 417.5, "y": 701, "w": 40.55555555555556, "h": 24.0}, {"x": 485.5, "y": 701, "w": 40.55555555555556, "h": 24.0}, {"x": 553.5, "y": 701, "w": 40.55555555555556, "h": 24.0}, {"x": 621.5, "y": 701, "w": 40.55555555555556, "h": 24.0}, {"x": 690.5, "y": 701, "w": 40.55555555555556, "h": 24.0}]}}, "x_axis": {"major_labels": {"bboxes": [{"x": 106, "y": 48, "h": 12, "w": 47.3583984375}, {"x": 104, "y": 87, "h": 12, "w": 49.1953125}, {"x": 47, "y": 126, "h": 12, "w": 104.546875}, {"x": 60, "y": 165, "h": 12, "w": 92.40576171875}, {"x": 118, "y": 204, "h": 12, "w": 34.50537109375}, {"x": 89, "y": 243, "h": 12, "w": 63.85302734375}, {"x": 79, "y": 282, "h": 12, "w": 73.869140625}, {"x": 69, "y": 321, "h": 12, "w": 82.5625}, {"x": 119, "y": 360, "h": 12, "w": 33.8876953125}, {"x": 117, "y": 399, "h": 12, "w": 35.484375}, {"x": 112, "y": 438, "h": 12, "w": 40.2353515625}, {"x": 73, "y": 477, "h": 12, "w": 79.3798828125}, {"x": 74, "y": 516, "h": 12, "w": 78.14990234375}, {"x": 104, "y": 555, "h": 12, "w": 48.57763671875}, {"x": 113, "y": 594, "h": 12, "w": 39.125}, {"x": 60, "y": 633, "h": 12, "w": 92.59375}, {"x": 112, "y": 672, "h": 12, "w": 41.24072265625}], "values": ["Catalonia", "Andalusia", "Community of Madrid", "Region of Valencia", "Galicia", "Extremadura", "Canary Islands", "Castile and Leon", "Murcia", "Aragon", "Asturias", "Basque Country", "Balearic Islands", "Cantabria", "Navarre", "Castile-La Mancha", "La Rioja"]}, "label": {}}}, "models": [{"name": {}, "bboxes": [{"x": 164, "y": 41, "w": 456, "h": 27}, {"x": 164, "y": 80, "w": 390, "h": 27}, {"x": 164, "y": 119, "w": 165, "h": 27}, {"x": 164, "y": 158, "w": 125, "h": 27}, {"x": 164, "y": 197, "w": 100, "h": 27}, {"x": 164, "y": 235, "w": 71, "h": 27}, {"x": 164, "y": 274, "w": 69, "h": 27}, {"x": 164, "y": 313, "w": 69, "h": 27}, {"x": 164, "y": 352, "w": 64, "h": 27}, {"x": 164, "y": 391, "w": 61, "h": 27}, {"x": 164, "y": 430, "w": 55, "h": 27}, {"x": 164, "y": 469, "w": 47, "h": 27}, {"x": 164, "y": 508, "w": 33, "h": 27}, {"x": 164, "y": 547, "w": 33, "h": 27}, {"x": 164, "y": 586, "w": 19, "h": 27}, {"x": 164, "y": 625, "w": 11, "h": 27}, {"x": 164, "y": 664, "w": 10, "h": 27}], "x": ["Catalonia", "Andalusia", "Community of Madrid", "Region of Valencia", "Galicia", "Extremadura", "Canary Islands", "Castile and Leon", "Murcia", "Aragon", "Asturias", "Basque Country", "Balearic Islands", "Cantabria", "Navarre", "Castile-La Mancha", "La Rioja"], "y": ["167 516", "143 115", "60 615", "45 936", "36 576", "26 037", "25 460", "25 347", "23 355", "22 525", "20 028", "17 185", "12 083", "11 940", "7 087", "4 197", "3 818"], "colors": ["#2876dd", "#2876dd", "#2876dd", "#2876dd", "#2876dd", "#2876dd", "#2876dd", "#2876dd", "#2876dd", "#2876dd", "#2876dd", "#2876dd", "#2876dd", "#2876dd", "#2876dd", "#2876dd", "#2876dd"], "labels": ["Catalonia", "Andalusia", "Community of Madrid", "Region of Valencia", "Galicia", "Extremadura", "Canary Islands", "Castile and Leon", "Murcia", "Aragon", "Asturias", "Basque Country", "Balearic Islands", "Cantabria", "Navarre", "Castile-La Mancha", "La Rioja"]}], "type": "h_bar"}