{"general_figure_info": {"figure_info": {"bbox": {"x": 96, "y": 45, "w": 629, "h": 392}}, "y_axis": {"label": {"bbox": [{"x": 40, "y": 178, "w": 11, "h": 125.1669921875}], "text": "Sales value in million GBP**"}, "major_labels": {"bboxes": [{"x": 65, "y": 422.5, "w": 21.0, "h": 29.0}, {"x": 65, "y": 366.5, "w": 21.0, "h": 29.0}, {"x": 65, "y": 310.5, "w": 21.0, "h": 29.0}, {"x": 65, "y": 254.5, "w": 21.0, "h": 29.0}, {"x": 65, "y": 198.5, "w": 21.0, "h": 29.0}, {"x": 65, "y": 142.5, "w": 21.0, "h": 29.0}, {"x": 65, "y": 86.5, "w": 21.0, "h": 29.0}, {"x": 65, "y": 29.5, "w": 21.0, "h": 29.0}]}}, "x_axis": {"major_labels": {"bboxes": [{"x": 110, "y": 447, "h": 12, "w": 24.484375}, {"x": 162, "y": 447, "h": 12, "w": 24.484375}, {"x": 215, "y": 447, "h": 12, "w": 24.484375}, {"x": 268, "y": 447, "h": 12, "w": 23.65625}, {"x": 320, "y": 447, "h": 12, "w": 24.484375}, {"x": 372, "y": 447, "h": 12, "w": 24.484375}, {"x": 424, "y": 447, "h": 12, "w": 24.484375}, {"x": 477, "y": 447, "h": 12, "w": 24.484375}, {"x": 529, "y": 447, "h": 12, "w": 24.484375}, {"x": 582, "y": 447, "h": 12, "w": 24.484375}, {"x": 634, "y": 447, "h": 12, "w": 24.484375}, {"x": 687, "y": 447, "h": 12, "w": 24.484375}], "values": ["2008", "2009", "2010", "2011", "2012", "2013", "2014", "2015", "2016", "2017", "2018", "2019"]}, "label": {}}}, "models": [{"name": {}, "bboxes": [{"x": 104, "y": 106, "w": 36, "h": 332}, {"x": 157, "y": 123, "w": 36, "h": 315}, {"x": 209, "y": 102, "w": 36, "h": 336}, {"x": 262, "y": 121, "w": 36, "h": 317}, {"x": 314, "y": 107, "w": 36, "h": 331}, {"x": 366, "y": 83, "w": 36, "h": 355}, {"x": 419, "y": 233, "w": 36, "h": 205}, {"x": 471, "y": 238, "w": 36, "h": 200}, {"x": 524, "y": 218, "w": 36, "h": 220}, {"x": 576, "y": 217, "w": 36, "h": 221}, {"x": 628, "y": 185, "w": 36, "h": 253}, {"x": 681, "y": 194, "w": 36, "h": 244}], "x": ["2008", "2009", "2010", "2011", "2012", "2013", "2014", "2015", "2016", "2017", "2018", "2019"], "y": ["593", "562", "600", "566", "591", "634", "366", "358", "393", "394", "451", "436"], "colors": ["#2876dd", "#2876dd", "#2876dd", "#2876dd", "#2876dd", "#2876dd", "#2876dd", "#2876dd", "#2876dd", "#2876dd", "#2876dd", "#2876dd"], "labels": ["2008", "2009", "2010", "2011", "2012", "2013", "2014", "2015", "2016", "2017", "2018", "2019"]}], "type": "v_bar"}