{"general_figure_info": {"figure_info": {"bbox": {"x": 96, "y": 45, "w": 629, "h": 276}}, "y_axis": {"label": {"bbox": [{"x": 40, "y": 105, "w": 11, "h": 156.765625}], "text": "Number of downloads in thousands"}, "major_labels": {"bboxes": [{"x": 65, "y": 306.5, "w": 21.0, "h": 26.0}, {"x": 65, "y": 251.5, "w": 21.0, "h": 26.0}, {"x": 65, "y": 196.5, "w": 21.0, "h": 26.0}, {"x": 65, "y": 140.5, "w": 21.0, "h": 26.0}, {"x": 65, "y": 85.5, "w": 21.0, "h": 26.0}, {"x": 65, "y": 29.5, "w": 21.0, "h": 26.0}]}}, "x_axis": {"major_labels": {"bboxes": [{"x": 73, "y": 334, "h": 58.550018310546875, "w": 58.550025939941406}, {"x": 79, "y": 334, "h": 115.58987426757812, "w": 115.58985900878906}, {"x": 206, "y": 334, "h": 51.276275634765625, "w": 51.27629089355469}, {"x": 290, "y": 333, "h": 30.72705078125, "w": 30.727020263671875}, {"x": 343, "y": 334, "h": 40.05096435546875, "w": 40.05096435546875}, {"x": 422, "y": 334, "h": 24.063720703125, "w": 24.063720703125}, {"x": 430, "y": 334, "h": 78.96392822265625, "w": 78.96392822265625}, {"x": 530, "y": 334, "h": 41.354705810546875, "w": 41.35467529296875}, {"x": 594, "y": 334, "h": 40.912750244140625, "w": 40.9127197265625}, {"x": 632, "y": 334, "h": 65.91424560546875, "w": 65.9141845703125}], "values": ["Electronic Arts", "Cheetah Technology Corp. Ltd.", "Miniclip.com", "Zynga", "Gameloft", "King", "Rovio Entertainment", "Ketchapp", "Supercell", "Lowtech Studios"]}, "label": {}}}, "models": [{"name": {}, "bboxes": [{"x": 106, "y": 85, "w": 44, "h": 237}, {"x": 169, "y": 120, "w": 44, "h": 202}, {"x": 232, "y": 150, "w": 44, "h": 172}, {"x": 295, "y": 202, "w": 44, "h": 120}, {"x": 358, "y": 204, "w": 44, "h": 118}, {"x": 420, "y": 221, "w": 44, "h": 101}, {"x": 483, "y": 222, "w": 44, "h": 100}, {"x": 546, "y": 234, "w": 44, "h": 88}, {"x": 609, "y": 240, "w": 44, "h": 82}, {"x": 672, "y": 244, "w": 44, "h": 78}], "x": ["Electronic Arts", "Cheetah Technology Corp. Ltd.", "Miniclip.com", "Zynga", "Gameloft", "King", "Rovio Entertainment", "Ketchapp", "Supercell", "Lowtech Studios"], "y": ["214.5", "182.9", "155.7", "108.9", "106.8", "91.4", "90.4", "79.4", "74.3", "70.6"], "colors": ["#2876dd", "#2876dd", "#2876dd", "#2876dd", "#2876dd", "#2876dd", "#2876dd", "#2876dd", "#2876dd", "#2876dd"], "labels": ["Electronic Arts", "Cheetah Technology Corp. Ltd.", "Miniclip.com", "Zynga", "Gameloft", "King", "Rovio Entertainment", "Ketchapp", "Supercell", "Lowtech Studios"]}], "type": "v_bar"}