{"general_figure_info": {"figure_info": {"bbox": {"x": 220, "y": 35, "w": 490, "h": 380}}, "y_axis": {"label": {"bbox": [{"x": 40, "y": 152, "w": 11, "h": 146.203125}], "text": "Share of respondents"}, "major_labels": {"bboxes": [{"x": 199.5, "y": 127, "w": 24.545454545454547, "h": 208.0}, {"x": 248.5, "y": 127, "w": 24.545454545454547, "h": 208.0}, {"x": 297.5, "y": 127, "w": 24.545454545454547, "h": 208.0}, {"x": 346.5, "y": 127, "w": 24.545454545454547, "h": 208.0}, {"x": 395.5, "y": 127, "w": 24.545454545454547, "h": 208.0}, {"x": 444.5, "y": 127, "w": 24.545454545454547, "h": 208.0}, {"x": 493.5, "y": 127, "w": 24.545454545454547, "h": 208.0}, {"x": 542.5, "y": 127, "w": 24.545454545454547, "h": 208.0}, {"x": 591.5, "y": 127, "w": 24.545454545454547, "h": 208.0}, {"x": 640.5, "y": 127, "w": 24.545454545454547, "h": 208.0}, {"x": 690.5, "y": 127, "w": 24.545454545454547, "h": 208.0}]}}, "x_axis": {"major_labels": {"bboxes": [{"x": 123, "y": 61, "h": 12, "w": 83.78125}, {"x": 93, "y": 124, "h": 12, "w": 114.34375}, {"x": 90, "y": 187, "h": 12, "w": 117.390625}, {"x": 80, "y": 251, "h": 12, "w": 126.578125}, {"x": 112, "y": 314, "h": 12, "w": 95.40625}, {"x": 134, "y": 377, "h": 12, "w": 72.78125}], "values": ["Above 2.5 million", "2.1 million to 2.5 million", "1.501 million to 2 million", "1.100 million to 1.5 million", "500,000 to 1 million", "Below 500,000"]}, "label": {}}}, "models": [{"name": {}, "bboxes": [{"x": 219, "y": 44, "w": 441, "h": 44}, {"x": 219, "y": 108, "w": 57, "h": 44}, {"x": 219, "y": 171, "w": 77, "h": 44}, {"x": 219, "y": 234, "w": 36, "h": 44}, {"x": 219, "y": 298, "w": 223, "h": 44}, {"x": 219, "y": 361, "w": 145, "h": 44}], "x": ["Above 2.5 million", "2.1 million to 2.5 million", "1.501 million to 2 million", "1.100 million to 1.5 million", "500,000 to 1 million", "Below 500,000"], "y": ["45%", "5.8%", "7.9%", "3.7%", "22.8%", "14.8%"], "colors": ["#2876dd", "#2876dd", "#2876dd", "#2876dd", "#2876dd", "#2876dd"], "labels": ["Above 2.5 million", "2.1 million to 2.5 million", "1.501 million to 2 million", "1.100 million to 1.5 million", "500,000 to 1 million", "Below 500,000"]}], "type": "h_bar"}