{"general_figure_info": {"figure_info": {"bbox": {"x": 102, "y": 45, "w": 623, "h": 392}}, "y_axis": {"label": {"bbox": [{"x": 40, "y": 168, "w": 11, "h": 146.71875}], "text": "Net income in million U.S. dollars"}, "major_labels": {"bboxes": [{"x": 65, "y": 422.5, "w": 27.0, "h": 45.33333333333333}, {"x": 65, "y": 344.5, "w": 27.0, "h": 45.33333333333333}, {"x": 65, "y": 265.5, "w": 27.0, "h": 45.33333333333333}, {"x": 65, "y": 187.5, "w": 27.0, "h": 45.33333333333333}, {"x": 65, "y": 108.5, "w": 27.0, "h": 45.33333333333333}, {"x": 65, "y": 29.5, "w": 27.0, "h": 45.33333333333333}]}}, "x_axis": {"major_labels": {"bboxes": [{"x": 111, "y": 447, "h": 12, "w": 24.484375}, {"x": 152, "y": 447, "h": 12, "w": 24.484375}, {"x": 194, "y": 447, "h": 12, "w": 24.484375}, {"x": 235, "y": 447, "h": 12, "w": 24.484375}, {"x": 277, "y": 447, "h": 12, "w": 24.484375}, {"x": 319, "y": 447, "h": 12, "w": 23.65625}, {"x": 360, "y": 447, "h": 12, "w": 24.484375}, {"x": 401, "y": 447, "h": 12, "w": 24.484375}, {"x": 443, "y": 447, "h": 12, "w": 24.484375}, {"x": 484, "y": 447, "h": 12, "w": 24.484375}, {"x": 526, "y": 447, "h": 12, "w": 24.484375}, {"x": 567, "y": 447, "h": 12, "w": 24.484375}, {"x": 609, "y": 447, "h": 12, "w": 24.484375}, {"x": 650, "y": 447, "h": 12, "w": 24.484375}, {"x": 692, "y": 447, "h": 12, "w": 24.484375}], "values": ["2006", "2007", "2008", "2009", "2010", "2011", "2012", "2013", "2014", "2015", "2016", "2017", "2018", "2019", "2020"]}, "label": {}}}, "models": [{"name": {}, "bboxes": [{"x": 109, "y": 203, "w": 29, "h": 213}, {"x": 150, "y": 121, "w": 29, "h": 82}, {"x": 192, "y": 203, "w": 29, "h": 22}, {"x": 233, "y": 195, "w": 29, "h": 8}, {"x": 275, "y": 160, "w": 29, "h": 43}, {"x": 316, "y": 203, "w": 29, "h": 16}, {"x": 358, "y": 149, "w": 29, "h": 54}, {"x": 399, "y": 177, "w": 29, "h": 26}, {"x": 441, "y": 190, "w": 29, "h": 13}, {"x": 482, "y": 178, "w": 29, "h": 25}, {"x": 524, "y": 191, "w": 29, "h": 12}, {"x": 565, "y": 201, "w": 29, "h": 2}, {"x": 607, "y": 154, "w": 29, "h": 49}, {"x": 648, "y": 148, "w": 29, "h": 55}, {"x": 690, "y": 164, "w": 29, "h": 39}], "x": ["2006", "2007", "2008", "2009", "2010", "2011", "2012", "2013", "2014", "2015", "2016", "2017", "2018", "2019", "2020"], "y": ["-543.44", "208.7", "-57.84", "19.89", "108.72", "-40.22", "136.01", "64.86", "32.31", "62.84", "29.07", "4.27", "125.68", "139.97", "100.1"], "colors": ["#2876dd", "#2876dd", "#2876dd", "#2876dd", "#2876dd", "#2876dd", "#2876dd", "#2876dd", "#2876dd", "#2876dd", "#2876dd", "#2876dd", "#2876dd", "#2876dd", "#2876dd"], "labels": ["2006", "2007", "2008", "2009", "2010", "2011", "2012", "2013", "2014", "2015", "2016", "2017", "2018", "2019", "2020"]}], "type": "v_bar"}