{"general_figure_info": {"figure_info": {"bbox": {"x": 119, "y": 35, "w": 591, "h": 380}}, "y_axis": {"label": {"bbox": [{"x": 383, "y": 446, "w": 63.9375, "h": 11}], "text": "Share of sales"}, "major_labels": {"bboxes": [{"x": 98.5, "y": 421, "w": 45.66666666666667, "h": 26.0}, {"x": 172.5, "y": 421, "w": 45.66666666666667, "h": 26.0}, {"x": 246.5, "y": 421, "w": 45.66666666666667, "h": 26.0}, {"x": 320.5, "y": 421, "w": 45.66666666666667, "h": 26.0}, {"x": 394.5, "y": 421, "w": 45.66666666666667, "h": 26.0}, {"x": 467.5, "y": 421, "w": 45.66666666666667, "h": 26.0}, {"x": 541.5, "y": 421, "w": 45.66666666666667, "h": 26.0}, {"x": 615.5, "y": 421, "w": 45.66666666666667, "h": 26.0}, {"x": 690.5, "y": 421, "w": 45.66666666666667, "h": 26.0}]}}, "x_axis": {"major_labels": {"bboxes": [{"x": 77, "y": 56, "h": 12, "w": 29.623046875}, {"x": 40, "y": 110, "h": 12, "w": 66.53759765625}, {"x": 61, "y": 165, "h": 12, "w": 45.7353515625}, {"x": 91, "y": 219, "h": 12, "w": 15.94384765625}, {"x": 86, "y": 273, "h": 12, "w": 20.673828125}, {"x": 76, "y": 328, "h": 12, "w": 29.984375}, {"x": 78, "y": 382, "h": 12, "w": 27.84765625}], "values": ["China", "United States", "Germany", "UK", "Italy", "Japan", "Other"]}, "label": {}}}, "models": [{"name": {}, "bboxes": [{"x": 118, "y": 43, "w": 495, "h": 38}, {"x": 118, "y": 97, "w": 195, "h": 38}, {"x": 118, "y": 151, "w": 182, "h": 38}, {"x": 118, "y": 206, "w": 103, "h": 38}, {"x": 118, "y": 260, "w": 40, "h": 38}, {"x": 118, "y": 314, "w": 40, "h": 38}, {"x": 118, "y": 368, "w": 423, "h": 38}], "x": ["China", "United States", "Germany", "UK", "Italy", "Japan", "Other"], "y": ["33.5%", "13.2%", "12.3%", "7%", "2.7%", "2.7%", "28.6%"], "colors": ["#2876dd", "#2876dd", "#2876dd", "#2876dd", "#2876dd", "#2876dd", "#C0C0C0"], "labels": ["China", "United States", "Germany", "UK", "Italy", "Japan", "Other"]}], "type": "h_bar"}