{"general_figure_info": {"figure_info": {"bbox": {"x": 158, "y": 35, "w": 552, "h": 380}}, "y_axis": {"label": {"bbox": [{"x": 355, "y": 446, "w": 158.96875, "h": 11}], "text": "Consumer Reach Points* in millions"}, "major_labels": {"bboxes": [{"x": 137.5, "y": 421, "w": 58.85714285714286, "h": 26.0}, {"x": 229.5, "y": 421, "w": 58.85714285714286, "h": 26.0}, {"x": 321.5, "y": 421, "w": 58.85714285714286, "h": 26.0}, {"x": 413.5, "y": 421, "w": 58.85714285714286, "h": 26.0}, {"x": 505.5, "y": 421, "w": 58.85714285714286, "h": 26.0}, {"x": 597.5, "y": 421, "w": 58.85714285714286, "h": 26.0}, {"x": 690.5, "y": 421, "w": 58.85714285714286, "h": 26.0}]}}, "x_axis": {"major_labels": {"bboxes": [{"x": 89, "y": 48, "h": 12, "w": 56.94482421875}, {"x": 117, "y": 86, "h": 12, "w": 28.125}, {"x": 98, "y": 124, "h": 12, "w": 47.01904296875}, {"x": 117, "y": 162, "h": 12, "w": 28.00537109375}, {"x": 93, "y": 200, "h": 12, "w": 52.84765625}, {"x": 106, "y": 238, "h": 12, "w": 39.81640625}, {"x": 115, "y": 276, "h": 12, "w": 30.2861328125}, {"x": 44, "y": 314, "h": 12, "w": 101.00927734375}, {"x": 98, "y": 352, "h": 12, "w": 47.078125}, {"x": 101, "y": 390, "h": 12, "w": 44.015625}], "values": ["Warburtons", "Heinz", "Mc Vitie's", "Hovis", "Coca-Cola", "Walkers", "Muller", "Cadbury's Dairy Milk", "Birds Eye", "Kingsmill"]}, "label": {}}}, "models": [{"name": {}, "bboxes": [{"x": 157, "y": 41, "w": 490, "h": 26}, {"x": 157, "y": 79, "w": 330, "h": 26}, {"x": 157, "y": 117, "w": 263, "h": 26}, {"x": 157, "y": 155, "w": 236, "h": 26}, {"x": 157, "y": 193, "w": 228, "h": 26}, {"x": 157, "y": 231, "w": 227, "h": 26}, {"x": 157, "y": 269, "w": 189, "h": 26}, {"x": 157, "y": 307, "w": 182, "h": 26}, {"x": 157, "y": 345, "w": 161, "h": 26}, {"x": 157, "y": 383, "w": 160, "h": 26}], "x": ["Warburtons", "Heinz", "Mc Vitie's", "Hovis", "Coca-Cola", "Walkers", "Muller", "Cadbury's Dairy Milk", "Birds Eye", "Kingsmill"], "y": ["533", "359", "286", "256", "248", "247", "205", "198", "175", "174"], "colors": ["#2876dd", "#2876dd", "#2876dd", "#2876dd", "#2876dd", "#2876dd", "#2876dd", "#2876dd", "#2876dd", "#2876dd"], "labels": ["Warburtons", "Heinz", "Mc Vitie's", "Hovis", "Coca-Cola", "Walkers", "Muller", "Cadbury's Dairy Milk", "Birds Eye", "Kingsmill"]}], "type": "h_bar"}