{"general_figure_info": {"figure_info": {"bbox": {"x": 116, "y": 45, "w": 609, "h": 392}}, "y_axis": {"label": {"bbox": [{"x": 40, "y": 170, "w": 11, "h": 141.8828125}], "text": "Value of deposits in million GBP"}, "major_labels": {"bboxes": [{"x": 65, "y": 422.5, "w": 41.0, "h": 45.33333333333333}, {"x": 65, "y": 344.5, "w": 41.0, "h": 45.33333333333333}, {"x": 65, "y": 265.5, "w": 41.0, "h": 45.33333333333333}, {"x": 65, "y": 187.5, "w": 41.0, "h": 45.33333333333333}, {"x": 65, "y": 108.5, "w": 41.0, "h": 45.33333333333333}, {"x": 65, "y": 29.5, "w": 41.0, "h": 45.33333333333333}]}}, "x_axis": {"major_labels": {"bboxes": [{"x": 165, "y": 447, "h": 12, "w": 24.484375}, {"x": 286, "y": 447, "h": 12, "w": 24.484375}, {"x": 408, "y": 447, "h": 12, "w": 24.484375}, {"x": 530, "y": 447, "h": 12, "w": 24.484375}, {"x": 650, "y": 447, "h": 12, "w": 29.470703125}], "values": ["2016", "2017", "2018", "2019", "2020*"]}, "label": {}}}, "models": [{"name": {}, "bboxes": [{"x": 135, "y": 158, "w": 84, "h": 280}, {"x": 257, "y": 131, "w": 84, "h": 307}, {"x": 379, "y": 137, "w": 84, "h": 301}, {"x": 501, "y": 132, "w": 84, "h": 306}, {"x": 622, "y": 83, "w": 84, "h": 355}], "x": ["2016", "2017", "2018", "2019", "2020*"], "y": ["357 173", "391 712", "384 211", "389 740", "452 345"], "colors": ["#2876dd", "#2876dd", "#2876dd", "#2876dd", "#2876dd"], "labels": ["2016", "2017", "2018", "2019", "2020*"]}], "type": "v_bar"}