{"general_figure_info": {"figure_info": {"bbox": {"x": 92, "y": 45, "w": 633, "h": 365}}, "y_axis": {"label": {"bbox": [{"x": 40, "y": 132, "w": 11, "h": 190.974609375}], "text": "Jersey sponsorship revenue in million GBP"}, "major_labels": {"bboxes": [{"x": 65, "y": 395.5, "w": 17.0, "h": 25.625}, {"x": 65, "y": 343.5, "w": 17.0, "h": 25.625}, {"x": 65, "y": 291.5, "w": 17.0, "h": 25.625}, {"x": 65, "y": 239.5, "w": 17.0, "h": 25.625}, {"x": 65, "y": 186.5, "w": 17.0, "h": 25.625}, {"x": 65, "y": 134.5, "w": 17.0, "h": 25.625}, {"x": 65, "y": 82.5, "w": 17.0, "h": 25.625}, {"x": 65, "y": 29.5, "w": 17.0, "h": 25.625}]}}, "x_axis": {"major_labels": {"bboxes": [{"x": 100, "y": 420, "h": 24, "w": 63.578125}, {"x": 191, "y": 420, "h": 36, "w": 39.140625}, {"x": 269, "y": 420, "h": 24, "w": 40.96875}, {"x": 348, "y": 420, "h": 24, "w": 40.96875}, {"x": 417, "y": 420, "h": 36, "w": 62.359375}, {"x": 505, "y": 420, "h": 24, "w": 44.625}, {"x": 583, "y": 420, "h": 36, "w": 45.84375}, {"x": 666, "y": 420, "h": 24, "w": 39.765625}], "values": ["2010/11", "2011/12", "2012/13", "2013/14", "2014/15", "2015/16", "2016/17", "2017/18"]}, "label": {}}}, "models": [{"name": {}, "bboxes": [{"x": 105, "y": 333, "w": 55, "h": 78}, {"x": 184, "y": 296, "w": 55, "h": 115}, {"x": 263, "y": 255, "w": 55, "h": 156}, {"x": 342, "y": 255, "w": 55, "h": 156}, {"x": 421, "y": 286, "w": 55, "h": 125}, {"x": 500, "y": 286, "w": 55, "h": 125}, {"x": 579, "y": 150, "w": 55, "h": 261}, {"x": 658, "y": 98, "w": 55, "h": 313}], "x": ["2010/11", "2011/12", "2012/13", "2013/14", "2014/15", "2015/16", "2016/17", "2017/18"], "y": ["0.75", "1.1", "1.5", "1.5", "1.2", "1.2", "2.5", "3"], "colors": ["#2876dd", "#2876dd", "#2876dd", "#2876dd", "#2876dd", "#2876dd", "#2876dd", "#2876dd"], "labels": ["2010/11", "2011/12", "2012/13", "2013/14", "2014/15", "2015/16", "2016/17", "2017/18"]}], "type": "v_bar"}