{"general_figure_info": {"figure_info": {"bbox": {"x": 96, "y": 45, "w": 629, "h": 392}}, "y_axis": {"label": {"bbox": [{"x": 40, "y": 153, "w": 11, "h": 176.78125}], "text": "Annual production value in million euros"}, "major_labels": {"bboxes": [{"x": 65, "y": 422.5, "w": 21.0, "h": 29.0}, {"x": 65, "y": 366.5, "w": 21.0, "h": 29.0}, {"x": 65, "y": 310.5, "w": 21.0, "h": 29.0}, {"x": 65, "y": 254.5, "w": 21.0, "h": 29.0}, {"x": 65, "y": 198.5, "w": 21.0, "h": 29.0}, {"x": 65, "y": 142.5, "w": 21.0, "h": 29.0}, {"x": 65, "y": 86.5, "w": 21.0, "h": 29.0}, {"x": 65, "y": 29.5, "w": 21.0, "h": 29.0}]}}, "x_axis": {"major_labels": {"bboxes": [{"x": 123, "y": 447, "h": 12, "w": 24.484375}, {"x": 202, "y": 447, "h": 12, "w": 24.484375}, {"x": 280, "y": 447, "h": 12, "w": 24.484375}, {"x": 359, "y": 447, "h": 12, "w": 23.65625}, {"x": 438, "y": 447, "h": 12, "w": 24.484375}, {"x": 516, "y": 447, "h": 12, "w": 24.484375}, {"x": 595, "y": 447, "h": 12, "w": 24.484375}, {"x": 673, "y": 447, "h": 12, "w": 24.484375}], "values": ["2008", "2009", "2010", "2011", "2012", "2013", "2014", "2015"]}, "label": {}}}, "models": [{"name": {}, "bboxes": [{"x": 108, "y": 96, "w": 54, "h": 342}, {"x": 187, "y": 148, "w": 54, "h": 290}, {"x": 266, "y": 110, "w": 54, "h": 328}, {"x": 344, "y": 102, "w": 54, "h": 336}, {"x": 423, "y": 159, "w": 54, "h": 279}, {"x": 502, "y": 116, "w": 54, "h": 322}, {"x": 580, "y": 149, "w": 54, "h": 289}, {"x": 659, "y": 320, "w": 54, "h": 118}], "x": ["2008", "2009", "2010", "2011", "2012", "2013", "2014", "2015"], "y": ["305.8", "258.9", "292.9", "300.3", "249.5", "287.3", "258", "105.1"], "colors": ["#2876dd", "#2876dd", "#2876dd", "#2876dd", "#2876dd", "#2876dd", "#2876dd", "#2876dd"], "labels": ["2008", "2009", "2010", "2011", "2012", "2013", "2014", "2015"]}], "type": "v_bar"}