{"general_figure_info": {"figure_info": {"bbox": {"x": 147, "y": 35, "w": 563, "h": 380}}, "y_axis": {"label": {"bbox": [{"x": 40, "y": 195, "w": 11, "h": 60.578125}], "text": "Surface area in million square miles"}, "major_labels": {"bboxes": [{"x": 126.5, "y": 170, "w": 50.375, "h": 165.0}, {"x": 206.5, "y": 170, "w": 50.375, "h": 165.0}, {"x": 287.5, "y": 170, "w": 50.375, "h": 165.0}, {"x": 367.5, "y": 170, "w": 50.375, "h": 165.0}, {"x": 448.5, "y": 170, "w": 50.375, "h": 165.0}, {"x": 528.5, "y": 170, "w": 50.375, "h": 165.0}, {"x": 609.5, "y": 170, "w": 50.375, "h": 165.0}, {"x": 690.5, "y": 170, "w": 50.375, "h": 165.0}]}}, "x_axis": {"major_labels": {"bboxes": [{"x": 91, "y": 40, "h": 26, "w": 43.29150390625}, {"x": 102, "y": 78, "h": 26, "w": 32.296875}, {"x": 80, "y": 116, "h": 26, "w": 55.27490234375}, {"x": 73, "y": 154, "h": 26, "w": 60.53125}, {"x": 74, "y": 192, "h": 26, "w": 59.90625}, {"x": 74, "y": 230, "h": 26, "w": 59.90625}, {"x": 67, "y": 268, "h": 26, "w": 67.9296875}, {"x": 73, "y": 306, "h": 26, "w": 60.53125}, {"x": 74, "y": 344, "h": 26, "w": 59.90625}, {"x": 73, "y": 382, "h": 26, "w": 60.53125}], "values": ["Antarctic", "Arctic", "Sahara", "Arabian", "Gobi", "Patagonian", "Great Victoria", "Kalahari", "Great Basin", "Syrian"]}, "label": {}}}, "models": [{"name": {}, "bboxes": [{"x": 146, "y": 41, "w": 442, "h": 26}, {"x": 146, "y": 79, "w": 434, "h": 26}, {"x": 146, "y": 117, "w": 281, "h": 26}, {"x": 146, "y": 155, "w": 80, "h": 26}, {"x": 146, "y": 193, "w": 40, "h": 26}, {"x": 146, "y": 231, "w": 21, "h": 26}, {"x": 146, "y": 269, "w": 20, "h": 26}, {"x": 146, "y": 307, "w": 18, "h": 26}, {"x": 146, "y": 345, "w": 15, "h": 26}, {"x": 146, "y": 383, "w": 15, "h": 26}], "x": ["Antarctic", "Arctic", "Sahara", "Arabian", "Gobi", "Patagonian", "Great Victoria", "Kalahari", "Great Basin", "Syrian"], "y": ["5.5", "5.4", "3.5", "1", "0.5", "0.26", "0.25", "0.22", "0.19", "0.19"], "colors": ["#2876dd", "#2876dd", "#2876dd", "#2876dd", "#2876dd", "#2876dd", "#2876dd", "#2876dd", "#2876dd", "#2876dd"], "labels": ["Antarctic", "Arctic", "Sahara", "Arabian", "Gobi", "Patagonian", "Great Victoria", "Kalahari", "Great Basin", "Syrian"]}], "type": "h_bar"}