{"general_figure_info": {"figure_info": {"bbox": {"x": 103, "y": 45, "w": 622, "h": 392}}, "y_axis": {"label": {"bbox": [{"x": 40, "y": 157, "w": 11, "h": 168.40625}], "text": "Gross minimum wage in Romanian lei"}, "major_labels": {"bboxes": [{"x": 65, "y": 422.5, "w": 28.0, "h": 36.0}, {"x": 65, "y": 357.5, "w": 28.0, "h": 36.0}, {"x": 65, "y": 291.5, "w": 28.0, "h": 36.0}, {"x": 65, "y": 226.5, "w": 28.0, "h": 36.0}, {"x": 65, "y": 161.5, "w": 28.0, "h": 36.0}, {"x": 65, "y": 95.5, "w": 28.0, "h": 36.0}, {"x": 65, "y": 29.5, "w": 28.0, "h": 36.0}]}}, "x_axis": {"major_labels": {"bboxes": [{"x": 111, "y": 447, "h": 12, "w": 24.484375}, {"x": 153, "y": 447, "h": 12, "w": 24.484375}, {"x": 194, "y": 447, "h": 12, "w": 24.484375}, {"x": 236, "y": 447, "h": 12, "w": 24.484375}, {"x": 278, "y": 447, "h": 12, "w": 23.65625}, {"x": 319, "y": 447, "h": 12, "w": 24.484375}, {"x": 360, "y": 447, "h": 12, "w": 24.484375}, {"x": 402, "y": 447, "h": 12, "w": 24.484375}, {"x": 443, "y": 447, "h": 12, "w": 24.484375}, {"x": 485, "y": 447, "h": 12, "w": 24.484375}, {"x": 526, "y": 447, "h": 12, "w": 24.484375}, {"x": 568, "y": 447, "h": 12, "w": 24.484375}, {"x": 609, "y": 447, "h": 12, "w": 24.484375}, {"x": 651, "y": 447, "h": 12, "w": 24.484375}, {"x": 692, "y": 447, "h": 12, "w": 24.484375}], "values": ["2007", "2008", "2009", "2010", "2011", "2012", "2013", "2014", "2015", "2016", "2017", "2018", "2019", "2020", "2021"]}, "label": {}}}, "models": [{"name": {}, "bboxes": [{"x": 110, "y": 387, "w": 29, "h": 51}, {"x": 151, "y": 367, "w": 29, "h": 71}, {"x": 192, "y": 360, "w": 29, "h": 78}, {"x": 234, "y": 360, "w": 29, "h": 78}, {"x": 275, "y": 350, "w": 29, "h": 88}, {"x": 317, "y": 347, "w": 29, "h": 91}, {"x": 358, "y": 333, "w": 29, "h": 105}, {"x": 400, "y": 320, "w": 29, "h": 118}, {"x": 441, "y": 301, "w": 29, "h": 137}, {"x": 483, "y": 275, "w": 29, "h": 163}, {"x": 524, "y": 249, "w": 29, "h": 189}, {"x": 566, "y": 190, "w": 29, "h": 248}, {"x": 607, "y": 166, "w": 29, "h": 272}, {"x": 649, "y": 147, "w": 29, "h": 291}, {"x": 690, "y": 137, "w": 29, "h": 301}], "x": ["2007", "2008", "2009", "2010", "2011", "2012", "2013", "2014", "2015", "2016", "2017", "2018", "2019", "2020", "2021"], "y": ["390", "540", "600", "600", "670", "700", "800", "900", "1 050", "1 250", "1 450", "1 900", "2 080", "2 230", "2 300"], "colors": ["#2876dd", "#2876dd", "#2876dd", "#2876dd", "#2876dd", "#2876dd", "#2876dd", "#2876dd", "#2876dd", "#2876dd", "#2876dd", "#2876dd", "#2876dd", "#2876dd", "#2876dd"], "labels": ["2007", "2008", "2009", "2010", "2011", "2012", "2013", "2014", "2015", "2016", "2017", "2018", "2019", "2020", "2021"]}], "type": "v_bar"}