{"general_figure_info": {"figure_info": {"bbox": {"x": 103, "y": 45, "w": 622, "h": 392}}, "y_axis": {"label": {"bbox": [{"x": 40, "y": 157, "w": 11, "h": 167.328125}], "text": "Number of illegal entries in thousands"}, "major_labels": {"bboxes": [{"x": 65, "y": 422.5, "w": 28.0, "h": 19.200000000000003}, {"x": 65, "y": 378.5, "w": 28.0, "h": 19.200000000000003}, {"x": 65, "y": 335.5, "w": 28.0, "h": 19.200000000000003}, {"x": 65, "y": 291.5, "w": 28.0, "h": 19.200000000000003}, {"x": 65, "y": 248.5, "w": 28.0, "h": 19.200000000000003}, {"x": 65, "y": 204.5, "w": 28.0, "h": 19.200000000000003}, {"x": 65, "y": 161.5, "w": 28.0, "h": 19.200000000000003}, {"x": 65, "y": 117.5, "w": 28.0, "h": 19.200000000000003}, {"x": 65, "y": 74.5, "w": 28.0, "h": 19.200000000000003}, {"x": 65, "y": 29.5, "w": 28.0, "h": 19.200000000000003}]}}, "x_axis": {"major_labels": {"bboxes": [{"x": 119, "y": 447, "h": 12, "w": 24.484375}, {"x": 176, "y": 447, "h": 12, "w": 24.484375}, {"x": 233, "y": 447, "h": 12, "w": 23.65625}, {"x": 289, "y": 447, "h": 12, "w": 24.484375}, {"x": 345, "y": 447, "h": 12, "w": 24.484375}, {"x": 402, "y": 447, "h": 12, "w": 24.484375}, {"x": 458, "y": 447, "h": 12, "w": 24.484375}, {"x": 515, "y": 447, "h": 12, "w": 24.484375}, {"x": 571, "y": 447, "h": 12, "w": 24.484375}, {"x": 628, "y": 447, "h": 12, "w": 24.484375}, {"x": 684, "y": 447, "h": 12, "w": 24.484375}], "values": ["2009", "2010", "2011", "2012", "2013", "2014", "2015", "2016", "2017", "2018", "2019"]}, "label": {}}}, "models": [{"name": {}, "bboxes": [{"x": 112, "y": 420, "w": 39, "h": 18}, {"x": 168, "y": 420, "w": 39, "h": 18}, {"x": 225, "y": 413, "w": 39, "h": 25}, {"x": 282, "y": 425, "w": 39, "h": 13}, {"x": 338, "y": 419, "w": 39, "h": 19}, {"x": 395, "y": 389, "w": 39, "h": 49}, {"x": 451, "y": 121, "w": 39, "h": 317}, {"x": 508, "y": 349, "w": 39, "h": 89}, {"x": 564, "y": 402, "w": 39, "h": 36}, {"x": 621, "y": 412, "w": 39, "h": 26}, {"x": 677, "y": 413, "w": 39, "h": 25}], "x": ["2009", "2010", "2011", "2012", "2013", "2014", "2015", "2016", "2017", "2018", "2019"], "y": ["104.6", "104.06", "141.05", "72.44", "107.37", "282.93", "1 822.18", "511.05", "204.72", "150.1", "141.85"], "colors": ["#2876dd", "#2876dd", "#2876dd", "#2876dd", "#2876dd", "#2876dd", "#2876dd", "#2876dd", "#2876dd", "#2876dd", "#2876dd"], "labels": ["2009", "2010", "2011", "2012", "2013", "2014", "2015", "2016", "2017", "2018", "2019"]}], "type": "v_bar"}