{"general_figure_info": {"figure_info": {"bbox": {"x": 162, "y": 35, "w": 548, "h": 750}}, "y_axis": {"label": {"bbox": [{"x": 396, "y": 816, "w": 79.5, "h": 11}], "text": "Number of deaths"}, "major_labels": {"bboxes": [{"x": 141.5, "y": 791, "w": 40.888888888888886, "h": 26.0}, {"x": 210.5, "y": 791, "w": 40.888888888888886, "h": 26.0}, {"x": 278.5, "y": 791, "w": 40.888888888888886, "h": 26.0}, {"x": 347.5, "y": 791, "w": 40.888888888888886, "h": 26.0}, {"x": 415.5, "y": 791, "w": 40.888888888888886, "h": 26.0}, {"x": 484.5, "y": 791, "w": 40.888888888888886, "h": 26.0}, {"x": 552.5, "y": 791, "w": 40.888888888888886, "h": 26.0}, {"x": 621.5, "y": 791, "w": 40.888888888888886, "h": 26.0}, {"x": 690.5, "y": 791, "w": 40.888888888888886, "h": 26.0}]}}, "x_axis": {"major_labels": {"bboxes": [{"x": 130, "y": 48, "h": 12, "w": 18.96875}, {"x": 130, "y": 85, "h": 12, "w": 18.96875}, {"x": 121, "y": 123, "h": 12, "w": 28.140625}, {"x": 87, "y": 160, "h": 12, "w": 63.26220703125}, {"x": 107, "y": 198, "h": 12, "w": 42.1875}, {"x": 114, "y": 235, "h": 12, "w": 35.93408203125}, {"x": 119, "y": 273, "h": 12, "w": 29.96875}, {"x": 123, "y": 310, "h": 12, "w": 27.17919921875}, {"x": 115, "y": 348, "h": 12, "w": 33.640625}, {"x": 117, "y": 385, "h": 12, "w": 31.8125}, {"x": 116, "y": 423, "h": 12, "w": 33.03125}, {"x": 106, "y": 460, "h": 12, "w": 42.828125}, {"x": 115, "y": 498, "h": 12, "w": 33.84375}, {"x": 46, "y": 535, "h": 12, "w": 103.21142578125}, {"x": 45, "y": 573, "h": 12, "w": 104.43603515625}, {"x": 111, "y": 610, "h": 12, "w": 37.921875}, {"x": 124, "y": 648, "h": 12, "w": 25.94384765625}, {"x": 121, "y": 685, "h": 12, "w": 27.84765625}, {"x": 109, "y": 723, "h": 12, "w": 40.623046875}, {"x": 112, "y": 760, "h": 12, "w": 36.6875}], "values": ["Iran", "Iraq", "Egypt", "Saudi Arabia", "Morocco", "Tunisia", "Oman", "Libya", "Jordan", "Sudan", "Kuwait", "Lebanon", "Yemen", "Palestinian territories", "United Arab Emirates", "Bahrain", "Syria", "Qatar", "Somalia", "Djibouti"]}, "label": {}}}, "models": [{"name": {}, "bboxes": [{"x": 161, "y": 41, "w": 490, "h": 26}, {"x": 161, "y": 78, "w": 151, "h": 26}, {"x": 161, "y": 116, "w": 86, "h": 26}, {"x": 161, "y": 153, "w": 74, "h": 26}, {"x": 161, "y": 191, "w": 52, "h": 26}, {"x": 161, "y": 228, "w": 19, "h": 26}, {"x": 161, "y": 266, "w": 17, "h": 26}, {"x": 161, "y": 303, "w": 12, "h": 26}, {"x": 161, "y": 341, "w": 12, "h": 26}, {"x": 161, "y": 378, "w": 11, "h": 26}, {"x": 161, "y": 416, "w": 11, "h": 26}, {"x": 161, "y": 453, "w": 9, "h": 26}, {"x": 161, "y": 491, "w": 8, "h": 26}, {"x": 161, "y": 528, "w": 8, "h": 26}, {"x": 161, "y": 566, "w": 7, "h": 26}, {"x": 161, "y": 603, "w": 4, "h": 26}, {"x": 161, "y": 641, "w": 4, "h": 26}, {"x": 161, "y": 678, "w": 3, "h": 26}, {"x": 161, "y": 716, "w": 1, "h": 26}, {"x": 161, "y": 753, "w": 1, "h": 26}], "x": ["Iran", "Iraq", "Egypt", "Saudi Arabia", "Morocco", "Tunisia", "Oman", "Libya", "Jordan", "Sudan", "Kuwait", "Lebanon", "Yemen", "Palestinian territories", "United Arab Emirates", "Bahrain", "Syria", "Qatar", "Somalia", "Djibouti"], "y": ["35 738", "11 017", "6 278", "5 437", "3 762", "1 381", "1 256", "880", "866", "837", "786", "643", "601", "565", "497", "321", "292", "232", "104", "61"], "colors": ["#2876dd", "#2876dd", "#2876dd", "#2876dd", "#2876dd", "#2876dd", "#2876dd", "#2876dd", "#2876dd", "#2876dd", "#2876dd", "#2876dd", "#2876dd", "#2876dd", "#2876dd", "#2876dd", "#2876dd", "#2876dd", "#2876dd", "#2876dd"], "labels": ["Iran", "Iraq", "Egypt", "Saudi Arabia", "Morocco", "Tunisia", "Oman", "Libya", "Jordan", "Sudan", "Kuwait", "Lebanon", "Yemen", "Palestinian territories", "United Arab Emirates", "Bahrain", "Syria", "Qatar", "Somalia", "Djibouti"]}], "type": "h_bar"}