{"general_figure_info": {"figure_info": {"bbox": {"x": 89, "y": 45, "w": 636, "h": 392}}, "y_axis": {"label": {"bbox": [{"x": 40, "y": 180, "w": 11, "h": 121.734375}], "text": "Deaths per 1,000 live births"}, "major_labels": {"bboxes": [{"x": 65, "y": 422.5, "w": 14.0, "h": 29.0}, {"x": 65, "y": 366.5, "w": 14.0, "h": 29.0}, {"x": 65, "y": 310.5, "w": 14.0, "h": 29.0}, {"x": 65, "y": 254.5, "w": 14.0, "h": 29.0}, {"x": 65, "y": 198.5, "w": 14.0, "h": 29.0}, {"x": 65, "y": 142.5, "w": 14.0, "h": 29.0}, {"x": 65, "y": 86.5, "w": 14.0, "h": 29.0}, {"x": 65, "y": 29.5, "w": 14.0, "h": 29.0}]}}, "x_axis": {"major_labels": {"bboxes": [{"x": 106, "y": 447, "h": 12, "w": 24.484375}, {"x": 163, "y": 447, "h": 12, "w": 24.484375}, {"x": 222, "y": 447, "h": 12, "w": 23.65625}, {"x": 279, "y": 447, "h": 12, "w": 24.484375}, {"x": 337, "y": 447, "h": 12, "w": 24.484375}, {"x": 395, "y": 447, "h": 12, "w": 24.484375}, {"x": 453, "y": 447, "h": 12, "w": 24.484375}, {"x": 510, "y": 447, "h": 12, "w": 24.484375}, {"x": 568, "y": 447, "h": 12, "w": 24.484375}, {"x": 626, "y": 447, "h": 12, "w": 24.484375}, {"x": 684, "y": 447, "h": 12, "w": 24.484375}], "values": ["2009", "2010", "2011", "2012", "2013", "2014", "2015", "2016", "2017", "2018", "2019"]}, "label": {}}}, "models": [{"name": {}, "bboxes": [{"x": 98, "y": 125, "w": 40, "h": 313}, {"x": 156, "y": 137, "w": 40, "h": 301}, {"x": 214, "y": 149, "w": 40, "h": 289}, {"x": 272, "y": 170, "w": 40, "h": 268}, {"x": 329, "y": 181, "w": 40, "h": 257}, {"x": 387, "y": 190, "w": 40, "h": 248}, {"x": 445, "y": 198, "w": 40, "h": 240}, {"x": 503, "y": 206, "w": 40, "h": 232}, {"x": 561, "y": 211, "w": 40, "h": 227}, {"x": 618, "y": 218, "w": 40, "h": 220}, {"x": 676, "y": 223, "w": 40, "h": 215}], "x": ["2009", "2010", "2011", "2012", "2013", "2014", "2015", "2016", "2017", "2018", "2019"], "y": ["55.9", "53.8", "51.6", "47.9", "45.9", "44.2", "42.9", "41.4", "40.5", "39.3", "38.4"], "colors": ["#2876dd", "#2876dd", "#2876dd", "#2876dd", "#2876dd", "#2876dd", "#2876dd", "#2876dd", "#2876dd", "#2876dd", "#2876dd"], "labels": ["2009", "2010", "2011", "2012", "2013", "2014", "2015", "2016", "2017", "2018", "2019"]}], "type": "v_bar"}