{"general_figure_info": {"figure_info": {"bbox": {"x": 159, "y": 35, "w": 551, "h": 380}}, "y_axis": {"label": {"bbox": [{"x": 383, "y": 446, "w": 103.0390625, "h": 11}], "text": "Fuel sulfur content limit"}, "major_labels": {"bboxes": [{"x": 138.5, "y": 421, "w": 25.916666666666664, "h": 26.0}, {"x": 188.5, "y": 421, "w": 25.916666666666664, "h": 26.0}, {"x": 238.5, "y": 421, "w": 25.916666666666664, "h": 26.0}, {"x": 288.5, "y": 421, "w": 25.916666666666664, "h": 26.0}, {"x": 338.5, "y": 421, "w": 25.916666666666664, "h": 26.0}, {"x": 388.5, "y": 421, "w": 25.916666666666664, "h": 26.0}, {"x": 439.5, "y": 421, "w": 25.916666666666664, "h": 26.0}, {"x": 489.5, "y": 421, "w": 25.916666666666664, "h": 26.0}, {"x": 539.5, "y": 421, "w": 25.916666666666664, "h": 26.0}, {"x": 589.5, "y": 421, "w": 25.916666666666664, "h": 26.0}, {"x": 639.5, "y": 421, "w": 25.916666666666664, "h": 26.0}, {"x": 690.5, "y": 421, "w": 25.916666666666664, "h": 26.0}]}}, "x_axis": {"major_labels": {"bboxes": [{"x": 114, "y": 67, "h": 12, "w": 31.796875}, {"x": 117, "y": 143, "h": 12, "w": 29.623046875}, {"x": 40, "y": 211, "h": 26, "w": 106.4814453125}, {"x": 100, "y": 295, "h": 12, "w": 47.34765625}, {"x": 131, "y": 371, "h": 12, "w": 15.3369140625}], "values": ["Global", "China", "Sulfur Emission", "California", "EU"]}, "label": {}}}, "models": [{"name": {}, "bboxes": [{"x": 158, "y": 47, "w": 501, "h": 52}, {"x": 158, "y": 123, "w": 501, "h": 52}, {"x": 158, "y": 199, "w": 100, "h": 52}, {"x": 158, "y": 275, "w": 100, "h": 52}, {"x": 158, "y": 351, "w": 100, "h": 52}], "x": ["Global", "China", "Sulfur Emission", "California", "EU"], "y": ["0.5%", "0.5%", "0.1%", "0.1%", "0.1%"], "colors": ["#2876dd", "#2876dd", "#2876dd", "#2876dd", "#2876dd"], "labels": ["Global", "China", "Sulfur Emission", "California", "EU"]}], "type": "h_bar"}