{"general_figure_info": {"figure_info": {"bbox": {"x": 92, "y": 45, "w": 633, "h": 392}}, "y_axis": {"label": {"bbox": [{"x": 40, "y": 178, "w": 11, "h": 125.625}], "text": "Home attendance in millions"}, "major_labels": {"bboxes": [{"x": 65, "y": 422.5, "w": 17.0, "h": 36.0}, {"x": 65, "y": 357.5, "w": 17.0, "h": 36.0}, {"x": 65, "y": 291.5, "w": 17.0, "h": 36.0}, {"x": 65, "y": 226.5, "w": 17.0, "h": 36.0}, {"x": 65, "y": 161.5, "w": 17.0, "h": 36.0}, {"x": 65, "y": 95.5, "w": 17.0, "h": 36.0}, {"x": 65, "y": 29.5, "w": 17.0, "h": 36.0}]}}, "x_axis": {"major_labels": {"bboxes": [{"x": 102, "y": 447, "h": 12, "w": 24.484375}, {"x": 148, "y": 447, "h": 12, "w": 24.484375}, {"x": 193, "y": 447, "h": 12, "w": 24.484375}, {"x": 238, "y": 447, "h": 12, "w": 24.484375}, {"x": 283, "y": 447, "h": 12, "w": 24.484375}, {"x": 329, "y": 447, "h": 12, "w": 23.65625}, {"x": 374, "y": 447, "h": 12, "w": 24.484375}, {"x": 419, "y": 447, "h": 12, "w": 24.484375}, {"x": 464, "y": 447, "h": 12, "w": 24.484375}, {"x": 509, "y": 447, "h": 12, "w": 24.484375}, {"x": 555, "y": 447, "h": 12, "w": 24.484375}, {"x": 600, "y": 447, "h": 12, "w": 24.484375}, {"x": 645, "y": 447, "h": 12, "w": 24.484375}, {"x": 690, "y": 447, "h": 12, "w": 24.484375}], "values": ["2006", "2007", "2008", "2009", "2010", "2011", "2012", "2013", "2014", "2015", "2016", "2017", "2018", "2019"]}, "label": {}}}, "models": [{"name": {}, "bboxes": [{"x": 99, "y": 165, "w": 31, "h": 273}, {"x": 144, "y": 135, "w": 31, "h": 303}, {"x": 190, "y": 110, "w": 31, "h": 328}, {"x": 235, "y": 160, "w": 31, "h": 278}, {"x": 280, "y": 169, "w": 31, "h": 269}, {"x": 325, "y": 162, "w": 31, "h": 276}, {"x": 370, "y": 153, "w": 31, "h": 285}, {"x": 416, "y": 160, "w": 31, "h": 278}, {"x": 461, "y": 168, "w": 31, "h": 270}, {"x": 506, "y": 166, "w": 31, "h": 272}, {"x": 551, "y": 171, "w": 31, "h": 267}, {"x": 597, "y": 160, "w": 31, "h": 278}, {"x": 642, "y": 145, "w": 31, "h": 293}, {"x": 687, "y": 158, "w": 31, "h": 280}], "x": ["2006", "2007", "2008", "2009", "2010", "2011", "2012", "2013", "2014", "2015", "2016", "2017", "2018", "2019"], "y": ["2.09", "2.32", "2.51", "2.13", "2.06", "2.11", "2.18", "2.13", "2.07", "2.08", "2.04", "2.13", "2.24", "2.14"], "colors": ["#2876dd", "#2876dd", "#2876dd", "#2876dd", "#2876dd", "#2876dd", "#2876dd", "#2876dd", "#2876dd", "#2876dd", "#2876dd", "#2876dd", "#2876dd", "#2876dd"], "labels": ["2006", "2007", "2008", "2009", "2010", "2011", "2012", "2013", "2014", "2015", "2016", "2017", "2018", "2019"]}], "type": "v_bar"}