{"general_figure_info": {"figure_info": {"bbox": {"x": 96, "y": 45, "w": 629, "h": 377}}, "y_axis": {"label": {"bbox": [{"x": 40, "y": 156, "w": 11, "h": 154.546875}], "text": "Share of spoofed specific positions"}, "major_labels": {"bboxes": [{"x": 65, "y": 407.5, "w": 21.0, "h": 27.125}, {"x": 65, "y": 353.5, "w": 21.0, "h": 27.125}, {"x": 65, "y": 299.5, "w": 21.0, "h": 27.125}, {"x": 65, "y": 245.5, "w": 21.0, "h": 27.125}, {"x": 65, "y": 192.5, "w": 21.0, "h": 27.125}, {"x": 65, "y": 138.5, "w": 21.0, "h": 27.125}, {"x": 65, "y": 84.5, "w": 21.0, "h": 27.125}, {"x": 65, "y": 29.5, "w": 21.0, "h": 27.125}]}}, "x_axis": {"major_labels": {"bboxes": [{"x": 136, "y": 432, "h": 12, "w": 24.28076171875}, {"x": 213, "y": 432, "h": 24, "w": 80.40380859375}, {"x": 313, "y": 432, "h": 24, "w": 90.22216796875}, {"x": 440, "y": 432, "h": 12, "w": 46.484375}, {"x": 544, "y": 432, "h": 12, "w": 47.4091796875}, {"x": 656, "y": 432, "h": 12, "w": 33.5107421875}], "values": ["CEO", "Managing", "General", "President", "Professor", "Others"]}, "label": {}}}, "models": [{"name": {}, "bboxes": [{"x": 113, "y": 147, "w": 72, "h": 276}, {"x": 217, "y": 161, "w": 72, "h": 262}, {"x": 322, "y": 308, "w": 72, "h": 115}, {"x": 427, "y": 335, "w": 72, "h": 88}, {"x": 532, "y": 407, "w": 72, "h": 16}, {"x": 637, "y": 103, "w": 72, "h": 320}], "x": ["CEO", "Managing", "General", "President", "Professor", "Others"], "y": ["25.6%", "24.3%", "10.7%", "8.2%", "1.5%", "29.7%"], "colors": ["#2876dd", "#2876dd", "#2876dd", "#2876dd", "#2876dd", "#2876dd"], "labels": ["CEO", "Managing", "General", "President", "Professor", "Others"]}], "type": "v_bar"}