{"general_figure_info": {"figure_info": {"bbox": {"x": 96, "y": 45, "w": 629, "h": 365}}, "y_axis": {"label": {"bbox": [{"x": 40, "y": 183, "w": 11, "h": 88.9375}], "text": "Requests in millions"}, "major_labels": {"bboxes": [{"x": 65, "y": 395.5, "w": 21.0, "h": 53.0}, {"x": 65, "y": 304.5, "w": 21.0, "h": 53.0}, {"x": 65, "y": 213.5, "w": 21.0, "h": 53.0}, {"x": 65, "y": 121.5, "w": 21.0, "h": 53.0}, {"x": 65, "y": 29.5, "w": 21.0, "h": 53.0}]}}, "x_axis": {"major_labels": {"bboxes": [{"x": 75, "y": 423, "h": 31.8419189453125, "w": 31.841903686523438}, {"x": 99, "y": 423, "h": 32.703704833984375, "w": 32.70368957519531}, {"x": 124, "y": 423, "h": 33.996368408203125, "w": 33.996368408203125}, {"x": 154, "y": 423, "h": 29.245513916015625, "w": 29.245498657226562}, {"x": 176, "y": 423, "h": 33.1456298828125, "w": 33.1456298828125}, {"x": 202, "y": 423, "h": 33.13458251953125, "w": 33.13458251953125}, {"x": 229, "y": 423, "h": 31.8419189453125, "w": 31.841903686523438}, {"x": 253, "y": 423, "h": 32.703704833984375, "w": 32.70368957519531}, {"x": 278, "y": 423, "h": 33.996368408203125, "w": 33.996368408203125}, {"x": 308, "y": 423, "h": 29.245513916015625, "w": 29.2454833984375}, {"x": 330, "y": 423, "h": 33.1456298828125, "w": 33.1456298828125}, {"x": 356, "y": 423, "h": 33.13458251953125, "w": 33.13458251953125}, {"x": 383, "y": 423, "h": 31.8419189453125, "w": 31.8419189453125}, {"x": 407, "y": 423, "h": 32.703704833984375, "w": 32.703704833984375}, {"x": 432, "y": 423, "h": 33.996368408203125, "w": 33.996368408203125}, {"x": 462, "y": 423, "h": 29.245513916015625, "w": 29.2454833984375}, {"x": 484, "y": 423, "h": 33.1456298828125, "w": 33.1456298828125}, {"x": 510, "y": 423, "h": 33.13458251953125, "w": 33.134552001953125}, {"x": 537, "y": 423, "h": 31.8419189453125, "w": 31.841888427734375}, {"x": 562, "y": 423, "h": 32.703704833984375, "w": 32.70367431640625}, {"x": 586, "y": 423, "h": 33.996368408203125, "w": 33.996337890625}, {"x": 616, "y": 423, "h": 29.245513916015625, "w": 29.2454833984375}, {"x": 638, "y": 423, "h": 33.13458251953125, "w": 33.13458251953125}, {"x": 664, "y": 423, "h": 32.703704833984375, "w": 32.70367431640625}, {"x": 691, "y": 423, "h": 31.8419189453125, "w": 31.84185791015625}], "values": ["Jan 14", "Mar 14", "May 14", "Jul 14", "Sep 14", "Nov 14", "Jan 15", "Mar 15", "May 15", "Jul 15", "Sep 15", "Nov 15", "Jan 16", "Mar 16", "May 16", "Jul 16", "Sep 16", "Nov 16", "Jan 17", "Mar 17", "May 17", "Jul 17", "Dec 17", "Feb 18", "Jan 19"]}, "label": {}}}, "models": [{"name": {}, "bboxes": [{"x": 98, "y": 123, "w": 9, "h": 288}, {"x": 111, "y": 135, "w": 9, "h": 276}, {"x": 124, "y": 117, "w": 9, "h": 294}, {"x": 137, "y": 166, "w": 9, "h": 245}, {"x": 149, "y": 159, "w": 9, "h": 252}, {"x": 162, "y": 170, "w": 9, "h": 241}, {"x": 175, "y": 195, "w": 9, "h": 216}, {"x": 188, "y": 186, "w": 9, "h": 225}, {"x": 201, "y": 173, "w": 9, "h": 238}, {"x": 214, "y": 119, "w": 9, "h": 292}, {"x": 226, "y": 104, "w": 9, "h": 307}, {"x": 239, "y": 103, "w": 9, "h": 308}, {"x": 252, "y": 90, "w": 9, "h": 321}, {"x": 265, "y": 124, "w": 9, "h": 287}, {"x": 278, "y": 155, "w": 9, "h": 256}, {"x": 291, "y": 160, "w": 9, "h": 251}, {"x": 303, "y": 156, "w": 9, "h": 255}, {"x": 316, "y": 182, "w": 9, "h": 229}, {"x": 329, "y": 176, "w": 9, "h": 235}, {"x": 342, "y": 157, "w": 9, "h": 254}, {"x": 355, "y": 106, "w": 9, "h": 305}, {"x": 368, "y": 125, "w": 9, "h": 286}, {"x": 380, "y": 128, "w": 9, "h": 283}, {"x": 393, "y": 129, "w": 9, "h": 282}, {"x": 406, "y": 124, "w": 9, "h": 287}, {"x": 419, "y": 139, "w": 9, "h": 272}, {"x": 432, "y": 130, "w": 9, "h": 281}, {"x": 445, "y": 150, "w": 9, "h": 261}, {"x": 457, "y": 162, "w": 9, "h": 249}, {"x": 470, "y": 146, "w": 9, "h": 265}, {"x": 483, "y": 137, "w": 9, "h": 274}, {"x": 496, "y": 118, "w": 9, "h": 293}, {"x": 509, "y": 128, "w": 9, "h": 283}, {"x": 522, "y": 91, "w": 9, "h": 320}, {"x": 534, "y": 92, "w": 9, "h": 319}, {"x": 547, "y": 91, "w": 9, "h": 320}, {"x": 560, "y": 134, "w": 9, "h": 277}, {"x": 573, "y": 158, "w": 9, "h": 253}, {"x": 586, "y": 139, "w": 9, "h": 272}, {"x": 599, "y": 161, "w": 9, "h": 250}, {"x": 611, "y": 164, "w": 9, "h": 247}, {"x": 624, "y": 177, "w": 9, "h": 234}, {"x": 637, "y": 196, "w": 9, "h": 215}, {"x": 650, "y": 193, "w": 9, "h": 218}, {"x": 663, "y": 113, "w": 9, "h": 298}, {"x": 676, "y": 112, "w": 9, "h": 299}, {"x": 689, "y": 151, "w": 9, "h": 260}, {"x": 701, "y": 124, "w": 9, "h": 287}, {"x": 714, "y": 86, "w": 9, "h": 325}], "x": ["Jan 14", "Mar 14", "May 14", "Jul 14", "Sep 14", "Nov 14", "Jan 15", "Mar 15", "May 15", "Jul 15", "Sep 15", "Nov 15", "Jan 16", "Mar 16", "May 16", "Jul 16", "Sep 16", "Nov 16", "Jan 17", "Mar 17", "May 17", "Jul 17", "Dec 17", "Feb 18", "Jan 19"], "y": ["316", "322", "276", "237", "261", "336", "352", "281", "280", "258", "334", "310", "315", "308", "273", "300", "310", "350", "304", "298", "271", "236", "327", "285", "356"], "colors": ["#2876dd", "#2876dd", "#2876dd", "#2876dd", "#2876dd", "#2876dd", "#2876dd", "#2876dd", "#2876dd", "#2876dd", "#2876dd", "#2876dd", "#2876dd", "#2876dd", "#2876dd", "#2876dd", "#2876dd", "#2876dd", "#2876dd", "#2876dd", "#2876dd", "#2876dd", "#2876dd", "#2876dd", "#2876dd", "#2876dd", "#2876dd", "#2876dd", "#2876dd", "#2876dd", "#2876dd", "#2876dd", "#2876dd", "#2876dd", "#2876dd", "#2876dd", "#2876dd", "#2876dd", "#2876dd", "#2876dd", "#2876dd", "#2876dd", "#2876dd", "#2876dd", "#2876dd", "#2876dd", "#2876dd", "#2876dd", "#2876dd"], "labels": ["Jan 14", "Mar 14", "May 14", "Jul 14", "Sep 14", "Nov 14", "Jan 15", "Mar 15", "May 15", "Jul 15", "Sep 15", "Nov 15", "Jan 16", "Mar 16", "May 16", "Jul 16", "Sep 16", "Nov 16", "Jan 17", "Mar 17", "May 17", "Jul 17", "Dec 17", "Feb 18", "Jan 19"]}], "type": "v_bar"}