{"general_figure_info": {"figure_info": {"bbox": {"x": 82, "y": 45, "w": 643, "h": 392}}, "y_axis": {"label": {"bbox": [{"x": 40, "y": 174, "w": 11, "h": 133.40625}], "text": "Revenue in billion U.S. dollars"}, "major_labels": {"bboxes": [{"x": 65, "y": 422.5, "w": 7.0, "h": 45.33333333333333}, {"x": 65, "y": 344.5, "w": 7.0, "h": 45.33333333333333}, {"x": 65, "y": 265.5, "w": 7.0, "h": 45.33333333333333}, {"x": 65, "y": 187.5, "w": 7.0, "h": 45.33333333333333}, {"x": 65, "y": 108.5, "w": 7.0, "h": 45.33333333333333}, {"x": 65, "y": 29.5, "w": 7.0, "h": 45.33333333333333}]}}, "x_axis": {"major_labels": {"bboxes": [{"x": 97, "y": 447, "h": 12, "w": 24.484375}, {"x": 150, "y": 447, "h": 12, "w": 24.484375}, {"x": 204, "y": 447, "h": 12, "w": 23.65625}, {"x": 257, "y": 447, "h": 12, "w": 24.484375}, {"x": 311, "y": 447, "h": 12, "w": 24.484375}, {"x": 364, "y": 447, "h": 12, "w": 24.484375}, {"x": 418, "y": 447, "h": 12, "w": 24.484375}, {"x": 472, "y": 447, "h": 12, "w": 24.484375}, {"x": 525, "y": 447, "h": 12, "w": 24.484375}, {"x": 579, "y": 447, "h": 12, "w": 24.484375}, {"x": 632, "y": 447, "h": 12, "w": 24.484375}, {"x": 686, "y": 447, "h": 12, "w": 24.484375}], "values": ["2009", "2010", "2011", "2012", "2013", "2014", "2015", "2016", "2017", "2018", "2019", "2020"]}, "label": {}}}, "models": [{"name": {}, "bboxes": [{"x": 90, "y": 159, "w": 37, "h": 279}, {"x": 144, "y": 135, "w": 37, "h": 303}, {"x": 198, "y": 168, "w": 37, "h": 270}, {"x": 251, "y": 174, "w": 37, "h": 264}, {"x": 305, "y": 234, "w": 37, "h": 204}, {"x": 358, "y": 223, "w": 37, "h": 215}, {"x": 412, "y": 235, "w": 37, "h": 203}, {"x": 466, "y": 244, "w": 37, "h": 194}, {"x": 519, "y": 235, "w": 37, "h": 203}, {"x": 573, "y": 226, "w": 37, "h": 212}, {"x": 626, "y": 208, "w": 37, "h": 230}, {"x": 680, "y": 211, "w": 37, "h": 227}], "x": ["2009", "2010", "2011", "2012", "2013", "2014", "2015", "2016", "2017", "2018", "2019", "2020"], "y": ["3.56", "3.86", "3.45", "3.37", "2.6", "2.74", "2.59", "2.48", "2.59", "2.7", "2.93", "2.89"], "colors": ["#2876dd", "#2876dd", "#2876dd", "#2876dd", "#2876dd", "#2876dd", "#2876dd", "#2876dd", "#2876dd", "#2876dd", "#2876dd", "#2876dd"], "labels": ["2009", "2010", "2011", "2012", "2013", "2014", "2015", "2016", "2017", "2018", "2019", "2020"]}], "type": "v_bar"}