{"general_figure_info": {"figure_info": {"bbox": {"x": 106, "y": 45, "w": 619, "h": 287}}, "y_axis": {"label": {"bbox": [{"x": 40, "y": 129, "w": 11, "h": 118.9375}], "text": "Price in million U.S. dollars"}, "major_labels": {"bboxes": [{"x": 65, "y": 317.5, "w": 31.0, "h": 37.4}, {"x": 65, "y": 245.5, "w": 31.0, "h": 37.4}, {"x": 65, "y": 174.5, "w": 31.0, "h": 37.4}, {"x": 65, "y": 102.5, "w": 31.0, "h": 37.4}, {"x": 65, "y": 29.5, "w": 31.0, "h": 37.4}]}}, "x_axis": {"major_labels": {"bboxes": [{"x": 48, "y": 345, "h": 93.22763061523438, "w": 93.22761535644531}, {"x": 100, "y": 345, "h": 102.61886596679688, "w": 102.6188735961914}, {"x": 195, "y": 345, "h": 69.89309692382812, "w": 69.89309692382812}, {"x": 251, "y": 345, "h": 75.50576782226562, "w": 75.50575256347656}, {"x": 326, "y": 345, "h": 62.391143798828125, "w": 62.39111328125}, {"x": 359, "y": 345, "h": 91.05105590820312, "w": 91.05105590820312}, {"x": 449, "y": 345, "h": 63.385498046875, "w": 63.385498046875}, {"x": 518, "y": 345, "h": 56.04925537109375, "w": 56.049224853515625}, {"x": 564, "y": 345, "h": 72.47845458984375, "w": 72.4783935546875}, {"x": 636, "y": 345, "h": 62.09283447265625, "w": 62.0927734375}], "values": ["Beats Electronics (2014)", "Anobit Technologies (2012)", "AuthenTec (2012)", "PrimeSense (2013)", "PA Semi (2008)", "Quattro Wireless (2010)", "Gliimpse (2016)", "Lattice (2017)", "Topsy Labs (2013)", "Intrinsity (2010)"]}, "label": {}}}, "models": [{"name": {}, "bboxes": [{"x": 116, "y": 118, "w": 43, "h": 215}, {"x": 178, "y": 301, "w": 43, "h": 32}, {"x": 240, "y": 307, "w": 43, "h": 26}, {"x": 301, "y": 308, "w": 43, "h": 25}, {"x": 363, "y": 313, "w": 43, "h": 20}, {"x": 425, "y": 313, "w": 43, "h": 20}, {"x": 487, "y": 319, "w": 43, "h": 14}, {"x": 549, "y": 319, "w": 43, "h": 14}, {"x": 611, "y": 319, "w": 43, "h": 14}, {"x": 673, "y": 324, "w": 43, "h": 9}], "x": ["Beats Electronics (2014)", "Anobit Technologies (2012)", "AuthenTec (2012)", "PrimeSense (2013)", "PA Semi (2008)", "Quattro Wireless (2010)", "Gliimpse (2016)", "Lattice (2017)", "Topsy Labs (2013)", "Intrinsity (2010)"], "y": ["3 000", "450", "356", "345", "278", "275", "200", "200", "200", "121"], "colors": ["#2876dd", "#2876dd", "#2876dd", "#2876dd", "#2876dd", "#2876dd", "#2876dd", "#2876dd", "#2876dd", "#2876dd"], "labels": ["Beats Electronics (2014)", "Anobit Technologies (2012)", "AuthenTec (2012)", "PrimeSense (2013)", "PA Semi (2008)", "Quattro Wireless (2010)", "Gliimpse (2016)", "Lattice (2017)", "Topsy Labs (2013)", "Intrinsity (2010)"]}], "type": "v_bar"}