{"general_figure_info": {"figure_info": {"bbox": {"x": 134, "y": 35, "w": 576, "h": 380}}, "y_axis": {"label": {"bbox": [{"x": 371, "y": 446, "w": 102.265625, "h": 11}], "text": "User actions in millions"}, "major_labels": {"bboxes": [{"x": 113.5, "y": 421, "w": 28.0, "h": 26.0}, {"x": 165.5, "y": 421, "w": 28.0, "h": 26.0}, {"x": 218.5, "y": 421, "w": 28.0, "h": 26.0}, {"x": 270.5, "y": 421, "w": 28.0, "h": 26.0}, {"x": 322.5, "y": 421, "w": 28.0, "h": 26.0}, {"x": 375.5, "y": 421, "w": 28.0, "h": 26.0}, {"x": 427.5, "y": 421, "w": 28.0, "h": 26.0}, {"x": 480.5, "y": 421, "w": 28.0, "h": 26.0}, {"x": 532.5, "y": 421, "w": 28.0, "h": 26.0}, {"x": 584.5, "y": 421, "w": 28.0, "h": 26.0}, {"x": 637.5, "y": 421, "w": 28.0, "h": 26.0}, {"x": 690.5, "y": 421, "w": 28.0, "h": 26.0}]}}, "x_axis": {"major_labels": {"bboxes": [{"x": 72, "y": 48, "h": 12, "w": 49.3984375}, {"x": 88, "y": 86, "h": 12, "w": 33.265625}, {"x": 46, "y": 124, "h": 12, "w": 75.21875}, {"x": 73, "y": 162, "h": 12, "w": 48.173828125}, {"x": 73, "y": 200, "h": 12, "w": 47.6875}, {"x": 68, "y": 238, "h": 12, "w": 53.67919921875}, {"x": 41, "y": 276, "h": 12, "w": 80.58837890625}, {"x": 44, "y": 314, "h": 12, "w": 77.046875}, {"x": 46, "y": 352, "h": 12, "w": 74.578125}, {"x": 53, "y": 390, "h": 12, "w": 69.36376953125}], "values": ["Fox News", "RT UK", "ABC 7 Chicago", "ITV News", "Daily Mail", "BBC News", "CNN Philippines", "Fox 32 Chicago", "10News WTSP", "FOX 5 Atlanta"]}, "label": {}}}, "models": [{"name": {}, "bboxes": [{"x": 133, "y": 41, "w": 503, "h": 26}, {"x": 133, "y": 79, "w": 230, "h": 26}, {"x": 133, "y": 117, "w": 172, "h": 26}, {"x": 133, "y": 155, "w": 168, "h": 26}, {"x": 133, "y": 193, "w": 165, "h": 26}, {"x": 133, "y": 231, "w": 151, "h": 26}, {"x": 133, "y": 269, "w": 142, "h": 26}, {"x": 133, "y": 307, "w": 136, "h": 26}, {"x": 133, "y": 345, "w": 134, "h": 26}, {"x": 133, "y": 383, "w": 130, "h": 26}], "x": ["Fox News", "RT UK", "ABC 7 Chicago", "ITV News", "Daily Mail", "BBC News", "CNN Philippines", "Fox 32 Chicago", "10News WTSP", "FOX 5 Atlanta"], "y": ["2.4", "1.1", "0.82", "0.8", "0.79", "0.72", "0.68", "0.65", "0.64", "0.62"], "colors": ["#2876dd", "#2876dd", "#2876dd", "#2876dd", "#2876dd", "#2876dd", "#2876dd", "#2876dd", "#2876dd", "#2876dd"], "labels": ["Fox News", "RT UK", "ABC 7 Chicago", "ITV News", "Daily Mail", "BBC News", "CNN Philippines", "Fox 32 Chicago", "10News WTSP", "FOX 5 Atlanta"]}], "type": "h_bar"}