{"general_figure_info": {"figure_info": {"bbox": {"x": 60, "y": 45, "w": 665, "h": 392}}, "y_axis": {"label": {"bbox": [{"x": 40, "y": 203, "w": 11, "h": 76.703125}], "text": "Number of stores"}, "major_labels": {"bboxes": [{"x": 65, "y": 422.5, "w": -5.0, "h": 36.0}, {"x": 65, "y": 357.5, "w": -5.0, "h": 36.0}, {"x": 65, "y": 291.5, "w": -5.0, "h": 36.0}, {"x": 65, "y": 226.5, "w": -5.0, "h": 36.0}, {"x": 65, "y": 161.5, "w": -5.0, "h": 36.0}, {"x": 65, "y": 95.5, "w": -5.0, "h": 36.0}, {"x": 65, "y": 29.5, "w": -5.0, "h": 36.0}]}}, "x_axis": {"major_labels": {"bboxes": [{"x": 85, "y": 447, "h": 12, "w": 24.484375}, {"x": 159, "y": 447, "h": 12, "w": 24.484375}, {"x": 232, "y": 447, "h": 12, "w": 24.484375}, {"x": 306, "y": 447, "h": 12, "w": 24.484375}, {"x": 380, "y": 447, "h": 12, "w": 24.484375}, {"x": 454, "y": 447, "h": 12, "w": 24.484375}, {"x": 528, "y": 447, "h": 12, "w": 24.484375}, {"x": 602, "y": 447, "h": 12, "w": 24.484375}, {"x": 676, "y": 447, "h": 12, "w": 24.484375}], "values": ["2012", "2013", "2014", "2015", "2016", "2017", "2018", "2019", "2020"]}, "label": {}}}, "models": [{"name": {}, "bboxes": [{"x": 72, "y": 151, "w": 51, "h": 287}, {"x": 146, "y": 131, "w": 51, "h": 307}, {"x": 219, "y": 98, "w": 51, "h": 340}, {"x": 293, "y": 95, "w": 51, "h": 343}, {"x": 367, "y": 85, "w": 51, "h": 353}, {"x": 441, "y": 88, "w": 51, "h": 350}, {"x": 515, "y": 92, "w": 51, "h": 346}, {"x": 589, "y": 137, "w": 51, "h": 301}, {"x": 663, "y": 137, "w": 51, "h": 301}], "x": ["2012", "2013", "2014", "2015", "2016", "2017", "2018", "2019", "2020"], "y": ["88", "94", "104", "105", "108", "107", "106", "92", "92"], "colors": ["#2876dd", "#2876dd", "#2876dd", "#2876dd", "#2876dd", "#2876dd", "#2876dd", "#2876dd", "#2876dd"], "labels": ["2012", "2013", "2014", "2015", "2016", "2017", "2018", "2019", "2020"]}], "type": "v_bar"}