{"general_figure_info": {"figure_info": {"bbox": {"x": 94, "y": 45, "w": 631, "h": 392}}, "y_axis": {"label": {"bbox": [{"x": 40, "y": 181, "w": 11, "h": 120.609375}], "text": "Number of users in millions"}, "major_labels": {"bboxes": [{"x": 65, "y": 422.5, "w": 19.0, "h": 36.0}, {"x": 65, "y": 357.5, "w": 19.0, "h": 36.0}, {"x": 65, "y": 291.5, "w": 19.0, "h": 36.0}, {"x": 65, "y": 226.5, "w": 19.0, "h": 36.0}, {"x": 65, "y": 161.5, "w": 19.0, "h": 36.0}, {"x": 65, "y": 95.5, "w": 19.0, "h": 36.0}, {"x": 65, "y": 29.5, "w": 19.0, "h": 36.0}]}}, "x_axis": {"major_labels": {"bboxes": [{"x": 117, "y": 447, "h": 12, "w": 24.484375}, {"x": 187, "y": 447, "h": 12, "w": 24.484375}, {"x": 257, "y": 447, "h": 12, "w": 24.484375}, {"x": 325, "y": 447, "h": 12, "w": 29.470703125}, {"x": 395, "y": 447, "h": 12, "w": 29.470703125}, {"x": 465, "y": 447, "h": 12, "w": 29.470703125}, {"x": 535, "y": 447, "h": 12, "w": 29.470703125}, {"x": 605, "y": 447, "h": 12, "w": 29.470703125}, {"x": 676, "y": 447, "h": 12, "w": 29.470703125}], "values": ["2017", "2018", "2019", "2020*", "2021*", "2022*", "2023*", "2024*", "2025*"]}, "label": {}}}, "models": [{"name": {}, "bboxes": [{"x": 105, "y": 215, "w": 48, "h": 223}, {"x": 175, "y": 200, "w": 48, "h": 238}, {"x": 245, "y": 186, "w": 48, "h": 252}, {"x": 315, "y": 174, "w": 48, "h": 264}, {"x": 386, "y": 162, "w": 48, "h": 276}, {"x": 456, "y": 152, "w": 48, "h": 286}, {"x": 526, "y": 143, "w": 48, "h": 295}, {"x": 596, "y": 134, "w": 48, "h": 304}, {"x": 666, "y": 127, "w": 48, "h": 311}], "x": ["2017", "2018", "2019", "2020*", "2021*", "2022*", "2023*", "2024*", "2025*"], "y": ["68.14", "72.74", "76.99", "80.88", "84.4", "87.57", "90.41", "92.95", "95.22"], "colors": ["#2876dd", "#2876dd", "#2876dd", "#2876dd", "#2876dd", "#2876dd", "#2876dd", "#2876dd", "#2876dd"], "labels": ["2017", "2018", "2019", "2020*", "2021*", "2022*", "2023*", "2024*", "2025*"]}], "type": "v_bar"}