{"general_figure_info": {"figure_info": {"bbox": {"x": 106, "y": 45, "w": 619, "h": 392}}, "y_axis": {"label": {"bbox": [{"x": 40, "y": 172, "w": 11, "h": 137.828125}], "text": "Net sales in million U.S. dollars"}, "major_labels": {"bboxes": [{"x": 65, "y": 422.5, "w": 31.0, "h": 29.0}, {"x": 65, "y": 366.5, "w": 31.0, "h": 29.0}, {"x": 65, "y": 310.5, "w": 31.0, "h": 29.0}, {"x": 65, "y": 254.5, "w": 31.0, "h": 29.0}, {"x": 65, "y": 198.5, "w": 31.0, "h": 29.0}, {"x": 65, "y": 142.5, "w": 31.0, "h": 29.0}, {"x": 65, "y": 86.5, "w": 31.0, "h": 29.0}, {"x": 65, "y": 29.5, "w": 31.0, "h": 29.0}]}}, "x_axis": {"major_labels": {"bboxes": [{"x": 132, "y": 447, "h": 12, "w": 24.484375}, {"x": 210, "y": 447, "h": 12, "w": 24.484375}, {"x": 287, "y": 447, "h": 12, "w": 24.484375}, {"x": 365, "y": 447, "h": 12, "w": 24.484375}, {"x": 442, "y": 447, "h": 12, "w": 24.484375}, {"x": 519, "y": 447, "h": 12, "w": 24.484375}, {"x": 597, "y": 447, "h": 12, "w": 24.484375}, {"x": 674, "y": 447, "h": 12, "w": 24.484375}], "values": ["2013", "2014", "2015", "2016", "2017", "2018", "2019", "2020"]}, "label": {}}}, "models": [{"name": {}, "bboxes": [{"x": 118, "y": 168, "w": 53, "h": 270}, {"x": 196, "y": 160, "w": 53, "h": 278}, {"x": 273, "y": 188, "w": 53, "h": 250}, {"x": 350, "y": 187, "w": 53, "h": 251}, {"x": 428, "y": 190, "w": 53, "h": 248}, {"x": 505, "y": 164, "w": 53, "h": 274}, {"x": 582, "y": 165, "w": 53, "h": 273}, {"x": 660, "y": 128, "w": 53, "h": 310}], "x": ["2013", "2014", "2015", "2016", "2017", "2018", "2019", "2020"], "y": ["4 825.3", "4 958.6", "4 469.9", "4 488.4", "4 427.7", "4 891.8", "4 877.1", "5 541.8"], "colors": ["#2876dd", "#2876dd", "#2876dd", "#2876dd", "#2876dd", "#2876dd", "#2876dd", "#2876dd"], "labels": ["2013", "2014", "2015", "2016", "2017", "2018", "2019", "2020"]}], "type": "v_bar"}