{"general_figure_info": {"figure_info": {"bbox": {"x": 88, "y": 45, "w": 637, "h": 392}}, "y_axis": {"label": {"bbox": [{"x": 40, "y": 174, "w": 11, "h": 133.40625}], "text": "Revenue in billion U.S. dollars"}, "major_labels": {"bboxes": [{"x": 65, "y": 422.5, "w": 13.0, "h": 29.0}, {"x": 65, "y": 366.5, "w": 13.0, "h": 29.0}, {"x": 65, "y": 310.5, "w": 13.0, "h": 29.0}, {"x": 65, "y": 254.5, "w": 13.0, "h": 29.0}, {"x": 65, "y": 198.5, "w": 13.0, "h": 29.0}, {"x": 65, "y": 142.5, "w": 13.0, "h": 29.0}, {"x": 65, "y": 86.5, "w": 13.0, "h": 29.0}, {"x": 65, "y": 29.5, "w": 13.0, "h": 29.0}]}}, "x_axis": {"major_labels": {"bboxes": [{"x": 100, "y": 447, "h": 12, "w": 24.484375}, {"x": 149, "y": 447, "h": 12, "w": 24.484375}, {"x": 198, "y": 447, "h": 12, "w": 24.484375}, {"x": 248, "y": 447, "h": 12, "w": 23.65625}, {"x": 296, "y": 447, "h": 12, "w": 24.484375}, {"x": 345, "y": 447, "h": 12, "w": 24.484375}, {"x": 394, "y": 447, "h": 12, "w": 24.484375}, {"x": 443, "y": 447, "h": 12, "w": 24.484375}, {"x": 492, "y": 447, "h": 12, "w": 24.484375}, {"x": 541, "y": 447, "h": 12, "w": 24.484375}, {"x": 590, "y": 447, "h": 12, "w": 24.484375}, {"x": 639, "y": 447, "h": 12, "w": 24.484375}, {"x": 688, "y": 447, "h": 12, "w": 24.484375}], "values": ["2008", "2009", "2010", "2011", "2012", "2013", "2014", "2015", "2016", "2017", "2018", "2019", "2020"]}, "label": {}}}, "models": [{"name": {}, "bboxes": [{"x": 96, "y": 345, "w": 34, "h": 93}, {"x": 145, "y": 343, "w": 34, "h": 95}, {"x": 194, "y": 334, "w": 34, "h": 104}, {"x": 243, "y": 321, "w": 34, "h": 117}, {"x": 292, "y": 312, "w": 34, "h": 126}, {"x": 341, "y": 283, "w": 34, "h": 155}, {"x": 390, "y": 262, "w": 34, "h": 176}, {"x": 439, "y": 259, "w": 34, "h": 179}, {"x": 488, "y": 256, "w": 34, "h": 182}, {"x": 537, "y": 245, "w": 34, "h": 193}, {"x": 586, "y": 143, "w": 34, "h": 295}, {"x": 635, "y": 126, "w": 34, "h": 312}, {"x": 684, "y": 139, "w": 34, "h": 299}], "x": ["2008", "2009", "2010", "2011", "2012", "2013", "2014", "2015", "2016", "2017", "2018", "2019", "2020"], "y": ["3.31", "3.39", "3.71", "4.17", "4.49", "5.54", "6.27", "6.39", "6.5", "6.9", "10.55", "11.14", "10.67"], "colors": ["#2876dd", "#2876dd", "#2876dd", "#2876dd", "#2876dd", "#2876dd", "#2876dd", "#2876dd", "#2876dd", "#2876dd", "#2876dd", "#2876dd", "#2876dd"], "labels": ["2008", "2009", "2010", "2011", "2012", "2013", "2014", "2015", "2016", "2017", "2018", "2019", "2020"]}], "type": "v_bar"}