{"general_figure_info": {"figure_info": {"bbox": {"x": 81, "y": 45, "w": 644, "h": 392}}, "y_axis": {"label": {"bbox": [{"x": 40, "y": 193, "w": 11, "h": 95.609375}], "text": "Inhabitants in millions"}, "major_labels": {"bboxes": [{"x": 65, "y": 422.5, "w": 6.0, "h": 23.555555555555557}, {"x": 65, "y": 373.5, "w": 6.0, "h": 23.555555555555557}, {"x": 65, "y": 324.5, "w": 6.0, "h": 23.555555555555557}, {"x": 65, "y": 275.5, "w": 6.0, "h": 23.555555555555557}, {"x": 65, "y": 226.5, "w": 6.0, "h": 23.555555555555557}, {"x": 65, "y": 177.5, "w": 6.0, "h": 23.555555555555557}, {"x": 65, "y": 128.5, "w": 6.0, "h": 23.555555555555557}, {"x": 65, "y": 79.5, "w": 6.0, "h": 23.555555555555557}, {"x": 65, "y": 29.5, "w": 6.0, "h": 23.555555555555557}]}}, "x_axis": {"major_labels": {"bboxes": [{"x": 98, "y": 447, "h": 12, "w": 24.484375}, {"x": 157, "y": 447, "h": 12, "w": 24.484375}, {"x": 215, "y": 447, "h": 12, "w": 24.484375}, {"x": 274, "y": 447, "h": 12, "w": 24.484375}, {"x": 330, "y": 447, "h": 12, "w": 29.470703125}, {"x": 389, "y": 447, "h": 12, "w": 29.470703125}, {"x": 447, "y": 447, "h": 12, "w": 29.470703125}, {"x": 506, "y": 447, "h": 12, "w": 29.470703125}, {"x": 564, "y": 447, "h": 12, "w": 29.470703125}, {"x": 623, "y": 447, "h": 12, "w": 29.470703125}, {"x": 681, "y": 447, "h": 12, "w": 29.470703125}], "values": ["2016", "2017", "2018", "2019", "2020*", "2021*", "2022*", "2023*", "2024*", "2025*", "2026*"]}, "label": {}}}, "models": [{"name": {}, "bboxes": [{"x": 90, "y": 125, "w": 41, "h": 313}, {"x": 149, "y": 122, "w": 41, "h": 316}, {"x": 207, "y": 119, "w": 41, "h": 319}, {"x": 266, "y": 116, "w": 41, "h": 322}, {"x": 324, "y": 113, "w": 41, "h": 325}, {"x": 383, "y": 109, "w": 41, "h": 329}, {"x": 442, "y": 106, "w": 41, "h": 332}, {"x": 500, "y": 102, "w": 41, "h": 336}, {"x": 559, "y": 99, "w": 41, "h": 339}, {"x": 617, "y": 96, "w": 41, "h": 342}, {"x": 676, "y": 93, "w": 41, "h": 345}], "x": ["2016", "2017", "2018", "2019", "2020*", "2021*", "2022*", "2023*", "2024*", "2025*", "2026*"], "y": ["6.39", "6.45", "6.51", "6.58", "6.64", "6.71", "6.78", "6.85", "6.91", "6.98", "7.05"], "colors": ["#2876dd", "#2876dd", "#2876dd", "#2876dd", "#2876dd", "#2876dd", "#2876dd", "#2876dd", "#2876dd", "#2876dd", "#2876dd"], "labels": ["2016", "2017", "2018", "2019", "2020*", "2021*", "2022*", "2023*", "2024*", "2025*", "2026*"]}], "type": "v_bar"}