{"general_figure_info": {"figure_info": {"bbox": {"x": 94, "y": 45, "w": 631, "h": 392}}, "y_axis": {"label": {"bbox": [{"x": 40, "y": 181, "w": 11, "h": 120.609375}], "text": "Number of users in millions"}, "major_labels": {"bboxes": [{"x": 65, "y": 422.5, "w": 19.0, "h": 29.0}, {"x": 65, "y": 366.5, "w": 19.0, "h": 29.0}, {"x": 65, "y": 310.5, "w": 19.0, "h": 29.0}, {"x": 65, "y": 254.5, "w": 19.0, "h": 29.0}, {"x": 65, "y": 198.5, "w": 19.0, "h": 29.0}, {"x": 65, "y": 142.5, "w": 19.0, "h": 29.0}, {"x": 65, "y": 86.5, "w": 19.0, "h": 29.0}, {"x": 65, "y": 29.5, "w": 19.0, "h": 29.0}]}}, "x_axis": {"major_labels": {"bboxes": [{"x": 117, "y": 447, "h": 12, "w": 24.484375}, {"x": 187, "y": 447, "h": 12, "w": 24.484375}, {"x": 257, "y": 447, "h": 12, "w": 24.484375}, {"x": 325, "y": 447, "h": 12, "w": 29.470703125}, {"x": 395, "y": 447, "h": 12, "w": 29.470703125}, {"x": 465, "y": 447, "h": 12, "w": 29.470703125}, {"x": 535, "y": 447, "h": 12, "w": 29.470703125}, {"x": 605, "y": 447, "h": 12, "w": 29.470703125}, {"x": 676, "y": 447, "h": 12, "w": 29.470703125}], "values": ["2017", "2018", "2019", "2020*", "2021*", "2022*", "2023*", "2024*", "2025*"]}, "label": {}}}, "models": [{"name": {}, "bboxes": [{"x": 105, "y": 158, "w": 48, "h": 280}, {"x": 175, "y": 144, "w": 48, "h": 294}, {"x": 245, "y": 132, "w": 48, "h": 306}, {"x": 315, "y": 121, "w": 48, "h": 317}, {"x": 386, "y": 112, "w": 48, "h": 326}, {"x": 456, "y": 103, "w": 48, "h": 335}, {"x": 526, "y": 96, "w": 48, "h": 342}, {"x": 596, "y": 90, "w": 48, "h": 348}, {"x": 666, "y": 84, "w": 48, "h": 354}], "x": ["2017", "2018", "2019", "2020*", "2021*", "2022*", "2023*", "2024*", "2025*"], "y": ["125.14", "131.2", "136.63", "141.45", "145.68", "149.38", "152.61", "155.41", "157.85"], "colors": ["#2876dd", "#2876dd", "#2876dd", "#2876dd", "#2876dd", "#2876dd", "#2876dd", "#2876dd", "#2876dd"], "labels": ["2017", "2018", "2019", "2020*", "2021*", "2022*", "2023*", "2024*", "2025*"]}], "type": "v_bar"}