{"general_figure_info": {"figure_info": {"bbox": {"x": 97, "y": 45, "w": 628, "h": 392}}, "y_axis": {"label": {"bbox": [{"x": 40, "y": 166, "w": 11, "h": 150.078125}], "text": "Net earnings in billion U.S. dollars"}, "major_labels": {"bboxes": [{"x": 65, "y": 422.5, "w": 22.0, "h": 36.0}, {"x": 65, "y": 357.5, "w": 22.0, "h": 36.0}, {"x": 65, "y": 291.5, "w": 22.0, "h": 36.0}, {"x": 65, "y": 226.5, "w": 22.0, "h": 36.0}, {"x": 65, "y": 161.5, "w": 22.0, "h": 36.0}, {"x": 65, "y": 95.5, "w": 22.0, "h": 36.0}, {"x": 65, "y": 29.5, "w": 22.0, "h": 36.0}]}}, "x_axis": {"major_labels": {"bboxes": [{"x": 111, "y": 447, "h": 12, "w": 24.484375}, {"x": 163, "y": 447, "h": 12, "w": 24.484375}, {"x": 216, "y": 447, "h": 12, "w": 23.65625}, {"x": 268, "y": 447, "h": 12, "w": 24.484375}, {"x": 320, "y": 447, "h": 12, "w": 24.484375}, {"x": 373, "y": 447, "h": 12, "w": 24.484375}, {"x": 425, "y": 447, "h": 12, "w": 24.484375}, {"x": 477, "y": 447, "h": 12, "w": 24.484375}, {"x": 530, "y": 447, "h": 12, "w": 24.484375}, {"x": 582, "y": 447, "h": 12, "w": 24.484375}, {"x": 634, "y": 447, "h": 12, "w": 24.484375}, {"x": 687, "y": 447, "h": 12, "w": 24.484375}], "values": ["2009", "2010", "2011", "2012", "2013", "2014", "2015", "2016", "2017", "2018", "2019", "2020"]}, "label": {}}}, "models": [{"name": {}, "bboxes": [{"x": 105, "y": 88, "w": 36, "h": 350}, {"x": 158, "y": 220, "w": 36, "h": 218}, {"x": 210, "y": 322, "w": 36, "h": 116}, {"x": 262, "y": 243, "w": 36, "h": 195}, {"x": 315, "y": 228, "w": 36, "h": 210}, {"x": 367, "y": 216, "w": 36, "h": 222}, {"x": 419, "y": 279, "w": 36, "h": 159}, {"x": 472, "y": 245, "w": 36, "h": 193}, {"x": 524, "y": 326, "w": 36, "h": 112}, {"x": 576, "y": 165, "w": 36, "h": 273}, {"x": 629, "y": 217, "w": 36, "h": 221}, {"x": 681, "y": 191, "w": 36, "h": 247}], "x": ["2009", "2010", "2011", "2012", "2013", "2014", "2015", "2016", "2017", "2018", "2019", "2020"], "y": ["13.39", "8.35", "4.44", "7.48", "8.04", "8.48", "6.08", "7.4", "4.29", "10.46", "8.47", "9.46"], "colors": ["#2876dd", "#2876dd", "#2876dd", "#2876dd", "#2876dd", "#2876dd", "#2876dd", "#2876dd", "#2876dd", "#2876dd", "#2876dd", "#2876dd"], "labels": ["2009", "2010", "2011", "2012", "2013", "2014", "2015", "2016", "2017", "2018", "2019", "2020"]}], "type": "v_bar"}