{"general_figure_info": {"figure_info": {"bbox": {"x": 169, "y": 35, "w": 541, "h": 480}}, "y_axis": {"label": {"bbox": [{"x": 392, "y": 546, "w": 95.625, "h": 11}], "text": "Share of respondents"}, "major_labels": {"bboxes": [{"x": 148.5, "y": 521, "w": 40.111111111111114, "h": 26.0}, {"x": 216.5, "y": 521, "w": 40.111111111111114, "h": 26.0}, {"x": 283.5, "y": 521, "w": 40.111111111111114, "h": 26.0}, {"x": 351.5, "y": 521, "w": 40.111111111111114, "h": 26.0}, {"x": 419.5, "y": 521, "w": 40.111111111111114, "h": 26.0}, {"x": 486.5, "y": 521, "w": 40.111111111111114, "h": 26.0}, {"x": 554.5, "y": 521, "w": 40.111111111111114, "h": 26.0}, {"x": 621.5, "y": 521, "w": 40.111111111111114, "h": 26.0}, {"x": 690.5, "y": 521, "w": 40.111111111111114, "h": 26.0}]}}, "x_axis": {"major_labels": {"bboxes": [{"x": 98, "y": 51, "h": 12, "w": 58.572265625}, {"x": 69, "y": 94, "h": 12, "w": 87.453125}, {"x": 95, "y": 138, "h": 12, "w": 61.15625}, {"x": 111, "y": 182, "h": 12, "w": 44.625}, {"x": 76, "y": 225, "h": 12, "w": 79.953125}, {"x": 72, "y": 269, "h": 12, "w": 84.390625}, {"x": 47, "y": 313, "h": 12, "w": 109.93603515625}, {"x": 57, "y": 356, "h": 12, "w": 99.03125}, {"x": 86, "y": 400, "h": 12, "w": 70.328125}, {"x": 86, "y": 444, "h": 12, "w": 70.21142578125}, {"x": 128, "y": 487, "h": 12, "w": 27.84765625}], "values": ["Rick Steves", "Anthony Bourdain", "James Bond", "Guy Fieri", "Where's Waldo?", "Samantha Brown", "Christopher Columbus", "Andrew Zimmerman", "Karl Pilkington", "Kinga Philipps", "Other"]}, "label": {}}}, "models": [{"name": {}, "bboxes": [{"x": 168, "y": 42, "w": 460, "h": 30}, {"x": 168, "y": 85, "w": 406, "h": 30}, {"x": 168, "y": 129, "w": 325, "h": 30}, {"x": 168, "y": 173, "w": 270, "h": 30}, {"x": 168, "y": 216, "w": 216, "h": 30}, {"x": 168, "y": 260, "w": 216, "h": 30}, {"x": 168, "y": 304, "w": 162, "h": 30}, {"x": 168, "y": 347, "w": 108, "h": 30}, {"x": 168, "y": 391, "w": 27, "h": 30}, {"x": 168, "y": 434, "w": 0, "h": 30}, {"x": 168, "y": 478, "w": 487, "h": 30}], "x": ["Rick Steves", "Anthony Bourdain", "James Bond", "Guy Fieri", "Where's Waldo?", "Samantha Brown", "Christopher Columbus", "Andrew Zimmerman", "Karl Pilkington", "Kinga Philipps", "Other"], "y": ["17%", "15%", "12%", "10%", "8%", "8%", "6%", "4%", "1%", "0%", "18%"], "colors": ["#2876dd", "#2876dd", "#2876dd", "#2876dd", "#2876dd", "#2876dd", "#2876dd", "#2876dd", "#2876dd", "#2876dd", "#2876dd"], "labels": ["Rick Steves", "Anthony Bourdain", "James Bond", "Guy Fieri", "Where's Waldo?", "Samantha Brown", "Christopher Columbus", "Andrew Zimmerman", "Karl Pilkington", "Kinga Philipps", "Other"]}], "type": "h_bar"}