{"general_figure_info": {"figure_info": {"bbox": {"x": 96, "y": 45, "w": 629, "h": 392}}, "y_axis": {"label": {"bbox": [{"x": 40, "y": 162, "w": 11, "h": 157.859375}], "text": "Market capitalization in billion euros"}, "major_labels": {"bboxes": [{"x": 65, "y": 422.5, "w": 21.0, "h": 45.33333333333333}, {"x": 65, "y": 344.5, "w": 21.0, "h": 45.33333333333333}, {"x": 65, "y": 265.5, "w": 21.0, "h": 45.33333333333333}, {"x": 65, "y": 187.5, "w": 21.0, "h": 45.33333333333333}, {"x": 65, "y": 108.5, "w": 21.0, "h": 45.33333333333333}, {"x": 65, "y": 29.5, "w": 21.0, "h": 45.33333333333333}]}}, "x_axis": {"major_labels": {"bboxes": [{"x": 129, "y": 447, "h": 12, "w": 24.484375}, {"x": 219, "y": 447, "h": 12, "w": 24.484375}, {"x": 309, "y": 447, "h": 12, "w": 23.65625}, {"x": 398, "y": 447, "h": 12, "w": 24.484375}, {"x": 488, "y": 447, "h": 12, "w": 24.484375}, {"x": 578, "y": 447, "h": 12, "w": 24.484375}, {"x": 668, "y": 447, "h": 12, "w": 24.484375}], "values": ["2009", "2010", "2011", "2012", "2013", "2014", "2015"]}, "label": {}}}, "models": [{"name": {}, "bboxes": [{"x": 110, "y": 283, "w": 62, "h": 155}, {"x": 200, "y": 280, "w": 62, "h": 158}, {"x": 290, "y": 306, "w": 62, "h": 132}, {"x": 380, "y": 251, "w": 62, "h": 187}, {"x": 470, "y": 205, "w": 62, "h": 233}, {"x": 559, "y": 192, "w": 62, "h": 246}, {"x": 649, "y": 145, "w": 62, "h": 293}], "x": ["2009", "2010", "2011", "2012", "2013", "2014", "2015"], "y": ["39.6", "40.4", "33.7", "47.8", "59.5", "62.8", "74.7"], "colors": ["#2876dd", "#2876dd", "#2876dd", "#2876dd", "#2876dd", "#2876dd", "#2876dd"], "labels": ["2009", "2010", "2011", "2012", "2013", "2014", "2015"]}], "type": "v_bar"}