{"general_figure_info": {"figure_info": {"bbox": {"x": 267, "y": 35, "w": 443, "h": 380}}, "y_axis": {"label": {"bbox": [{"x": 444, "y": 446, "w": 89.5, "h": 11}], "text": "Share of consumers"}, "major_labels": {"bboxes": [{"x": 246.5, "y": 421, "w": 29.22222222222222, "h": 26.0}, {"x": 301.5, "y": 421, "w": 29.22222222222222, "h": 26.0}, {"x": 357.5, "y": 421, "w": 29.22222222222222, "h": 26.0}, {"x": 412.5, "y": 421, "w": 29.22222222222222, "h": 26.0}, {"x": 468.5, "y": 421, "w": 29.22222222222222, "h": 26.0}, {"x": 523.5, "y": 421, "w": 29.22222222222222, "h": 26.0}, {"x": 578.5, "y": 421, "w": 29.22222222222222, "h": 26.0}, {"x": 634.5, "y": 421, "w": 29.22222222222222, "h": 26.0}, {"x": 690.5, "y": 421, "w": 29.22222222222222, "h": 26.0}]}}, "x_axis": {"major_labels": {"bboxes": [{"x": 141, "y": 50, "h": 12, "w": 112.5}, {"x": 73, "y": 84, "h": 26, "w": 180.765625}, {"x": 60, "y": 135, "h": 12, "w": 194.453125}, {"x": 80, "y": 177, "h": 12, "w": 174.046875}, {"x": 106, "y": 219, "h": 12, "w": 148.359375}, {"x": 77, "y": 261, "h": 12, "w": 177.3125}, {"x": 79, "y": 295, "h": 26, "w": 175.484375}, {"x": 200, "y": 346, "h": 12, "w": 54.126953125}, {"x": 187, "y": 388, "h": 12, "w": 67.265625}], "values": ["Username & Password", "chipTAN (Card with chip inserted into", "Token (login to generate one-time code)", "pushTAN (Generate one-time code)", "mTAN (mobile and SMS code)", "Codecard (Card with one-time code)", "Call (Automated phone call from the", "Don't know", "Other method"]}, "label": {}}}, "models": [{"name": {}, "bboxes": [{"x": 266, "y": 42, "w": 382, "h": 29}, {"x": 266, "y": 84, "w": 94, "h": 29}, {"x": 266, "y": 126, "w": 78, "h": 29}, {"x": 266, "y": 168, "w": 66, "h": 29}, {"x": 266, "y": 210, "w": 50, "h": 29}, {"x": 266, "y": 253, "w": 39, "h": 29}, {"x": 266, "y": 295, "w": 39, "h": 29}, {"x": 266, "y": 337, "w": 17, "h": 29}, {"x": 266, "y": 379, "w": 17, "h": 29}], "x": ["Username & Password", "chipTAN (Card with chip inserted into", "Token (login to generate one-time code)", "pushTAN (Generate one-time code)", "mTAN (mobile and SMS code)", "Codecard (Card with one-time code)", "Call (Automated phone call from the", "Don't know", "Other method"], "y": ["69%", "17%", "14%", "12%", "9%", "7%", "7%", "3%", "3%"], "colors": ["#2876dd", "#2876dd", "#2876dd", "#2876dd", "#2876dd", "#2876dd", "#2876dd", "#2876dd", "#2876dd"], "labels": ["Username & Password", "chipTAN (Card with chip inserted into", "Token (login to generate one-time code)", "pushTAN (Generate one-time code)", "mTAN (mobile and SMS code)", "Codecard (Card with one-time code)", "Call (Automated phone call from the", "Don't know", "Other method"]}], "type": "h_bar"}