{"general_figure_info": {"figure_info": {"bbox": {"x": 209, "y": 35, "w": 501, "h": 510}}, "y_axis": {"label": {"bbox": [{"x": 417, "y": 576, "w": 84.5, "h": 11}], "text": "Number of patients"}, "major_labels": {"bboxes": [{"x": 188.5, "y": 551, "w": 42.625, "h": 26.0}, {"x": 260.5, "y": 551, "w": 42.625, "h": 26.0}, {"x": 331.5, "y": 551, "w": 42.625, "h": 26.0}, {"x": 403.5, "y": 551, "w": 42.625, "h": 26.0}, {"x": 474.5, "y": 551, "w": 42.625, "h": 26.0}, {"x": 546.5, "y": 551, "w": 42.625, "h": 26.0}, {"x": 617.5, "y": 551, "w": 42.625, "h": 26.0}, {"x": 690.5, "y": 551, "w": 42.625, "h": 26.0}]}}, "x_axis": {"major_labels": {"bboxes": [{"x": 134, "y": 50, "h": 12, "w": 62.390625}, {"x": 114, "y": 93, "h": 12, "w": 81.953125}, {"x": 48, "y": 135, "h": 12, "w": 147.984375}, {"x": 142, "y": 178, "h": 12, "w": 53.828125}, {"x": 135, "y": 220, "h": 12, "w": 60.5625}, {"x": 161, "y": 263, "h": 12, "w": 34.859375}, {"x": 146, "y": 305, "h": 12, "w": 49.53125}, {"x": 167, "y": 348, "h": 12, "w": 28.75}, {"x": 109, "y": 390, "h": 12, "w": 87.4375}, {"x": 148, "y": 433, "h": 12, "w": 47.71875}, {"x": 162, "y": 475, "h": 12, "w": 34.25}, {"x": 167, "y": 518, "h": 12, "w": 29.359375}], "values": ["Singaporean", "Chinese national", "Singapore permanent resident", "Indonesian", "Bangladeshi", "Filipino", "Malaysian", "Briton", "Myanmar national", "Japanese", "French", "Italian"]}, "label": {}}}, "models": [{"name": {}, "bboxes": [{"x": 208, "y": 41, "w": 433, "h": 30}, {"x": 208, "y": 83, "w": 68, "h": 30}, {"x": 208, "y": 126, "w": 50, "h": 30}, {"x": 208, "y": 168, "w": 18, "h": 30}, {"x": 208, "y": 211, "w": 18, "h": 30}, {"x": 208, "y": 253, "w": 18, "h": 30}, {"x": 208, "y": 296, "w": 11, "h": 30}, {"x": 208, "y": 338, "w": 7, "h": 30}, {"x": 208, "y": 381, "w": 4, "h": 30}, {"x": 208, "y": 423, "w": 4, "h": 30}, {"x": 208, "y": 466, "w": 4, "h": 30}, {"x": 208, "y": 508, "w": 4, "h": 30}], "x": ["Singaporean", "Chinese national", "Singapore permanent resident", "Indonesian", "Bangladeshi", "Filipino", "Malaysian", "Briton", "Myanmar national", "Japanese", "French", "Italian"], "y": ["121", "19", "14", "5", "5", "5", "3", "2", "1", "1", "1", "1"], "colors": ["#808080", "#2876dd", "#2876dd", "#2876dd", "#2876dd", "#2876dd", "#2876dd", "#2876dd", "#2876dd", "#2876dd", "#2876dd", "#2876dd"], "labels": ["Singaporean", "Chinese national", "Singapore permanent resident", "Indonesian", "Bangladeshi", "Filipino", "Malaysian", "Briton", "Myanmar national", "Japanese", "French", "Italian"]}], "type": "h_bar"}