{"general_figure_info": {"figure_info": {"bbox": {"x": 173, "y": 35, "w": 537, "h": 1050}}, "y_axis": {"label": {"bbox": [{"x": 367, "y": 1116, "w": 149.515625, "h": 11}], "text": "Total payroll in million U.S. dollars"}, "major_labels": {"bboxes": [{"x": 152.5, "y": 1091, "w": 21.307692307692307, "h": 26.0}, {"x": 197.5, "y": 1091, "w": 21.307692307692307, "h": 26.0}, {"x": 242.5, "y": 1091, "w": 21.307692307692307, "h": 26.0}, {"x": 286.5, "y": 1091, "w": 21.307692307692307, "h": 26.0}, {"x": 331.5, "y": 1091, "w": 21.307692307692307, "h": 26.0}, {"x": 376.5, "y": 1091, "w": 21.307692307692307, "h": 26.0}, {"x": 421.5, "y": 1091, "w": 21.307692307692307, "h": 26.0}, {"x": 465.5, "y": 1091, "w": 21.307692307692307, "h": 26.0}, {"x": 510.5, "y": 1091, "w": 21.307692307692307, "h": 26.0}, {"x": 555.5, "y": 1091, "w": 21.307692307692307, "h": 26.0}, {"x": 600.5, "y": 1091, "w": 21.307692307692307, "h": 26.0}, {"x": 644.5, "y": 1091, "w": 21.307692307692307, "h": 26.0}, {"x": 690.5, "y": 1091, "w": 21.307692307692307, "h": 26.0}]}}, "x_axis": {"major_labels": {"bboxes": [{"x": 69, "y": 47, "h": 12, "w": 91.8193359375}, {"x": 55, "y": 82, "h": 12, "w": 105.06982421875}, {"x": 85, "y": 117, "h": 12, "w": 75.09375}, {"x": 81, "y": 152, "h": 12, "w": 79.9921875}, {"x": 91, "y": 187, "h": 12, "w": 69.59375}, {"x": 62, "y": 222, "h": 12, "w": 98.33984375}, {"x": 64, "y": 257, "h": 12, "w": 96.51904296875}, {"x": 68, "y": 292, "h": 12, "w": 92.82373046875}, {"x": 87, "y": 327, "h": 12, "w": 73.86376953125}, {"x": 53, "y": 362, "h": 12, "w": 107.0947265625}, {"x": 55, "y": 397, "h": 12, "w": 105.6552734375}, {"x": 88, "y": 432, "h": 12, "w": 72.03759765625}, {"x": 73, "y": 467, "h": 12, "w": 87.318359375}, {"x": 87, "y": 502, "h": 12, "w": 73.869140625}, {"x": 71, "y": 537, "h": 12, "w": 89.7783203125}, {"x": 83, "y": 572, "h": 12, "w": 77.53759765625}, {"x": 78, "y": 607, "h": 12, "w": 82.2265625}, {"x": 66, "y": 642, "h": 12, "w": 94.04296875}, {"x": 47, "y": 677, "h": 12, "w": 113.60986328125}, {"x": 73, "y": 712, "h": 12, "w": 87.93603515625}, {"x": 95, "y": 747, "h": 12, "w": 65.9091796875}, {"x": 80, "y": 782, "h": 12, "w": 80.58837890625}, {"x": 65, "y": 817, "h": 12, "w": 95.86376953125}, {"x": 75, "y": 852, "h": 12, "w": 85.4921875}, {"x": 73, "y": 887, "h": 12, "w": 87.94677734375}, {"x": 65, "y": 922, "h": 12, "w": 95.869140625}, {"x": 77, "y": 957, "h": 12, "w": 83.64453125}, {"x": 73, "y": 992, "h": 12, "w": 87.318359375}, {"x": 76, "y": 1027, "h": 12, "w": 84.8583984375}, {"x": 92, "y": 1062, "h": 12, "w": 68.3369140625}], "values": ["New York Yankees", "Los Angeles Dodgers", "Houston Astros", "Boston Red Sox", "Chicago Cubs", "Philadelphia Phillies", "Los Angeles Angels", "St. Louis Cardinals", "New York Mets", "Washington Nationals", "San Francisco Giants", "Atlanta Braves", "Colorado Rockies", "Texas Rangers", "San Diego Padres", "Cincinnati Reds", "Minnesota Twins", "Chicago White Sox", "Arizona Diamondbacks", "Toronto Blue Jays", "Detroit Tigers", "Seattle Mariners", "Milwaukee Brewers", "Oakland Athletics", "Cleveland Indians", "Kansas City Royals", "Tampa Bay Rays", "Pittsburgh Pirates", "Baltimore Orioles", "Miami Marlins"]}, "label": {}}}, "models": [{"name": {}, "bboxes": [{"x": 172, "y": 40, "w": 455, "h": 24}, {"x": 172, "y": 75, "w": 408, "h": 24}, {"x": 172, "y": 110, "w": 386, "h": 24}, {"x": 172, "y": 145, "w": 342, "h": 24}, {"x": 172, "y": 180, "w": 341, "h": 24}, {"x": 172, "y": 215, "w": 329, "h": 24}, {"x": 172, "y": 250, "w": 321, "h": 24}, {"x": 172, "y": 285, "w": 303, "h": 24}, {"x": 172, "y": 320, "w": 302, "h": 24}, {"x": 172, "y": 355, "w": 302, "h": 24}, {"x": 172, "y": 390, "w": 292, "h": 24}, {"x": 172, "y": 425, "w": 285, "h": 24}, {"x": 172, "y": 460, "w": 282, "h": 24}, {"x": 172, "y": 495, "w": 275, "h": 24}, {"x": 172, "y": 530, "w": 274, "h": 24}, {"x": 172, "y": 565, "w": 256, "h": 24}, {"x": 172, "y": 600, "w": 248, "h": 24}, {"x": 172, "y": 635, "w": 233, "h": 24}, {"x": 172, "y": 670, "w": 215, "h": 24}, {"x": 172, "y": 705, "w": 198, "h": 24}, {"x": 172, "y": 740, "w": 189, "h": 24}, {"x": 172, "y": 775, "w": 184, "h": 24}, {"x": 172, "y": 810, "w": 180, "h": 24}, {"x": 172, "y": 845, "w": 171, "h": 24}, {"x": 172, "y": 880, "w": 164, "h": 24}, {"x": 172, "y": 915, "w": 155, "h": 24}, {"x": 172, "y": 950, "w": 129, "h": 24}, {"x": 172, "y": 985, "w": 113, "h": 24}, {"x": 172, "y": 1020, "w": 107, "h": 24}, {"x": 172, "y": 1055, "w": 106, "h": 24}], "x": ["New York Yankees", "Los Angeles Dodgers", "Houston Astros", "Boston Red Sox", "Chicago Cubs", "Philadelphia Phillies", "Los Angeles Angels", "St. Louis Cardinals", "New York Mets", "Washington Nationals", "San Francisco Giants", "Atlanta Braves", "Colorado Rockies", "Texas Rangers", "San Diego Padres", "Cincinnati Reds", "Minnesota Twins", "Chicago White Sox", "Arizona Diamondbacks", "Toronto Blue Jays", "Detroit Tigers", "Seattle Mariners", "Milwaukee Brewers", "Oakland Athletics", "Cleveland Indians", "Kansas City Royals", "Tampa Bay Rays", "Pittsburgh Pirates", "Baltimore Orioles", "Miami Marlins"], "y": ["254.19", "227.83", "215.39", "191.05", "190.38", "183.7", "179.59", "169.34", "168.68", "168.64", "163.2", "159.33", "157.28", "153.59", "153.12", "143.14", "138.6", "130.25", "120.21", "110.76", "105.53", "102.71", "100.66", "95.46", "91.76", "86.58", "72.1", "63.31", "59.99", "58.99"], "colors": ["#2876dd", "#2876dd", "#2876dd", "#2876dd", "#2876dd", "#2876dd", "#2876dd", "#2876dd", "#2876dd", "#2876dd", "#2876dd", "#2876dd", "#2876dd", "#2876dd", "#2876dd", "#2876dd", "#2876dd", "#2876dd", "#2876dd", "#2876dd", "#2876dd", "#2876dd", "#2876dd", "#2876dd", "#2876dd", "#2876dd", "#2876dd", "#2876dd", "#2876dd", "#2876dd"], "labels": ["New York Yankees", "Los Angeles Dodgers", "Houston Astros", "Boston Red Sox", "Chicago Cubs", "Philadelphia Phillies", "Los Angeles Angels", "St. Louis Cardinals", "New York Mets", "Washington Nationals", "San Francisco Giants", "Atlanta Braves", "Colorado Rockies", "Texas Rangers", "San Diego Padres", "Cincinnati Reds", "Minnesota Twins", "Chicago White Sox", "Arizona Diamondbacks", "Toronto Blue Jays", "Detroit Tigers", "Seattle Mariners", "Milwaukee Brewers", "Oakland Athletics", "Cleveland Indians", "Kansas City Royals", "Tampa Bay Rays", "Pittsburgh Pirates", "Baltimore Orioles", "Miami Marlins"]}], "type": "h_bar"}