{"general_figure_info": {"figure_info": {"bbox": {"x": 252, "y": 35, "w": 458, "h": 380}}, "y_axis": {"label": {"bbox": [{"x": 466, "y": 446, "w": 30.123046875, "h": 11}], "text": "Score*"}, "major_labels": {"bboxes": [{"x": 231.5, "y": 421, "w": 45.42857142857143, "h": 26.0}, {"x": 307.5, "y": 421, "w": 45.42857142857143, "h": 26.0}, {"x": 384.5, "y": 421, "w": 45.42857142857143, "h": 26.0}, {"x": 460.5, "y": 421, "w": 45.42857142857143, "h": 26.0}, {"x": 536.5, "y": 421, "w": 45.42857142857143, "h": 26.0}, {"x": 613.5, "y": 421, "w": 45.42857142857143, "h": 26.0}, {"x": 690.5, "y": 421, "w": 45.42857142857143, "h": 26.0}]}}, "x_axis": {"major_labels": {"bboxes": [{"x": 140, "y": 48, "h": 12, "w": 99.328125}, {"x": 136, "y": 86, "h": 12, "w": 103.79150390625}, {"x": 81, "y": 124, "h": 12, "w": 158.83984375}, {"x": 141, "y": 162, "h": 12, "w": 98.30224609375}, {"x": 153, "y": 200, "h": 12, "w": 86.115234375}, {"x": 128, "y": 238, "h": 12, "w": 111.767578125}, {"x": 149, "y": 276, "h": 12, "w": 90.9814453125}, {"x": 50, "y": 314, "h": 12, "w": 189.43359375}, {"x": 164, "y": 352, "h": 12, "w": 75.07763671875}, {"x": 78, "y": 390, "h": 12, "w": 161.095703125}], "values": ["Viking River Cruises", "Crystal River Cruises", "Uniworld Boutique River Cruises", "Tauck River Cruises", "Aqua Expeditions", "Delfin Amazon Cruises", "Avalon Waterways", "American Queen Steamboat Company", "Amawaterways", "Scenic Luxury Cruises and Tours"]}, "label": {}}}, "models": [{"name": {}, "bboxes": [{"x": 251, "y": 41, "w": 372, "h": 26}, {"x": 251, "y": 79, "w": 371, "h": 26}, {"x": 251, "y": 117, "w": 371, "h": 26}, {"x": 251, "y": 155, "w": 370, "h": 26}, {"x": 251, "y": 193, "w": 369, "h": 26}, {"x": 251, "y": 231, "w": 367, "h": 26}, {"x": 251, "y": 269, "w": 365, "h": 26}, {"x": 251, "y": 307, "w": 365, "h": 26}, {"x": 251, "y": 345, "w": 359, "h": 26}, {"x": 251, "y": 383, "w": 337, "h": 26}], "x": ["Viking River Cruises", "Crystal River Cruises", "Uniworld Boutique River Cruises", "Tauck River Cruises", "Aqua Expeditions", "Delfin Amazon Cruises", "Avalon Waterways", "American Queen Steamboat Company", "Amawaterways", "Scenic Luxury Cruises and Tours"], "y": ["97.37", "97.24", "97.13", "96.94", "96.65", "96.27", "95.72", "95.6", "93.97", "88.42"], "colors": ["#2876dd", "#2876dd", "#2876dd", "#2876dd", "#2876dd", "#2876dd", "#2876dd", "#2876dd", "#2876dd", "#2876dd"], "labels": ["Viking River Cruises", "Crystal River Cruises", "Uniworld Boutique River Cruises", "Tauck River Cruises", "Aqua Expeditions", "Delfin Amazon Cruises", "Avalon Waterways", "American Queen Steamboat Company", "Amawaterways", "Scenic Luxury Cruises and Tours"]}], "type": "h_bar"}