{"general_figure_info": {"figure_info": {"bbox": {"x": 100, "y": 45, "w": 625, "h": 362}}, "y_axis": {"label": {"bbox": [{"x": 40, "y": 181, "w": 11, "h": 90.359375}], "text": "Growth rate of HICP"}, "major_labels": {"bboxes": [{"x": 65, "y": 392.5, "w": 25.0, "h": 25.25}, {"x": 65, "y": 340.5, "w": 25.0, "h": 25.25}, {"x": 65, "y": 289.5, "w": 25.0, "h": 25.25}, {"x": 65, "y": 237.5, "w": 25.0, "h": 25.25}, {"x": 65, "y": 185.5, "w": 25.0, "h": 25.25}, {"x": 65, "y": 133.5, "w": 25.0, "h": 25.25}, {"x": 65, "y": 82.5, "w": 25.0, "h": 25.25}, {"x": 65, "y": 29.5, "w": 25.0, "h": 25.25}]}}, "x_axis": {"major_labels": {"bboxes": [{"x": 96, "y": 420, "h": 34.19525146484375, "w": 34.19524383544922}, {"x": 148, "y": 420, "h": 34.1842041015625, "w": 34.18419647216797}, {"x": 201, "y": 420, "h": 32.891510009765625, "w": 32.891510009765625}, {"x": 251, "y": 420, "h": 35.4879150390625, "w": 35.48793029785156}, {"x": 305, "y": 420, "h": 33.333465576171875, "w": 33.333465576171875}, {"x": 360, "y": 420, "h": 30.72601318359375, "w": 30.72601318359375}, {"x": 408, "y": 420, "h": 34.626129150390625, "w": 34.626129150390625}, {"x": 460, "y": 420, "h": 34.626129150390625, "w": 34.626129150390625}, {"x": 514, "y": 420, "h": 32.891510009765625, "w": 32.8914794921875}, {"x": 564, "y": 420, "h": 34.615081787109375, "w": 34.61505126953125}, {"x": 616, "y": 420, "h": 34.615081787109375, "w": 34.61505126953125}, {"x": 667, "y": 419, "h": 36.859344482421875, "w": 36.85931396484375}], "values": ["Feb '18", "Mar '18", "Apr '18", "May '18", "Jun '18", "Jul '18", "Aug '18", "Sep '18", "Oct '18", "Nov '18", "Dec '18", "Jan '19*"]}, "label": {}}}, "models": [{"name": "line", "bboxes": [{"x": 127, "y": 279, "w": 52, "h": 77}, {"x": 179, "y": 279, "w": 52, "h": 26}, {"x": 231, "y": 253, "w": 52, "h": 52}, {"x": 283, "y": 201, "w": 52, "h": 52}, {"x": 335, "y": 149, "w": 52, "h": 52}, {"x": 387, "y": 149, "w": 52, "h": 0}, {"x": 439, "y": 149, "w": 52, "h": 0}, {"x": 491, "y": 72, "w": 52, "h": 77}, {"x": 543, "y": 72, "w": 52, "h": 77}, {"x": 595, "y": 149, "w": 52, "h": 26}, {"x": 647, "y": 175, "w": 52, "h": 26}], "x": ["Feb '18", "Mar '18", "Apr '18", "May '18", "Jun '18", "Jul '18", "Aug '18", "Sep '18", "Oct '18", "Nov '18", "Dec '18", "Jan '19*"], "y": ["0.6%", "0.9%", "0.8%", "1%", "1.2%", "1.4%", "1.4%", "1.4%", "1.7%", "1.4%", "1.3%", "1.2%"], "label": " ", "color": "#2876dd"}], "type": "line"}