{"general_figure_info": {"figure_info": {"bbox": {"x": 115, "y": 35, "w": 595, "h": 480}}, "y_axis": {"label": {"bbox": [{"x": 349, "y": 546, "w": 126.75, "h": 11}], "text": "Percentage of infected hosts"}, "major_labels": {"bboxes": [{"x": 94.5, "y": 521, "w": 54.375, "h": 26.0}, {"x": 179.5, "y": 521, "w": 54.375, "h": 26.0}, {"x": 264.5, "y": 521, "w": 54.375, "h": 26.0}, {"x": 349.5, "y": 521, "w": 54.375, "h": 26.0}, {"x": 434.5, "y": 521, "w": 54.375, "h": 26.0}, {"x": 519.5, "y": 521, "w": 54.375, "h": 26.0}, {"x": 604.5, "y": 521, "w": 54.375, "h": 26.0}, {"x": 690.5, "y": 521, "w": 54.375, "h": 26.0}]}}, "x_axis": {"major_labels": {"bboxes": [{"x": 83, "y": 51, "h": 12, "w": 18.96875}, {"x": 54, "y": 94, "h": 12, "w": 48.58837890625}, {"x": 78, "y": 138, "h": 12, "w": 24.7353515625}, {"x": 50, "y": 182, "h": 12, "w": 51.984375}, {"x": 60, "y": 225, "h": 12, "w": 42.203125}, {"x": 59, "y": 269, "h": 12, "w": 44.2861328125}, {"x": 81, "y": 313, "h": 12, "w": 21.40625}, {"x": 48, "y": 356, "h": 12, "w": 54.421875}, {"x": 68, "y": 400, "h": 12, "w": 34.50537109375}, {"x": 40, "y": 444, "h": 12, "w": 61.75}, {"x": 74, "y": 487, "h": 12, "w": 27.84765625}], "values": ["Iran", "Indonesia", "India", "Azerbaijan", "Pakistan", "Malaysia", "U.S.", "Uzbekistan", "Russia", "Great Britain", "Other"]}, "label": {}}}, "models": [{"name": {}, "bboxes": [{"x": 114, "y": 42, "w": 496, "h": 30}, {"x": 114, "y": 85, "w": 152, "h": 30}, {"x": 114, "y": 129, "w": 85, "h": 30}, {"x": 114, "y": 173, "w": 29, "h": 30}, {"x": 114, "y": 216, "w": 12, "h": 30}, {"x": 114, "y": 260, "w": 10, "h": 30}, {"x": 114, "y": 304, "w": 8, "h": 30}, {"x": 114, "y": 347, "w": 6, "h": 30}, {"x": 114, "y": 391, "w": 5, "h": 30}, {"x": 114, "y": 434, "w": 5, "h": 30}, {"x": 114, "y": 478, "w": 44, "h": 30}], "x": ["Iran", "Indonesia", "India", "Azerbaijan", "Pakistan", "Malaysia", "U.S.", "Uzbekistan", "Russia", "Great Britain", "Other"], "y": ["58.31%", "17.83%", "9.96%", "3.4%", "1.4%", "1.16%", "0.89%", "0.71%", "0.61%", "0.57%", "5.15%"], "colors": ["#2876dd", "#2876dd", "#2876dd", "#2876dd", "#2876dd", "#2876dd", "#2876dd", "#2876dd", "#2876dd", "#2876dd", "#2876dd"], "labels": ["Iran", "Indonesia", "India", "Azerbaijan", "Pakistan", "Malaysia", "U.S.", "Uzbekistan", "Russia", "Great Britain", "Other"]}], "type": "h_bar"}