{"general_figure_info": {"figure_info": {"bbox": {"x": 99, "y": 45, "w": 626, "h": 392}}, "y_axis": {"label": {"bbox": [{"x": 40, "y": 180, "w": 11, "h": 121.734375}], "text": "Deaths per 1,000 live births"}, "major_labels": {"bboxes": [{"x": 65, "y": 422.5, "w": 24.0, "h": 29.0}, {"x": 65, "y": 366.5, "w": 24.0, "h": 29.0}, {"x": 65, "y": 310.5, "w": 24.0, "h": 29.0}, {"x": 65, "y": 254.5, "w": 24.0, "h": 29.0}, {"x": 65, "y": 198.5, "w": 24.0, "h": 29.0}, {"x": 65, "y": 142.5, "w": 24.0, "h": 29.0}, {"x": 65, "y": 86.5, "w": 24.0, "h": 29.0}, {"x": 65, "y": 29.5, "w": 24.0, "h": 29.0}]}}, "x_axis": {"major_labels": {"bboxes": [{"x": 115, "y": 447, "h": 12, "w": 24.484375}, {"x": 172, "y": 447, "h": 12, "w": 24.484375}, {"x": 229, "y": 447, "h": 12, "w": 23.65625}, {"x": 286, "y": 447, "h": 12, "w": 24.484375}, {"x": 343, "y": 447, "h": 12, "w": 24.484375}, {"x": 400, "y": 447, "h": 12, "w": 24.484375}, {"x": 457, "y": 447, "h": 12, "w": 24.484375}, {"x": 514, "y": 447, "h": 12, "w": 24.484375}, {"x": 570, "y": 447, "h": 12, "w": 24.484375}, {"x": 627, "y": 447, "h": 12, "w": 24.484375}, {"x": 684, "y": 447, "h": 12, "w": 24.484375}], "values": ["2009", "2010", "2011", "2012", "2013", "2014", "2015", "2016", "2017", "2018", "2019"]}, "label": {}}}, "models": [{"name": {}, "bboxes": [{"x": 108, "y": 100, "w": 39, "h": 338}, {"x": 165, "y": 120, "w": 39, "h": 318}, {"x": 222, "y": 127, "w": 39, "h": 311}, {"x": 279, "y": 149, "w": 39, "h": 289}, {"x": 336, "y": 160, "w": 39, "h": 278}, {"x": 393, "y": 174, "w": 39, "h": 264}, {"x": 449, "y": 183, "w": 39, "h": 255}, {"x": 506, "y": 192, "w": 39, "h": 246}, {"x": 563, "y": 201, "w": 39, "h": 237}, {"x": 620, "y": 210, "w": 39, "h": 228}, {"x": 677, "y": 216, "w": 39, "h": 222}], "x": ["2009", "2010", "2011", "2012", "2013", "2014", "2015", "2016", "2017", "2018", "2019"], "y": ["15.1", "14.2", "13.9", "12.9", "12.4", "11.8", "11.4", "11", "10.6", "10.2", "9.9"], "colors": ["#2876dd", "#2876dd", "#2876dd", "#2876dd", "#2876dd", "#2876dd", "#2876dd", "#2876dd", "#2876dd", "#2876dd", "#2876dd"], "labels": ["2009", "2010", "2011", "2012", "2013", "2014", "2015", "2016", "2017", "2018", "2019"]}], "type": "v_bar"}