{"general_figure_info": {"figure_info": {"bbox": {"x": 89, "y": 45, "w": 636, "h": 392}}, "y_axis": {"label": {"bbox": [{"x": 40, "y": 181, "w": 11, "h": 120.609375}], "text": "Number of users in millions"}, "major_labels": {"bboxes": [{"x": 65, "y": 422.5, "w": 14.0, "h": 23.555555555555557}, {"x": 65, "y": 373.5, "w": 14.0, "h": 23.555555555555557}, {"x": 65, "y": 324.5, "w": 14.0, "h": 23.555555555555557}, {"x": 65, "y": 275.5, "w": 14.0, "h": 23.555555555555557}, {"x": 65, "y": 226.5, "w": 14.0, "h": 23.555555555555557}, {"x": 65, "y": 177.5, "w": 14.0, "h": 23.555555555555557}, {"x": 65, "y": 128.5, "w": 14.0, "h": 23.555555555555557}, {"x": 65, "y": 79.5, "w": 14.0, "h": 23.555555555555557}, {"x": 65, "y": 29.5, "w": 14.0, "h": 23.555555555555557}]}}, "x_axis": {"major_labels": {"bboxes": [{"x": 106, "y": 447, "h": 12, "w": 24.484375}, {"x": 163, "y": 447, "h": 12, "w": 24.484375}, {"x": 221, "y": 447, "h": 12, "w": 24.484375}, {"x": 279, "y": 447, "h": 12, "w": 24.484375}, {"x": 337, "y": 447, "h": 12, "w": 23.65625}, {"x": 395, "y": 447, "h": 12, "w": 24.484375}, {"x": 453, "y": 447, "h": 12, "w": 24.484375}, {"x": 510, "y": 447, "h": 12, "w": 24.484375}, {"x": 568, "y": 447, "h": 12, "w": 24.484375}, {"x": 626, "y": 447, "h": 12, "w": 24.484375}, {"x": 684, "y": 447, "h": 12, "w": 24.484375}], "values": ["2007", "2008", "2009", "2010", "2011", "2012", "2013", "2014", "2015", "2016", "2017"]}, "label": {}}}, "models": [{"name": {}, "bboxes": [{"x": 98, "y": 207, "w": 40, "h": 231}, {"x": 156, "y": 198, "w": 40, "h": 240}, {"x": 214, "y": 184, "w": 40, "h": 254}, {"x": 272, "y": 170, "w": 40, "h": 268}, {"x": 329, "y": 147, "w": 40, "h": 291}, {"x": 387, "y": 158, "w": 40, "h": 280}, {"x": 445, "y": 140, "w": 40, "h": 298}, {"x": 503, "y": 126, "w": 40, "h": 312}, {"x": 561, "y": 121, "w": 40, "h": 317}, {"x": 618, "y": 122, "w": 40, "h": 316}, {"x": 676, "y": 122, "w": 40, "h": 316}], "x": ["2007", "2008", "2009", "2010", "2011", "2012", "2013", "2014", "2015", "2016", "2017"], "y": ["23.59", "24.44", "25.9", "27.32", "29.73", "28.56", "30.41", "31.83", "32.32", "32.22", "32.28"], "colors": ["#2876dd", "#2876dd", "#2876dd", "#2876dd", "#2876dd", "#2876dd", "#2876dd", "#2876dd", "#2876dd", "#2876dd", "#2876dd"], "labels": ["2007", "2008", "2009", "2010", "2011", "2012", "2013", "2014", "2015", "2016", "2017"]}], "type": "v_bar"}