{"general_figure_info": {"figure_info": {"bbox": {"x": 118, "y": 35, "w": 592, "h": 380}}, "y_axis": {"label": {"bbox": [{"x": 343, "y": 446, "w": 141.734375, "h": 11}], "text": "Monthly unique users in millions"}, "major_labels": {"bboxes": [{"x": 97.5, "y": 421, "w": 39.2, "h": 26.0}, {"x": 163.5, "y": 421, "w": 39.2, "h": 26.0}, {"x": 229.5, "y": 421, "w": 39.2, "h": 26.0}, {"x": 294.5, "y": 421, "w": 39.2, "h": 26.0}, {"x": 360.5, "y": 421, "w": 39.2, "h": 26.0}, {"x": 426.5, "y": 421, "w": 39.2, "h": 26.0}, {"x": 492.5, "y": 421, "w": 39.2, "h": 26.0}, {"x": 557.5, "y": 421, "w": 39.2, "h": 26.0}, {"x": 623.5, "y": 421, "w": 39.2, "h": 26.0}, {"x": 690.5, "y": 421, "w": 39.2, "h": 26.0}]}}, "x_axis": {"major_labels": {"bboxes": [{"x": 40, "y": 61, "h": 12, "w": 65.92529296875}, {"x": 77, "y": 124, "h": 12, "w": 27.71875}, {"x": 43, "y": 187, "h": 12, "w": 63.08837890625}, {"x": 57, "y": 251, "h": 12, "w": 48.3125}, {"x": 40, "y": 314, "h": 12, "w": 64.828125}, {"x": 41, "y": 377, "h": 12, "w": 64.501953125}], "values": ["Google Maps", "Waze", "Apple Maps*", "Mapquest", "Google Earth", "Yahoo! Maps"]}, "label": {}}}, "models": [{"name": {}, "bboxes": [{"x": 117, "y": 44, "w": 508, "h": 44}, {"x": 117, "y": 108, "w": 84, "h": 44}, {"x": 117, "y": 171, "w": 77, "h": 44}, {"x": 117, "y": 234, "w": 69, "h": 44}, {"x": 117, "y": 298, "w": 17, "h": 44}, {"x": 117, "y": 361, "w": 9, "h": 44}], "x": ["Google Maps", "Waze", "Apple Maps*", "Mapquest", "Google Earth", "Yahoo! Maps"], "y": ["154.4", "25.6", "23.3", "20.9", "5.2", "2.8"], "colors": ["#2876dd", "#2876dd", "#2876dd", "#2876dd", "#2876dd", "#2876dd"], "labels": ["Google Maps", "Waze", "Apple Maps*", "Mapquest", "Google Earth", "Yahoo! Maps"]}], "type": "h_bar"}