{"general_figure_info": {"figure_info": {"bbox": {"x": 127, "y": 35, "w": 583, "h": 380}}, "y_axis": {"label": {"bbox": [{"x": 389, "y": 446, "w": 58.7978515625, "h": 11}], "text": "Uninstall rate"}, "major_labels": {"bboxes": [{"x": 106.5, "y": 421, "w": 44.77777777777777, "h": 26.0}, {"x": 179.5, "y": 421, "w": 44.77777777777777, "h": 26.0}, {"x": 252.5, "y": 421, "w": 44.77777777777777, "h": 26.0}, {"x": 325.5, "y": 421, "w": 44.77777777777777, "h": 26.0}, {"x": 398.5, "y": 421, "w": 44.77777777777777, "h": 26.0}, {"x": 470.5, "y": 421, "w": 44.77777777777777, "h": 26.0}, {"x": 543.5, "y": 421, "w": 44.77777777777777, "h": 26.0}, {"x": 616.5, "y": 421, "w": 44.77777777777777, "h": 26.0}, {"x": 690.5, "y": 421, "w": 44.77777777777777, "h": 26.0}]}}, "x_axis": {"major_labels": {"bboxes": [{"x": 63, "y": 48, "h": 12, "w": 50.75}, {"x": 40, "y": 86, "h": 12, "w": 74.40625}, {"x": 84, "y": 124, "h": 12, "w": 29.96875}, {"x": 90, "y": 162, "h": 12, "w": 23.84375}, {"x": 99, "y": 200, "h": 12, "w": 15.3369140625}, {"x": 90, "y": 238, "h": 12, "w": 24.46875}, {"x": 53, "y": 276, "h": 12, "w": 61.140625}, {"x": 60, "y": 314, "h": 12, "w": 54.21875}, {"x": 79, "y": 352, "h": 12, "w": 35.8076171875}, {"x": 41, "y": 390, "h": 12, "w": 73.390625}], "values": ["WhatsApp", "Yandex Search", "Melon", "BBM", "VK", "Mnet", "Naver Cloud", "Yahoo Mail", "Xender", "Pandora Radio"]}, "label": {}}}, "models": [{"name": {}, "bboxes": [{"x": 126, "y": 41, "w": 226, "h": 26}, {"x": 126, "y": 79, "w": 281, "h": 26}, {"x": 126, "y": 117, "w": 317, "h": 26}, {"x": 126, "y": 155, "w": 350, "h": 26}, {"x": 126, "y": 193, "w": 375, "h": 26}, {"x": 126, "y": 231, "w": 379, "h": 26}, {"x": 126, "y": 269, "w": 408, "h": 26}, {"x": 126, "y": 307, "w": 415, "h": 26}, {"x": 126, "y": 345, "w": 426, "h": 26}, {"x": 126, "y": 383, "w": 477, "h": 26}], "x": ["WhatsApp", "Yandex Search", "Melon", "BBM", "VK", "Mnet", "Naver Cloud", "Yahoo Mail", "Xender", "Pandora Radio"], "y": ["6.2%", "7.7%", "8.7%", "9.6%", "10.3%", "10.4%", "11.2%", "11.4%", "11.7%", "13.1%"], "colors": ["#2876dd", "#2876dd", "#2876dd", "#2876dd", "#2876dd", "#2876dd", "#2876dd", "#2876dd", "#2876dd", "#2876dd"], "labels": ["WhatsApp", "Yandex Search", "Melon", "BBM", "VK", "Mnet", "Naver Cloud", "Yahoo Mail", "Xender", "Pandora Radio"]}], "type": "h_bar"}