{"general_figure_info": {"figure_info": {"bbox": {"x": 106, "y": 45, "w": 619, "h": 377}}, "y_axis": {"label": {"bbox": [{"x": 40, "y": 187, "w": 11, "h": 92.828125}], "text": "Arrivals in thousands"}, "major_labels": {"bboxes": [{"x": 65, "y": 407.5, "w": 31.0, "h": 21.888888888888886}, {"x": 65, "y": 360.5, "w": 31.0, "h": 21.888888888888886}, {"x": 65, "y": 313.5, "w": 31.0, "h": 21.888888888888886}, {"x": 65, "y": 266.5, "w": 31.0, "h": 21.888888888888886}, {"x": 65, "y": 219.5, "w": 31.0, "h": 21.888888888888886}, {"x": 65, "y": 171.5, "w": 31.0, "h": 21.888888888888886}, {"x": 65, "y": 124.5, "w": 31.0, "h": 21.888888888888886}, {"x": 65, "y": 77.5, "w": 31.0, "h": 21.888888888888886}, {"x": 65, "y": 29.5, "w": 31.0, "h": 21.888888888888886}]}}, "x_axis": {"major_labels": {"bboxes": [{"x": 126, "y": 432, "h": 12, "w": 114.953125}, {"x": 298, "y": 432, "h": 12, "w": 79.296875}, {"x": 452, "y": 432, "h": 12, "w": 81.328125}, {"x": 588, "y": 432, "h": 24, "w": 118.640625}], "values": ["Central/Eastern Europe", "Western Europe", "Northern Europe", "Southern/Mediterranean"]}, "label": {}}}, "models": [{"name": {}, "bboxes": [{"x": 130, "y": 82, "w": 106, "h": 341}, {"x": 285, "y": 213, "w": 106, "h": 210}, {"x": 440, "y": 280, "w": 106, "h": 143}, {"x": 595, "y": 352, "w": 106, "h": 71}], "x": ["Central/Eastern Europe", "Western Europe", "Northern Europe", "Southern/Mediterranean"], "y": ["1 807", "1 113", "761", "377"], "colors": ["#2876dd", "#2876dd", "#2876dd", "#2876dd"], "labels": ["Central/Eastern Europe", "Western Europe", "Northern Europe", "Southern/Mediterranean"]}], "type": "v_bar"}