{"general_figure_info": {"figure_info": {"bbox": {"x": 81, "y": 45, "w": 644, "h": 392}}, "y_axis": {"label": {"bbox": [{"x": 40, "y": 193, "w": 11, "h": 95.609375}], "text": "Inhabitants in millions"}, "major_labels": {"bboxes": [{"x": 65, "y": 422.5, "w": 6.0, "h": 36.0}, {"x": 65, "y": 357.5, "w": 6.0, "h": 36.0}, {"x": 65, "y": 291.5, "w": 6.0, "h": 36.0}, {"x": 65, "y": 226.5, "w": 6.0, "h": 36.0}, {"x": 65, "y": 161.5, "w": 6.0, "h": 36.0}, {"x": 65, "y": 95.5, "w": 6.0, "h": 36.0}, {"x": 65, "y": 29.5, "w": 6.0, "h": 36.0}]}}, "x_axis": {"major_labels": {"bboxes": [{"x": 98, "y": 447, "h": 12, "w": 24.484375}, {"x": 154, "y": 447, "h": 12, "w": 29.470703125}, {"x": 213, "y": 447, "h": 12, "w": 29.470703125}, {"x": 272, "y": 447, "h": 12, "w": 29.470703125}, {"x": 330, "y": 447, "h": 12, "w": 29.470703125}, {"x": 389, "y": 447, "h": 12, "w": 29.470703125}, {"x": 447, "y": 447, "h": 12, "w": 29.470703125}, {"x": 506, "y": 447, "h": 12, "w": 29.470703125}, {"x": 564, "y": 447, "h": 12, "w": 29.470703125}, {"x": 623, "y": 447, "h": 12, "w": 29.470703125}, {"x": 681, "y": 447, "h": 12, "w": 29.470703125}], "values": ["2016", "2017*", "2018*", "2019*", "2020*", "2021*", "2022*", "2023*", "2024*", "2025*", "2026*"]}, "label": {}}}, "models": [{"name": {}, "bboxes": [{"x": 90, "y": 161, "w": 41, "h": 277}, {"x": 149, "y": 154, "w": 41, "h": 284}, {"x": 207, "y": 147, "w": 41, "h": 291}, {"x": 266, "y": 139, "w": 41, "h": 299}, {"x": 324, "y": 132, "w": 41, "h": 306}, {"x": 383, "y": 124, "w": 41, "h": 314}, {"x": 442, "y": 116, "w": 41, "h": 322}, {"x": 500, "y": 108, "w": 41, "h": 330}, {"x": 559, "y": 100, "w": 41, "h": 338}, {"x": 617, "y": 91, "w": 41, "h": 347}, {"x": 676, "y": 83, "w": 41, "h": 355}], "x": ["2016", "2017*", "2018*", "2019*", "2020*", "2021*", "2022*", "2023*", "2024*", "2025*", "2026*"], "y": ["4.24", "4.35", "4.46", "4.58", "4.69", "4.81", "4.93", "5.05", "5.18", "5.31", "5.44"], "colors": ["#2876dd", "#2876dd", "#2876dd", "#2876dd", "#2876dd", "#2876dd", "#2876dd", "#2876dd", "#2876dd", "#2876dd", "#2876dd"], "labels": ["2016", "2017*", "2018*", "2019*", "2020*", "2021*", "2022*", "2023*", "2024*", "2025*", "2026*"]}], "type": "v_bar"}