{"general_figure_info": {"figure_info": {"bbox": {"x": 94, "y": 45, "w": 631, "h": 392}}, "y_axis": {"label": {"bbox": [{"x": 40, "y": 170, "w": 11, "h": 140.96484375}], "text": "National debt in relation to GDP"}, "major_labels": {"bboxes": [{"x": 65, "y": 422.5, "w": 19.0, "h": 23.555555555555557}, {"x": 65, "y": 373.5, "w": 19.0, "h": 23.555555555555557}, {"x": 65, "y": 324.5, "w": 19.0, "h": 23.555555555555557}, {"x": 65, "y": 275.5, "w": 19.0, "h": 23.555555555555557}, {"x": 65, "y": 226.5, "w": 19.0, "h": 23.555555555555557}, {"x": 65, "y": 177.5, "w": 19.0, "h": 23.555555555555557}, {"x": 65, "y": 128.5, "w": 19.0, "h": 23.555555555555557}, {"x": 65, "y": 79.5, "w": 19.0, "h": 23.555555555555557}, {"x": 65, "y": 29.5, "w": 19.0, "h": 23.555555555555557}]}}, "x_axis": {"major_labels": {"bboxes": [{"x": 110, "y": 447, "h": 12, "w": 24.484375}, {"x": 168, "y": 447, "h": 12, "w": 24.484375}, {"x": 225, "y": 447, "h": 12, "w": 24.484375}, {"x": 283, "y": 447, "h": 12, "w": 24.484375}, {"x": 338, "y": 447, "h": 12, "w": 29.470703125}, {"x": 395, "y": 447, "h": 12, "w": 29.470703125}, {"x": 452, "y": 447, "h": 12, "w": 29.470703125}, {"x": 510, "y": 447, "h": 12, "w": 29.470703125}, {"x": 567, "y": 447, "h": 12, "w": 29.470703125}, {"x": 625, "y": 447, "h": 12, "w": 29.470703125}, {"x": 682, "y": 447, "h": 12, "w": 29.470703125}], "values": ["2016", "2017", "2018", "2019", "2020*", "2021*", "2022*", "2023*", "2024*", "2025*", "2026*"]}, "label": {}}}, "models": [{"name": {}, "bboxes": [{"x": 103, "y": 260, "w": 40, "h": 178}, {"x": 160, "y": 236, "w": 40, "h": 202}, {"x": 218, "y": 218, "w": 40, "h": 220}, {"x": 275, "y": 188, "w": 40, "h": 250}, {"x": 333, "y": 139, "w": 40, "h": 299}, {"x": 390, "y": 114, "w": 40, "h": 324}, {"x": 447, "y": 105, "w": 40, "h": 333}, {"x": 505, "y": 103, "w": 40, "h": 335}, {"x": 562, "y": 109, "w": 40, "h": 329}, {"x": 619, "y": 117, "w": 40, "h": 321}, {"x": 677, "y": 123, "w": 40, "h": 315}], "x": ["2016", "2017", "2018", "2019", "2020*", "2021*", "2022*", "2023*", "2024*", "2025*", "2026*"], "y": ["36.38%", "41.32%", "44.99%", "50.97%", "60.96%", "66.05%", "67.87%", "68.44%", "67.07%", "65.55%", "64.24%"], "colors": ["#2876dd", "#2876dd", "#2876dd", "#2876dd", "#2876dd", "#2876dd", "#2876dd", "#2876dd", "#2876dd", "#2876dd", "#2876dd"], "labels": ["2016", "2017", "2018", "2019", "2020*", "2021*", "2022*", "2023*", "2024*", "2025*", "2026*"]}], "type": "v_bar"}