{"general_figure_info": {"figure_info": {"bbox": {"x": 217, "y": 35, "w": 493, "h": 542}}, "y_axis": {"label": {"bbox": [{"x": 40, "y": 293, "w": 11, "h": 26.6875}], "text": "Share of respondents"}, "major_labels": {"bboxes": [{"x": 196.5, "y": 268, "w": 41.625, "h": 229.0}, {"x": 266.5, "y": 268, "w": 41.625, "h": 229.0}, {"x": 337.5, "y": 268, "w": 41.625, "h": 229.0}, {"x": 407.5, "y": 268, "w": 41.625, "h": 229.0}, {"x": 478.5, "y": 268, "w": 41.625, "h": 229.0}, {"x": 548.5, "y": 268, "w": 41.625, "h": 229.0}, {"x": 619.5, "y": 268, "w": 41.625, "h": 229.0}, {"x": 690.5, "y": 268, "w": 41.625, "h": 229.0}]}}, "x_axis": {"major_labels": {"bboxes": [{"x": 157, "y": 50, "h": 12, "w": 47.41455078125}, {"x": 150, "y": 92, "h": 12, "w": 53.8125}, {"x": 164, "y": 133, "h": 12, "w": 40.84228515625}, {"x": 117, "y": 175, "h": 12, "w": 87.318359375}, {"x": 157, "y": 217, "h": 12, "w": 47.09375}, {"x": 109, "y": 258, "h": 12, "w": 95.87451171875}, {"x": 185, "y": 300, "h": 12, "w": 18.953125}, {"x": 176, "y": 342, "h": 12, "w": 29}, {"x": 161, "y": 383, "h": 12, "w": 43.91455078125}, {"x": 73, "y": 425, "h": 12, "w": 131.94140625}, {"x": 153, "y": 467, "h": 12, "w": 50.765625}, {"x": 107, "y": 508, "h": 12, "w": 97.08837890625}, {"x": 135, "y": 550, "h": 12, "w": 68.5}], "values": ["Heatilator", "Heat & Glo", "Majestic", "Vermont Castings", "Napoleon", "Superior Fireplaces", "FMI", "Astria", "Regency", "Town & Country Fireplaces", "Monessen", "Spark Modern Fires", "None of these"]}, "label": {}}}, "models": [{"name": {}, "bboxes": [{"x": 216, "y": 41, "w": 394, "h": 29}, {"x": 216, "y": 83, "w": 276, "h": 29}, {"x": 216, "y": 124, "w": 170, "h": 29}, {"x": 216, "y": 166, "w": 106, "h": 29}, {"x": 216, "y": 208, "w": 92, "h": 29}, {"x": 216, "y": 250, "w": 92, "h": 29}, {"x": 216, "y": 291, "w": 39, "h": 29}, {"x": 216, "y": 333, "w": 39, "h": 29}, {"x": 216, "y": 375, "w": 39, "h": 29}, {"x": 216, "y": 416, "w": 27, "h": 29}, {"x": 216, "y": 458, "w": 27, "h": 29}, {"x": 216, "y": 500, "w": 13, "h": 29}, {"x": 216, "y": 541, "w": 92, "h": 29}], "x": ["Heatilator", "Heat & Glo", "Majestic", "Vermont Castings", "Napoleon", "Superior Fireplaces", "FMI", "Astria", "Regency", "Town & Country Fireplaces", "Monessen", "Spark Modern Fires", "None of these"], "y": ["28%", "19.6%", "12.1%", "7.5%", "6.5%", "6.5%", "2.8%", "2.8%", "2.8%", "1.9%", "1.9%", "0.9%", "6.5%"], "colors": ["#2876dd", "#2876dd", "#2876dd", "#2876dd", "#2876dd", "#2876dd", "#2876dd", "#2876dd", "#2876dd", "#2876dd", "#2876dd", "#2876dd", "#2876dd"], "labels": ["Heatilator", "Heat & Glo", "Majestic", "Vermont Castings", "Napoleon", "Superior Fireplaces", "FMI", "Astria", "Regency", "Town & Country Fireplaces", "Monessen", "Spark Modern Fires", "None of these"]}], "type": "h_bar"}