{"general_figure_info": {"figure_info": {"bbox": {"x": 226, "y": 35, "w": 484, "h": 380}}, "y_axis": {"label": {"bbox": [{"x": 401, "y": 446, "w": 133.40625, "h": 11}], "text": "Revenue in billion U.S. dollars"}, "major_labels": {"bboxes": [{"x": 205.5, "y": 421, "w": 33.77777777777778, "h": 26.0}, {"x": 266.5, "y": 421, "w": 33.77777777777778, "h": 26.0}, {"x": 326.5, "y": 421, "w": 33.77777777777778, "h": 26.0}, {"x": 387.5, "y": 421, "w": 33.77777777777778, "h": 26.0}, {"x": 447.5, "y": 421, "w": 33.77777777777778, "h": 26.0}, {"x": 508.5, "y": 421, "w": 33.77777777777778, "h": 26.0}, {"x": 568.5, "y": 421, "w": 33.77777777777778, "h": 26.0}, {"x": 629.5, "y": 421, "w": 33.77777777777778, "h": 26.0}, {"x": 690.5, "y": 421, "w": 33.77777777777778, "h": 26.0}]}}, "x_axis": {"major_labels": {"bboxes": [{"x": 115, "y": 53, "h": 12, "w": 99.1044921875}, {"x": 136, "y": 100, "h": 12, "w": 76.8125}, {"x": 133, "y": 148, "h": 12, "w": 79.74169921875}, {"x": 51, "y": 195, "h": 12, "w": 161.64013671875}, {"x": 124, "y": 243, "h": 12, "w": 89.71044921875}, {"x": 162, "y": 290, "h": 12, "w": 50.734375}, {"x": 133, "y": 338, "h": 12, "w": 80.56884765625}, {"x": 127, "y": 385, "h": 12, "w": 86.203125}], "values": ["Las Vegas Strip, NV", "Atlantic City, NJ", "Chicago, IL & IN", "Washington D.C. / Baltimore, MD", "New York City, NY", "Detroit, MI", "Philadelphia, PA", "St.Louis, MO & IL"]}, "label": {}}}, "models": [{"name": {}, "bboxes": [{"x": 225, "y": 42, "w": 399, "h": 33}, {"x": 225, "y": 89, "w": 155, "h": 33}, {"x": 225, "y": 137, "w": 116, "h": 33}, {"x": 225, "y": 184, "w": 98, "h": 33}, {"x": 225, "y": 232, "w": 91, "h": 33}, {"x": 225, "y": 279, "w": 87, "h": 33}, {"x": 225, "y": 327, "w": 79, "h": 33}, {"x": 225, "y": 374, "w": 63, "h": 33}], "x": ["Las Vegas Strip, NV", "Atlantic City, NJ", "Chicago, IL & IN", "Washington D.C. / Baltimore, MD", "New York City, NY", "Detroit, MI", "Philadelphia, PA", "St.Louis, MO & IL"], "y": ["6.59", "2.56", "1.91", "1.62", "1.5", "1.44", "1.3", "1.04"], "colors": ["#2876dd", "#2876dd", "#2876dd", "#2876dd", "#2876dd", "#2876dd", "#2876dd", "#2876dd"], "labels": ["Las Vegas Strip, NV", "Atlantic City, NJ", "Chicago, IL & IN", "Washington D.C. / Baltimore, MD", "New York City, NY", "Detroit, MI", "Philadelphia, PA", "St.Louis, MO & IL"]}], "type": "h_bar"}