{"general_figure_info": {"figure_info": {"bbox": {"x": 106, "y": 45, "w": 619, "h": 392}}, "y_axis": {"label": {"bbox": [{"x": 40, "y": 155, "w": 11, "h": 171.203125}], "text": "Retail sales in million Canadian dollars"}, "major_labels": {"bboxes": [{"x": 65, "y": 422.5, "w": 31.0, "h": 36.0}, {"x": 65, "y": 357.5, "w": 31.0, "h": 36.0}, {"x": 65, "y": 291.5, "w": 31.0, "h": 36.0}, {"x": 65, "y": 226.5, "w": 31.0, "h": 36.0}, {"x": 65, "y": 161.5, "w": 31.0, "h": 36.0}, {"x": 65, "y": 95.5, "w": 31.0, "h": 36.0}, {"x": 65, "y": 29.5, "w": 31.0, "h": 36.0}]}}, "x_axis": {"major_labels": {"bboxes": [{"x": 125, "y": 447, "h": 12, "w": 39.765625}, {"x": 202, "y": 447, "h": 12, "w": 39.765625}, {"x": 280, "y": 447, "h": 12, "w": 39.765625}, {"x": 357, "y": 447, "h": 12, "w": 39.765625}, {"x": 434, "y": 447, "h": 12, "w": 39.765625}, {"x": 512, "y": 447, "h": 12, "w": 39.765625}, {"x": 589, "y": 447, "h": 12, "w": 39.765625}, {"x": 666, "y": 447, "h": 12, "w": 39.765625}], "values": ["2012/13", "2013/14", "2014/15", "2015/16", "2016/17", "2017/18", "2018/19", "2019/20"]}, "label": {}}}, "models": [{"name": {}, "bboxes": [{"x": 117, "y": 205, "w": 53, "h": 232}, {"x": 195, "y": 201, "w": 53, "h": 237}, {"x": 273, "y": 185, "w": 53, "h": 253}, {"x": 349, "y": 157, "w": 53, "h": 281}, {"x": 427, "y": 135, "w": 53, "h": 302}, {"x": 505, "y": 121, "w": 53, "h": 317}, {"x": 581, "y": 119, "w": 53, "h": 319}, {"x": 659, "y": 105, "w": 53, "h": 332}], "x": ["2012/13", "2013/14", "2014/15", "2015/16", "2016/17", "2017/18", "2018/19", "2019/20"], "y": ["887.2", "905.95", "967.13", "1 074.86", "1 154.04", "1 212.67", "1 222.57", "1 271.83"], "colors": ["#2876dd", "#2876dd", "#2876dd", "#2876dd", "#2876dd", "#2876dd", "#2876dd", "#2876dd"], "labels": ["2012/13", "2013/14", "2014/15", "2015/16", "2016/17", "2017/18", "2018/19", "2019/20"]}], "type": "v_bar"}