{"general_figure_info": {"figure_info": {"bbox": {"x": 269, "y": 35, "w": 441, "h": 752}}, "y_axis": {"label": {"bbox": [{"x": 424, "y": 816, "w": 131.171875, "h": 11}], "text": "Number of visits in thousands"}, "major_labels": {"bboxes": [{"x": 248.5, "y": 791, "w": 35.125, "h": 24.0}, {"x": 311.5, "y": 791, "w": 35.125, "h": 24.0}, {"x": 374.5, "y": 791, "w": 35.125, "h": 24.0}, {"x": 437.5, "y": 791, "w": 35.125, "h": 24.0}, {"x": 500.5, "y": 791, "w": 35.125, "h": 24.0}, {"x": 563.5, "y": 791, "w": 35.125, "h": 24.0}, {"x": 626.5, "y": 791, "w": 35.125, "h": 24.0}, {"x": 690.5, "y": 791, "w": 35.125, "h": 24.0}]}}, "x_axis": {"major_labels": {"bboxes": [{"x": 82, "y": 48, "h": 12, "w": 174.12060546875}, {"x": 56, "y": 77, "h": 26, "w": 199.90625}, {"x": 73, "y": 115, "h": 26, "w": 183.421875}, {"x": 194, "y": 161, "h": 12, "w": 62.375}, {"x": 139, "y": 198, "h": 12, "w": 117.267578125}, {"x": 54, "y": 227, "h": 26, "w": 202.36962890625}, {"x": 72, "y": 273, "h": 12, "w": 184.513671875}, {"x": 99, "y": 311, "h": 12, "w": 157.15625}, {"x": 58, "y": 340, "h": 26, "w": 198.109375}, {"x": 52, "y": 386, "h": 12, "w": 203.609375}, {"x": 74, "y": 415, "h": 26, "w": 181.92919921875}, {"x": 137, "y": 461, "h": 12, "w": 119.234375}, {"x": 82, "y": 491, "h": 26, "w": 173.640625}, {"x": 58, "y": 528, "h": 26, "w": 198.109375}, {"x": 163, "y": 574, "h": 12, "w": 92.921875}, {"x": 82, "y": 603, "h": 26, "w": 173.640625}, {"x": 133, "y": 649, "h": 12, "w": 123.36376953125}, {"x": 145, "y": 687, "h": 12, "w": 110.9921875}, {"x": 105, "y": 725, "h": 12, "w": 151.015625}, {"x": 104, "y": 762, "h": 12, "w": 152.234375}], "values": ["National Museum of Natural History", "Smithsonian American Art Museum (With", "National Museum of African American", "National Zoo", "National Portrait Gallery", "National Air and Space Museum's Steven", "National Museum of American History", "National Air and Space Museum", "National Museum of the American Indian", "Hirshhorn Museum and Sculpture Garden", "Smithsonian Institution Building, \"The", "National Postal Museum", "Renwick Gallery of the Smithsonian", "National Museum of the American Indian", "Freer Gallery of Art", "Cooper Hewitt, Smithsonian Design", "Arthur M. Sackler Gallery", "S. Dillon Ripley Center", "National Museum of African Art", "Anacostia Community Museum"]}, "label": {}}}, "models": [{"name": {}, "bboxes": [{"x": 268, "y": 41, "w": 361, "h": 26}, {"x": 268, "y": 78, "w": 244, "h": 26}, {"x": 268, "y": 116, "w": 232, "h": 26}, {"x": 268, "y": 153, "w": 225, "h": 26}, {"x": 268, "y": 191, "w": 202, "h": 26}, {"x": 268, "y": 229, "w": 196, "h": 26}, {"x": 268, "y": 266, "w": 196, "h": 26}, {"x": 268, "y": 304, "w": 168, "h": 26}, {"x": 268, "y": 341, "w": 90, "h": 26}, {"x": 268, "y": 379, "w": 84, "h": 26}, {"x": 268, "y": 417, "w": 63, "h": 26}, {"x": 268, "y": 454, "w": 53, "h": 26}, {"x": 268, "y": 492, "w": 42, "h": 26}, {"x": 268, "y": 529, "w": 31, "h": 26}, {"x": 268, "y": 567, "w": 31, "h": 26}, {"x": 268, "y": 605, "w": 24, "h": 26}, {"x": 268, "y": 642, "w": 19, "h": 26}, {"x": 268, "y": 680, "w": 17, "h": 26}, {"x": 268, "y": 717, "w": 15, "h": 26}, {"x": 268, "y": 755, "w": 4, "h": 26}], "x": ["National Museum of Natural History", "Smithsonian American Art Museum (With", "National Museum of African American", "National Zoo", "National Portrait Gallery", "National Air and Space Museum's Steven", "National Museum of American History", "National Air and Space Museum", "National Museum of the American Indian", "Hirshhorn Museum and Sculpture Garden", "Smithsonian Institution Building, \"The", "National Postal Museum", "Renwick Gallery of the Smithsonian", "National Museum of the American Indian", "Freer Gallery of Art", "Cooper Hewitt, Smithsonian Design", "Arthur M. Sackler Gallery", "S. Dillon Ripley Center", "National Museum of African Art", "Anacostia Community Museum"], "y": ["572.64", "387.4", "367.73", "356.46", "321.29", "311.55", "310.65", "267", "143.5", "133.05", "100", "84.86", "66.12", "49.65", "49.28", "38.58", "30.05", "27.19", "23.11", "6.14"], "colors": ["#2876dd", "#2876dd", "#2876dd", "#2876dd", "#2876dd", "#2876dd", "#2876dd", "#2876dd", "#2876dd", "#2876dd", "#2876dd", "#2876dd", "#2876dd", "#2876dd", "#2876dd", "#2876dd", "#2876dd", "#2876dd", "#2876dd", "#2876dd"], "labels": ["National Museum of Natural History", "Smithsonian American Art Museum (With", "National Museum of African American", "National Zoo", "National Portrait Gallery", "National Air and Space Museum's Steven", "National Museum of American History", "National Air and Space Museum", "National Museum of the American Indian", "Hirshhorn Museum and Sculpture Garden", "Smithsonian Institution Building, \"The", "National Postal Museum", "Renwick Gallery of the Smithsonian", "National Museum of the American Indian", "Freer Gallery of Art", "Cooper Hewitt, Smithsonian Design", "Arthur M. Sackler Gallery", "S. Dillon Ripley Center", "National Museum of African Art", "Anacostia Community Museum"]}], "type": "h_bar"}