{"general_figure_info": {"figure_info": {"bbox": {"x": 89, "y": 45, "w": 636, "h": 392}}, "y_axis": {"label": {"bbox": [{"x": 40, "y": 179, "w": 11, "h": 123.953125}], "text": "Market value in billion euros"}, "major_labels": {"bboxes": [{"x": 65, "y": 422.5, "w": 14.0, "h": 45.33333333333333}, {"x": 65, "y": 344.5, "w": 14.0, "h": 45.33333333333333}, {"x": 65, "y": 265.5, "w": 14.0, "h": 45.33333333333333}, {"x": 65, "y": 187.5, "w": 14.0, "h": 45.33333333333333}, {"x": 65, "y": 108.5, "w": 14.0, "h": 45.33333333333333}, {"x": 65, "y": 29.5, "w": 14.0, "h": 45.33333333333333}]}}, "x_axis": {"major_labels": {"bboxes": [{"x": 103, "y": 447, "h": 12, "w": 24.484375}, {"x": 157, "y": 447, "h": 12, "w": 23.65625}, {"x": 209, "y": 447, "h": 12, "w": 24.484375}, {"x": 262, "y": 447, "h": 12, "w": 24.484375}, {"x": 315, "y": 447, "h": 12, "w": 24.484375}, {"x": 368, "y": 447, "h": 12, "w": 24.484375}, {"x": 421, "y": 447, "h": 12, "w": 24.484375}, {"x": 472, "y": 447, "h": 12, "w": 29.470703125}, {"x": 525, "y": 447, "h": 12, "w": 29.470703125}, {"x": 578, "y": 447, "h": 12, "w": 29.470703125}, {"x": 631, "y": 447, "h": 12, "w": 29.470703125}, {"x": 684, "y": 447, "h": 12, "w": 29.470703125}], "values": ["2010", "2011", "2012", "2013", "2014", "2015", "2016", "2017*", "2018*", "2019*", "2020*", "2021*"]}, "label": {}}}, "models": [{"name": {}, "bboxes": [{"x": 97, "y": 205, "w": 37, "h": 233}, {"x": 150, "y": 206, "w": 37, "h": 232}, {"x": 203, "y": 212, "w": 37, "h": 226}, {"x": 256, "y": 214, "w": 37, "h": 224}, {"x": 309, "y": 213, "w": 37, "h": 225}, {"x": 362, "y": 206, "w": 37, "h": 232}, {"x": 415, "y": 191, "w": 37, "h": 247}, {"x": 468, "y": 185, "w": 37, "h": 253}, {"x": 521, "y": 175, "w": 37, "h": 263}, {"x": 574, "y": 165, "w": 37, "h": 273}, {"x": 627, "y": 156, "w": 37, "h": 282}, {"x": 680, "y": 139, "w": 37, "h": 299}], "x": ["2010", "2011", "2012", "2013", "2014", "2015", "2016", "2017*", "2018*", "2019*", "2020*", "2021*"], "y": ["29.69", "29.62", "28.82", "28.55", "28.76", "29.64", "31.5", "32.27", "33.53", "34.76", "36.01", "38.1"], "colors": ["#2876dd", "#2876dd", "#2876dd", "#2876dd", "#2876dd", "#2876dd", "#2876dd", "#2876dd", "#2876dd", "#2876dd", "#2876dd", "#2876dd"], "labels": ["2010", "2011", "2012", "2013", "2014", "2015", "2016", "2017*", "2018*", "2019*", "2020*", "2021*"]}], "type": "v_bar"}