{"general_figure_info": {"figure_info": {"bbox": {"x": 96, "y": 45, "w": 629, "h": 392}}, "y_axis": {"label": {"bbox": [{"x": 40, "y": 164, "w": 11, "h": 153.25}], "text": "Value of M&A deals in billion euros"}, "major_labels": {"bboxes": [{"x": 65, "y": 422.5, "w": 21.0, "h": 36.0}, {"x": 65, "y": 357.5, "w": 21.0, "h": 36.0}, {"x": 65, "y": 291.5, "w": 21.0, "h": 36.0}, {"x": 65, "y": 226.5, "w": 21.0, "h": 36.0}, {"x": 65, "y": 161.5, "w": 21.0, "h": 36.0}, {"x": 65, "y": 95.5, "w": 21.0, "h": 36.0}, {"x": 65, "y": 29.5, "w": 21.0, "h": 36.0}]}}, "x_axis": {"major_labels": {"bboxes": [{"x": 116, "y": 447, "h": 12, "w": 23.65625}, {"x": 178, "y": 447, "h": 12, "w": 24.484375}, {"x": 241, "y": 447, "h": 12, "w": 24.484375}, {"x": 304, "y": 447, "h": 12, "w": 24.484375}, {"x": 367, "y": 447, "h": 12, "w": 24.484375}, {"x": 430, "y": 447, "h": 12, "w": 24.484375}, {"x": 493, "y": 447, "h": 12, "w": 24.484375}, {"x": 556, "y": 447, "h": 12, "w": 24.484375}, {"x": 618, "y": 447, "h": 12, "w": 24.484375}, {"x": 681, "y": 447, "h": 12, "w": 24.484375}], "values": ["2011", "2012", "2013", "2014", "2015", "2016", "2017", "2018", "2019", "2020"]}, "label": {}}}, "models": [{"name": {}, "bboxes": [{"x": 106, "y": 121, "w": 44, "h": 317}, {"x": 169, "y": 115, "w": 44, "h": 323}, {"x": 232, "y": 210, "w": 44, "h": 228}, {"x": 295, "y": 340, "w": 44, "h": 98}, {"x": 358, "y": 377, "w": 44, "h": 61}, {"x": 420, "y": 297, "w": 44, "h": 141}, {"x": 483, "y": 318, "w": 44, "h": 120}, {"x": 546, "y": 349, "w": 44, "h": 89}, {"x": 609, "y": 321, "w": 44, "h": 117}, {"x": 672, "y": 340, "w": 44, "h": 98}], "x": ["2011", "2012", "2013", "2014", "2015", "2016", "2017", "2018", "2019", "2020"], "y": ["97", "99", "69.8", "29.9", "18.7", "43.3", "36.7", "27.1", "35.8", "30"], "colors": ["#2876dd", "#2876dd", "#2876dd", "#2876dd", "#2876dd", "#2876dd", "#2876dd", "#2876dd", "#2876dd", "#2876dd"], "labels": ["2011", "2012", "2013", "2014", "2015", "2016", "2017", "2018", "2019", "2020"]}], "type": "v_bar"}