{"general_figure_info": {"figure_info": {"bbox": {"x": 88, "y": 45, "w": 637, "h": 392}}, "y_axis": {"label": {"bbox": [{"x": 40, "y": 169, "w": 11, "h": 144.181640625}], "text": "Consumption in trillion cubic feet"}, "major_labels": {"bboxes": [{"x": 65, "y": 422.5, "w": 13.0, "h": 29.0}, {"x": 65, "y": 366.5, "w": 13.0, "h": 29.0}, {"x": 65, "y": 310.5, "w": 13.0, "h": 29.0}, {"x": 65, "y": 254.5, "w": 13.0, "h": 29.0}, {"x": 65, "y": 198.5, "w": 13.0, "h": 29.0}, {"x": 65, "y": 142.5, "w": 13.0, "h": 29.0}, {"x": 65, "y": 86.5, "w": 13.0, "h": 29.0}, {"x": 65, "y": 29.5, "w": 13.0, "h": 29.0}]}}, "x_axis": {"major_labels": {"bboxes": [{"x": 93, "y": 447, "h": 12, "w": 24.484375}, {"x": 129, "y": 447, "h": 12, "w": 24.484375}, {"x": 164, "y": 447, "h": 12, "w": 24.484375}, {"x": 200, "y": 447, "h": 12, "w": 24.484375}, {"x": 235, "y": 447, "h": 12, "w": 24.484375}, {"x": 270, "y": 447, "h": 12, "w": 24.484375}, {"x": 306, "y": 447, "h": 12, "w": 24.484375}, {"x": 341, "y": 447, "h": 12, "w": 24.484375}, {"x": 377, "y": 447, "h": 12, "w": 23.65625}, {"x": 412, "y": 447, "h": 12, "w": 24.484375}, {"x": 447, "y": 447, "h": 12, "w": 24.484375}, {"x": 483, "y": 447, "h": 12, "w": 24.484375}, {"x": 518, "y": 447, "h": 12, "w": 24.484375}, {"x": 554, "y": 447, "h": 12, "w": 24.484375}, {"x": 589, "y": 447, "h": 12, "w": 24.484375}, {"x": 624, "y": 447, "h": 12, "w": 24.484375}, {"x": 660, "y": 447, "h": 12, "w": 24.484375}, {"x": 695, "y": 447, "h": 12, "w": 24.484375}], "values": ["1995", "2000", "2005", "2006", "2007", "2008", "2009", "2010", "2011", "2012", "2013", "2014", "2015", "2016", "2017", "2018", "2019", "2020"]}, "label": {}}}, "models": [{"name": {}, "bboxes": [{"x": 94, "y": 189, "w": 25, "h": 249}, {"x": 129, "y": 177, "w": 25, "h": 261}, {"x": 164, "y": 191, "w": 25, "h": 247}, {"x": 200, "y": 195, "w": 25, "h": 243}, {"x": 235, "y": 179, "w": 25, "h": 259}, {"x": 271, "y": 177, "w": 25, "h": 261}, {"x": 306, "y": 181, "w": 25, "h": 257}, {"x": 341, "y": 168, "w": 25, "h": 270}, {"x": 377, "y": 164, "w": 25, "h": 274}, {"x": 412, "y": 152, "w": 25, "h": 286}, {"x": 447, "y": 145, "w": 25, "h": 293}, {"x": 483, "y": 140, "w": 25, "h": 298}, {"x": 518, "y": 133, "w": 25, "h": 305}, {"x": 554, "y": 131, "w": 25, "h": 307}, {"x": 589, "y": 134, "w": 25, "h": 304}, {"x": 624, "y": 101, "w": 25, "h": 337}, {"x": 660, "y": 90, "w": 25, "h": 348}, {"x": 695, "y": 97, "w": 25, "h": 341}], "x": ["1995", "2000", "2005", "2006", "2007", "2008", "2009", "2010", "2011", "2012", "2013", "2014", "2015", "2016", "2017", "2018", "2019", "2020"], "y": ["22.21", "23.33", "22.01", "21.7", "23.1", "23.28", "22.91", "24.09", "24.48", "25.54", "26.16", "26.59", "27.24", "27.44", "27.15", "30.08", "31.08", "30.48"], "colors": ["#2876dd", "#2876dd", "#2876dd", "#2876dd", "#2876dd", "#2876dd", "#2876dd", "#2876dd", "#2876dd", "#2876dd", "#2876dd", "#2876dd", "#2876dd", "#2876dd", "#2876dd", "#2876dd", "#2876dd", "#2876dd"], "labels": ["1995", "2000", "2005", "2006", "2007", "2008", "2009", "2010", "2011", "2012", "2013", "2014", "2015", "2016", "2017", "2018", "2019", "2020"]}], "type": "v_bar"}