{"general_figure_info": {"figure_info": {"bbox": {"x": 92, "y": 45, "w": 633, "h": 392}}, "y_axis": {"label": {"bbox": [{"x": 40, "y": 163, "w": 11, "h": 155.65625}], "text": "Exchange rate in Singapore dollars"}, "major_labels": {"bboxes": [{"x": 65, "y": 422.5, "w": 17.0, "h": 36.0}, {"x": 65, "y": 357.5, "w": 17.0, "h": 36.0}, {"x": 65, "y": 291.5, "w": 17.0, "h": 36.0}, {"x": 65, "y": 226.5, "w": 17.0, "h": 36.0}, {"x": 65, "y": 161.5, "w": 17.0, "h": 36.0}, {"x": 65, "y": 95.5, "w": 17.0, "h": 36.0}, {"x": 65, "y": 29.5, "w": 17.0, "h": 36.0}]}}, "x_axis": {"major_labels": {"bboxes": [{"x": 106, "y": 447, "h": 12, "w": 24.484375}, {"x": 159, "y": 447, "h": 12, "w": 24.484375}, {"x": 212, "y": 447, "h": 12, "w": 23.65625}, {"x": 264, "y": 447, "h": 12, "w": 24.484375}, {"x": 317, "y": 447, "h": 12, "w": 24.484375}, {"x": 370, "y": 447, "h": 12, "w": 24.484375}, {"x": 423, "y": 447, "h": 12, "w": 24.484375}, {"x": 475, "y": 447, "h": 12, "w": 24.484375}, {"x": 528, "y": 447, "h": 12, "w": 24.484375}, {"x": 581, "y": 447, "h": 12, "w": 24.484375}, {"x": 634, "y": 447, "h": 12, "w": 24.484375}, {"x": 686, "y": 447, "h": 12, "w": 24.484375}], "values": ["2009", "2010", "2011", "2012", "2013", "2014", "2015", "2016", "2017", "2018", "2019", "2020"]}, "label": {}}}, "models": [{"name": "line", "bboxes": [{"x": 119, "y": 66, "w": 53, "h": 104}, {"x": 172, "y": 170, "w": 52, "h": 59}, {"x": 224, "y": 229, "w": 53, "h": 26}, {"x": 277, "y": 255, "w": 53, "h": 13}, {"x": 330, "y": 183, "w": 53, "h": 85}, {"x": 383, "y": 177, "w": 52, "h": 6}, {"x": 435, "y": 177, "w": 53, "h": 150}, {"x": 488, "y": 327, "w": 53, "h": 59}, {"x": 541, "y": 373, "w": 53, "h": 13}, {"x": 594, "y": 373, "w": 52, "h": 39}, {"x": 646, "y": 392, "w": 53, "h": 20}], "x": ["2009", "2010", "2011", "2012", "2013", "2014", "2015", "2016", "2017", "2018", "2019", "2020"], "y": ["2.27", "2.11", "2.02", "1.98", "1.96", "2.09", "2.1", "1.87", "1.78", "1.8", "1.74", "1.77"], "label": " ", "color": "#2876dd"}], "type": "line"}