{"general_figure_info": {"figure_info": {"bbox": {"x": 81, "y": 45, "w": 644, "h": 392}}, "y_axis": {"label": {"bbox": [{"x": 40, "y": 168, "w": 11, "h": 146.75}], "text": "Expenditure in billion U.S. dollars"}, "major_labels": {"bboxes": [{"x": 65, "y": 422.5, "w": 6.0, "h": 23.555555555555557}, {"x": 65, "y": 373.5, "w": 6.0, "h": 23.555555555555557}, {"x": 65, "y": 324.5, "w": 6.0, "h": 23.555555555555557}, {"x": 65, "y": 275.5, "w": 6.0, "h": 23.555555555555557}, {"x": 65, "y": 226.5, "w": 6.0, "h": 23.555555555555557}, {"x": 65, "y": 177.5, "w": 6.0, "h": 23.555555555555557}, {"x": 65, "y": 128.5, "w": 6.0, "h": 23.555555555555557}, {"x": 65, "y": 79.5, "w": 6.0, "h": 23.555555555555557}, {"x": 65, "y": 29.5, "w": 6.0, "h": 23.555555555555557}]}}, "x_axis": {"major_labels": {"bboxes": [{"x": 109, "y": 447, "h": 12, "w": 24.484375}, {"x": 190, "y": 447, "h": 12, "w": 24.484375}, {"x": 270, "y": 447, "h": 12, "w": 24.484375}, {"x": 351, "y": 447, "h": 12, "w": 24.484375}, {"x": 431, "y": 447, "h": 12, "w": 24.484375}, {"x": 512, "y": 447, "h": 12, "w": 24.484375}, {"x": 592, "y": 447, "h": 12, "w": 24.484375}, {"x": 673, "y": 447, "h": 12, "w": 24.484375}], "values": ["2013", "2014", "2015", "2016", "2017", "2018", "2019", "2020"]}, "label": {}}}, "models": [{"name": {}, "bboxes": [{"x": 94, "y": 171, "w": 56, "h": 267}, {"x": 174, "y": 150, "w": 56, "h": 288}, {"x": 255, "y": 176, "w": 56, "h": 262}, {"x": 335, "y": 145, "w": 56, "h": 293}, {"x": 416, "y": 173, "w": 56, "h": 265}, {"x": 496, "y": 142, "w": 56, "h": 296}, {"x": 577, "y": 112, "w": 56, "h": 326}, {"x": 657, "y": 114, "w": 56, "h": 324}], "x": ["2013", "2014", "2015", "2016", "2017", "2018", "2019", "2020"], "y": ["5.44", "5.87", "5.34", "5.97", "5.41", "6.05", "6.65", "6.61"], "colors": ["#2876dd", "#2876dd", "#2876dd", "#2876dd", "#2876dd", "#2876dd", "#2876dd", "#2876dd"], "labels": ["2013", "2014", "2015", "2016", "2017", "2018", "2019", "2020"]}], "type": "v_bar"}