{"general_figure_info": {"figure_info": {"bbox": {"x": 147, "y": 35, "w": 563, "h": 380}}, "y_axis": {"label": {"bbox": [{"x": 380, "y": 446, "w": 96.71875, "h": 11}], "text": "Number of home runs"}, "major_labels": {"bboxes": [{"x": 126.5, "y": 421, "w": 23.307692307692307, "h": 26.0}, {"x": 173.5, "y": 421, "w": 23.307692307692307, "h": 26.0}, {"x": 220.5, "y": 421, "w": 23.307692307692307, "h": 26.0}, {"x": 267.5, "y": 421, "w": 23.307692307692307, "h": 26.0}, {"x": 314.5, "y": 421, "w": 23.307692307692307, "h": 26.0}, {"x": 361.5, "y": 421, "w": 23.307692307692307, "h": 26.0}, {"x": 408.5, "y": 421, "w": 23.307692307692307, "h": 26.0}, {"x": 454.5, "y": 421, "w": 23.307692307692307, "h": 26.0}, {"x": 501.5, "y": 421, "w": 23.307692307692307, "h": 26.0}, {"x": 548.5, "y": 421, "w": 23.307692307692307, "h": 26.0}, {"x": 595.5, "y": 421, "w": 23.307692307692307, "h": 26.0}, {"x": 642.5, "y": 421, "w": 23.307692307692307, "h": 26.0}, {"x": 690.5, "y": 421, "w": 23.307692307692307, "h": 26.0}]}}, "x_axis": {"major_labels": {"bboxes": [{"x": 58, "y": 48, "h": 12, "w": 75.828125}, {"x": 69, "y": 86, "h": 12, "w": 65.10888671875}, {"x": 68, "y": 124, "h": 12, "w": 66.919921875}, {"x": 76, "y": 162, "h": 12, "w": 58.09375}, {"x": 83, "y": 200, "h": 12, "w": 51.68994140625}, {"x": 40, "y": 238, "h": 12, "w": 94.171875}, {"x": 66, "y": 276, "h": 12, "w": 68.369140625}, {"x": 55, "y": 314, "h": 12, "w": 78.890625}, {"x": 65, "y": 352, "h": 12, "w": 69.09375}, {"x": 81, "y": 390, "h": 12, "w": 52.59375}], "values": ["Carlos Delgado", "Vernon Wells", "Jose Bautista", "George Bell", "Joe Carter", "Edwin Encarnacion", "Lloyd Moseby", "Tony Fernandez", "Jesse Barfield", "Adam Lind"]}, "label": {}}}, "models": [{"name": {}, "bboxes": [{"x": 146, "y": 41, "w": 496, "h": 26}, {"x": 146, "y": 79, "w": 381, "h": 26}, {"x": 146, "y": 117, "w": 359, "h": 26}, {"x": 146, "y": 155, "w": 347, "h": 26}, {"x": 146, "y": 193, "w": 345, "h": 26}, {"x": 146, "y": 231, "w": 319, "h": 26}, {"x": 146, "y": 269, "w": 305, "h": 26}, {"x": 146, "y": 307, "w": 288, "h": 26}, {"x": 146, "y": 345, "w": 247, "h": 26}, {"x": 146, "y": 383, "w": 243, "h": 26}], "x": ["Carlos Delgado", "Vernon Wells", "Jose Bautista", "George Bell", "Joe Carter", "Edwin Encarnacion", "Lloyd Moseby", "Tony Fernandez", "Jesse Barfield", "Adam Lind"], "y": ["1 058", "813", "766", "740", "736", "679", "651", "613", "527", "519"], "colors": ["#2876dd", "#2876dd", "#2876dd", "#2876dd", "#2876dd", "#2876dd", "#2876dd", "#2876dd", "#2876dd", "#2876dd"], "labels": ["Carlos Delgado", "Vernon Wells", "Jose Bautista", "George Bell", "Joe Carter", "Edwin Encarnacion", "Lloyd Moseby", "Tony Fernandez", "Jesse Barfield", "Adam Lind"]}], "type": "h_bar"}