{"general_figure_info": {"figure_info": {"bbox": {"x": 176, "y": 35, "w": 534, "h": 600}}, "y_axis": {"label": {"bbox": [{"x": 392, "y": 666, "w": 102.6103515625, "h": 11}], "text": "Revenue in billion DKK"}, "major_labels": {"bboxes": [{"x": 155.5, "y": 641, "w": 46.75, "h": 26.0}, {"x": 231.5, "y": 641, "w": 46.75, "h": 26.0}, {"x": 308.5, "y": 641, "w": 46.75, "h": 26.0}, {"x": 384.5, "y": 641, "w": 46.75, "h": 26.0}, {"x": 460.5, "y": 641, "w": 46.75, "h": 26.0}, {"x": 536.5, "y": 641, "w": 46.75, "h": 26.0}, {"x": 613.5, "y": 641, "w": 46.75, "h": 26.0}, {"x": 690.5, "y": 641, "w": 46.75, "h": 26.0}]}}, "x_axis": {"major_labels": {"bboxes": [{"x": 97, "y": 49, "h": 12, "w": 66.521484375}, {"x": 101, "y": 89, "h": 12, "w": 62.26220703125}, {"x": 103, "y": 129, "h": 12, "w": 60.8076171875}, {"x": 96, "y": 169, "h": 12, "w": 66.640625}, {"x": 108, "y": 209, "h": 12, "w": 55.046875}, {"x": 52, "y": 249, "h": 12, "w": 111.77294921875}, {"x": 86, "y": 289, "h": 12, "w": 77.92529296875}, {"x": 126, "y": 329, "h": 12, "w": 37.3125}, {"x": 90, "y": 369, "h": 12, "w": 73.8583984375}, {"x": 81, "y": 409, "h": 12, "w": 82.4306640625}, {"x": 44, "y": 449, "h": 12, "w": 119.71142578125}, {"x": 82, "y": 489, "h": 12, "w": 80.71875}, {"x": 60, "y": 529, "h": 12, "w": 102.703125}, {"x": 93, "y": 569, "h": 12, "w": 69.703125}, {"x": 83, "y": 609, "h": 12, "w": 80.970703125}], "values": ["Novo Nordisk", "H. Lundbeck", "Leo Pharma", "Orifam Group", "ALK-Abello", "Xellia Pharmaceuticals", "Takeda Pharma", "Sandoz", "Dako Denmark", "Biogen Denmark", "Ferring Pharmaceuticals", "Paranova Group", "William Cook Europe", "Janssen-Cilag", "Astellas Pharma"]}, "label": {}}}, "models": [{"name": {}, "bboxes": [{"x": 175, "y": 41, "w": 427, "h": 28}, {"x": 175, "y": 81, "w": 69, "h": 28}, {"x": 175, "y": 121, "w": 40, "h": 28}, {"x": 175, "y": 161, "w": 24, "h": 28}, {"x": 175, "y": 201, "w": 11, "h": 28}, {"x": 175, "y": 241, "w": 7, "h": 28}, {"x": 175, "y": 281, "w": 7, "h": 28}, {"x": 175, "y": 321, "w": 6, "h": 28}, {"x": 175, "y": 361, "w": 6, "h": 28}, {"x": 175, "y": 401, "w": 5, "h": 28}, {"x": 175, "y": 441, "w": 5, "h": 28}, {"x": 175, "y": 481, "w": 5, "h": 28}, {"x": 175, "y": 521, "w": 5, "h": 28}, {"x": 175, "y": 561, "w": 7, "h": 28}, {"x": 175, "y": 601, "w": 5, "h": 28}], "x": ["Novo Nordisk", "H. Lundbeck", "Leo Pharma", "Orifam Group", "ALK-Abello", "Xellia Pharmaceuticals", "Takeda Pharma", "Sandoz", "Dako Denmark", "Biogen Denmark", "Ferring Pharmaceuticals", "Paranova Group", "William Cook Europe", "Janssen-Cilag", "Astellas Pharma"], "y": ["111.83", "18.12", "10.41", "6.22", "2.92", "1.89", "1.78", "1.53", "1.51", "1.42", "1.4", "1.37", "1.28", "1.91", "1.18"], "colors": ["#2876dd", "#2876dd", "#2876dd", "#2876dd", "#2876dd", "#2876dd", "#2876dd", "#2876dd", "#2876dd", "#2876dd", "#2876dd", "#2876dd", "#2876dd", "#2876dd", "#2876dd"], "labels": ["Novo Nordisk", "H. Lundbeck", "Leo Pharma", "Orifam Group", "ALK-Abello", "Xellia Pharmaceuticals", "Takeda Pharma", "Sandoz", "Dako Denmark", "Biogen Denmark", "Ferring Pharmaceuticals", "Paranova Group", "William Cook Europe", "Janssen-Cilag", "Astellas Pharma"]}], "type": "h_bar"}