{"general_figure_info": {"figure_info": {"bbox": {"x": 89, "y": 45, "w": 636, "h": 328}}, "y_axis": {"label": {"bbox": [{"x": 40, "y": 113, "w": 11, "h": 190.974609375}], "text": "Jersey sponsorship revenue in million GBP"}, "major_labels": {"bboxes": [{"x": 65, "y": 358.5, "w": 14.0, "h": 34.666666666666664}, {"x": 65, "y": 292.5, "w": 14.0, "h": 34.666666666666664}, {"x": 65, "y": 227.5, "w": 14.0, "h": 34.666666666666664}, {"x": 65, "y": 161.5, "w": 14.0, "h": 34.666666666666664}, {"x": 65, "y": 96.5, "w": 14.0, "h": 34.666666666666664}, {"x": 65, "y": 29.5, "w": 14.0, "h": 34.666666666666664}]}}, "x_axis": {"major_labels": {"bboxes": [{"x": 56, "y": 386, "h": 66.00399780273438, "w": 66.00399780273438}, {"x": 114, "y": 386, "h": 65.42947387695312, "w": 65.42947387695312}, {"x": 172, "y": 386, "h": 65.42947387695312, "w": 65.42947387695312}, {"x": 229, "y": 386, "h": 66.00399780273438, "w": 66.00399780273438}, {"x": 287, "y": 386, "h": 66.00399780273438, "w": 66.00399780273438}, {"x": 345, "y": 386, "h": 66.00399780273438, "w": 66.00399780273438}, {"x": 403, "y": 386, "h": 66.00399780273438, "w": 66.00399780273438}, {"x": 461, "y": 386, "h": 66.00399780273438, "w": 66.00399780273438}, {"x": 518, "y": 386, "h": 66.00399780273438, "w": 66.00396728515625}, {"x": 576, "y": 386, "h": 66.00399780273438, "w": 66.00396728515625}, {"x": 634, "y": 386, "h": 66.00399780273438, "w": 66.00396728515625}], "values": ["2009/10 (Etihad)", "2010/11 (Etihad)", "2011/12 (Etihad)", "2012/13 (Etihad)", "2013/14 (Etihad)", "2014/15 (Etihad)", "2015/16 (Etihad)", "2016/17 (Etihad)", "2017/18 (Etihad)", "2018/19 (Etihad)", "2019/20 (Etihad)"]}, "label": {}}}, "models": [{"name": {}, "bboxes": [{"x": 98, "y": 326, "w": 40, "h": 48}, {"x": 156, "y": 325, "w": 40, "h": 49}, {"x": 214, "y": 243, "w": 40, "h": 131}, {"x": 272, "y": 243, "w": 40, "h": 131}, {"x": 329, "y": 243, "w": 40, "h": 131}, {"x": 387, "y": 243, "w": 40, "h": 131}, {"x": 445, "y": 243, "w": 40, "h": 131}, {"x": 503, "y": 243, "w": 40, "h": 131}, {"x": 561, "y": 144, "w": 40, "h": 230}, {"x": 618, "y": 79, "w": 40, "h": 295}, {"x": 676, "y": 79, "w": 40, "h": 295}], "x": ["2009/10 (Etihad)", "2010/11 (Etihad)", "2011/12 (Etihad)", "2012/13 (Etihad)", "2013/14 (Etihad)", "2014/15 (Etihad)", "2015/16 (Etihad)", "2016/17 (Etihad)", "2017/18 (Etihad)", "2018/19 (Etihad)", "2019/20 (Etihad)"], "y": ["7.34", "7.5", "20", "20", "20", "20", "20", "20", "35", "45", "45"], "colors": ["#2876dd", "#2876dd", "#2876dd", "#2876dd", "#2876dd", "#2876dd", "#2876dd", "#2876dd", "#2876dd", "#2876dd", "#2876dd"], "labels": ["2009/10 (Etihad)", "2010/11 (Etihad)", "2011/12 (Etihad)", "2012/13 (Etihad)", "2013/14 (Etihad)", "2014/15 (Etihad)", "2015/16 (Etihad)", "2016/17 (Etihad)", "2017/18 (Etihad)", "2018/19 (Etihad)", "2019/20 (Etihad)"]}], "type": "v_bar"}