{"general_figure_info": {"figure_info": {"bbox": {"x": 96, "y": 45, "w": 629, "h": 392}}, "y_axis": {"label": {"bbox": [{"x": 40, "y": 188, "w": 11, "h": 105.935546875}], "text": "Revenue in million GBP"}, "major_labels": {"bboxes": [{"x": 65, "y": 422.5, "w": 21.0, "h": 29.0}, {"x": 65, "y": 366.5, "w": 21.0, "h": 29.0}, {"x": 65, "y": 310.5, "w": 21.0, "h": 29.0}, {"x": 65, "y": 254.5, "w": 21.0, "h": 29.0}, {"x": 65, "y": 198.5, "w": 21.0, "h": 29.0}, {"x": 65, "y": 142.5, "w": 21.0, "h": 29.0}, {"x": 65, "y": 86.5, "w": 21.0, "h": 29.0}, {"x": 65, "y": 29.5, "w": 21.0, "h": 29.0}]}}, "x_axis": {"major_labels": {"bboxes": [{"x": 147, "y": 447, "h": 12, "w": 24.484375}, {"x": 270, "y": 447, "h": 12, "w": 29.470703125}, {"x": 396, "y": 447, "h": 12, "w": 29.470703125}, {"x": 522, "y": 447, "h": 12, "w": 29.470703125}, {"x": 648, "y": 447, "h": 12, "w": 29.470703125}], "values": ["2014", "2015*", "2016*", "2017*", "2018*"]}, "label": {}}}, "models": [{"name": {}, "bboxes": [{"x": 116, "y": 164, "w": 87, "h": 274}, {"x": 242, "y": 147, "w": 87, "h": 291}, {"x": 367, "y": 136, "w": 87, "h": 302}, {"x": 493, "y": 124, "w": 87, "h": 314}, {"x": 619, "y": 113, "w": 87, "h": 325}], "x": ["2014", "2015*", "2016*", "2017*", "2018*"], "y": ["245", "260", "270", "280", "290"], "colors": ["#2876dd", "#2876dd", "#2876dd", "#2876dd", "#2876dd"], "labels": ["2014", "2015*", "2016*", "2017*", "2018*"]}], "type": "v_bar"}