{"general_figure_info": {"figure_info": {"bbox": {"x": 96, "y": 45, "w": 629, "h": 392}}, "y_axis": {"label": {"bbox": [{"x": 40, "y": 177, "w": 11, "h": 128.9375}], "text": "Share of commercial impacts"}, "major_labels": {"bboxes": [{"x": 65, "y": 422.5, "w": 21.0, "h": 23.555555555555557}, {"x": 65, "y": 373.5, "w": 21.0, "h": 23.555555555555557}, {"x": 65, "y": 324.5, "w": 21.0, "h": 23.555555555555557}, {"x": 65, "y": 275.5, "w": 21.0, "h": 23.555555555555557}, {"x": 65, "y": 226.5, "w": 21.0, "h": 23.555555555555557}, {"x": 65, "y": 177.5, "w": 21.0, "h": 23.555555555555557}, {"x": 65, "y": 128.5, "w": 21.0, "h": 23.555555555555557}, {"x": 65, "y": 79.5, "w": 21.0, "h": 23.555555555555557}, {"x": 65, "y": 29.5, "w": 21.0, "h": 23.555555555555557}]}}, "x_axis": {"major_labels": {"bboxes": [{"x": 138, "y": 447, "h": 12, "w": 43.296875}, {"x": 262, "y": 447, "h": 12, "w": 46.34765625}, {"x": 387, "y": 447, "h": 12, "w": 47.572265625}, {"x": 515, "y": 447, "h": 12, "w": 43.296875}, {"x": 648, "y": 447, "h": 12, "w": 27.84765625}], "values": ["C4 sales", "ITV sales", "Sky sales", "C5 sales", "Other"]}, "label": {}}}, "models": [{"name": {}, "bboxes": [{"x": 116, "y": 183, "w": 87, "h": 255}, {"x": 242, "y": 95, "w": 87, "h": 343}, {"x": 367, "y": 173, "w": 87, "h": 265}, {"x": 493, "y": 350, "w": 87, "h": 88}, {"x": 619, "y": 418, "w": 87, "h": 20}], "x": ["C4 sales", "ITV sales", "Sky sales", "C5 sales", "Other"], "y": ["26%", "35%", "27%", "9%", "2%"], "colors": ["#2876dd", "#2876dd", "#2876dd", "#2876dd", "#2876dd"], "labels": ["C4 sales", "ITV sales", "Sky sales", "C5 sales", "Other"]}], "type": "v_bar"}