{"general_figure_info": {"figure_info": {"bbox": {"x": 173, "y": 35, "w": 537, "h": 690}}, "y_axis": {"label": {"bbox": [{"x": 390, "y": 756, "w": 102.828125, "h": 11}], "text": "Number of retail chains"}, "major_labels": {"bboxes": [{"x": 152.5, "y": 731, "w": 39.666666666666664, "h": 26.0}, {"x": 219.5, "y": 731, "w": 39.666666666666664, "h": 26.0}, {"x": 286.5, "y": 731, "w": 39.666666666666664, "h": 26.0}, {"x": 353.5, "y": 731, "w": 39.666666666666664, "h": 26.0}, {"x": 421.5, "y": 731, "w": 39.666666666666664, "h": 26.0}, {"x": 488.5, "y": 731, "w": 39.666666666666664, "h": 26.0}, {"x": 555.5, "y": 731, "w": 39.666666666666664, "h": 26.0}, {"x": 622.5, "y": 731, "w": 39.666666666666664, "h": 26.0}, {"x": 690.5, "y": 731, "w": 39.666666666666664, "h": 26.0}]}}, "x_axis": {"major_labels": {"bboxes": [{"x": 67, "y": 48, "h": 12, "w": 92.953125}, {"x": 90, "y": 87, "h": 12, "w": 70.328125}, {"x": 135, "y": 125, "h": 12, "w": 25.078125}, {"x": 63, "y": 163, "h": 12, "w": 96.94677734375}, {"x": 106, "y": 202, "h": 12, "w": 54.015625}, {"x": 49, "y": 240, "h": 12, "w": 110.671875}, {"x": 52, "y": 278, "h": 12, "w": 108.09375}, {"x": 41, "y": 317, "h": 12, "w": 119.09375}, {"x": 131, "y": 355, "h": 12, "w": 28.75}, {"x": 63, "y": 393, "h": 12, "w": 97.716796875}, {"x": 77, "y": 432, "h": 12, "w": 82.96875}, {"x": 88, "y": 470, "h": 12, "w": 72.021484375}, {"x": 84, "y": 508, "h": 12, "w": 75.828125}, {"x": 126, "y": 547, "h": 12, "w": 34.25}, {"x": 117, "y": 585, "h": 12, "w": 43.421875}, {"x": 102, "y": 623, "h": 12, "w": 58.28125}, {"x": 119, "y": 662, "h": 12, "w": 40.96875}, {"x": 67, "y": 700, "h": 12, "w": 93.61865234375}], "values": ["Fashion & Clothing", "Personal Care", "Food", "Footwear & Leather", "Baby Ware", "Furniture & Decoration", "Consumer Electronics", "Car Parts & Accessories", "Petrol", "Books & Magazines", "DIY & Gardening", "Toys & Games", "Sport & Leisure", "Optical", "Pet Care", "Home Ware", "Telecom", "Jewelry & Watches"]}, "label": {}}}, "models": [{"name": {}, "bboxes": [{"x": 172, "y": 40, "w": 430, "h": 27}, {"x": 172, "y": 79, "w": 201, "h": 27}, {"x": 172, "y": 117, "w": 201, "h": 27}, {"x": 172, "y": 155, "w": 175, "h": 27}, {"x": 172, "y": 194, "w": 161, "h": 27}, {"x": 172, "y": 232, "w": 161, "h": 27}, {"x": 172, "y": 270, "w": 134, "h": 27}, {"x": 172, "y": 309, "w": 121, "h": 27}, {"x": 172, "y": 347, "w": 121, "h": 27}, {"x": 172, "y": 385, "w": 107, "h": 27}, {"x": 172, "y": 424, "w": 94, "h": 27}, {"x": 172, "y": 462, "w": 94, "h": 27}, {"x": 172, "y": 500, "w": 94, "h": 27}, {"x": 172, "y": 539, "w": 54, "h": 27}, {"x": 172, "y": 577, "w": 54, "h": 27}, {"x": 172, "y": 615, "w": 40, "h": 27}, {"x": 172, "y": 654, "w": 40, "h": 27}, {"x": 172, "y": 692, "w": 27, "h": 27}], "x": ["Fashion & Clothing", "Personal Care", "Food", "Footwear & Leather", "Baby Ware", "Furniture & Decoration", "Consumer Electronics", "Car Parts & Accessories", "Petrol", "Books & Magazines", "DIY & Gardening", "Toys & Games", "Sport & Leisure", "Optical", "Pet Care", "Home Ware", "Telecom", "Jewelry & Watches"], "y": ["32", "15", "15", "13", "12", "12", "10", "9", "9", "8", "7", "7", "7", "4", "4", "3", "3", "2"], "colors": ["#2876dd", "#2876dd", "#2876dd", "#2876dd", "#2876dd", "#2876dd", "#2876dd", "#2876dd", "#2876dd", "#2876dd", "#2876dd", "#2876dd", "#2876dd", "#2876dd", "#2876dd", "#2876dd", "#2876dd", "#2876dd"], "labels": ["Fashion & Clothing", "Personal Care", "Food", "Footwear & Leather", "Baby Ware", "Furniture & Decoration", "Consumer Electronics", "Car Parts & Accessories", "Petrol", "Books & Magazines", "DIY & Gardening", "Toys & Games", "Sport & Leisure", "Optical", "Pet Care", "Home Ware", "Telecom", "Jewelry & Watches"]}], "type": "h_bar"}