{"general_figure_info": {"figure_info": {"bbox": {"x": 94, "y": 45, "w": 631, "h": 392}}, "y_axis": {"label": {"bbox": [{"x": 40, "y": 198, "w": 11, "h": 85.03125}], "text": "Gross profit margin"}, "major_labels": {"bboxes": [{"x": 65, "y": 422.5, "w": 19.0, "h": 29.0}, {"x": 65, "y": 366.5, "w": 19.0, "h": 29.0}, {"x": 65, "y": 310.5, "w": 19.0, "h": 29.0}, {"x": 65, "y": 254.5, "w": 19.0, "h": 29.0}, {"x": 65, "y": 198.5, "w": 19.0, "h": 29.0}, {"x": 65, "y": 142.5, "w": 19.0, "h": 29.0}, {"x": 65, "y": 86.5, "w": 19.0, "h": 29.0}, {"x": 65, "y": 29.5, "w": 19.0, "h": 29.0}]}}, "x_axis": {"major_labels": {"bboxes": [{"x": 145, "y": 447, "h": 12, "w": 24.484375}, {"x": 271, "y": 447, "h": 12, "w": 24.484375}, {"x": 397, "y": 447, "h": 12, "w": 24.484375}, {"x": 523, "y": 447, "h": 12, "w": 24.484375}, {"x": 650, "y": 447, "h": 12, "w": 24.484375}], "values": ["2016", "2017", "2018", "2019", "2020"]}, "label": {}}}, "models": [{"name": {}, "bboxes": [{"x": 114, "y": 135, "w": 87, "h": 303}, {"x": 240, "y": 124, "w": 87, "h": 314}, {"x": 366, "y": 122, "w": 87, "h": 316}, {"x": 493, "y": 128, "w": 87, "h": 310}, {"x": 619, "y": 180, "w": 87, "h": 258}], "x": ["2016", "2017", "2018", "2019", "2020"], "y": ["54.1%", "56.1%", "56.5%", "55.4%", "46%"], "colors": ["#2876dd", "#2876dd", "#2876dd", "#2876dd", "#2876dd"], "labels": ["2016", "2017", "2018", "2019", "2020"]}], "type": "v_bar"}