{"general_figure_info": {"figure_info": {"bbox": {"x": 94, "y": 45, "w": 631, "h": 392}}, "y_axis": {"label": {"bbox": [{"x": 40, "y": 211, "w": 11, "h": 59.2412109375}], "text": "Ratio to GDP"}, "major_labels": {"bboxes": [{"x": 65, "y": 422.5, "w": 19.0, "h": 45.33333333333333}, {"x": 65, "y": 344.5, "w": 19.0, "h": 45.33333333333333}, {"x": 65, "y": 265.5, "w": 19.0, "h": 45.33333333333333}, {"x": 65, "y": 187.5, "w": 19.0, "h": 45.33333333333333}, {"x": 65, "y": 108.5, "w": 19.0, "h": 45.33333333333333}, {"x": 65, "y": 29.5, "w": 19.0, "h": 45.33333333333333}]}}, "x_axis": {"major_labels": {"bboxes": [{"x": 106, "y": 447, "h": 12, "w": 24.484375}, {"x": 155, "y": 447, "h": 12, "w": 24.484375}, {"x": 203, "y": 447, "h": 12, "w": 24.484375}, {"x": 252, "y": 447, "h": 12, "w": 23.65625}, {"x": 300, "y": 447, "h": 12, "w": 24.484375}, {"x": 349, "y": 447, "h": 12, "w": 24.484375}, {"x": 397, "y": 447, "h": 12, "w": 24.484375}, {"x": 446, "y": 447, "h": 12, "w": 24.484375}, {"x": 494, "y": 447, "h": 12, "w": 24.484375}, {"x": 541, "y": 447, "h": 12, "w": 29.470703125}, {"x": 589, "y": 447, "h": 12, "w": 29.470703125}, {"x": 638, "y": 447, "h": 12, "w": 29.470703125}, {"x": 686, "y": 447, "h": 12, "w": 29.470703125}], "values": ["2000", "2005", "2010", "2011", "2012", "2013", "2014", "2015", "2016", "2017*", "2018*", "2019*", "2020*"]}, "label": {}}}, "models": [{"name": {}, "bboxes": [{"x": 102, "y": 109, "w": 34, "h": 329}, {"x": 150, "y": 122, "w": 34, "h": 316}, {"x": 199, "y": 137, "w": 34, "h": 301}, {"x": 247, "y": 133, "w": 34, "h": 305}, {"x": 296, "y": 134, "w": 34, "h": 304}, {"x": 344, "y": 140, "w": 34, "h": 298}, {"x": 393, "y": 152, "w": 34, "h": 286}, {"x": 441, "y": 160, "w": 34, "h": 278}, {"x": 490, "y": 165, "w": 34, "h": 273}, {"x": 539, "y": 143, "w": 34, "h": 295}, {"x": 587, "y": 136, "w": 34, "h": 302}, {"x": 636, "y": 126, "w": 34, "h": 312}, {"x": 684, "y": 157, "w": 34, "h": 281}], "x": ["2000", "2005", "2010", "2011", "2012", "2013", "2014", "2015", "2016", "2017*", "2018*", "2019*", "2020*"], "y": ["42%", "40.3%", "38.4%", "38.9%", "38.8%", "38%", "36.5%", "35.4%", "34.8%", "37.6%", "38.5%", "39.8%", "35.9%"], "colors": ["#2876dd", "#2876dd", "#2876dd", "#2876dd", "#2876dd", "#2876dd", "#2876dd", "#2876dd", "#2876dd", "#2876dd", "#2876dd", "#2876dd", "#2876dd"], "labels": ["2000", "2005", "2010", "2011", "2012", "2013", "2014", "2015", "2016", "2017*", "2018*", "2019*", "2020*"]}], "type": "v_bar"}