{"general_figure_info": {"figure_info": {"bbox": {"x": 257, "y": 35, "w": 453, "h": 1200}}, "y_axis": {"label": {"bbox": [{"x": 412, "y": 1266, "w": 142.828125, "h": 11}], "text": "Net worth (in billion U.S. dollars)"}, "major_labels": {"bboxes": [{"x": 236.5, "y": 1241, "w": 25.299999999999997, "h": 26.0}, {"x": 286.5, "y": 1241, "w": 25.299999999999997, "h": 26.0}, {"x": 337.5, "y": 1241, "w": 25.299999999999997, "h": 26.0}, {"x": 387.5, "y": 1241, "w": 25.299999999999997, "h": 26.0}, {"x": 437.5, "y": 1241, "w": 25.299999999999997, "h": 26.0}, {"x": 488.5, "y": 1241, "w": 25.299999999999997, "h": 26.0}, {"x": 538.5, "y": 1241, "w": 25.299999999999997, "h": 26.0}, {"x": 588.5, "y": 1241, "w": 25.299999999999997, "h": 26.0}, {"x": 639.5, "y": 1241, "w": 25.299999999999997, "h": 26.0}, {"x": 690.5, "y": 1241, "w": 25.299999999999997, "h": 26.0}]}}, "x_axis": {"major_labels": {"bboxes": [{"x": 121, "y": 46, "h": 12, "w": 122.875}, {"x": 169, "y": 80, "h": 12, "w": 74.578125}, {"x": 127, "y": 115, "h": 12, "w": 116.796875}, {"x": 144, "y": 149, "h": 12, "w": 101.14453125}, {"x": 130, "y": 183, "h": 12, "w": 113.734375}, {"x": 152, "y": 218, "h": 12, "w": 91.703125}, {"x": 133, "y": 252, "h": 12, "w": 111.296875}, {"x": 130, "y": 286, "h": 12, "w": 114.21142578125}, {"x": 123, "y": 320, "h": 12, "w": 121.078125}, {"x": 139, "y": 355, "h": 12, "w": 106.02685546875}, {"x": 123, "y": 389, "h": 12, "w": 122.3603515625}, {"x": 51, "y": 415, "h": 26, "w": 193.92919921875}, {"x": 149, "y": 458, "h": 12, "w": 95.390625}, {"x": 141, "y": 492, "h": 12, "w": 103.8076171875}, {"x": 124, "y": 526, "h": 12, "w": 120.25}, {"x": 135, "y": 560, "h": 12, "w": 110.3291015625}, {"x": 69, "y": 586, "h": 26, "w": 175.484375}, {"x": 133, "y": 629, "h": 12, "w": 111.54296875}, {"x": 124, "y": 663, "h": 12, "w": 120.32373046875}, {"x": 83, "y": 698, "h": 12, "w": 161.67138671875}, {"x": 119, "y": 732, "h": 12, "w": 124.71875}, {"x": 150, "y": 766, "h": 12, "w": 94.140625}, {"x": 97, "y": 800, "h": 12, "w": 147.34375}, {"x": 138, "y": 835, "h": 12, "w": 106.47802734375}, {"x": 104, "y": 869, "h": 12, "w": 140.513671875}, {"x": 128, "y": 903, "h": 12, "w": 117.0537109375}, {"x": 112, "y": 938, "h": 12, "w": 132.9736328125}, {"x": 133, "y": 972, "h": 12, "w": 111.296875}, {"x": 87, "y": 998, "h": 26, "w": 157.03173828125}, {"x": 58, "y": 1040, "h": 12, "w": 185.6875}, {"x": 137, "y": 1075, "h": 12, "w": 106.984375}, {"x": 83, "y": 1101, "h": 26, "w": 161.705078125}, {"x": 111, "y": 1143, "h": 12, "w": 133.53759765625}, {"x": 144, "y": 1178, "h": 12, "w": 99.65625}, {"x": 89, "y": 1212, "h": 12, "w": 155.166015625}], "values": ["Carlos Slim Helu, Mexico", "Bill Gates, U.S.", "Bernard Arnault, France", "Lakshmi Mittal, India", "Amancio Ortega, Spain", "Eike Batista, Brazil", "Li Ka-shing, Hongkong", "Karl Albrecht, Germany", "Stefan Persson, Sweden", "Vladimir Lisin, Russia", "David Thomson, Canada", "Prince Alwaleed Bin Talal Alsaud, Saudi", "Iris Fontbona, Chile", "Michele Ferrero, Italy", "Rinat Akhmetov, Ukraine", "Aliko Dangote, Nigeria", "Gerald Cavendish Grosvenor, Great", "Robert Kuok, Malaysia", "John Fredriksen, Cyprus", "Luis Carlos Sarmiento, Colombia", "Nasser Al-Kharafi, Kuwait", "Sammy Ofer, Israel", "Ernesto Bertarelli, Switzerland", "Liang Wengen, China", "Petr Kellner, Czech Republik", "Gina Rinehart, Australia", "Lee Kun-Hee, South Korea", "Masayoshi Son, Japan", "Charlene de Cavalho-Heineken,", "Cher Wang and Wenchi Chen, Taiwan", "Nassef Sawiris, Egypt", "Carlos and Alejandro Bulgheroni,", "Dietrich Mateschitz, Austria", "Spiro Latsis, Greece", "Kjeld Kirk Kristiansen, Denmark"]}, "label": {}}}, "models": [{"name": {}, "bboxes": [{"x": 256, "y": 40, "w": 372, "h": 24}, {"x": 256, "y": 74, "w": 282, "h": 24}, {"x": 256, "y": 108, "w": 206, "h": 24}, {"x": 256, "y": 143, "w": 157, "h": 24}, {"x": 256, "y": 177, "w": 156, "h": 24}, {"x": 256, "y": 211, "w": 151, "h": 24}, {"x": 256, "y": 246, "w": 131, "h": 24}, {"x": 256, "y": 280, "w": 128, "h": 24}, {"x": 256, "y": 314, "w": 123, "h": 24}, {"x": 256, "y": 348, "w": 121, "h": 24}, {"x": 256, "y": 383, "w": 116, "h": 24}, {"x": 256, "y": 417, "w": 99, "h": 24}, {"x": 256, "y": 451, "w": 97, "h": 24}, {"x": 256, "y": 486, "w": 91, "h": 24}, {"x": 256, "y": 520, "w": 81, "h": 24}, {"x": 256, "y": 554, "w": 69, "h": 24}, {"x": 256, "y": 588, "w": 65, "h": 24}, {"x": 256, "y": 623, "w": 63, "h": 24}, {"x": 256, "y": 657, "w": 54, "h": 24}, {"x": 256, "y": 691, "w": 53, "h": 24}, {"x": 256, "y": 726, "w": 52, "h": 24}, {"x": 256, "y": 760, "w": 52, "h": 24}, {"x": 256, "y": 794, "w": 50, "h": 24}, {"x": 256, "y": 828, "w": 47, "h": 24}, {"x": 256, "y": 863, "w": 46, "h": 24}, {"x": 256, "y": 897, "w": 45, "h": 24}, {"x": 256, "y": 931, "w": 43, "h": 24}, {"x": 256, "y": 966, "w": 41, "h": 24}, {"x": 256, "y": 1000, "w": 38, "h": 24}, {"x": 256, "y": 1034, "w": 34, "h": 24}, {"x": 256, "y": 1068, "w": 28, "h": 24}, {"x": 256, "y": 1103, "w": 26, "h": 24}, {"x": 256, "y": 1137, "w": 25, "h": 24}, {"x": 256, "y": 1171, "w": 24, "h": 24}, {"x": 256, "y": 1206, "w": 24, "h": 24}], "x": ["Carlos Slim Helu, Mexico", "Bill Gates, U.S.", "Bernard Arnault, France", "Lakshmi Mittal, India", "Amancio Ortega, Spain", "Eike Batista, Brazil", "Li Ka-shing, Hongkong", "Karl Albrecht, Germany", "Stefan Persson, Sweden", "Vladimir Lisin, Russia", "David Thomson, Canada", "Prince Alwaleed Bin Talal Alsaud, Saudi", "Iris Fontbona, Chile", "Michele Ferrero, Italy", "Rinat Akhmetov, Ukraine", "Aliko Dangote, Nigeria", "Gerald Cavendish Grosvenor, Great", "Robert Kuok, Malaysia", "John Fredriksen, Cyprus", "Luis Carlos Sarmiento, Colombia", "Nasser Al-Kharafi, Kuwait", "Sammy Ofer, Israel", "Ernesto Bertarelli, Switzerland", "Liang Wengen, China", "Petr Kellner, Czech Republik", "Gina Rinehart, Australia", "Lee Kun-Hee, South Korea", "Masayoshi Son, Japan", "Charlene de Cavalho-Heineken,", "Cher Wang and Wenchi Chen, Taiwan", "Nassef Sawiris, Egypt", "Carlos and Alejandro Bulgheroni,", "Dietrich Mateschitz, Austria", "Spiro Latsis, Greece", "Kjeld Kirk Kristiansen, Denmark"], "y": ["74", "56", "41", "31.1", "31", "30", "26", "25.5", "24.5", "24", "23", "19.6", "19.2", "18", "16", "13.8", "13", "12.5", "10.7", "10.5", "10.4", "10.3", "10", "9.3", "9.2", "9", "8.6", "8.1", "7.5", "6.8", "5.6", "5.1", "5", "4.8", "4.7"], "colors": ["#2876dd", "#2876dd", "#2876dd", "#2876dd", "#2876dd", "#2876dd", "#2876dd", "#2876dd", "#2876dd", "#2876dd", "#2876dd", "#2876dd", "#2876dd", "#2876dd", "#2876dd", "#2876dd", "#2876dd", "#2876dd", "#2876dd", "#2876dd", "#2876dd", "#2876dd", "#2876dd", "#2876dd", "#2876dd", "#2876dd", "#2876dd", "#2876dd", "#2876dd", "#2876dd", "#2876dd", "#2876dd", "#2876dd", "#2876dd", "#2876dd"], "labels": ["Carlos Slim Helu, Mexico", "Bill Gates, U.S.", "Bernard Arnault, France", "Lakshmi Mittal, India", "Amancio Ortega, Spain", "Eike Batista, Brazil", "Li Ka-shing, Hongkong", "Karl Albrecht, Germany", "Stefan Persson, Sweden", "Vladimir Lisin, Russia", "David Thomson, Canada", "Prince Alwaleed Bin Talal Alsaud, Saudi", "Iris Fontbona, Chile", "Michele Ferrero, Italy", "Rinat Akhmetov, Ukraine", "Aliko Dangote, Nigeria", "Gerald Cavendish Grosvenor, Great", "Robert Kuok, Malaysia", "John Fredriksen, Cyprus", "Luis Carlos Sarmiento, Colombia", "Nasser Al-Kharafi, Kuwait", "Sammy Ofer, Israel", "Ernesto Bertarelli, Switzerland", "Liang Wengen, China", "Petr Kellner, Czech Republik", "Gina Rinehart, Australia", "Lee Kun-Hee, South Korea", "Masayoshi Son, Japan", "Charlene de Cavalho-Heineken,", "Cher Wang and Wenchi Chen, Taiwan", "Nassef Sawiris, Egypt", "Carlos and Alejandro Bulgheroni,", "Dietrich Mateschitz, Austria", "Spiro Latsis, Greece", "Kjeld Kirk Kristiansen, Denmark"]}], "type": "h_bar"}