{"general_figure_info": {"figure_info": {"bbox": {"x": 137, "y": 35, "w": 573, "h": 380}}, "y_axis": {"label": {"bbox": [{"x": 376, "y": 446, "w": 95.625, "h": 11}], "text": "Share of respondents"}, "major_labels": {"bboxes": [{"x": 116.5, "y": 421, "w": 51.625, "h": 26.0}, {"x": 198.5, "y": 421, "w": 51.625, "h": 26.0}, {"x": 280.5, "y": 421, "w": 51.625, "h": 26.0}, {"x": 362.5, "y": 421, "w": 51.625, "h": 26.0}, {"x": 443.5, "y": 421, "w": 51.625, "h": 26.0}, {"x": 525.5, "y": 421, "w": 51.625, "h": 26.0}, {"x": 607.5, "y": 421, "w": 51.625, "h": 26.0}, {"x": 690.5, "y": 421, "w": 51.625, "h": 26.0}]}}, "x_axis": {"major_labels": {"bboxes": [{"x": 90, "y": 67, "h": 12, "w": 34.25}, {"x": 79, "y": 143, "h": 12, "w": 45.7353515625}, {"x": 82, "y": 219, "h": 12, "w": 42.07763671875}, {"x": 43, "y": 295, "h": 12, "w": 81.82373046875}, {"x": 90, "y": 371, "h": 12, "w": 35.11767578125}], "values": ["France", "Germany", "Hungary", "The Netherlands", "Austria"]}, "label": {}}}, "models": [{"name": {}, "bboxes": [{"x": 136, "y": 47, "w": 501, "h": 52}, {"x": 136, "y": 123, "w": 453, "h": 52}, {"x": 136, "y": 199, "w": 218, "h": 52}, {"x": 136, "y": 275, "w": 136, "h": 52}, {"x": 136, "y": 351, "w": 100, "h": 52}], "x": ["France", "Germany", "Hungary", "The Netherlands", "Austria"], "y": ["30.6%", "27.7%", "13.3%", "8.3%", "6.1%"], "colors": ["#2876dd", "#2876dd", "#2876dd", "#2876dd", "#2876dd"], "labels": ["France", "Germany", "Hungary", "The Netherlands", "Austria"]}], "type": "h_bar"}