{"general_figure_info": {"figure_info": {"bbox": {"x": 170, "y": 35, "w": 540, "h": 780}}, "y_axis": {"label": {"bbox": [{"x": 395, "y": 846, "w": 90.0625, "h": 11}], "text": "Median age in years"}, "major_labels": {"bboxes": [{"x": 149.5, "y": 821, "w": 34.0, "h": 26.0}, {"x": 209.5, "y": 821, "w": 34.0, "h": 26.0}, {"x": 269.5, "y": 821, "w": 34.0, "h": 26.0}, {"x": 329.5, "y": 821, "w": 34.0, "h": 26.0}, {"x": 389.5, "y": 821, "w": 34.0, "h": 26.0}, {"x": 449.5, "y": 821, "w": 34.0, "h": 26.0}, {"x": 509.5, "y": 821, "w": 34.0, "h": 26.0}, {"x": 569.5, "y": 821, "w": 34.0, "h": 26.0}, {"x": 629.5, "y": 821, "w": 34.0, "h": 26.0}, {"x": 690.5, "y": 821, "w": 34.0, "h": 26.0}]}}, "x_axis": {"major_labels": {"bboxes": [{"x": 131, "y": 48, "h": 12, "w": 26.623046875}, {"x": 118, "y": 85, "h": 12, "w": 39.41455078125}, {"x": 137, "y": 122, "h": 12, "w": 20.171875}, {"x": 123, "y": 159, "h": 12, "w": 35.1337890625}, {"x": 123, "y": 196, "h": 12, "w": 34.234375}, {"x": 120, "y": 233, "h": 12, "w": 37.5615234375}, {"x": 119, "y": 270, "h": 12, "w": 37.921875}, {"x": 94, "y": 308, "h": 12, "w": 62.984375}, {"x": 93, "y": 345, "h": 12, "w": 63.625}, {"x": 92, "y": 382, "h": 12, "w": 64.8125}, {"x": 113, "y": 419, "h": 12, "w": 44.91455078125}, {"x": 131, "y": 456, "h": 12, "w": 26.296875}, {"x": 124, "y": 493, "h": 12, "w": 33.90380859375}, {"x": 117, "y": 530, "h": 12, "w": 40.6337890625}, {"x": 117, "y": 568, "h": 12, "w": 40.623046875}, {"x": 129, "y": 605, "h": 12, "w": 28.140625}, {"x": 43, "y": 642, "h": 12, "w": 113.546875}, {"x": 122, "y": 679, "h": 12, "w": 35.72998046875}, {"x": 106, "y": 716, "h": 12, "w": 51.359375}, {"x": 124, "y": 753, "h": 12, "w": 33.03125}, {"x": 117, "y": 790, "h": 12, "w": 40.375}], "values": ["Niger", "Uganda", "Mali", "Angola", "Malawi", "Zambia", "Burundi", "Mozambique", "South Sudan", "Burkina Faso", "Tanzania", "Chad", "Liberia", "Ethiopia", "Somalia", "Benin", "Sao Tome and Principe", "Nigeria", "Cameroon", "Gabon", "Senegal"]}, "label": {}}}, "models": [{"name": {}, "bboxes": [{"x": 169, "y": 40, "w": 370, "h": 26}, {"x": 169, "y": 77, "w": 379, "h": 26}, {"x": 169, "y": 115, "w": 379, "h": 26}, {"x": 169, "y": 152, "w": 382, "h": 26}, {"x": 169, "y": 189, "w": 396, "h": 26}, {"x": 169, "y": 226, "w": 403, "h": 26}, {"x": 169, "y": 263, "w": 408, "h": 26}, {"x": 169, "y": 300, "w": 413, "h": 26}, {"x": 169, "y": 337, "w": 415, "h": 26}, {"x": 169, "y": 375, "w": 415, "h": 26}, {"x": 169, "y": 412, "w": 425, "h": 26}, {"x": 169, "y": 449, "w": 427, "h": 26}, {"x": 169, "y": 486, "w": 427, "h": 26}, {"x": 169, "y": 523, "w": 430, "h": 26}, {"x": 169, "y": 560, "w": 434, "h": 26}, {"x": 169, "y": 597, "w": 437, "h": 26}, {"x": 169, "y": 635, "w": 442, "h": 26}, {"x": 169, "y": 672, "w": 442, "h": 26}, {"x": 169, "y": 709, "w": 444, "h": 26}, {"x": 169, "y": 746, "w": 446, "h": 26}, {"x": 169, "y": 783, "w": 451, "h": 26}], "x": ["Niger", "Uganda", "Mali", "Angola", "Malawi", "Zambia", "Burundi", "Mozambique", "South Sudan", "Burkina Faso", "Tanzania", "Chad", "Liberia", "Ethiopia", "Somalia", "Benin", "Sao Tome and Principe", "Nigeria", "Cameroon", "Gabon", "Senegal"], "y": ["15.4", "15.8", "15.8", "15.9", "16.5", "16.8", "17", "17.2", "17.3", "17.3", "17.7", "17.8", "17.8", "17.9", "18.1", "18.2", "18.4", "18.4", "18.5", "18.6", "18.8"], "colors": ["#2876dd", "#2876dd", "#2876dd", "#2876dd", "#2876dd", "#2876dd", "#2876dd", "#2876dd", "#2876dd", "#2876dd", "#2876dd", "#2876dd", "#2876dd", "#2876dd", "#2876dd", "#2876dd", "#2876dd", "#2876dd", "#2876dd", "#2876dd", "#2876dd"], "labels": ["Niger", "Uganda", "Mali", "Angola", "Malawi", "Zambia", "Burundi", "Mozambique", "South Sudan", "Burkina Faso", "Tanzania", "Chad", "Liberia", "Ethiopia", "Somalia", "Benin", "Sao Tome and Principe", "Nigeria", "Cameroon", "Gabon", "Senegal"]}], "type": "h_bar"}