{"general_figure_info": {"figure_info": {"bbox": {"x": 252, "y": 35, "w": 458, "h": 382}}, "y_axis": {"label": {"bbox": [{"x": 40, "y": 157, "w": 11, "h": 138.421875}], "text": "Revenue in million U.S. dollars"}, "major_labels": {"bboxes": [{"x": 231.5, "y": 132, "w": 30.888888888888886, "h": 205.0}, {"x": 288.5, "y": 132, "w": 30.888888888888886, "h": 205.0}, {"x": 346.5, "y": 132, "w": 30.888888888888886, "h": 205.0}, {"x": 403.5, "y": 132, "w": 30.888888888888886, "h": 205.0}, {"x": 460.5, "y": 132, "w": 30.888888888888886, "h": 205.0}, {"x": 517.5, "y": 132, "w": 30.888888888888886, "h": 205.0}, {"x": 575.5, "y": 132, "w": 30.888888888888886, "h": 205.0}, {"x": 632.5, "y": 132, "w": 30.888888888888886, "h": 205.0}, {"x": 690.5, "y": 132, "w": 30.888888888888886, "h": 205.0}]}}, "x_axis": {"major_labels": {"bboxes": [{"x": 134, "y": 53, "h": 12, "w": 104.96875}, {"x": 117, "y": 101, "h": 12, "w": 122.28125}, {"x": 80, "y": 148, "h": 12, "w": 159.375}, {"x": 100, "y": 196, "h": 12, "w": 138.78125}, {"x": 158, "y": 244, "h": 12, "w": 81.328125}, {"x": 137, "y": 292, "h": 12, "w": 102.09375}, {"x": 72, "y": 339, "h": 12, "w": 166.921875}, {"x": 117, "y": 387, "h": 12, "w": 122.265625}], "values": ["Pantherx Rare (2011)", "Benzer Pharmacy (2009)", "SMP Pharmacy Solutions (2003)", "ExactCare Pharmacy (2009)", "SandsRX (2013)", "AmeriPharma (2006)", "Baybridge Pharmacy Corp. (2015)", "Tamimi Pharmacy (2013)"]}, "label": {}}}, "models": [{"name": {}, "bboxes": [{"x": 251, "y": 42, "w": 416, "h": 33}, {"x": 251, "y": 90, "w": 202, "h": 33}, {"x": 251, "y": 138, "w": 122, "h": 33}, {"x": 251, "y": 185, "w": 116, "h": 33}, {"x": 251, "y": 233, "w": 25, "h": 33}, {"x": 251, "y": 281, "w": 18, "h": 33}, {"x": 251, "y": 329, "w": 10, "h": 33}, {"x": 251, "y": 376, "w": 9, "h": 33}], "x": ["Pantherx Rare (2011)", "Benzer Pharmacy (2009)", "SMP Pharmacy Solutions (2003)", "ExactCare Pharmacy (2009)", "SandsRX (2013)", "AmeriPharma (2006)", "Baybridge Pharmacy Corp. (2015)", "Tamimi Pharmacy (2013)"], "y": ["726.1", "352.3", "213.9", "203.4", "42.9", "31.7", "17.5", "15.5"], "colors": ["#2876dd", "#2876dd", "#2876dd", "#2876dd", "#2876dd", "#2876dd", "#2876dd", "#2876dd"], "labels": ["Pantherx Rare (2011)", "Benzer Pharmacy (2009)", "SMP Pharmacy Solutions (2003)", "ExactCare Pharmacy (2009)", "SandsRX (2013)", "AmeriPharma (2006)", "Baybridge Pharmacy Corp. (2015)", "Tamimi Pharmacy (2013)"]}], "type": "h_bar"}