{"general_figure_info": {"figure_info": {"bbox": {"x": 88, "y": 45, "w": 637, "h": 392}}, "y_axis": {"label": {"bbox": [{"x": 40, "y": 142, "w": 11, "h": 198.984375}], "text": "Gross domestic product in billion U.S. dollars"}, "major_labels": {"bboxes": [{"x": 65, "y": 422.5, "w": 13.0, "h": 36.0}, {"x": 65, "y": 357.5, "w": 13.0, "h": 36.0}, {"x": 65, "y": 291.5, "w": 13.0, "h": 36.0}, {"x": 65, "y": 226.5, "w": 13.0, "h": 36.0}, {"x": 65, "y": 161.5, "w": 13.0, "h": 36.0}, {"x": 65, "y": 95.5, "w": 13.0, "h": 36.0}, {"x": 65, "y": 29.5, "w": 13.0, "h": 36.0}]}}, "x_axis": {"major_labels": {"bboxes": [{"x": 105, "y": 447, "h": 12, "w": 24.484375}, {"x": 163, "y": 447, "h": 12, "w": 24.484375}, {"x": 221, "y": 447, "h": 12, "w": 24.484375}, {"x": 278, "y": 447, "h": 12, "w": 24.484375}, {"x": 334, "y": 447, "h": 12, "w": 29.470703125}, {"x": 392, "y": 447, "h": 12, "w": 29.470703125}, {"x": 450, "y": 447, "h": 12, "w": 29.470703125}, {"x": 508, "y": 447, "h": 12, "w": 29.470703125}, {"x": 566, "y": 447, "h": 12, "w": 29.470703125}, {"x": 624, "y": 447, "h": 12, "w": 29.470703125}, {"x": 682, "y": 447, "h": 12, "w": 29.470703125}], "values": ["2016", "2017", "2018", "2019", "2020*", "2021*", "2022*", "2023*", "2024*", "2025*", "2026*"]}, "label": {}}}, "models": [{"name": "line", "bboxes": [{"x": 117, "y": 348, "w": 58, "h": 65}, {"x": 175, "y": 304, "w": 58, "h": 44}, {"x": 233, "y": 280, "w": 58, "h": 24}, {"x": 291, "y": 280, "w": 58, "h": 41}, {"x": 349, "y": 290, "w": 58, "h": 31}, {"x": 407, "y": 277, "w": 58, "h": 13}, {"x": 465, "y": 263, "w": 58, "h": 14}, {"x": 523, "y": 224, "w": 58, "h": 39}, {"x": 581, "y": 185, "w": 58, "h": 39}, {"x": 639, "y": 108, "w": 58, "h": 77}], "x": ["2016", "2017", "2018", "2019", "2020*", "2021*", "2022*", "2023*", "2024*", "2025*", "2026*"], "y": ["20.76", "22.74", "24.11", "24.83", "23.58", "24.54", "24.92", "25.37", "26.55", "27.76", "30.11"], "label": " ", "color": "#2876dd"}], "type": "line"}