{"general_figure_info": {"figure_info": {"bbox": {"x": 89, "y": 45, "w": 636, "h": 392}}, "y_axis": {"label": {"bbox": [{"x": 40, "y": 153, "w": 11, "h": 176.1240234375}], "text": "GDP growth compared to previous year"}, "major_labels": {"bboxes": [{"x": 65, "y": 422.5, "w": 14.0, "h": 19.200000000000003}, {"x": 65, "y": 378.5, "w": 14.0, "h": 19.200000000000003}, {"x": 65, "y": 335.5, "w": 14.0, "h": 19.200000000000003}, {"x": 65, "y": 291.5, "w": 14.0, "h": 19.200000000000003}, {"x": 65, "y": 248.5, "w": 14.0, "h": 19.200000000000003}, {"x": 65, "y": 204.5, "w": 14.0, "h": 19.200000000000003}, {"x": 65, "y": 161.5, "w": 14.0, "h": 19.200000000000003}, {"x": 65, "y": 117.5, "w": 14.0, "h": 19.200000000000003}, {"x": 65, "y": 74.5, "w": 14.0, "h": 19.200000000000003}, {"x": 65, "y": 29.5, "w": 14.0, "h": 19.200000000000003}]}}, "x_axis": {"major_labels": {"bboxes": [{"x": 106, "y": 447, "h": 12, "w": 24.484375}, {"x": 163, "y": 447, "h": 12, "w": 24.484375}, {"x": 219, "y": 447, "h": 12, "w": 29.470703125}, {"x": 277, "y": 447, "h": 12, "w": 29.470703125}, {"x": 335, "y": 447, "h": 12, "w": 29.470703125}, {"x": 393, "y": 447, "h": 12, "w": 29.470703125}, {"x": 450, "y": 447, "h": 12, "w": 29.470703125}, {"x": 508, "y": 447, "h": 12, "w": 29.470703125}, {"x": 566, "y": 447, "h": 12, "w": 29.470703125}, {"x": 624, "y": 447, "h": 12, "w": 29.470703125}, {"x": 682, "y": 447, "h": 12, "w": 29.470703125}], "values": ["2016", "2017", "2018*", "2019*", "2020*", "2021*", "2022*", "2023*", "2024*", "2025*", "2026*"]}, "label": {}}}, "models": [{"name": {}, "bboxes": [{"x": 98, "y": 125, "w": 40, "h": 313}, {"x": 156, "y": 117, "w": 40, "h": 321}, {"x": 214, "y": 138, "w": 40, "h": 300}, {"x": 272, "y": 167, "w": 40, "h": 271}, {"x": 329, "y": 339, "w": 40, "h": 99}, {"x": 387, "y": 178, "w": 40, "h": 260}, {"x": 445, "y": 156, "w": 40, "h": 282}, {"x": 503, "y": 158, "w": 40, "h": 280}, {"x": 561, "y": 164, "w": 40, "h": 274}, {"x": 618, "y": 172, "w": 40, "h": 266}, {"x": 676, "y": 177, "w": 40, "h": 261}], "x": ["2016", "2017", "2018*", "2019*", "2020*", "2021*", "2022*", "2023*", "2024*", "2025*", "2026*"], "y": ["7.19%", "7.36%", "6.89%", "6.23%", "2.28%", "5.96%", "6.47%", "6.43%", "6.3%", "6.1%", "6%"], "colors": ["#2876dd", "#2876dd", "#2876dd", "#2876dd", "#2876dd", "#2876dd", "#2876dd", "#2876dd", "#2876dd", "#2876dd", "#2876dd"], "labels": ["2016", "2017", "2018*", "2019*", "2020*", "2021*", "2022*", "2023*", "2024*", "2025*", "2026*"]}], "type": "v_bar"}