{"general_figure_info": {"figure_info": {"bbox": {"x": 96, "y": 45, "w": 629, "h": 392}}, "y_axis": {"label": {"bbox": [{"x": 40, "y": 159, "w": 11, "h": 164}], "text": "Revenue in billion South Korean won"}, "major_labels": {"bboxes": [{"x": 65, "y": 422.5, "w": 21.0, "h": 36.0}, {"x": 65, "y": 357.5, "w": 21.0, "h": 36.0}, {"x": 65, "y": 291.5, "w": 21.0, "h": 36.0}, {"x": 65, "y": 226.5, "w": 21.0, "h": 36.0}, {"x": 65, "y": 161.5, "w": 21.0, "h": 36.0}, {"x": 65, "y": 95.5, "w": 21.0, "h": 36.0}, {"x": 65, "y": 29.5, "w": 21.0, "h": 36.0}]}}, "x_axis": {"major_labels": {"bboxes": [{"x": 162, "y": 447, "h": 12, "w": 24.484375}, {"x": 320, "y": 447, "h": 12, "w": 23.65625}, {"x": 477, "y": 447, "h": 12, "w": 24.484375}, {"x": 634, "y": 447, "h": 12, "w": 24.484375}], "values": ["2010", "2011", "2012", "2013"]}, "label": {}}}, "models": [{"name": {}, "bboxes": [{"x": 121, "y": 209, "w": 108, "h": 229}, {"x": 278, "y": 163, "w": 108, "h": 275}, {"x": 435, "y": 142, "w": 108, "h": 296}, {"x": 593, "y": 91, "w": 108, "h": 347}], "x": ["2010", "2011", "2012", "2013"], "y": ["350.42", "421.26", "453.39", "530.86"], "colors": ["#2876dd", "#2876dd", "#2876dd", "#2876dd"], "labels": ["2010", "2011", "2012", "2013"]}], "type": "v_bar"}