{"general_figure_info": {"figure_info": {"bbox": {"x": 96, "y": 45, "w": 629, "h": 392}}, "y_axis": {"label": {"bbox": [{"x": 40, "y": 198, "w": 11, "h": 86.734375}], "text": "Share of population"}, "major_labels": {"bboxes": [{"x": 65, "y": 422.5, "w": 21.0, "h": 23.555555555555557}, {"x": 65, "y": 373.5, "w": 21.0, "h": 23.555555555555557}, {"x": 65, "y": 324.5, "w": 21.0, "h": 23.555555555555557}, {"x": 65, "y": 275.5, "w": 21.0, "h": 23.555555555555557}, {"x": 65, "y": 226.5, "w": 21.0, "h": 23.555555555555557}, {"x": 65, "y": 177.5, "w": 21.0, "h": 23.555555555555557}, {"x": 65, "y": 128.5, "w": 21.0, "h": 23.555555555555557}, {"x": 65, "y": 79.5, "w": 21.0, "h": 23.555555555555557}, {"x": 65, "y": 29.5, "w": 21.0, "h": 23.555555555555557}]}}, "x_axis": {"major_labels": {"bboxes": [{"x": 116, "y": 447, "h": 12, "w": 23.65625}, {"x": 178, "y": 447, "h": 12, "w": 24.484375}, {"x": 241, "y": 447, "h": 12, "w": 24.484375}, {"x": 304, "y": 447, "h": 12, "w": 24.484375}, {"x": 367, "y": 447, "h": 12, "w": 24.484375}, {"x": 430, "y": 447, "h": 12, "w": 24.484375}, {"x": 493, "y": 447, "h": 12, "w": 24.484375}, {"x": 556, "y": 447, "h": 12, "w": 24.484375}, {"x": 618, "y": 447, "h": 12, "w": 24.484375}, {"x": 681, "y": 447, "h": 12, "w": 24.484375}], "values": ["2011", "2012", "2013", "2014", "2015", "2016", "2017", "2018", "2019", "2020"]}, "label": {}}}, "models": [{"name": {}, "bboxes": [{"x": 106, "y": 217, "w": 44, "h": 221}, {"x": 169, "y": 213, "w": 44, "h": 225}, {"x": 232, "y": 159, "w": 44, "h": 279}, {"x": 295, "y": 144, "w": 44, "h": 294}, {"x": 358, "y": 124, "w": 44, "h": 314}, {"x": 420, "y": 124, "w": 44, "h": 314}, {"x": 483, "y": 124, "w": 44, "h": 314}, {"x": 546, "y": 110, "w": 44, "h": 328}, {"x": 609, "y": 95, "w": 44, "h": 343}, {"x": 672, "y": 85, "w": 44, "h": 353}], "x": ["2011", "2012", "2013", "2014", "2015", "2016", "2017", "2018", "2019", "2020"], "y": ["45%", "46%", "57%", "60%", "64%", "64%", "64%", "67%", "70%", "72%"], "colors": ["#2876dd", "#2876dd", "#2876dd", "#2876dd", "#2876dd", "#2876dd", "#2876dd", "#2876dd", "#2876dd", "#2876dd"], "labels": ["2011", "2012", "2013", "2014", "2015", "2016", "2017", "2018", "2019", "2020"]}], "type": "v_bar"}