{"general_figure_info": {"figure_info": {"bbox": {"x": 96, "y": 45, "w": 629, "h": 392}}, "y_axis": {"label": {"bbox": [{"x": 40, "y": 165, "w": 11, "h": 151.2900390625}], "text": "Number of persons fed per farmer"}, "major_labels": {"bboxes": [{"x": 65, "y": 422.5, "w": 21.0, "h": 23.555555555555557}, {"x": 65, "y": 373.5, "w": 21.0, "h": 23.555555555555557}, {"x": 65, "y": 324.5, "w": 21.0, "h": 23.555555555555557}, {"x": 65, "y": 275.5, "w": 21.0, "h": 23.555555555555557}, {"x": 65, "y": 226.5, "w": 21.0, "h": 23.555555555555557}, {"x": 65, "y": 177.5, "w": 21.0, "h": 23.555555555555557}, {"x": 65, "y": 128.5, "w": 21.0, "h": 23.555555555555557}, {"x": 65, "y": 79.5, "w": 21.0, "h": 23.555555555555557}, {"x": 65, "y": 29.5, "w": 21.0, "h": 23.555555555555557}]}}, "x_axis": {"major_labels": {"bboxes": [{"x": 101, "y": 447, "h": 12, "w": 24.484375}, {"x": 136, "y": 447, "h": 12, "w": 24.484375}, {"x": 171, "y": 447, "h": 12, "w": 24.484375}, {"x": 206, "y": 447, "h": 12, "w": 24.484375}, {"x": 241, "y": 447, "h": 12, "w": 24.484375}, {"x": 276, "y": 447, "h": 12, "w": 24.484375}, {"x": 311, "y": 447, "h": 12, "w": 24.484375}, {"x": 346, "y": 447, "h": 12, "w": 24.484375}, {"x": 381, "y": 447, "h": 12, "w": 24.484375}, {"x": 416, "y": 447, "h": 12, "w": 24.484375}, {"x": 451, "y": 447, "h": 12, "w": 24.484375}, {"x": 486, "y": 447, "h": 12, "w": 24.484375}, {"x": 521, "y": 447, "h": 12, "w": 23.65625}, {"x": 556, "y": 447, "h": 12, "w": 24.484375}, {"x": 590, "y": 447, "h": 12, "w": 24.484375}, {"x": 625, "y": 447, "h": 12, "w": 24.484375}, {"x": 660, "y": 447, "h": 12, "w": 24.484375}, {"x": 695, "y": 447, "h": 12, "w": 24.484375}], "values": ["1940", "1950", "1960", "1970", "1980", "1985", "1995", "2005", "2007", "2008", "2009", "2010", "2011", "2012", "2013", "2014", "2015", "2016"]}, "label": {}}}, "models": [{"name": {}, "bboxes": [{"x": 102, "y": 402, "w": 24, "h": 36}, {"x": 136, "y": 385, "w": 24, "h": 53}, {"x": 171, "y": 347, "w": 24, "h": 91}, {"x": 206, "y": 295, "w": 24, "h": 143}, {"x": 241, "y": 241, "w": 24, "h": 197}, {"x": 276, "y": 213, "w": 24, "h": 225}, {"x": 311, "y": 185, "w": 24, "h": 253}, {"x": 346, "y": 156, "w": 24, "h": 282}, {"x": 381, "y": 140, "w": 24, "h": 298}, {"x": 416, "y": 132, "w": 24, "h": 306}, {"x": 451, "y": 140, "w": 24, "h": 298}, {"x": 486, "y": 134, "w": 24, "h": 304}, {"x": 521, "y": 122, "w": 24, "h": 316}, {"x": 556, "y": 124, "w": 24, "h": 314}, {"x": 591, "y": 111, "w": 24, "h": 327}, {"x": 626, "y": 109, "w": 24, "h": 329}, {"x": 661, "y": 117, "w": 24, "h": 321}, {"x": 696, "y": 117, "w": 24, "h": 321}], "x": ["1940", "1950", "1960", "1970", "1980", "1985", "1995", "2005", "2007", "2008", "2009", "2010", "2011", "2012", "2013", "2014", "2015", "2016"], "y": ["18.5", "27.2", "46.2", "72.8", "100.4", "115", "129", "144", "152", "156", "152", "155", "161", "160", "167", "168", "164", "164"], "colors": ["#2876dd", "#2876dd", "#2876dd", "#2876dd", "#2876dd", "#2876dd", "#2876dd", "#2876dd", "#2876dd", "#2876dd", "#2876dd", "#2876dd", "#2876dd", "#2876dd", "#2876dd", "#2876dd", "#2876dd", "#2876dd"], "labels": ["1940", "1950", "1960", "1970", "1980", "1985", "1995", "2005", "2007", "2008", "2009", "2010", "2011", "2012", "2013", "2014", "2015", "2016"]}], "type": "v_bar"}