{"general_figure_info": {"figure_info": {"bbox": {"x": 106, "y": 45, "w": 619, "h": 365}}, "y_axis": {"label": {"bbox": [{"x": 40, "y": 169, "w": 11, "h": 116.75}], "text": "Percentage change in CPI"}, "major_labels": {"bboxes": [{"x": 65, "y": 395.5, "w": 31.0, "h": 40.833333333333336}, {"x": 65, "y": 322.5, "w": 31.0, "h": 40.833333333333336}, {"x": 65, "y": 249.5, "w": 31.0, "h": 40.833333333333336}, {"x": 65, "y": 176.5, "w": 31.0, "h": 40.833333333333336}, {"x": 65, "y": 103.5, "w": 31.0, "h": 40.833333333333336}, {"x": 65, "y": 29.5, "w": 31.0, "h": 40.833333333333336}]}}, "x_axis": {"major_labels": {"bboxes": [{"x": 102, "y": 423, "h": 31.39996337890625, "w": 31.39996337890625}, {"x": 148, "y": 423, "h": 33.13458251953125, "w": 33.13458251953125}, {"x": 196, "y": 423, "h": 33.13458251953125, "w": 33.13458251953125}, {"x": 245, "y": 423, "h": 31.841888427734375, "w": 31.841903686523438}, {"x": 292, "y": 423, "h": 32.703704833984375, "w": 32.703704833984375}, {"x": 339, "y": 423, "h": 32.703704833984375, "w": 32.703704833984375}, {"x": 388, "y": 423, "h": 31.4110107421875, "w": 31.4110107421875}, {"x": 433, "y": 423, "h": 33.996368408203125, "w": 33.996368408203125}, {"x": 483, "y": 423, "h": 31.8419189453125, "w": 31.8419189453125}, {"x": 533, "y": 423, "h": 29.245513916015625, "w": 29.245452880859375}, {"x": 577, "y": 423, "h": 33.1456298828125, "w": 33.1456298828125}, {"x": 624, "y": 423, "h": 33.1456298828125, "w": 33.1456298828125}, {"x": 674, "y": 423, "h": 31.39996337890625, "w": 31.39990234375}], "values": ["Oct\n\n\n 19", "Nov\n\n 19", "Dec 19", "Jan 20", "Feb 20", "Mar 20", "Apr 20", "May 20", "Jun 20", "Jul 20", "Aug 20", "Sep 20", "Oct 20"]}, "label": {}}}, "models": [{"name": "line", "bboxes": [{"x": 130, "y": 75, "w": 48, "h": 29}, {"x": 178, "y": 75, "w": 48, "h": 0}, {"x": 226, "y": 75, "w": 47, "h": 73}, {"x": 273, "y": 148, "w": 48, "h": 44}, {"x": 321, "y": 192, "w": 47, "h": 58}, {"x": 368, "y": 250, "w": 48, "h": 146}, {"x": 416, "y": 338, "w": 48, "h": 58}, {"x": 464, "y": 236, "w": 47, "h": 102}, {"x": 511, "y": 236, "w": 48, "h": 29}, {"x": 559, "y": 221, "w": 47, "h": 44}, {"x": 606, "y": 221, "w": 48, "h": 59}, {"x": 654, "y": 280, "w": 48, "h": 14}], "x": ["Oct\n\n\n 19", "Nov\n\n 19", "Dec 19", "Jan 20", "Feb 20", "Mar 20", "Apr 20", "May 20", "Jun 20", "Jul 20", "Aug 20", "Sep 20", "Oct 20"], "y": ["1.6%", "1.8%", "1.8%", "1.3%", "1%", "0.6%", "-0.4%", "0%", "0.7%", "0.5%", "0.8%", "0.4%", "0.3%"], "label": " ", "color": "#2876dd"}], "type": "line"}