{"general_figure_info": {"figure_info": {"bbox": {"x": 297, "y": 35, "w": 413, "h": 570}}, "y_axis": {"label": {"bbox": [{"x": 40, "y": 302, "w": 11, "h": 35.578125}], "text": "Real value added in billion chained (2012) U.S. dollars"}, "major_labels": {"bboxes": [{"x": 276.5, "y": 277, "w": 25.888888888888886, "h": 248.0}, {"x": 328.5, "y": 277, "w": 25.888888888888886, "h": 248.0}, {"x": 379.5, "y": 277, "w": 25.888888888888886, "h": 248.0}, {"x": 431.5, "y": 277, "w": 25.888888888888886, "h": 248.0}, {"x": 483.5, "y": 277, "w": 25.888888888888886, "h": 248.0}, {"x": 534.5, "y": 277, "w": 25.888888888888886, "h": 248.0}, {"x": 586.5, "y": 277, "w": 25.888888888888886, "h": 248.0}, {"x": 637.5, "y": 277, "w": 25.888888888888886, "h": 248.0}, {"x": 690.5, "y": 277, "w": 25.888888888888886, "h": 248.0}]}}, "x_axis": {"major_labels": {"bboxes": [{"x": 214, "y": 49, "h": 12, "w": 69.71875}, {"x": 97, "y": 82, "h": 26, "w": 187.109375}, {"x": 83, "y": 131, "h": 12, "w": 201.05126953125}, {"x": 98, "y": 163, "h": 26, "w": 185.890625}, {"x": 112, "y": 212, "h": 12, "w": 172.310546875}, {"x": 205, "y": 253, "h": 12, "w": 79.5}, {"x": 228, "y": 294, "h": 12, "w": 56.265625}, {"x": 127, "y": 334, "h": 12, "w": 157.359375}, {"x": 222, "y": 375, "h": 12, "w": 61.765625}, {"x": 114, "y": 407, "h": 26, "w": 170.47900390625}, {"x": 229, "y": 456, "h": 12, "w": 55.03125}, {"x": 88, "y": 497, "h": 12, "w": 196.078125}, {"x": 249, "y": 538, "h": 12, "w": 35.94921875}, {"x": 119, "y": 570, "h": 26, "w": 165.60205078125}], "values": ["Manufacturing", "Finance, insurance, real estate, rental,", "Government and government enterprises", "Educational services, health care, and", "Professional and business services", "Wholesale trade", "Retail trade", "Transportation and warehousing", "Construction", "Arts, entertainment, recreation,", "Information", "Agriculture, forestry, fishing, and hunting", "Utilities", "Mining, quarrying, and oil and gas"]}, "label": {}}}, "models": [{"name": {}, "bboxes": [{"x": 296, "y": 41, "w": 367, "h": 28}, {"x": 296, "y": 82, "w": 292, "h": 28}, {"x": 296, "y": 123, "w": 244, "h": 28}, {"x": 296, "y": 163, "w": 179, "h": 28}, {"x": 296, "y": 204, "w": 169, "h": 28}, {"x": 296, "y": 245, "w": 137, "h": 28}, {"x": 296, "y": 286, "w": 120, "h": 28}, {"x": 296, "y": 326, "w": 78, "h": 28}, {"x": 296, "y": 367, "w": 72, "h": 28}, {"x": 296, "y": 408, "w": 51, "h": 28}, {"x": 296, "y": 448, "w": 56, "h": 28}, {"x": 296, "y": 489, "w": 45, "h": 28}, {"x": 296, "y": 530, "w": 36, "h": 28}, {"x": 296, "y": 571, "w": 18, "h": 28}], "x": ["Manufacturing", "Finance, insurance, real estate, rental,", "Government and government enterprises", "Educational services, health care, and", "Professional and business services", "Wholesale trade", "Retail trade", "Transportation and warehousing", "Construction", "Arts, entertainment, recreation,", "Information", "Agriculture, forestry, fishing, and hunting", "Utilities", "Mining, quarrying, and oil and gas"], "y": ["35.54", "28.29", "23.65", "17.37", "16.36", "13.26", "11.66", "7.53", "6.96", "4.91", "5.4", "4.34", "3.53", "1.74"], "colors": ["#2876dd", "#2876dd", "#2876dd", "#2876dd", "#2876dd", "#2876dd", "#2876dd", "#2876dd", "#2876dd", "#2876dd", "#2876dd", "#2876dd", "#2876dd", "#2876dd"], "labels": ["Manufacturing", "Finance, insurance, real estate, rental,", "Government and government enterprises", "Educational services, health care, and", "Professional and business services", "Wholesale trade", "Retail trade", "Transportation and warehousing", "Construction", "Arts, entertainment, recreation,", "Information", "Agriculture, forestry, fishing, and hunting", "Utilities", "Mining, quarrying, and oil and gas"]}], "type": "h_bar"}