{"general_figure_info": {"figure_info": {"bbox": {"x": 126, "y": 45, "w": 599, "h": 392}}, "y_axis": {"label": {"bbox": [{"x": 40, "y": 188, "w": 11, "h": 105.5498046875}], "text": "Turnover in million GBP"}, "major_labels": {"bboxes": [{"x": 65, "y": 422.5, "w": 51.0, "h": 36.0}, {"x": 65, "y": 357.5, "w": 51.0, "h": 36.0}, {"x": 65, "y": 291.5, "w": 51.0, "h": 36.0}, {"x": 65, "y": 226.5, "w": 51.0, "h": 36.0}, {"x": 65, "y": 161.5, "w": 51.0, "h": 36.0}, {"x": 65, "y": 95.5, "w": 51.0, "h": 36.0}, {"x": 65, "y": 29.5, "w": 51.0, "h": 36.0}]}}, "x_axis": {"major_labels": {"bboxes": [{"x": 139, "y": 447, "h": 12, "w": 24.484375}, {"x": 189, "y": 447, "h": 12, "w": 24.484375}, {"x": 239, "y": 447, "h": 12, "w": 24.484375}, {"x": 289, "y": 447, "h": 12, "w": 23.65625}, {"x": 338, "y": 447, "h": 12, "w": 24.484375}, {"x": 388, "y": 447, "h": 12, "w": 24.484375}, {"x": 438, "y": 447, "h": 12, "w": 24.484375}, {"x": 488, "y": 447, "h": 12, "w": 24.484375}, {"x": 538, "y": 447, "h": 12, "w": 24.484375}, {"x": 588, "y": 447, "h": 12, "w": 24.484375}, {"x": 638, "y": 447, "h": 12, "w": 24.484375}, {"x": 688, "y": 447, "h": 12, "w": 24.484375}], "values": ["2008", "2009", "2010", "2011", "2012", "2013", "2014", "2015", "2016", "2017", "2018", "2019"]}, "label": {}}}, "models": [{"name": {}, "bboxes": [{"x": 134, "y": 184, "w": 35, "h": 254}, {"x": 184, "y": 210, "w": 35, "h": 228}, {"x": 234, "y": 189, "w": 35, "h": 249}, {"x": 284, "y": 158, "w": 35, "h": 280}, {"x": 334, "y": 151, "w": 35, "h": 287}, {"x": 383, "y": 117, "w": 35, "h": 321}, {"x": 433, "y": 178, "w": 35, "h": 260}, {"x": 483, "y": 227, "w": 35, "h": 211}, {"x": 533, "y": 208, "w": 35, "h": 230}, {"x": 583, "y": 165, "w": 35, "h": 273}, {"x": 633, "y": 140, "w": 35, "h": 298}, {"x": 683, "y": 142, "w": 35, "h": 296}], "x": ["2008", "2009", "2010", "2011", "2012", "2013", "2014", "2015", "2016", "2017", "2018", "2019"], "y": ["777 154", "697 439", "760 741", "857 423", "878 145", "982 537", "795 235", "647 231", "703 753", "836 402", "911 160", "907 464"], "colors": ["#2876dd", "#2876dd", "#2876dd", "#2876dd", "#2876dd", "#2876dd", "#2876dd", "#2876dd", "#2876dd", "#2876dd", "#2876dd", "#2876dd"], "labels": ["2008", "2009", "2010", "2011", "2012", "2013", "2014", "2015", "2016", "2017", "2018", "2019"]}], "type": "v_bar"}