{"general_figure_info": {"figure_info": {"bbox": {"x": 194, "y": 35, "w": 516, "h": 380}}, "y_axis": {"label": {"bbox": [{"x": 409, "y": 446, "w": 85.73046875, "h": 11}], "text": "GVA in million GBP"}, "major_labels": {"bboxes": [{"x": 173.5, "y": 421, "w": 53.71428571428571, "h": 26.0}, {"x": 259.5, "y": 421, "w": 53.71428571428571, "h": 26.0}, {"x": 345.5, "y": 421, "w": 53.71428571428571, "h": 26.0}, {"x": 431.5, "y": 421, "w": 53.71428571428571, "h": 26.0}, {"x": 517.5, "y": 421, "w": 53.71428571428571, "h": 26.0}, {"x": 603.5, "y": 421, "w": 53.71428571428571, "h": 26.0}, {"x": 690.5, "y": 421, "w": 53.71428571428571, "h": 26.0}]}}, "x_axis": {"major_labels": {"bboxes": [{"x": 111, "y": 56, "h": 12, "w": 70.20068359375}, {"x": 51, "y": 110, "h": 12, "w": 130.115234375}, {"x": 81, "y": 165, "h": 12, "w": 100.17138671875}, {"x": 155, "y": 219, "h": 12, "w": 26.16845703125}, {"x": 102, "y": 273, "h": 12, "w": 79.9814453125}, {"x": 128, "y": 328, "h": 12, "w": 53.08837890625}, {"x": 131, "y": 382, "h": 12, "w": 50.63916015625}], "values": ["Meat products", "Other agricultural products", "Fruit and vegetables", "Diary", "Bakery products", "Beverages", "Edible oils"]}, "label": {}}}, "models": [{"name": {}, "bboxes": [{"x": 193, "y": 43, "w": 458, "h": 38}, {"x": 193, "y": 97, "w": 192, "h": 38}, {"x": 193, "y": 151, "w": 169, "h": 38}, {"x": 193, "y": 206, "w": 127, "h": 38}, {"x": 193, "y": 260, "w": 65, "h": 38}, {"x": 193, "y": 314, "w": 61, "h": 38}, {"x": 193, "y": 368, "w": 34, "h": 38}], "x": ["Meat products", "Other agricultural products", "Fruit and vegetables", "Diary", "Bakery products", "Beverages", "Edible oils"], "y": ["532", "223", "196", "148", "76", "71", "40"], "colors": ["#2876dd", "#2876dd", "#2876dd", "#2876dd", "#2876dd", "#2876dd", "#2876dd"], "labels": ["Meat products", "Other agricultural products", "Fruit and vegetables", "Diary", "Bakery products", "Beverages", "Edible oils"]}], "type": "h_bar"}