{"general_figure_info": {"figure_info": {"bbox": {"x": 94, "y": 45, "w": 631, "h": 392}}, "y_axis": {"label": {"bbox": [{"x": 40, "y": 186, "w": 11, "h": 110.078125}], "text": "Percentage of homicides"}, "major_labels": {"bboxes": [{"x": 65, "y": 422.5, "w": 19.0, "h": 19.200000000000003}, {"x": 65, "y": 378.5, "w": 19.0, "h": 19.200000000000003}, {"x": 65, "y": 335.5, "w": 19.0, "h": 19.200000000000003}, {"x": 65, "y": 291.5, "w": 19.0, "h": 19.200000000000003}, {"x": 65, "y": 248.5, "w": 19.0, "h": 19.200000000000003}, {"x": 65, "y": 204.5, "w": 19.0, "h": 19.200000000000003}, {"x": 65, "y": 161.5, "w": 19.0, "h": 19.200000000000003}, {"x": 65, "y": 117.5, "w": 19.0, "h": 19.200000000000003}, {"x": 65, "y": 74.5, "w": 19.0, "h": 19.200000000000003}, {"x": 65, "y": 29.5, "w": 19.0, "h": 19.200000000000003}]}}, "x_axis": {"major_labels": {"bboxes": [{"x": 104, "y": 447, "h": 12, "w": 24.484375}, {"x": 149, "y": 447, "h": 12, "w": 24.484375}, {"x": 194, "y": 447, "h": 12, "w": 24.484375}, {"x": 240, "y": 447, "h": 12, "w": 24.484375}, {"x": 285, "y": 447, "h": 12, "w": 24.484375}, {"x": 330, "y": 447, "h": 12, "w": 23.65625}, {"x": 375, "y": 447, "h": 12, "w": 24.484375}, {"x": 420, "y": 447, "h": 12, "w": 24.484375}, {"x": 465, "y": 447, "h": 12, "w": 24.484375}, {"x": 510, "y": 447, "h": 12, "w": 24.484375}, {"x": 555, "y": 447, "h": 12, "w": 24.484375}, {"x": 600, "y": 447, "h": 12, "w": 24.484375}, {"x": 645, "y": 447, "h": 12, "w": 24.484375}, {"x": 690, "y": 447, "h": 12, "w": 24.484375}], "values": ["2006", "2007", "2008", "2009", "2010", "2011", "2012", "2013", "2014", "2015", "2016", "2017", "2018", "2019"]}, "label": {}}}, "models": [{"name": {}, "bboxes": [{"x": 101, "y": 143, "w": 31, "h": 295}, {"x": 146, "y": 142, "w": 31, "h": 296}, {"x": 191, "y": 146, "w": 31, "h": 292}, {"x": 236, "y": 147, "w": 31, "h": 291}, {"x": 281, "y": 144, "w": 31, "h": 294}, {"x": 326, "y": 143, "w": 31, "h": 295}, {"x": 372, "y": 137, "w": 31, "h": 301}, {"x": 417, "y": 137, "w": 31, "h": 301}, {"x": 462, "y": 161, "w": 31, "h": 277}, {"x": 507, "y": 150, "w": 31, "h": 288}, {"x": 552, "y": 143, "w": 31, "h": 295}, {"x": 597, "y": 123, "w": 31, "h": 315}, {"x": 642, "y": 123, "w": 31, "h": 315}, {"x": 687, "y": 117, "w": 31, "h": 321}], "x": ["2006", "2007", "2008", "2009", "2010", "2011", "2012", "2013", "2014", "2015", "2016", "2017", "2018", "2019"], "y": ["67.77%", "67.91%", "66.99%", "66.89%", "67.52%", "67.63%", "69.03%", "69%", "63.55%", "66.03%", "67.72%", "72.43%", "72.3%", "73.66%"], "colors": ["#2876dd", "#2876dd", "#2876dd", "#2876dd", "#2876dd", "#2876dd", "#2876dd", "#2876dd", "#2876dd", "#2876dd", "#2876dd", "#2876dd", "#2876dd", "#2876dd"], "labels": ["2006", "2007", "2008", "2009", "2010", "2011", "2012", "2013", "2014", "2015", "2016", "2017", "2018", "2019"]}], "type": "v_bar"}