{"general_figure_info": {"figure_info": {"bbox": {"x": 82, "y": 45, "w": 643, "h": 392}}, "y_axis": {"label": {"bbox": [{"x": 40, "y": 188, "w": 11, "h": 106.734375}], "text": "Revenue in billion euros"}, "major_labels": {"bboxes": [{"x": 65, "y": 422.5, "w": 7.0, "h": 29.0}, {"x": 65, "y": 366.5, "w": 7.0, "h": 29.0}, {"x": 65, "y": 310.5, "w": 7.0, "h": 29.0}, {"x": 65, "y": 254.5, "w": 7.0, "h": 29.0}, {"x": 65, "y": 198.5, "w": 7.0, "h": 29.0}, {"x": 65, "y": 142.5, "w": 7.0, "h": 29.0}, {"x": 65, "y": 86.5, "w": 7.0, "h": 29.0}, {"x": 65, "y": 29.5, "w": 7.0, "h": 29.0}]}}, "x_axis": {"major_labels": {"bboxes": [{"x": 111, "y": 447, "h": 12, "w": 70.572265625}, {"x": 257, "y": 447, "h": 12, "w": 35.484375}, {"x": 375, "y": 447, "h": 12, "w": 57.35302734375}, {"x": 499, "y": 447, "h": 12, "w": 67.52685546875}, {"x": 611, "y": 447, "h": 12, "w": 99.31298828125}], "values": ["North America", "Europe", "Asia Pacific", "Latin America", "Middle East & Africa"]}, "label": {}}}, "models": [{"name": {}, "bboxes": [{"x": 102, "y": 102, "w": 88, "h": 336}, {"x": 231, "y": 310, "w": 88, "h": 128}, {"x": 360, "y": 386, "w": 88, "h": 52}, {"x": 488, "y": 425, "w": 88, "h": 13}, {"x": 617, "y": 422, "w": 88, "h": 16}], "x": ["North America", "Europe", "Asia Pacific", "Latin America", "Middle East & Africa"], "y": ["6", "2.28", "0.93", "0.23", "0.28"], "colors": ["#2876dd", "#2876dd", "#2876dd", "#2876dd", "#2876dd"], "labels": ["North America", "Europe", "Asia Pacific", "Latin America", "Middle East & Africa"]}], "type": "v_bar"}