{"general_figure_info": {"figure_info": {"bbox": {"x": 88, "y": 45, "w": 637, "h": 392}}, "y_axis": {"label": {"bbox": [{"x": 40, "y": 165, "w": 11, "h": 152.3125}], "text": "National debt in billion U.S. dollars"}, "major_labels": {"bboxes": [{"x": 65, "y": 422.5, "w": 13.0, "h": 36.0}, {"x": 65, "y": 357.5, "w": 13.0, "h": 36.0}, {"x": 65, "y": 291.5, "w": 13.0, "h": 36.0}, {"x": 65, "y": 226.5, "w": 13.0, "h": 36.0}, {"x": 65, "y": 161.5, "w": 13.0, "h": 36.0}, {"x": 65, "y": 95.5, "w": 13.0, "h": 36.0}, {"x": 65, "y": 29.5, "w": 13.0, "h": 36.0}]}}, "x_axis": {"major_labels": {"bboxes": [{"x": 105, "y": 447, "h": 12, "w": 24.484375}, {"x": 163, "y": 447, "h": 12, "w": 24.484375}, {"x": 221, "y": 447, "h": 12, "w": 24.484375}, {"x": 278, "y": 447, "h": 12, "w": 24.484375}, {"x": 336, "y": 447, "h": 12, "w": 24.484375}, {"x": 392, "y": 447, "h": 12, "w": 29.470703125}, {"x": 450, "y": 447, "h": 12, "w": 29.470703125}, {"x": 508, "y": 447, "h": 12, "w": 29.470703125}, {"x": 566, "y": 447, "h": 12, "w": 29.470703125}, {"x": 624, "y": 447, "h": 12, "w": 29.470703125}, {"x": 682, "y": 447, "h": 12, "w": 29.470703125}], "values": ["2016", "2017", "2018", "2019", "2020", "2021*", "2022*", "2023*", "2024*", "2025*", "2026*"]}, "label": {}}}, "models": [{"name": {}, "bboxes": [{"x": 97, "y": 306, "w": 40, "h": 132}, {"x": 155, "y": 297, "w": 40, "h": 141}, {"x": 213, "y": 282, "w": 40, "h": 156}, {"x": 271, "y": 255, "w": 40, "h": 183}, {"x": 329, "y": 219, "w": 40, "h": 219}, {"x": 387, "y": 200, "w": 40, "h": 238}, {"x": 445, "y": 186, "w": 40, "h": 252}, {"x": 503, "y": 171, "w": 40, "h": 267}, {"x": 560, "y": 159, "w": 40, "h": 279}, {"x": 618, "y": 149, "w": 40, "h": 289}, {"x": 676, "y": 138, "w": 40, "h": 300}], "x": ["2016", "2017", "2018", "2019", "2020", "2021*", "2022*", "2023*", "2024*", "2025*", "2026*"], "y": ["20.18", "21.64", "23.95", "28.01", "33.59", "36.43", "38.52", "40.87", "42.69", "44.24", "45.86"], "colors": ["#2876dd", "#2876dd", "#2876dd", "#2876dd", "#2876dd", "#2876dd", "#2876dd", "#2876dd", "#2876dd", "#2876dd", "#2876dd"], "labels": ["2016", "2017", "2018", "2019", "2020", "2021*", "2022*", "2023*", "2024*", "2025*", "2026*"]}], "type": "v_bar"}