{"general_figure_info": {"figure_info": {"bbox": {"x": 76, "y": 35, "w": 634, "h": 1052}}, "y_axis": {"label": {"bbox": [{"x": 320, "y": 1116, "w": 145.65625, "h": 11}], "text": "Birth rate per 1,000 of population"}, "major_labels": {"bboxes": [{"x": 55.5, "y": 1091, "w": 37.63636363636363, "h": 24.0}, {"x": 118.5, "y": 1091, "w": 37.63636363636363, "h": 24.0}, {"x": 182.5, "y": 1091, "w": 37.63636363636363, "h": 24.0}, {"x": 245.5, "y": 1091, "w": 37.63636363636363, "h": 24.0}, {"x": 309.5, "y": 1091, "w": 37.63636363636363, "h": 24.0}, {"x": 372.5, "y": 1091, "w": 37.63636363636363, "h": 24.0}, {"x": 435.5, "y": 1091, "w": 37.63636363636363, "h": 24.0}, {"x": 499.5, "y": 1091, "w": 37.63636363636363, "h": 24.0}, {"x": 562.5, "y": 1091, "w": 37.63636363636363, "h": 24.0}, {"x": 626.5, "y": 1091, "w": 37.63636363636363, "h": 24.0}, {"x": 690.5, "y": 1091, "w": 37.63636363636363, "h": 24.0}]}}, "x_axis": {"major_labels": {"bboxes": [{"x": 39, "y": 47, "h": 12, "w": 24.484375}, {"x": 39, "y": 82, "h": 12, "w": 24.484375}, {"x": 39, "y": 117, "h": 12, "w": 24.484375}, {"x": 39, "y": 152, "h": 12, "w": 24.484375}, {"x": 39, "y": 187, "h": 12, "w": 24.484375}, {"x": 39, "y": 222, "h": 12, "w": 24.484375}, {"x": 39, "y": 257, "h": 12, "w": 24.484375}, {"x": 39, "y": 292, "h": 12, "w": 24.484375}, {"x": 39, "y": 327, "h": 12, "w": 23.65625}, {"x": 39, "y": 362, "h": 12, "w": 24.484375}, {"x": 39, "y": 397, "h": 12, "w": 24.484375}, {"x": 39, "y": 432, "h": 12, "w": 24.484375}, {"x": 39, "y": 467, "h": 12, "w": 24.484375}, {"x": 39, "y": 502, "h": 12, "w": 24.484375}, {"x": 39, "y": 537, "h": 12, "w": 24.484375}, {"x": 39, "y": 573, "h": 12, "w": 24.484375}, {"x": 39, "y": 608, "h": 12, "w": 24.484375}, {"x": 39, "y": 643, "h": 12, "w": 24.484375}, {"x": 39, "y": 678, "h": 12, "w": 24.484375}, {"x": 39, "y": 713, "h": 12, "w": 24.484375}, {"x": 39, "y": 748, "h": 12, "w": 24.484375}, {"x": 39, "y": 783, "h": 12, "w": 24.484375}, {"x": 39, "y": 818, "h": 12, "w": 24.484375}, {"x": 39, "y": 853, "h": 12, "w": 24.484375}, {"x": 39, "y": 888, "h": 12, "w": 24.484375}, {"x": 39, "y": 923, "h": 12, "w": 24.484375}, {"x": 39, "y": 958, "h": 12, "w": 24.484375}, {"x": 39, "y": 993, "h": 12, "w": 24.484375}, {"x": 39, "y": 1028, "h": 12, "w": 24.484375}, {"x": 39, "y": 1063, "h": 12, "w": 24.484375}], "values": ["2019", "2018", "2017", "2016", "2015", "2014", "2013", "2012", "2011", "2010", "2009", "2008", "2007", "2006", "2005", "2004", "2003", "2002", "2001", "2000", "1999", "1998", "1997", "1996", "1995", "1994", "1993", "1992", "1991", "1990"]}, "label": {}}}, "models": [{"name": {}, "bboxes": [{"x": 75, "y": 41, "w": 361, "h": 24}, {"x": 75, "y": 76, "w": 368, "h": 24}, {"x": 75, "y": 111, "w": 374, "h": 24}, {"x": 75, "y": 146, "w": 387, "h": 24}, {"x": 75, "y": 181, "w": 393, "h": 24}, {"x": 75, "y": 216, "w": 396, "h": 24}, {"x": 75, "y": 251, "w": 393, "h": 24}, {"x": 75, "y": 286, "w": 399, "h": 24}, {"x": 75, "y": 321, "w": 403, "h": 24}, {"x": 75, "y": 356, "w": 412, "h": 24}, {"x": 75, "y": 391, "w": 428, "h": 24}, {"x": 75, "y": 426, "w": 444, "h": 24}, {"x": 75, "y": 461, "w": 453, "h": 24}, {"x": 75, "y": 496, "w": 453, "h": 24}, {"x": 75, "y": 531, "w": 444, "h": 24}, {"x": 75, "y": 567, "w": 444, "h": 24}, {"x": 75, "y": 602, "w": 447, "h": 24}, {"x": 75, "y": 637, "w": 444, "h": 24}, {"x": 75, "y": 672, "w": 447, "h": 24}, {"x": 75, "y": 707, "w": 456, "h": 24}, {"x": 75, "y": 742, "w": 450, "h": 24}, {"x": 75, "y": 777, "w": 453, "h": 24}, {"x": 75, "y": 812, "w": 450, "h": 24}, {"x": 75, "y": 847, "w": 456, "h": 24}, {"x": 75, "y": 882, "w": 463, "h": 24}, {"x": 75, "y": 917, "w": 475, "h": 24}, {"x": 75, "y": 952, "w": 488, "h": 24}, {"x": 75, "y": 987, "w": 501, "h": 24}, {"x": 75, "y": 1022, "w": 514, "h": 24}, {"x": 75, "y": 1057, "w": 529, "h": 24}], "x": ["2019", "2018", "2017", "2016", "2015", "2014", "2013", "2012", "2011", "2010", "2009", "2008", "2007", "2006", "2005", "2004", "2003", "2002", "2001", "2000", "1999", "1998", "1997", "1996", "1995", "1994", "1993", "1992", "1991", "1990"], "y": ["11.4", "11.6", "11.8", "12.2", "12.4", "12.5", "12.4", "12.6", "12.7", "13", "13.5", "14", "14.3", "14.3", "14", "14", "14.1", "14", "14.1", "14.4", "14.2", "14.3", "14.2", "14.4", "14.6", "15", "15.4", "15.8", "16.2", "16.7"], "colors": ["#2876dd", "#2876dd", "#2876dd", "#2876dd", "#2876dd", "#2876dd", "#2876dd", "#2876dd", "#2876dd", "#2876dd", "#2876dd", "#2876dd", "#2876dd", "#2876dd", "#2876dd", "#2876dd", "#2876dd", "#2876dd", "#2876dd", "#2876dd", "#2876dd", "#2876dd", "#2876dd", "#2876dd", "#2876dd", "#2876dd", "#2876dd", "#2876dd", "#2876dd", "#2876dd"], "labels": ["2019", "2018", "2017", "2016", "2015", "2014", "2013", "2012", "2011", "2010", "2009", "2008", "2007", "2006", "2005", "2004", "2003", "2002", "2001", "2000", "1999", "1998", "1997", "1996", "1995", "1994", "1993", "1992", "1991", "1990"]}], "type": "h_bar"}