{"general_figure_info": {"figure_info": {"bbox": {"x": 88, "y": 45, "w": 637, "h": 392}}, "y_axis": {"label": {"bbox": [{"x": 40, "y": 183, "w": 11, "h": 116.71875}], "text": "Number of lines in millions"}, "major_labels": {"bboxes": [{"x": 65, "y": 422.5, "w": 13.0, "h": 19.200000000000003}, {"x": 65, "y": 378.5, "w": 13.0, "h": 19.200000000000003}, {"x": 65, "y": 335.5, "w": 13.0, "h": 19.200000000000003}, {"x": 65, "y": 291.5, "w": 13.0, "h": 19.200000000000003}, {"x": 65, "y": 248.5, "w": 13.0, "h": 19.200000000000003}, {"x": 65, "y": 204.5, "w": 13.0, "h": 19.200000000000003}, {"x": 65, "y": 161.5, "w": 13.0, "h": 19.200000000000003}, {"x": 65, "y": 117.5, "w": 13.0, "h": 19.200000000000003}, {"x": 65, "y": 74.5, "w": 13.0, "h": 19.200000000000003}, {"x": 65, "y": 29.5, "w": 13.0, "h": 19.200000000000003}]}}, "x_axis": {"major_labels": {"bboxes": [{"x": 102, "y": 447, "h": 12, "w": 24.484375}, {"x": 155, "y": 447, "h": 12, "w": 24.484375}, {"x": 208, "y": 447, "h": 12, "w": 24.484375}, {"x": 262, "y": 447, "h": 12, "w": 24.484375}, {"x": 315, "y": 447, "h": 12, "w": 24.484375}, {"x": 368, "y": 447, "h": 12, "w": 23.65625}, {"x": 421, "y": 447, "h": 12, "w": 24.484375}, {"x": 474, "y": 447, "h": 12, "w": 24.484375}, {"x": 527, "y": 447, "h": 12, "w": 24.484375}, {"x": 580, "y": 447, "h": 12, "w": 24.484375}, {"x": 633, "y": 447, "h": 12, "w": 24.484375}, {"x": 686, "y": 447, "h": 12, "w": 24.484375}], "values": ["2006", "2007", "2008", "2009", "2010", "2011", "2012", "2013", "2014", "2015", "2016", "2017"]}, "label": {}}}, "models": [{"name": {}, "bboxes": [{"x": 96, "y": 141, "w": 37, "h": 297}, {"x": 149, "y": 137, "w": 37, "h": 301}, {"x": 203, "y": 138, "w": 37, "h": 300}, {"x": 256, "y": 128, "w": 37, "h": 310}, {"x": 309, "y": 128, "w": 37, "h": 310}, {"x": 362, "y": 124, "w": 37, "h": 314}, {"x": 415, "y": 124, "w": 37, "h": 314}, {"x": 468, "y": 123, "w": 37, "h": 315}, {"x": 521, "y": 120, "w": 37, "h": 318}, {"x": 574, "y": 119, "w": 37, "h": 319}, {"x": 627, "y": 117, "w": 37, "h": 321}, {"x": 680, "y": 117, "w": 37, "h": 321}], "x": ["2006", "2007", "2008", "2009", "2010", "2011", "2012", "2013", "2014", "2015", "2016", "2017"], "y": ["34.13", "34.53", "34.47", "35.58", "35.63", "36.09", "36.1", "36.2", "36.53", "36.67", "36.86", "36.87"], "colors": ["#2876dd", "#2876dd", "#2876dd", "#2876dd", "#2876dd", "#2876dd", "#2876dd", "#2876dd", "#2876dd", "#2876dd", "#2876dd", "#2876dd"], "labels": ["2006", "2007", "2008", "2009", "2010", "2011", "2012", "2013", "2014", "2015", "2016", "2017"]}], "type": "v_bar"}