{"general_figure_info": {"figure_info": {"bbox": {"x": 94, "y": 45, "w": 631, "h": 392}}, "y_axis": {"label": {"bbox": [{"x": 40, "y": 198, "w": 11, "h": 85.1572265625}], "text": "Output price index*"}, "major_labels": {"bboxes": [{"x": 65, "y": 422.5, "w": 19.0, "h": 23.555555555555557}, {"x": 65, "y": 373.5, "w": 19.0, "h": 23.555555555555557}, {"x": 65, "y": 324.5, "w": 19.0, "h": 23.555555555555557}, {"x": 65, "y": 275.5, "w": 19.0, "h": 23.555555555555557}, {"x": 65, "y": 226.5, "w": 19.0, "h": 23.555555555555557}, {"x": 65, "y": 177.5, "w": 19.0, "h": 23.555555555555557}, {"x": 65, "y": 128.5, "w": 19.0, "h": 23.555555555555557}, {"x": 65, "y": 79.5, "w": 19.0, "h": 23.555555555555557}, {"x": 65, "y": 29.5, "w": 19.0, "h": 23.555555555555557}]}}, "x_axis": {"major_labels": {"bboxes": [{"x": 100, "y": 447, "h": 12, "w": 24.484375}, {"x": 137, "y": 447, "h": 12, "w": 24.484375}, {"x": 175, "y": 447, "h": 12, "w": 24.484375}, {"x": 212, "y": 447, "h": 12, "w": 24.484375}, {"x": 249, "y": 447, "h": 12, "w": 24.484375}, {"x": 286, "y": 447, "h": 12, "w": 24.484375}, {"x": 323, "y": 447, "h": 12, "w": 24.484375}, {"x": 360, "y": 447, "h": 12, "w": 24.484375}, {"x": 398, "y": 447, "h": 12, "w": 23.65625}, {"x": 434, "y": 447, "h": 12, "w": 24.484375}, {"x": 471, "y": 447, "h": 12, "w": 24.484375}, {"x": 509, "y": 447, "h": 12, "w": 24.484375}, {"x": 546, "y": 447, "h": 12, "w": 24.484375}, {"x": 583, "y": 447, "h": 12, "w": 24.484375}, {"x": 620, "y": 447, "h": 12, "w": 24.484375}, {"x": 657, "y": 447, "h": 12, "w": 24.484375}, {"x": 694, "y": 447, "h": 12, "w": 24.484375}], "values": ["2003", "2004", "2005", "2006", "2007", "2008", "2009", "2010", "2011", "2012", "2013", "2014", "2015", "2016", "2017", "2018", "2019"]}, "label": {}}}, "models": [{"name": {}, "bboxes": [{"x": 100, "y": 295, "w": 26, "h": 143}, {"x": 137, "y": 290, "w": 26, "h": 148}, {"x": 174, "y": 284, "w": 26, "h": 154}, {"x": 211, "y": 277, "w": 26, "h": 161}, {"x": 248, "y": 270, "w": 26, "h": 168}, {"x": 285, "y": 263, "w": 26, "h": 175}, {"x": 323, "y": 252, "w": 26, "h": 186}, {"x": 360, "y": 242, "w": 26, "h": 196}, {"x": 397, "y": 225, "w": 26, "h": 213}, {"x": 434, "y": 205, "w": 26, "h": 233}, {"x": 471, "y": 188, "w": 26, "h": 250}, {"x": 508, "y": 168, "w": 26, "h": 270}, {"x": 545, "y": 157, "w": 26, "h": 281}, {"x": 582, "y": 144, "w": 26, "h": 294}, {"x": 620, "y": 129, "w": 26, "h": 309}, {"x": 657, "y": 107, "w": 26, "h": 331}, {"x": 694, "y": 94, "w": 26, "h": 344}], "x": ["2003", "2004", "2005", "2006", "2007", "2008", "2009", "2010", "2011", "2012", "2013", "2014", "2015", "2016", "2017", "2018", "2019"], "y": ["73", "75.6", "78.7", "81.9", "85.8", "89.5", "94.7", "100", "108.7", "118.9", "127.7", "137.6", "143.4", "150.1", "157.6", "168.9", "175.5"], "colors": ["#2876dd", "#2876dd", "#2876dd", "#2876dd", "#2876dd", "#2876dd", "#2876dd", "#2876dd", "#2876dd", "#2876dd", "#2876dd", "#2876dd", "#2876dd", "#2876dd", "#2876dd", "#2876dd", "#2876dd"], "labels": ["2003", "2004", "2005", "2006", "2007", "2008", "2009", "2010", "2011", "2012", "2013", "2014", "2015", "2016", "2017", "2018", "2019"]}], "type": "v_bar"}