{"general_figure_info": {"figure_info": {"bbox": {"x": 89, "y": 45, "w": 636, "h": 392}}, "y_axis": {"label": {"bbox": [{"x": 40, "y": 176, "w": 11, "h": 130.609375}], "text": "Number of followers in million"}, "major_labels": {"bboxes": [{"x": 65, "y": 422.5, "w": 14.0, "h": 23.555555555555557}, {"x": 65, "y": 373.5, "w": 14.0, "h": 23.555555555555557}, {"x": 65, "y": 324.5, "w": 14.0, "h": 23.555555555555557}, {"x": 65, "y": 275.5, "w": 14.0, "h": 23.555555555555557}, {"x": 65, "y": 226.5, "w": 14.0, "h": 23.555555555555557}, {"x": 65, "y": 177.5, "w": 14.0, "h": 23.555555555555557}, {"x": 65, "y": 128.5, "w": 14.0, "h": 23.555555555555557}, {"x": 65, "y": 79.5, "w": 14.0, "h": 23.555555555555557}, {"x": 65, "y": 29.5, "w": 14.0, "h": 23.555555555555557}]}}, "x_axis": {"major_labels": {"bboxes": [{"x": 171, "y": 447, "h": 12, "w": 48.8076171875}, {"x": 383, "y": 447, "h": 12, "w": 48.921875}, {"x": 603, "y": 447, "h": 12, "w": 32.72998046875}], "values": ["Facebook", "Instagram", "Twitter"]}, "label": {}}}, "models": [{"name": {}, "bboxes": [{"x": 122, "y": 91, "w": 146, "h": 347}, {"x": 334, "y": 233, "w": 146, "h": 205}, {"x": 546, "y": 312, "w": 146, "h": 126}], "x": ["Facebook", "Instagram", "Twitter"], "y": ["35.38", "20.93", "12.88"], "colors": ["#2876dd", "#2876dd", "#2876dd"], "labels": ["Facebook", "Instagram", "Twitter"]}], "type": "v_bar"}