{"general_figure_info": {"figure_info": {"bbox": {"x": 89, "y": 45, "w": 636, "h": 392}}, "y_axis": {"label": {"bbox": [{"x": 40, "y": 164, "w": 11, "h": 154.53125}], "text": "Number of shipments in thousands"}, "major_labels": {"bboxes": [{"x": 65, "y": 422.5, "w": 14.0, "h": 29.0}, {"x": 65, "y": 366.5, "w": 14.0, "h": 29.0}, {"x": 65, "y": 310.5, "w": 14.0, "h": 29.0}, {"x": 65, "y": 254.5, "w": 14.0, "h": 29.0}, {"x": 65, "y": 198.5, "w": 14.0, "h": 29.0}, {"x": 65, "y": 142.5, "w": 14.0, "h": 29.0}, {"x": 65, "y": 86.5, "w": 14.0, "h": 29.0}, {"x": 65, "y": 29.5, "w": 14.0, "h": 29.0}]}}, "x_axis": {"major_labels": {"bboxes": [{"x": 99, "y": 447, "h": 12, "w": 24.484375}, {"x": 145, "y": 447, "h": 12, "w": 24.484375}, {"x": 190, "y": 447, "h": 12, "w": 24.484375}, {"x": 236, "y": 447, "h": 12, "w": 24.484375}, {"x": 282, "y": 447, "h": 12, "w": 23.65625}, {"x": 327, "y": 447, "h": 12, "w": 24.484375}, {"x": 372, "y": 447, "h": 12, "w": 24.484375}, {"x": 417, "y": 447, "h": 12, "w": 24.484375}, {"x": 463, "y": 447, "h": 12, "w": 24.484375}, {"x": 508, "y": 447, "h": 12, "w": 24.484375}, {"x": 554, "y": 447, "h": 12, "w": 24.484375}, {"x": 599, "y": 447, "h": 12, "w": 24.484375}, {"x": 645, "y": 447, "h": 12, "w": 24.484375}, {"x": 690, "y": 447, "h": 12, "w": 24.484375}], "values": ["2007", "2008", "2009", "2010", "2011", "2012", "2013", "2014", "2015", "2016", "2017", "2018", "2019", "2020"]}, "label": {}}}, "models": [{"name": {}, "bboxes": [{"x": 96, "y": 128, "w": 32, "h": 310}, {"x": 142, "y": 280, "w": 32, "h": 158}, {"x": 187, "y": 364, "w": 32, "h": 74}, {"x": 232, "y": 297, "w": 32, "h": 141}, {"x": 278, "y": 299, "w": 32, "h": 139}, {"x": 323, "y": 280, "w": 32, "h": 158}, {"x": 369, "y": 224, "w": 32, "h": 214}, {"x": 414, "y": 192, "w": 32, "h": 246}, {"x": 460, "y": 173, "w": 32, "h": 265}, {"x": 505, "y": 131, "w": 32, "h": 307}, {"x": 550, "y": 87, "w": 32, "h": 351}, {"x": 596, "y": 115, "w": 32, "h": 323}, {"x": 641, "y": 177, "w": 32, "h": 261}, {"x": 687, "y": 210, "w": 32, "h": 228}], "x": ["2007", "2008", "2009", "2010", "2011", "2012", "2013", "2014", "2015", "2016", "2017", "2018", "2019", "2020"], "y": ["55.4", "28.3", "13.2", "25.2", "24.8", "28.3", "38.3", "43.9", "47.31", "54.74", "62.64", "57.59", "46.63", "40.8"], "colors": ["#2876dd", "#2876dd", "#2876dd", "#2876dd", "#2876dd", "#2876dd", "#2876dd", "#2876dd", "#2876dd", "#2876dd", "#2876dd", "#2876dd", "#2876dd", "#2876dd"], "labels": ["2007", "2008", "2009", "2010", "2011", "2012", "2013", "2014", "2015", "2016", "2017", "2018", "2019", "2020"]}], "type": "v_bar"}