{"general_figure_info": {"figure_info": {"bbox": {"x": 154, "y": 35, "w": 556, "h": 992}}, "y_axis": {"label": {"bbox": [{"x": 364, "y": 1056, "w": 136.71875, "h": 11}], "text": "Number of H&M store closures"}, "major_labels": {"bboxes": [{"x": 133.5, "y": 1031, "w": 35.6, "h": 24.0}, {"x": 195.5, "y": 1031, "w": 35.6, "h": 24.0}, {"x": 257.5, "y": 1031, "w": 35.6, "h": 24.0}, {"x": 318.5, "y": 1031, "w": 35.6, "h": 24.0}, {"x": 380.5, "y": 1031, "w": 35.6, "h": 24.0}, {"x": 442.5, "y": 1031, "w": 35.6, "h": 24.0}, {"x": 504.5, "y": 1031, "w": 35.6, "h": 24.0}, {"x": 565.5, "y": 1031, "w": 35.6, "h": 24.0}, {"x": 627.5, "y": 1031, "w": 35.6, "h": 24.0}, {"x": 690.5, "y": 1031, "w": 35.6, "h": 24.0}]}}, "x_axis": {"major_labels": {"bboxes": [{"x": 118, "y": 47, "h": 12, "w": 23.25}, {"x": 112, "y": 82, "h": 12, "w": 29.623046875}, {"x": 43, "y": 118, "h": 12, "w": 98.17138671875}, {"x": 118, "y": 153, "h": 12, "w": 23.28076171875}, {"x": 126, "y": 188, "h": 12, "w": 15.94384765625}, {"x": 101, "y": 224, "h": 12, "w": 39.765625}, {"x": 96, "y": 259, "h": 12, "w": 45.7353515625}, {"x": 107, "y": 295, "h": 12, "w": 34.25}, {"x": 96, "y": 330, "h": 12, "w": 45.123046875}, {"x": 82, "y": 366, "h": 12, "w": 59.81298828125}, {"x": 121, "y": 401, "h": 12, "w": 20.673828125}, {"x": 108, "y": 436, "h": 12, "w": 33.70947265625}, {"x": 101, "y": 472, "h": 12, "w": 39.75}, {"x": 104, "y": 507, "h": 12, "w": 37.7861328125}, {"x": 86, "y": 543, "h": 12, "w": 55.046875}, {"x": 105, "y": 578, "h": 12, "w": 36.078125}, {"x": 113, "y": 614, "h": 12, "w": 28.140625}, {"x": 80, "y": 649, "h": 12, "w": 62.03759765625}, {"x": 107, "y": 684, "h": 12, "w": 34.50537109375}, {"x": 84, "y": 720, "h": 12, "w": 56.859375}, {"x": 80, "y": 755, "h": 12, "w": 61.15625}, {"x": 91, "y": 791, "h": 12, "w": 50.15625}, {"x": 100, "y": 826, "h": 12, "w": 40.984375}, {"x": 107, "y": 862, "h": 12, "w": 34.265625}, {"x": 107, "y": 897, "h": 12, "w": 34.25}, {"x": 88, "y": 932, "h": 12, "w": 53.70068359375}, {"x": 76, "y": 968, "h": 12, "w": 64.828125}, {"x": 107, "y": 1003, "h": 12, "w": 35.11767578125}], "values": ["Total", "China", "Franchise and other", "USA", "UK", "Sweden", "Germany", "France", "Denmark", "Netherlands", "Italy", "Turkey", "Belgium", "Norway", "Hong Kong", "Finland", "Spain", "South Korea", "Russia", "Switzerland", "Luxembourg", "Singapore", "Portugal", "Poland", "Taiwan", "Philippines", "New Zealand", "Austria"]}, "label": {}}}, "models": [{"name": {}, "bboxes": [{"x": 153, "y": 40, "w": 462, "h": 25}, {"x": 153, "y": 75, "w": 57, "h": 25}, {"x": 153, "y": 111, "w": 52, "h": 25}, {"x": 153, "y": 146, "w": 49, "h": 25}, {"x": 153, "y": 182, "w": 47, "h": 25}, {"x": 153, "y": 217, "w": 30, "h": 25}, {"x": 153, "y": 252, "w": 25, "h": 25}, {"x": 153, "y": 288, "w": 25, "h": 25}, {"x": 153, "y": 323, "w": 22, "h": 25}, {"x": 153, "y": 359, "w": 20, "h": 25}, {"x": 153, "y": 394, "w": 20, "h": 25}, {"x": 153, "y": 430, "w": 20, "h": 25}, {"x": 153, "y": 465, "w": 20, "h": 25}, {"x": 153, "y": 500, "w": 17, "h": 25}, {"x": 153, "y": 536, "w": 10, "h": 25}, {"x": 153, "y": 571, "w": 7, "h": 25}, {"x": 153, "y": 607, "w": 7, "h": 25}, {"x": 153, "y": 642, "w": 5, "h": 25}, {"x": 153, "y": 678, "w": 5, "h": 25}, {"x": 153, "y": 713, "w": 5, "h": 25}, {"x": 153, "y": 748, "w": 2, "h": 25}, {"x": 153, "y": 784, "w": 2, "h": 25}, {"x": 153, "y": 819, "w": 2, "h": 25}, {"x": 153, "y": 855, "w": 2, "h": 25}, {"x": 153, "y": 890, "w": 2, "h": 25}, {"x": 153, "y": 926, "w": 2, "h": 25}, {"x": 153, "y": 961, "w": 2, "h": 25}, {"x": 153, "y": 996, "w": 2, "h": 25}], "x": ["Total", "China", "Franchise and other", "USA", "UK", "Sweden", "Germany", "France", "Denmark", "Netherlands", "Italy", "Turkey", "Belgium", "Norway", "Hong Kong", "Finland", "Spain", "South Korea", "Russia", "Switzerland", "Luxembourg", "Singapore", "Portugal", "Poland", "Taiwan", "Philippines", "New Zealand", "Austria"], "y": ["187", "23", "21", "20", "19", "12", "10", "10", "9", "8", "8", "8", "8", "7", "4", "3", "3", "2", "2", "2", "1", "1", "1", "1", "1", "1", "1", "1"], "colors": ["#808080", "#2876dd", "#2876dd", "#2876dd", "#2876dd", "#2876dd", "#2876dd", "#2876dd", "#2876dd", "#2876dd", "#2876dd", "#2876dd", "#2876dd", "#2876dd", "#2876dd", "#2876dd", "#2876dd", "#2876dd", "#2876dd", "#2876dd", "#2876dd", "#2876dd", "#2876dd", "#2876dd", "#2876dd", "#2876dd", "#2876dd", "#2876dd"], "labels": ["Total", "China", "Franchise and other", "USA", "UK", "Sweden", "Germany", "France", "Denmark", "Netherlands", "Italy", "Turkey", "Belgium", "Norway", "Hong Kong", "Finland", "Spain", "South Korea", "Russia", "Switzerland", "Luxembourg", "Singapore", "Portugal", "Poland", "Taiwan", "Philippines", "New Zealand", "Austria"]}], "type": "h_bar"}