{"general_figure_info": {"figure_info": {"bbox": {"x": 89, "y": 45, "w": 636, "h": 377}}, "y_axis": {"label": {"bbox": [{"x": 40, "y": 192, "w": 11, "h": 82.25}], "text": "Number in millions"}, "major_labels": {"bboxes": [{"x": 65, "y": 407.5, "w": 14.0, "h": 42.833333333333336}, {"x": 65, "y": 332.5, "w": 14.0, "h": 42.833333333333336}, {"x": 65, "y": 256.5, "w": 14.0, "h": 42.833333333333336}, {"x": 65, "y": 181.5, "w": 14.0, "h": 42.833333333333336}, {"x": 65, "y": 105.5, "w": 14.0, "h": 42.833333333333336}, {"x": 65, "y": 29.5, "w": 14.0, "h": 42.833333333333336}]}}, "x_axis": {"major_labels": {"bboxes": [{"x": 115, "y": 432, "h": 24, "w": 107.04833984375}, {"x": 267, "y": 432, "h": 24, "w": 120.46875}, {"x": 440, "y": 432, "h": 12, "w": 93.42529296875}, {"x": 587, "y": 432, "h": 24, "w": 116.78125}], "values": ["People living with HIV", "People on HIV treatment", "New HIV infections", "Number of AIDS-related"]}, "label": {}}}, "models": [{"name": {}, "bboxes": [{"x": 114, "y": 136, "w": 109, "h": 287}, {"x": 273, "y": 231, "w": 109, "h": 192}, {"x": 432, "y": 410, "w": 109, "h": 13}, {"x": 591, "y": 418, "w": 109, "h": 5}], "x": ["People living with HIV", "People on HIV treatment", "New HIV infections", "Number of AIDS-related"], "y": ["38", "25.4", "1.7", "0.69"], "colors": ["#2876dd", "#2876dd", "#2876dd", "#2876dd"], "labels": ["People living with HIV", "People on HIV treatment", "New HIV infections", "Number of AIDS-related"]}], "type": "v_bar"}