{"general_figure_info": {"figure_info": {"bbox": {"x": 142, "y": 35, "w": 568, "h": 380}}, "y_axis": {"label": {"bbox": [{"x": 365, "y": 446, "w": 121.171875, "h": 11}], "text": "Sales in million U.S. dollars"}, "major_labels": {"bboxes": [{"x": 121.5, "y": 421, "w": 36.8, "h": 26.0}, {"x": 184.5, "y": 421, "w": 36.8, "h": 26.0}, {"x": 247.5, "y": 421, "w": 36.8, "h": 26.0}, {"x": 310.5, "y": 421, "w": 36.8, "h": 26.0}, {"x": 373.5, "y": 421, "w": 36.8, "h": 26.0}, {"x": 437.5, "y": 421, "w": 36.8, "h": 26.0}, {"x": 500.5, "y": 421, "w": 36.8, "h": 26.0}, {"x": 563.5, "y": 421, "w": 36.8, "h": 26.0}, {"x": 626.5, "y": 421, "w": 36.8, "h": 26.0}, {"x": 690.5, "y": 421, "w": 36.8, "h": 26.0}]}}, "x_axis": {"major_labels": {"bboxes": [{"x": 68, "y": 50, "h": 12, "w": 60.546875}, {"x": 44, "y": 92, "h": 12, "w": 84.984375}, {"x": 84, "y": 135, "h": 12, "w": 44.65625}, {"x": 84, "y": 177, "h": 12, "w": 44.625}, {"x": 106, "y": 219, "h": 12, "w": 23.234375}, {"x": 69, "y": 261, "h": 12, "w": 60.419921875}, {"x": 77, "y": 303, "h": 12, "w": 51.984375}, {"x": 56, "y": 346, "h": 12, "w": 73.85302734375}, {"x": 78, "y": 388, "h": 12, "w": 50.765625}], "values": ["Private label", "Other Kraft Heinz", "Sargento", "Ellsworth", "Kraft", "Great Lakes", "Shullsburg", "All MDS Foods", "Belgioioso"]}, "label": {}}}, "models": [{"name": {}, "bboxes": [{"x": 141, "y": 42, "w": 479, "h": 29}, {"x": 141, "y": 84, "w": 92, "h": 29}, {"x": 141, "y": 126, "w": 64, "h": 29}, {"x": 141, "y": 168, "w": 62, "h": 29}, {"x": 141, "y": 210, "w": 39, "h": 29}, {"x": 141, "y": 253, "w": 36, "h": 29}, {"x": 141, "y": 295, "w": 20, "h": 29}, {"x": 141, "y": 337, "w": 19, "h": 29}, {"x": 141, "y": 379, "w": 15, "h": 29}], "x": ["Private label", "Other Kraft Heinz", "Sargento", "Ellsworth", "Kraft", "Great Lakes", "Shullsburg", "All MDS Foods", "Belgioioso"], "y": ["15.18", "2.92", "2.02", "1.98", "1.24", "1.15", "0.64", "0.61", "0.47"], "colors": ["#2876dd", "#2876dd", "#2876dd", "#2876dd", "#2876dd", "#2876dd", "#2876dd", "#2876dd", "#2876dd"], "labels": ["Private label", "Other Kraft Heinz", "Sargento", "Ellsworth", "Kraft", "Great Lakes", "Shullsburg", "All MDS Foods", "Belgioioso"]}], "type": "h_bar"}