{"general_figure_info": {"figure_info": {"bbox": {"x": 165, "y": 35, "w": 545, "h": 722}}, "y_axis": {"label": {"bbox": [{"x": 387, "y": 786, "w": 101.71875, "h": 11}], "text": "Share of daily smokers"}, "major_labels": {"bboxes": [{"x": 144.5, "y": 761, "w": 25.416666666666664, "h": 24.0}, {"x": 194.5, "y": 761, "w": 25.416666666666664, "h": 24.0}, {"x": 243.5, "y": 761, "w": 25.416666666666664, "h": 24.0}, {"x": 293.5, "y": 761, "w": 25.416666666666664, "h": 24.0}, {"x": 342.5, "y": 761, "w": 25.416666666666664, "h": 24.0}, {"x": 392.5, "y": 761, "w": 25.416666666666664, "h": 24.0}, {"x": 441.5, "y": 761, "w": 25.416666666666664, "h": 24.0}, {"x": 491.5, "y": 761, "w": 25.416666666666664, "h": 24.0}, {"x": 540.5, "y": 761, "w": 25.416666666666664, "h": 24.0}, {"x": 590.5, "y": 761, "w": 25.416666666666664, "h": 24.0}, {"x": 639.5, "y": 761, "w": 25.416666666666664, "h": 24.0}, {"x": 690.5, "y": 761, "w": 25.416666666666664, "h": 24.0}]}}, "x_axis": {"major_labels": {"bboxes": [{"x": 60, "y": 48, "h": 12, "w": 92.40576171875}, {"x": 60, "y": 86, "h": 12, "w": 92.59375}, {"x": 123, "y": 124, "h": 12, "w": 30.2353515625}, {"x": 117, "y": 162, "h": 12, "w": 35.484375}, {"x": 89, "y": 200, "h": 12, "w": 63.85302734375}, {"x": 112, "y": 238, "h": 12, "w": 40.2353515625}, {"x": 104, "y": 276, "h": 12, "w": 48.57763671875}, {"x": 69, "y": 314, "h": 12, "w": 82.5625}, {"x": 74, "y": 352, "h": 12, "w": 78.14990234375}, {"x": 119, "y": 390, "h": 12, "w": 33.8876953125}, {"x": 104, "y": 428, "h": 12, "w": 49.1953125}, {"x": 106, "y": 466, "h": 12, "w": 47.3583984375}, {"x": 79, "y": 504, "h": 12, "w": 73.869140625}, {"x": 113, "y": 542, "h": 12, "w": 39.125}, {"x": 112, "y": 580, "h": 12, "w": 41.24072265625}, {"x": 73, "y": 618, "h": 12, "w": 79.3798828125}, {"x": 121, "y": 656, "h": 12, "w": 32.05615234375}, {"x": 47, "y": 694, "h": 12, "w": 104.546875}, {"x": 118, "y": 732, "h": 12, "w": 34.50537109375}], "values": ["Region of Valencia", "Castile-La Mancha", "Ceuta", "Aragon", "Extremadura", "Asturias", "Cantabria", "Castile and Leon", "Balearic Islands", "Murcia", "Andalusia", "Catalonia", "Canary Islands", "Navarre", "La Rioja", "Basque Country", "Melilla", "Community of Madrid", "Galicia"]}, "label": {}}}, "models": [{"name": {}, "bboxes": [{"x": 164, "y": 41, "w": 495, "h": 26}, {"x": 164, "y": 79, "w": 476, "h": 26}, {"x": 164, "y": 117, "w": 476, "h": 26}, {"x": 164, "y": 155, "w": 476, "h": 26}, {"x": 164, "y": 193, "w": 476, "h": 26}, {"x": 164, "y": 231, "w": 456, "h": 26}, {"x": 164, "y": 269, "w": 456, "h": 26}, {"x": 164, "y": 307, "w": 456, "h": 26}, {"x": 164, "y": 345, "w": 456, "h": 26}, {"x": 164, "y": 383, "w": 456, "h": 26}, {"x": 164, "y": 421, "w": 436, "h": 26}, {"x": 164, "y": 459, "w": 436, "h": 26}, {"x": 164, "y": 497, "w": 436, "h": 26}, {"x": 164, "y": 535, "w": 396, "h": 26}, {"x": 164, "y": 573, "w": 396, "h": 26}, {"x": 164, "y": 611, "w": 377, "h": 26}, {"x": 164, "y": 649, "w": 377, "h": 26}, {"x": 164, "y": 687, "w": 377, "h": 26}, {"x": 164, "y": 725, "w": 357, "h": 26}], "x": ["Region of Valencia", "Castile-La Mancha", "Ceuta", "Aragon", "Extremadura", "Asturias", "Cantabria", "Castile and Leon", "Balearic Islands", "Murcia", "Andalusia", "Catalonia", "Canary Islands", "Navarre", "La Rioja", "Basque Country", "Melilla", "Community of Madrid", "Galicia"], "y": ["25%", "24%", "24%", "24%", "24%", "23%", "23%", "23%", "23%", "23%", "22%", "22%", "22%", "20%", "20%", "19%", "19%", "19%", "18%"], "colors": ["#2876dd", "#2876dd", "#2876dd", "#2876dd", "#2876dd", "#2876dd", "#2876dd", "#2876dd", "#2876dd", "#2876dd", "#2876dd", "#2876dd", "#2876dd", "#2876dd", "#2876dd", "#2876dd", "#2876dd", "#2876dd", "#2876dd"], "labels": ["Region of Valencia", "Castile-La Mancha", "Ceuta", "Aragon", "Extremadura", "Asturias", "Cantabria", "Castile and Leon", "Balearic Islands", "Murcia", "Andalusia", "Catalonia", "Canary Islands", "Navarre", "La Rioja", "Basque Country", "Melilla", "Community of Madrid", "Galicia"]}], "type": "h_bar"}