{"general_figure_info": {"figure_info": {"bbox": {"x": 76, "y": 35, "w": 634, "h": 1050}}, "y_axis": {"label": {"bbox": [{"x": 274, "y": 1116, "w": 238.453125, "h": 11}], "text": "Number of black married-couple families in thousands"}, "major_labels": {"bboxes": [{"x": 55.5, "y": 1091, "w": 32.833333333333336, "h": 26.0}, {"x": 113.5, "y": 1091, "w": 32.833333333333336, "h": 26.0}, {"x": 170.5, "y": 1091, "w": 32.833333333333336, "h": 26.0}, {"x": 228.5, "y": 1091, "w": 32.833333333333336, "h": 26.0}, {"x": 286.5, "y": 1091, "w": 32.833333333333336, "h": 26.0}, {"x": 343.5, "y": 1091, "w": 32.833333333333336, "h": 26.0}, {"x": 401.5, "y": 1091, "w": 32.833333333333336, "h": 26.0}, {"x": 458.5, "y": 1091, "w": 32.833333333333336, "h": 26.0}, {"x": 516.5, "y": 1091, "w": 32.833333333333336, "h": 26.0}, {"x": 574.5, "y": 1091, "w": 32.833333333333336, "h": 26.0}, {"x": 631.5, "y": 1091, "w": 32.833333333333336, "h": 26.0}, {"x": 690.5, "y": 1091, "w": 32.833333333333336, "h": 26.0}]}}, "x_axis": {"major_labels": {"bboxes": [{"x": 39, "y": 47, "h": 12, "w": 24.484375}, {"x": 39, "y": 82, "h": 12, "w": 24.484375}, {"x": 39, "y": 117, "h": 12, "w": 24.484375}, {"x": 39, "y": 152, "h": 12, "w": 24.484375}, {"x": 39, "y": 187, "h": 12, "w": 24.484375}, {"x": 39, "y": 222, "h": 12, "w": 24.484375}, {"x": 39, "y": 257, "h": 12, "w": 24.484375}, {"x": 39, "y": 292, "h": 12, "w": 24.484375}, {"x": 39, "y": 327, "h": 12, "w": 23.65625}, {"x": 39, "y": 362, "h": 12, "w": 24.484375}, {"x": 39, "y": 397, "h": 12, "w": 24.484375}, {"x": 39, "y": 432, "h": 12, "w": 24.484375}, {"x": 39, "y": 467, "h": 12, "w": 24.484375}, {"x": 39, "y": 502, "h": 12, "w": 24.484375}, {"x": 39, "y": 537, "h": 12, "w": 24.484375}, {"x": 39, "y": 572, "h": 12, "w": 24.484375}, {"x": 39, "y": 607, "h": 12, "w": 24.484375}, {"x": 39, "y": 642, "h": 12, "w": 24.484375}, {"x": 39, "y": 677, "h": 12, "w": 24.484375}, {"x": 39, "y": 712, "h": 12, "w": 24.484375}, {"x": 39, "y": 747, "h": 12, "w": 24.484375}, {"x": 39, "y": 782, "h": 12, "w": 24.484375}, {"x": 39, "y": 817, "h": 12, "w": 24.484375}, {"x": 39, "y": 852, "h": 12, "w": 24.484375}, {"x": 39, "y": 887, "h": 12, "w": 24.484375}, {"x": 39, "y": 922, "h": 12, "w": 24.484375}, {"x": 39, "y": 957, "h": 12, "w": 24.484375}, {"x": 39, "y": 992, "h": 12, "w": 24.484375}, {"x": 39, "y": 1027, "h": 12, "w": 24.484375}, {"x": 39, "y": 1062, "h": 12, "w": 24.484375}], "values": ["2019", "2018", "2017", "2016", "2015", "2014", "2013", "2012", "2011", "2010", "2009", "2008", "2007", "2006", "2005", "2004", "2003", "2002", "2001", "2000", "1999", "1998", "1997", "1996", "1995", "1994", "1993", "1992", "1991", "1990"]}, "label": {}}}, "models": [{"name": {}, "bboxes": [{"x": 75, "y": 40, "w": 548, "h": 24}, {"x": 75, "y": 75, "w": 538, "h": 24}, {"x": 75, "y": 110, "w": 544, "h": 24}, {"x": 75, "y": 145, "w": 547, "h": 24}, {"x": 75, "y": 180, "w": 511, "h": 24}, {"x": 75, "y": 215, "w": 517, "h": 24}, {"x": 75, "y": 250, "w": 539, "h": 24}, {"x": 75, "y": 285, "w": 517, "h": 24}, {"x": 75, "y": 320, "w": 503, "h": 24}, {"x": 75, "y": 355, "w": 492, "h": 24}, {"x": 75, "y": 390, "w": 493, "h": 24}, {"x": 75, "y": 425, "w": 506, "h": 24}, {"x": 75, "y": 460, "w": 498, "h": 24}, {"x": 75, "y": 495, "w": 502, "h": 24}, {"x": 75, "y": 530, "w": 476, "h": 24}, {"x": 75, "y": 565, "w": 481, "h": 24}, {"x": 75, "y": 600, "w": 478, "h": 24}, {"x": 75, "y": 635, "w": 480, "h": 24}, {"x": 75, "y": 670, "w": 488, "h": 24}, {"x": 75, "y": 705, "w": 486, "h": 24}, {"x": 75, "y": 740, "w": 478, "h": 24}, {"x": 75, "y": 775, "w": 459, "h": 24}, {"x": 75, "y": 810, "w": 452, "h": 24}, {"x": 75, "y": 845, "w": 444, "h": 24}, {"x": 75, "y": 880, "w": 428, "h": 24}, {"x": 75, "y": 915, "w": 443, "h": 24}, {"x": 75, "y": 950, "w": 428, "h": 24}, {"x": 75, "y": 985, "w": 435, "h": 24}, {"x": 75, "y": 1020, "w": 419, "h": 24}, {"x": 75, "y": 1055, "w": 411, "h": 24}], "x": ["2019", "2018", "2017", "2016", "2015", "2014", "2013", "2012", "2011", "2010", "2009", "2008", "2007", "2006", "2005", "2004", "2003", "2002", "2001", "2000", "1999", "1998", "1997", "1996", "1995", "1994", "1993", "1992", "1991", "1990"], "y": ["4 758", "4 664", "4 722", "4 749", "4 435", "4 488", "4 676", "4 483", "4 362", "4 267", "4 276", "4 386", "4 322", "4 359", "4 128", "4 171", "4 146", "4 165", "4 234", "4 214", "4 150", "3 979", "3 921", "3 851", "3 713", "3 842", "3 715", "3 777", "3 631", "3 569"], "colors": ["#2876dd", "#2876dd", "#2876dd", "#2876dd", "#2876dd", "#2876dd", "#2876dd", "#2876dd", "#2876dd", "#2876dd", "#2876dd", "#2876dd", "#2876dd", "#2876dd", "#2876dd", "#2876dd", "#2876dd", "#2876dd", "#2876dd", "#2876dd", "#2876dd", "#2876dd", "#2876dd", "#2876dd", "#2876dd", "#2876dd", "#2876dd", "#2876dd", "#2876dd", "rgb(40,118,221)"], "labels": ["2019", "2018", "2017", "2016", "2015", "2014", "2013", "2012", "2011", "2010", "2009", "2008", "2007", "2006", "2005", "2004", "2003", "2002", "2001", "2000", "1999", "1998", "1997", "1996", "1995", "1994", "1993", "1992", "1991", "1990"]}], "type": "h_bar"}