{"general_figure_info": {"figure_info": {"bbox": {"x": 110, "y": 45, "w": 615, "h": 392}}, "y_axis": {"label": {"bbox": [{"x": 40, "y": 208, "w": 11, "h": 65.626953125}], "text": "Gini coefficient"}, "major_labels": {"bboxes": [{"x": 65, "y": 422.5, "w": 35.0, "h": 23.555555555555557}, {"x": 65, "y": 373.5, "w": 35.0, "h": 23.555555555555557}, {"x": 65, "y": 324.5, "w": 35.0, "h": 23.555555555555557}, {"x": 65, "y": 275.5, "w": 35.0, "h": 23.555555555555557}, {"x": 65, "y": 226.5, "w": 35.0, "h": 23.555555555555557}, {"x": 65, "y": 177.5, "w": 35.0, "h": 23.555555555555557}, {"x": 65, "y": 128.5, "w": 35.0, "h": 23.555555555555557}, {"x": 65, "y": 79.5, "w": 35.0, "h": 23.555555555555557}, {"x": 65, "y": 29.5, "w": 35.0, "h": 23.555555555555557}]}}, "x_axis": {"major_labels": {"bboxes": [{"x": 126, "y": 447, "h": 12, "w": 24.484375}, {"x": 182, "y": 447, "h": 12, "w": 24.484375}, {"x": 238, "y": 447, "h": 12, "w": 23.65625}, {"x": 293, "y": 447, "h": 12, "w": 24.484375}, {"x": 349, "y": 447, "h": 12, "w": 24.484375}, {"x": 405, "y": 447, "h": 12, "w": 24.484375}, {"x": 461, "y": 447, "h": 12, "w": 24.484375}, {"x": 517, "y": 447, "h": 12, "w": 24.484375}, {"x": 573, "y": 447, "h": 12, "w": 24.484375}, {"x": 629, "y": 447, "h": 12, "w": 24.484375}, {"x": 685, "y": 447, "h": 12, "w": 24.484375}], "values": ["2009", "2010", "2011", "2012", "2013", "2014", "2015", "2016", "2017", "2018", "2019"]}, "label": {}}}, "models": [{"name": "line", "bboxes": [{"x": 138, "y": 242, "w": 56, "h": 118}, {"x": 194, "y": 242, "w": 56, "h": 0}, {"x": 250, "y": 242, "w": 56, "h": 157}, {"x": 306, "y": 281, "w": 56, "h": 118}, {"x": 362, "y": 281, "w": 56, "h": 20}, {"x": 418, "y": 222, "w": 56, "h": 79}, {"x": 474, "y": 222, "w": 56, "h": 79}, {"x": 530, "y": 164, "w": 56, "h": 137}, {"x": 586, "y": 66, "w": 56, "h": 98}, {"x": 642, "y": 66, "w": 56, "h": 0}], "x": ["2009", "2010", "2011", "2012", "2013", "2014", "2015", "2016", "2017", "2018", "2019"], "y": ["25.9%", "26.5%", "26.5%", "25.7%", "26.3%", "26.2%", "26.6%", "26.2%", "26.9%", "27.4%", "27.4%"], "label": " ", "color": "#2876dd"}], "type": "line"}