{"general_figure_info": {"figure_info": {"bbox": {"x": 110, "y": 45, "w": 615, "h": 392}}, "y_axis": {"label": {"bbox": [{"x": 40, "y": 181, "w": 11, "h": 119.275390625}], "text": "Expenditure in million GBP"}, "major_labels": {"bboxes": [{"x": 65, "y": 422.5, "w": 35.0, "h": 36.0}, {"x": 65, "y": 357.5, "w": 35.0, "h": 36.0}, {"x": 65, "y": 291.5, "w": 35.0, "h": 36.0}, {"x": 65, "y": 226.5, "w": 35.0, "h": 36.0}, {"x": 65, "y": 161.5, "w": 35.0, "h": 36.0}, {"x": 65, "y": 95.5, "w": 35.0, "h": 36.0}, {"x": 65, "y": 29.5, "w": 35.0, "h": 36.0}]}}, "x_axis": {"major_labels": {"bboxes": [{"x": 117, "y": 447, "h": 12, "w": 24.484375}, {"x": 155, "y": 447, "h": 12, "w": 24.484375}, {"x": 194, "y": 447, "h": 12, "w": 24.484375}, {"x": 232, "y": 447, "h": 12, "w": 24.484375}, {"x": 271, "y": 447, "h": 12, "w": 24.484375}, {"x": 309, "y": 447, "h": 12, "w": 24.484375}, {"x": 348, "y": 447, "h": 12, "w": 23.65625}, {"x": 386, "y": 447, "h": 12, "w": 24.484375}, {"x": 424, "y": 447, "h": 12, "w": 24.484375}, {"x": 463, "y": 447, "h": 12, "w": 24.484375}, {"x": 501, "y": 447, "h": 12, "w": 24.484375}, {"x": 540, "y": 447, "h": 12, "w": 24.484375}, {"x": 578, "y": 447, "h": 12, "w": 24.484375}, {"x": 617, "y": 447, "h": 12, "w": 24.484375}, {"x": 655, "y": 447, "h": 12, "w": 24.484375}, {"x": 694, "y": 447, "h": 12, "w": 24.484375}], "values": ["2005", "2006", "2007", "2008", "2009", "2010", "2011", "2012", "2013", "2014", "2015", "2016", "2017", "2018", "2019", "2020"]}, "label": {}}}, "models": [{"name": {}, "bboxes": [{"x": 116, "y": 213, "w": 27, "h": 225}, {"x": 155, "y": 209, "w": 27, "h": 229}, {"x": 193, "y": 235, "w": 27, "h": 203}, {"x": 231, "y": 247, "w": 27, "h": 191}, {"x": 270, "y": 254, "w": 27, "h": 184}, {"x": 308, "y": 254, "w": 27, "h": 184}, {"x": 347, "y": 252, "w": 27, "h": 186}, {"x": 385, "y": 237, "w": 27, "h": 201}, {"x": 424, "y": 247, "w": 27, "h": 191}, {"x": 462, "y": 210, "w": 27, "h": 228}, {"x": 500, "y": 196, "w": 27, "h": 242}, {"x": 539, "y": 139, "w": 27, "h": 299}, {"x": 577, "y": 199, "w": 27, "h": 239}, {"x": 616, "y": 191, "w": 27, "h": 247}, {"x": 654, "y": 170, "w": 27, "h": 268}, {"x": 693, "y": 224, "w": 27, "h": 214}], "x": ["2005", "2006", "2007", "2008", "2009", "2010", "2011", "2012", "2013", "2014", "2015", "2016", "2017", "2018", "2019", "2020"], "y": ["6 887", "7 017", "6 203", "5 842", "5 640", "5 633", "5 699", "6 167", "5 840", "6 978", "7 413", "9 159", "7 318", "7 556", "8 218", "6 547"], "colors": ["#2876dd", "#2876dd", "#2876dd", "#2876dd", "#2876dd", "#2876dd", "#2876dd", "#2876dd", "#2876dd", "#2876dd", "#2876dd", "#2876dd", "#2876dd", "#2876dd", "#2876dd", "#2876dd"], "labels": ["2005", "2006", "2007", "2008", "2009", "2010", "2011", "2012", "2013", "2014", "2015", "2016", "2017", "2018", "2019", "2020"]}], "type": "v_bar"}