{"general_figure_info": {"figure_info": {"bbox": {"x": 265, "y": 35, "w": 445, "h": 720}}, "y_axis": {"label": {"bbox": [{"x": 438, "y": 786, "w": 99.5, "h": 11}], "text": "Number of businesses"}, "major_labels": {"bboxes": [{"x": 244.5, "y": 761, "w": 54.16666666666667, "h": 26.0}, {"x": 333.5, "y": 761, "w": 54.16666666666667, "h": 26.0}, {"x": 422.5, "y": 761, "w": 54.16666666666667, "h": 26.0}, {"x": 511.5, "y": 761, "w": 54.16666666666667, "h": 26.0}, {"x": 600.5, "y": 761, "w": 54.16666666666667, "h": 26.0}, {"x": 690.5, "y": 761, "w": 54.16666666666667, "h": 26.0}]}}, "x_axis": {"major_labels": {"bboxes": [{"x": 124, "y": 48, "h": 12, "w": 127.796875}, {"x": 89, "y": 77, "h": 26, "w": 163.14794921875}, {"x": 181, "y": 124, "h": 12, "w": 70.53125}, {"x": 67, "y": 153, "h": 26, "w": 185.14404296875}, {"x": 182, "y": 200, "h": 12, "w": 69.71875}, {"x": 72, "y": 229, "h": 26, "w": 180.390625}, {"x": 75, "y": 267, "h": 26, "w": 177.21044921875}, {"x": 203, "y": 313, "h": 12, "w": 48.9375}, {"x": 59, "y": 351, "h": 12, "w": 193.09130859375}, {"x": 86, "y": 380, "h": 26, "w": 166.20166015625}, {"x": 93, "y": 427, "h": 12, "w": 159.46826171875}, {"x": 190, "y": 465, "h": 12, "w": 61.765625}, {"x": 77, "y": 494, "h": 26, "w": 175.98095703125}, {"x": 91, "y": 541, "h": 12, "w": 161.91748046875}, {"x": 87, "y": 578, "h": 12, "w": 165.109375}, {"x": 50, "y": 608, "h": 26, "w": 202.88720703125}, {"x": 60, "y": 654, "h": 12, "w": 192.87646484375}, {"x": 100, "y": 692, "h": 12, "w": 151.640625}, {"x": 149, "y": 730, "h": 12, "w": 102.734375}], "values": ["Wholesale and retail trade", "Accommodation and food service", "Transportation", "Membership organizations, repair and", "Manufacturing", "Real estate activities and renting and", "Professional, scientific and technical", "Education", "Human health and social work activities", "Arts, sports and recreation related", "Information and communications", "Construction", "Business facilities management and", "Financial and insurance activities", "Public administration and defense", "Sewerage, waste management, materials", "Electricity, gas, steam and water supply", "Agriculture, forestry and fishing", "Mining and quarrying"]}, "label": {}}}, "models": [{"name": {}, "bboxes": [{"x": 264, "y": 41, "w": 392, "h": 26}, {"x": 264, "y": 79, "w": 236, "h": 26}, {"x": 264, "y": 117, "w": 169, "h": 26}, {"x": 264, "y": 155, "w": 123, "h": 26}, {"x": 264, "y": 192, "w": 102, "h": 26}, {"x": 264, "y": 230, "w": 78, "h": 26}, {"x": 264, "y": 268, "w": 76, "h": 26}, {"x": 264, "y": 306, "w": 64, "h": 26}, {"x": 264, "y": 344, "w": 52, "h": 26}, {"x": 264, "y": 382, "w": 42, "h": 26}, {"x": 264, "y": 420, "w": 42, "h": 26}, {"x": 264, "y": 458, "w": 38, "h": 26}, {"x": 264, "y": 496, "w": 29, "h": 26}, {"x": 264, "y": 534, "w": 20, "h": 26}, {"x": 264, "y": 571, "w": 2, "h": 26}, {"x": 264, "y": 609, "w": 1, "h": 26}, {"x": 264, "y": 647, "w": 0, "h": 26}, {"x": 264, "y": 685, "w": 0, "h": 26}, {"x": 264, "y": 723, "w": 0, "h": 26}], "x": ["Wholesale and retail trade", "Accommodation and food service", "Transportation", "Membership organizations, repair and", "Manufacturing", "Real estate activities and renting and", "Professional, scientific and technical", "Education", "Human health and social work activities", "Arts, sports and recreation related", "Information and communications", "Construction", "Business facilities management and", "Financial and insurance activities", "Public administration and defense", "Sewerage, waste management, materials", "Electricity, gas, steam and water supply", "Agriculture, forestry and fishing", "Mining and quarrying"], "y": ["220 055", "132 475", "94 759", "69 345", "57 321", "43 611", "42 782", "35 761", "29 168", "23 527", "23 356", "21 626", "16 354", "11 444", "1 296", "475", "225", "24", "20"], "colors": ["#2876dd", "#2876dd", "#2876dd", "#2876dd", "#2876dd", "#2876dd", "#2876dd", "#2876dd", "#2876dd", "#2876dd", "#2876dd", "#2876dd", "#2876dd", "#2876dd", "#2876dd", "#2876dd", "#2876dd", "#2876dd", "#2876dd"], "labels": ["Wholesale and retail trade", "Accommodation and food service", "Transportation", "Membership organizations, repair and", "Manufacturing", "Real estate activities and renting and", "Professional, scientific and technical", "Education", "Human health and social work activities", "Arts, sports and recreation related", "Information and communications", "Construction", "Business facilities management and", "Financial and insurance activities", "Public administration and defense", "Sewerage, waste management, materials", "Electricity, gas, steam and water supply", "Agriculture, forestry and fishing", "Mining and quarrying"]}], "type": "h_bar"}