{"general_figure_info": {"figure_info": {"bbox": {"x": 166, "y": 35, "w": 544, "h": 752}}, "y_axis": {"label": {"bbox": [{"x": 394, "y": 816, "w": 88.390625, "h": 11}], "text": "Touchdowns scored"}, "major_labels": {"bboxes": [{"x": 145.5, "y": 791, "w": 40.44444444444444, "h": 24.0}, {"x": 213.5, "y": 791, "w": 40.44444444444444, "h": 24.0}, {"x": 281.5, "y": 791, "w": 40.44444444444444, "h": 24.0}, {"x": 349.5, "y": 791, "w": 40.44444444444444, "h": 24.0}, {"x": 417.5, "y": 791, "w": 40.44444444444444, "h": 24.0}, {"x": 485.5, "y": 791, "w": 40.44444444444444, "h": 24.0}, {"x": 553.5, "y": 791, "w": 40.44444444444444, "h": 24.0}, {"x": 621.5, "y": 791, "w": 40.44444444444444, "h": 24.0}, {"x": 690.5, "y": 791, "w": 40.44444444444444, "h": 24.0}]}}, "x_axis": {"major_labels": {"bboxes": [{"x": 86, "y": 48, "h": 12, "w": 67.28125}, {"x": 82, "y": 85, "h": 12, "w": 70.953125}, {"x": 100, "y": 123, "h": 12, "w": 52.578125}, {"x": 83, "y": 161, "h": 12, "w": 70.18994140625}, {"x": 91, "y": 198, "h": 12, "w": 62.24072265625}, {"x": 95, "y": 236, "h": 12, "w": 58.572265625}, {"x": 93, "y": 273, "h": 12, "w": 59.921875}, {"x": 86, "y": 311, "h": 12, "w": 67.28125}, {"x": 91, "y": 349, "h": 12, "w": 62.375}, {"x": 73, "y": 386, "h": 12, "w": 80.14990234375}, {"x": 44, "y": 424, "h": 12, "w": 109.453125}, {"x": 70, "y": 461, "h": 12, "w": 82.53125}, {"x": 89, "y": 499, "h": 12, "w": 63.59375}, {"x": 94, "y": 537, "h": 12, "w": 59.80224609375}, {"x": 74, "y": 574, "h": 12, "w": 78.875}, {"x": 73, "y": 612, "h": 12, "w": 79.5}, {"x": 99, "y": 649, "h": 12, "w": 54.40625}, {"x": 78, "y": 687, "h": 12, "w": 74.609375}, {"x": 90, "y": 725, "h": 12, "w": 63.47607421875}, {"x": 90, "y": 762, "h": 12, "w": 63.2666015625}], "values": ["Pete Johnson", "Chad Johnson", "A.J. Green", "James Brooks", "Carl Pickens", "Isaac Curtis", "Corey Dillon", "Rudi Johnson", "Eddie Brown", "Larry Kinnebrew", "T.J. Houshmandzadeh", "Cris Collinsworth", "Darnay Scott", "Bob Trumpy", "Rodney Holman", "Giovani Bernard", "Jeremy Hill", "Essex Johnson", "Boobie Clark", "Ickey Woods"]}, "label": {}}}, "models": [{"name": {}, "bboxes": [{"x": 165, "y": 41, "w": 476, "h": 26}, {"x": 165, "y": 78, "w": 449, "h": 26}, {"x": 165, "y": 116, "w": 442, "h": 26}, {"x": 165, "y": 153, "w": 435, "h": 26}, {"x": 165, "y": 191, "w": 435, "h": 26}, {"x": 165, "y": 229, "w": 360, "h": 26}, {"x": 165, "y": 266, "w": 340, "h": 26}, {"x": 165, "y": 304, "w": 333, "h": 26}, {"x": 165, "y": 341, "w": 279, "h": 26}, {"x": 165, "y": 379, "w": 272, "h": 26}, {"x": 165, "y": 417, "w": 258, "h": 26}, {"x": 165, "y": 454, "w": 245, "h": 26}, {"x": 165, "y": 492, "w": 245, "h": 26}, {"x": 165, "y": 529, "w": 238, "h": 26}, {"x": 165, "y": 567, "w": 231, "h": 26}, {"x": 165, "y": 605, "w": 224, "h": 26}, {"x": 165, "y": 642, "w": 204, "h": 26}, {"x": 165, "y": 680, "w": 197, "h": 26}, {"x": 165, "y": 717, "w": 184, "h": 26}, {"x": 165, "y": 755, "w": 184, "h": 26}], "x": ["Pete Johnson", "Chad Johnson", "A.J. Green", "James Brooks", "Carl Pickens", "Isaac Curtis", "Corey Dillon", "Rudi Johnson", "Eddie Brown", "Larry Kinnebrew", "T.J. Houshmandzadeh", "Cris Collinsworth", "Darnay Scott", "Bob Trumpy", "Rodney Holman", "Giovani Bernard", "Jeremy Hill", "Essex Johnson", "Boobie Clark", "Ickey Woods"], "y": ["70", "66", "65", "64", "64", "53", "50", "49", "41", "40", "38", "36", "36", "35", "34", "33", "30", "29", "27", "27"], "colors": ["#2876dd", "#2876dd", "#2876dd", "#2876dd", "#2876dd", "#2876dd", "#2876dd", "#2876dd", "#2876dd", "#2876dd", "#2876dd", "#2876dd", "#2876dd", "#2876dd", "#2876dd", "#2876dd", "#2876dd", "#2876dd", "#2876dd", "#2876dd"], "labels": ["Pete Johnson", "Chad Johnson", "A.J. Green", "James Brooks", "Carl Pickens", "Isaac Curtis", "Corey Dillon", "Rudi Johnson", "Eddie Brown", "Larry Kinnebrew", "T.J. Houshmandzadeh", "Cris Collinsworth", "Darnay Scott", "Bob Trumpy", "Rodney Holman", "Giovani Bernard", "Jeremy Hill", "Essex Johnson", "Boobie Clark", "Ickey Woods"]}], "type": "h_bar"}