{"general_figure_info": {"figure_info": {"bbox": {"x": 92, "y": 45, "w": 633, "h": 392}}, "y_axis": {"label": {"bbox": [{"x": 40, "y": 182, "w": 11, "h": 118.390625}], "text": "Sales in billion U.S. dollars"}, "major_labels": {"bboxes": [{"x": 65, "y": 422.5, "w": 17.0, "h": 36.0}, {"x": 65, "y": 357.5, "w": 17.0, "h": 36.0}, {"x": 65, "y": 291.5, "w": 17.0, "h": 36.0}, {"x": 65, "y": 226.5, "w": 17.0, "h": 36.0}, {"x": 65, "y": 161.5, "w": 17.0, "h": 36.0}, {"x": 65, "y": 95.5, "w": 17.0, "h": 36.0}, {"x": 65, "y": 29.5, "w": 17.0, "h": 36.0}]}}, "x_axis": {"major_labels": {"bboxes": [{"x": 185, "y": 447, "h": 12, "w": 24.484375}, {"x": 396, "y": 447, "h": 12, "w": 24.484375}, {"x": 607, "y": 447, "h": 12, "w": 24.484375}], "values": ["2013", "2014", "2015"]}, "label": {}}}, "models": [{"name": {}, "bboxes": [{"x": 125, "y": 137, "w": 145, "h": 301}, {"x": 336, "y": 111, "w": 145, "h": 327}, {"x": 547, "y": 111, "w": 145, "h": 327}], "x": ["2013", "2014", "2015"], "y": ["2.3", "2.5", "2.5"], "colors": ["#2876dd", "#2876dd", "#2876dd"], "labels": ["2013", "2014", "2015"]}], "type": "v_bar"}