{"general_figure_info": {"figure_info": {"bbox": {"x": 113, "y": 45, "w": 612, "h": 392}}, "y_axis": {"label": {"bbox": [{"x": 40, "y": 200, "w": 11, "h": 81.703125}], "text": "Number of players"}, "major_labels": {"bboxes": [{"x": 65, "y": 422.5, "w": 38.0, "h": 45.33333333333333}, {"x": 65, "y": 344.5, "w": 38.0, "h": 45.33333333333333}, {"x": 65, "y": 265.5, "w": 38.0, "h": 45.33333333333333}, {"x": 65, "y": 187.5, "w": 38.0, "h": 45.33333333333333}, {"x": 65, "y": 108.5, "w": 38.0, "h": 45.33333333333333}, {"x": 65, "y": 29.5, "w": 38.0, "h": 45.33333333333333}]}}, "x_axis": {"major_labels": {"bboxes": [{"x": 124, "y": 447, "h": 12, "w": 38.953125}, {"x": 185, "y": 447, "h": 12, "w": 38.953125}, {"x": 246, "y": 447, "h": 12, "w": 39.765625}, {"x": 307, "y": 447, "h": 12, "w": 39.765625}, {"x": 369, "y": 447, "h": 12, "w": 39.765625}, {"x": 430, "y": 447, "h": 12, "w": 39.765625}, {"x": 491, "y": 447, "h": 12, "w": 39.765625}, {"x": 552, "y": 447, "h": 12, "w": 39.765625}, {"x": 613, "y": 447, "h": 12, "w": 39.765625}, {"x": 675, "y": 447, "h": 12, "w": 39.765625}], "values": ["2010/11", "2011/12", "2012/13", "2013/14", "2014/15", "2015/16", "2016/17", "2017/18", "2018/19", "2019/20"]}, "label": {}}}, "models": [{"name": {}, "bboxes": [{"x": 123, "y": 267, "w": 42, "h": 171}, {"x": 184, "y": 284, "w": 42, "h": 154}, {"x": 245, "y": 154, "w": 42, "h": 284}, {"x": 306, "y": 110, "w": 42, "h": 328}, {"x": 367, "y": 248, "w": 42, "h": 190}, {"x": 429, "y": 243, "w": 42, "h": 195}, {"x": 490, "y": 235, "w": 42, "h": 203}, {"x": 551, "y": 227, "w": 42, "h": 211}, {"x": 612, "y": 258, "w": 42, "h": 180}, {"x": 673, "y": 221, "w": 42, "h": 217}], "x": ["2010/11", "2011/12", "2012/13", "2013/14", "2014/15", "2015/16", "2016/17", "2017/18", "2018/19", "2019/20"], "y": ["4 374", "3 937", "7 255", "8 355", "4 851", "4 968", "5 180", "5 370", "4 580", "5 525"], "colors": ["#2876dd", "#2876dd", "#2876dd", "#2876dd", "#2876dd", "#2876dd", "#2876dd", "#2876dd", "#2876dd", "#2876dd"], "labels": ["2010/11", "2011/12", "2012/13", "2013/14", "2014/15", "2015/16", "2016/17", "2017/18", "2018/19", "2019/20"]}], "type": "v_bar"}