{"general_figure_info": {"figure_info": {"bbox": {"x": 131, "y": 45, "w": 594, "h": 392}}, "y_axis": {"label": {"bbox": [{"x": 40, "y": 192, "w": 11, "h": 97.84375}], "text": "Number of inhabitants"}, "major_labels": {"bboxes": [{"x": 65, "y": 422.5, "w": 56.0, "h": 29.0}, {"x": 65, "y": 366.5, "w": 56.0, "h": 29.0}, {"x": 65, "y": 310.5, "w": 56.0, "h": 29.0}, {"x": 65, "y": 254.5, "w": 56.0, "h": 29.0}, {"x": 65, "y": 198.5, "w": 56.0, "h": 29.0}, {"x": 65, "y": 142.5, "w": 56.0, "h": 29.0}, {"x": 65, "y": 86.5, "w": 56.0, "h": 29.0}, {"x": 65, "y": 29.5, "w": 56.0, "h": 29.0}]}}, "x_axis": {"major_labels": {"bboxes": [{"x": 212, "y": 447, "h": 12, "w": 36.6875}, {"x": 416, "y": 447, "h": 12, "w": 23.84375}, {"x": 614, "y": 447, "h": 12, "w": 23.25}], "values": ["Female", "Male", "Total"]}, "label": {}}}, "models": [{"name": {}, "bboxes": [{"x": 162, "y": 281, "w": 136, "h": 157}, {"x": 360, "y": 285, "w": 136, "h": 153}, {"x": 558, "y": 128, "w": 136, "h": 310}], "x": ["Female", "Male", "Total"], "y": ["2 799 985", "2 733 808", "5 533 793"], "colors": ["#2876dd", "#2876dd", "#C0C0C0"], "labels": ["Female", "Male", "Total"]}], "type": "v_bar"}