{"general_figure_info": {"figure_info": {"bbox": {"x": 271, "y": 35, "w": 439, "h": 900}}, "y_axis": {"label": {"bbox": [{"x": 447, "y": 966, "w": 86.6201171875, "h": 11}], "text": "Attendance change"}, "major_labels": {"bboxes": [{"x": 250.5, "y": 941, "w": 42.714285714285715, "h": 26.0}, {"x": 323.5, "y": 941, "w": 42.714285714285715, "h": 26.0}, {"x": 396.5, "y": 941, "w": 42.714285714285715, "h": 26.0}, {"x": 470.5, "y": 941, "w": 42.714285714285715, "h": 26.0}, {"x": 543.5, "y": 941, "w": 42.714285714285715, "h": 26.0}, {"x": 616.5, "y": 941, "w": 42.714285714285715, "h": 26.0}, {"x": 690.5, "y": 941, "w": 42.714285714285715, "h": 26.0}]}}, "x_axis": {"major_labels": {"bboxes": [{"x": 95, "y": 47, "h": 12, "w": 164.1259765625}, {"x": 147, "y": 83, "h": 12, "w": 111.564453125}, {"x": 89, "y": 119, "h": 12, "w": 170.25439453125}, {"x": 130, "y": 155, "h": 12, "w": 129.06982421875}, {"x": 124, "y": 191, "h": 12, "w": 134.7890625}, {"x": 101, "y": 227, "h": 12, "w": 157.1767578125}, {"x": 94, "y": 263, "h": 12, "w": 164.16455078125}, {"x": 136, "y": 299, "h": 12, "w": 121.6875}, {"x": 105, "y": 335, "h": 12, "w": 153.1591796875}, {"x": 53, "y": 371, "h": 12, "w": 205.44140625}, {"x": 116, "y": 407, "h": 12, "w": 141.890625}, {"x": 145, "y": 443, "h": 12, "w": 112.9921875}, {"x": 86, "y": 479, "h": 12, "w": 172.7314453125}, {"x": 101, "y": 515, "h": 12, "w": 157.7568359375}, {"x": 136, "y": 551, "h": 12, "w": 122.296875}, {"x": 129, "y": 587, "h": 12, "w": 129.6767578125}, {"x": 134, "y": 623, "h": 12, "w": 124.140625}, {"x": 90, "y": 659, "h": 12, "w": 168.7890625}, {"x": 135, "y": 695, "h": 12, "w": 124.197265625}, {"x": 120, "y": 731, "h": 12, "w": 138.375}, {"x": 138, "y": 767, "h": 12, "w": 120.453125}, {"x": 104, "y": 803, "h": 12, "w": 154.09375}, {"x": 120, "y": 839, "h": 12, "w": 138.08056640625}, {"x": 119, "y": 875, "h": 12, "w": 139.6982421875}, {"x": 49, "y": 911, "h": 12, "w": 208.53125}], "values": ["OCT Happy Valley, Beijing, China", "Everland, South Korea", "Chimelong Ocean Kingdom, China", "Islands of Adventure, USA", "Chimelong Paradise, China", "Universal Studios Orlando, USA", "Disney's Hollywood Studios, USA", "Universal Studios, Japan", "Disney's Animal Kingdom, USA", "Magic Kingdom (Walt Disney World), USA", "Nagashima Spa Land, Japan", "Europa Park, Germany", "Disney's California Adventure, USA", "Epcot (Walt Disney World), USA", "Tokyo Disneyland, Japan", "Disneyland Anaheim, USA", "Tokyo Disney Sea, Japan", "Universal Studios Hollywood, USA", "Lotte World, South Korea", "Walt Disney Studios, France", "Disneyland Park, France", "Ocean Park, Hong Kong S.A.R.", "De Efteling, the Netherlands", "Shanghai Disneyland, China", "Hong Kong Disneyland, Hong Kong S.A.R."]}, "label": {}}}, "models": [{"name": {}, "bboxes": [{"x": 417, "y": 40, "w": 216, "h": 25}, {"x": 417, "y": 76, "w": 94, "h": 25}, {"x": 417, "y": 112, "w": 61, "h": 25}, {"x": 417, "y": 148, "w": 43, "h": 25}, {"x": 417, "y": 184, "w": 34, "h": 25}, {"x": 417, "y": 220, "w": 14, "h": 25}, {"x": 417, "y": 256, "w": 14, "h": 25}, {"x": 417, "y": 292, "w": 10, "h": 25}, {"x": 417, "y": 328, "w": 7, "h": 25}, {"x": 417, "y": 364, "w": 3, "h": 25}, {"x": 417, "y": 400, "w": 3, "h": 25}, {"x": 417, "y": 436, "w": 3, "h": 25}, {"x": 416, "y": 472, "w": 1, "h": 25}, {"x": 416, "y": 508, "w": 1, "h": 25}, {"x": 416, "y": 544, "w": 1, "h": 25}, {"x": 416, "y": 580, "w": 1, "h": 25}, {"x": 416, "y": 616, "w": 1, "h": 25}, {"x": 416, "y": 652, "w": 1, "h": 25}, {"x": 416, "y": 688, "w": 1, "h": 25}, {"x": 409, "y": 724, "w": 8, "h": 25}, {"x": 409, "y": 760, "w": 8, "h": 25}, {"x": 404, "y": 796, "w": 13, "h": 25}, {"x": 404, "y": 832, "w": 13, "h": 25}, {"x": 380, "y": 868, "w": 37, "h": 25}, {"x": 307, "y": 904, "w": 110, "h": 25}], "x": ["OCT Happy Valley, Beijing, China", "Everland, South Korea", "Chimelong Ocean Kingdom, China", "Islands of Adventure, USA", "Chimelong Paradise, China", "Universal Studios Orlando, USA", "Disney's Hollywood Studios, USA", "Universal Studios, Japan", "Disney's Animal Kingdom, USA", "Magic Kingdom (Walt Disney World), USA", "Nagashima Spa Land, Japan", "Europa Park, Germany", "Disney's California Adventure, USA", "Epcot (Walt Disney World), USA", "Tokyo Disneyland, Japan", "Disneyland Anaheim, USA", "Tokyo Disney Sea, Japan", "Universal Studios Hollywood, USA", "Lotte World, South Korea", "Walt Disney Studios, France", "Disneyland Park, France", "Ocean Park, Hong Kong S.A.R.", "De Efteling, the Netherlands", "Shanghai Disneyland, China", "Hong Kong Disneyland, Hong Kong S.A.R."], "y": ["29.6%", "12.9%", "8.4%", "6%", "4.8%", "2%", "2%", "1.4%", "1%", "0.5%", "0.5%", "0.5%", "0%", "0%", "0%", "0%", "0%", "0%", "-0.1%", "-1%", "-1%", "-1.7%", "-1.7%", "-5%", "-15%"], "colors": ["#2876dd", "#2876dd", "#2876dd", "#2876dd", "#2876dd", "#2876dd", "#2876dd", "#2876dd", "#2876dd", "#2876dd", "#2876dd", "#2876dd", "#2876dd", "#2876dd", "#2876dd", "#2876dd", "#2876dd", "#2876dd", "#2876dd", "#2876dd", "#2876dd", "#2876dd", "#2876dd", "#2876dd", "#2876dd"], "labels": ["OCT Happy Valley, Beijing, China", "Everland, South Korea", "Chimelong Ocean Kingdom, China", "Islands of Adventure, USA", "Chimelong Paradise, China", "Universal Studios Orlando, USA", "Disney's Hollywood Studios, USA", "Universal Studios, Japan", "Disney's Animal Kingdom, USA", "Magic Kingdom (Walt Disney World), USA", "Nagashima Spa Land, Japan", "Europa Park, Germany", "Disney's California Adventure, USA", "Epcot (Walt Disney World), USA", "Tokyo Disneyland, Japan", "Disneyland Anaheim, USA", "Tokyo Disney Sea, Japan", "Universal Studios Hollywood, USA", "Lotte World, South Korea", "Walt Disney Studios, France", "Disneyland Park, France", "Ocean Park, Hong Kong S.A.R.", "De Efteling, the Netherlands", "Shanghai Disneyland, China", "Hong Kong Disneyland, Hong Kong S.A.R."]}], "type": "h_bar"}