{"general_figure_info": {"figure_info": {"bbox": {"x": 99, "y": 45, "w": 626, "h": 377}}, "y_axis": {"label": {"bbox": [{"x": 40, "y": 147, "w": 11, "h": 172.3125}], "text": "Operating income in billion U.S. dollars"}, "major_labels": {"bboxes": [{"x": 65, "y": 407.5, "w": 24.0, "h": 27.125}, {"x": 65, "y": 353.5, "w": 24.0, "h": 27.125}, {"x": 65, "y": 299.5, "w": 24.0, "h": 27.125}, {"x": 65, "y": 245.5, "w": 24.0, "h": 27.125}, {"x": 65, "y": 192.5, "w": 24.0, "h": 27.125}, {"x": 65, "y": 138.5, "w": 24.0, "h": 27.125}, {"x": 65, "y": 84.5, "w": 24.0, "h": 27.125}, {"x": 65, "y": 29.5, "w": 24.0, "h": 27.125}]}}, "x_axis": {"major_labels": {"bboxes": [{"x": 139, "y": 432, "h": 12, "w": 77.5322265625}, {"x": 275, "y": 432, "h": 24, "w": 118.015625}, {"x": 439, "y": 432, "h": 12, "w": 101.515625}, {"x": 595, "y": 432, "h": 24, "w": 104.57763671875}], "values": ["Media networks", "Parks, experiences, and", "Studio entertainment", "Direct-to-consumer &"]}, "label": {}}}, "models": [{"name": {}, "bboxes": [{"x": 124, "y": 121, "w": 108, "h": 194}, {"x": 280, "y": 314, "w": 108, "h": 1}, {"x": 437, "y": 261, "w": 108, "h": 54}, {"x": 593, "y": 315, "w": 108, "h": 61}], "x": ["Media networks", "Parks, experiences, and", "Studio entertainment", "Direct-to-consumer &"], "y": ["9.02", "0.08", "2.5", "-2.81"], "colors": ["#2876dd", "#2876dd", "#2876dd", "#2876dd"], "labels": ["Media networks", "Parks, experiences, and", "Studio entertainment", "Direct-to-consumer &"]}], "type": "v_bar"}