{"general_figure_info": {"figure_info": {"bbox": {"x": 113, "y": 45, "w": 612, "h": 392}}, "y_axis": {"label": {"bbox": [{"x": 40, "y": 183, "w": 11, "h": 115.609375}], "text": "Sales in million US dollars"}, "major_labels": {"bboxes": [{"x": 65, "y": 422.5, "w": 38.0, "h": 29.0}, {"x": 65, "y": 366.5, "w": 38.0, "h": 29.0}, {"x": 65, "y": 310.5, "w": 38.0, "h": 29.0}, {"x": 65, "y": 254.5, "w": 38.0, "h": 29.0}, {"x": 65, "y": 198.5, "w": 38.0, "h": 29.0}, {"x": 65, "y": 142.5, "w": 38.0, "h": 29.0}, {"x": 65, "y": 86.5, "w": 38.0, "h": 29.0}, {"x": 65, "y": 29.5, "w": 38.0, "h": 29.0}]}}, "x_axis": {"major_labels": {"bboxes": [{"x": 129, "y": 447, "h": 12, "w": 24.484375}, {"x": 185, "y": 447, "h": 12, "w": 23.65625}, {"x": 240, "y": 447, "h": 12, "w": 24.484375}, {"x": 295, "y": 447, "h": 12, "w": 24.484375}, {"x": 351, "y": 447, "h": 12, "w": 24.484375}, {"x": 405, "y": 447, "h": 12, "w": 29.470703125}, {"x": 458, "y": 447, "h": 12, "w": 33.75146484375}, {"x": 514, "y": 447, "h": 12, "w": 33.75146484375}, {"x": 569, "y": 447, "h": 12, "w": 33.75146484375}, {"x": 625, "y": 447, "h": 12, "w": 33.75146484375}, {"x": 681, "y": 447, "h": 12, "w": 33.75146484375}], "values": ["2010", "2011", "2012", "2013", "2014", "2015*", "2016**", "2017**", "2018**", "2019**", "2020**"]}, "label": {}}}, "models": [{"name": {}, "bboxes": [{"x": 122, "y": 196, "w": 39, "h": 242}, {"x": 177, "y": 169, "w": 39, "h": 269}, {"x": 233, "y": 159, "w": 39, "h": 279}, {"x": 289, "y": 154, "w": 39, "h": 284}, {"x": 344, "y": 140, "w": 39, "h": 298}, {"x": 400, "y": 153, "w": 39, "h": 285}, {"x": 456, "y": 148, "w": 39, "h": 290}, {"x": 511, "y": 141, "w": 39, "h": 297}, {"x": 567, "y": 131, "w": 39, "h": 307}, {"x": 623, "y": 121, "w": 39, "h": 317}, {"x": 678, "y": 111, "w": 39, "h": 327}], "x": ["2010", "2011", "2012", "2013", "2014", "2015*", "2016**", "2017**", "2018**", "2019**", "2020**"], "y": ["21 603.22", "24 058.53", "24 887.6", "25 385.23", "26 607.75", "25 419.98", "25 858.12", "26 505.27", "27 381.2", "28 338.32", "29 163.07"], "colors": ["#2876dd", "#2876dd", "#2876dd", "#2876dd", "#2876dd", "#2876dd", "#2876dd", "#2876dd", "#2876dd", "#2876dd", "#2876dd"], "labels": ["2010", "2011", "2012", "2013", "2014", "2015*", "2016**", "2017**", "2018**", "2019**", "2020**"]}], "type": "v_bar"}