{"general_figure_info": {"figure_info": {"bbox": {"x": 198, "y": 35, "w": 512, "h": 570}}, "y_axis": {"label": {"bbox": [{"x": 400, "y": 636, "w": 108.40625, "h": 11}], "text": "Number of books owned"}, "major_labels": {"bboxes": [{"x": 177.5, "y": 611, "w": 53.14285714285714, "h": 26.0}, {"x": 262.5, "y": 611, "w": 53.14285714285714, "h": 26.0}, {"x": 348.5, "y": 611, "w": 53.14285714285714, "h": 26.0}, {"x": 433.5, "y": 611, "w": 53.14285714285714, "h": 26.0}, {"x": 518.5, "y": 611, "w": 53.14285714285714, "h": 26.0}, {"x": 604.5, "y": 611, "w": 53.14285714285714, "h": 26.0}, {"x": 690.5, "y": 611, "w": 53.14285714285714, "h": 26.0}]}}, "x_axis": {"major_labels": {"bboxes": [{"x": 133, "y": 49, "h": 12, "w": 52.470703125}, {"x": 148, "y": 90, "h": 12, "w": 37.79150390625}, {"x": 145, "y": 131, "h": 12, "w": 40.2353515625}, {"x": 127, "y": 171, "h": 12, "w": 58.58837890625}, {"x": 127, "y": 212, "h": 12, "w": 58.58837890625}, {"x": 127, "y": 253, "h": 12, "w": 58.58837890625}, {"x": 116, "y": 294, "h": 12, "w": 69.5830078125}, {"x": 137, "y": 334, "h": 12, "w": 47.703125}, {"x": 137, "y": 375, "h": 12, "w": 47.703125}, {"x": 137, "y": 416, "h": 12, "w": 47.703125}, {"x": 136, "y": 456, "h": 12, "w": 48.921875}, {"x": 110, "y": 497, "h": 12, "w": 75.21875}, {"x": 54, "y": 538, "h": 12, "w": 131.453125}, {"x": 76, "y": 579, "h": 12, "w": 109.4375}], "values": ["All parents", "Fathers", "Mothers", "18-30 years", "31-35 years", "36-40 years", "Over 41 years", "Group AB", "Group C1", "Group C2", "Group DE", "No qualification", "Non-university qualification", "University qualification"]}, "label": {}}}, "models": [{"name": {}, "bboxes": [{"x": 197, "y": 41, "w": 380, "h": 28}, {"x": 197, "y": 82, "w": 367, "h": 28}, {"x": 197, "y": 123, "w": 397, "h": 28}, {"x": 197, "y": 163, "w": 230, "h": 28}, {"x": 197, "y": 204, "w": 358, "h": 28}, {"x": 197, "y": 245, "w": 418, "h": 28}, {"x": 197, "y": 286, "w": 448, "h": 28}, {"x": 197, "y": 326, "w": 439, "h": 28}, {"x": 197, "y": 367, "w": 367, "h": 28}, {"x": 197, "y": 408, "w": 333, "h": 28}, {"x": 197, "y": 448, "w": 307, "h": 28}, {"x": 197, "y": 489, "w": 149, "h": 28}, {"x": 197, "y": 530, "w": 324, "h": 28}, {"x": 197, "y": 571, "w": 435, "h": 28}], "x": ["All parents", "Fathers", "Mothers", "18-30 years", "31-35 years", "36-40 years", "Over 41 years", "Group AB", "Group C1", "Group C2", "Group DE", "No qualification", "Non-university qualification", "University qualification"], "y": ["89", "86", "93", "54", "84", "98", "105", "103", "86", "78", "72", "35", "76", "102"], "colors": ["#C0C0C0", "#2876dd", "#2876dd", "#2876dd", "#2876dd", "#2876dd", "#2876dd", "#2876dd", "#2876dd", "#2876dd", "#2876dd", "#2876dd", "#2876dd", "#2876dd"], "labels": ["All parents", "Fathers", "Mothers", "18-30 years", "31-35 years", "36-40 years", "Over 41 years", "Group AB", "Group C1", "Group C2", "Group DE", "No qualification", "Non-university qualification", "University qualification"]}], "type": "h_bar"}