{"general_figure_info": {"figure_info": {"bbox": {"x": 291, "y": 35, "w": 419, "h": 380}}, "y_axis": {"label": {"bbox": [{"x": 40, "y": 206, "w": 11, "h": 38.34375}], "text": "Number of fatalities"}, "major_labels": {"bboxes": [{"x": 270.5, "y": 181, "w": 39.857142857142854, "h": 154.0}, {"x": 340.5, "y": 181, "w": 39.857142857142854, "h": 154.0}, {"x": 410.5, "y": 181, "w": 39.857142857142854, "h": 154.0}, {"x": 480.5, "y": 181, "w": 39.857142857142854, "h": 154.0}, {"x": 549.5, "y": 181, "w": 39.857142857142854, "h": 154.0}, {"x": 619.5, "y": 181, "w": 39.857142857142854, "h": 154.0}, {"x": 690.5, "y": 181, "w": 39.857142857142854, "h": 154.0}]}}, "x_axis": {"major_labels": {"bboxes": [{"x": 96, "y": 40, "h": 26, "w": 182.203125}, {"x": 87, "y": 86, "h": 12, "w": 191.390625}, {"x": 139, "y": 124, "h": 12, "w": 139.390625}, {"x": 93, "y": 154, "h": 26, "w": 184.640625}, {"x": 96, "y": 192, "h": 26, "w": 182.203125}, {"x": 172, "y": 238, "h": 12, "w": 106.390625}, {"x": 82, "y": 268, "h": 26, "w": 196.13134765625}, {"x": 113, "y": 314, "h": 12, "w": 164.6875}, {"x": 98, "y": 352, "h": 12, "w": 179.75}, {"x": 99, "y": 390, "h": 12, "w": 178.546875}], "values": ["United States, forest fire (October 15,", "Indonesia, forest fire (September 1997)", "China, forest fire (May 1987)", "Australia, bush/brush fire (February 2,", "United States, forest fire (October 20,", "France (August 1949)", "Australia, scrub/grassland fire (February", "Canada, forest fire (July 11, 1911)", "Australia, scrub/grassland fire (1939)", "Greece, forest fire (August 24, 2007)"]}, "label": {}}}, "models": [{"name": {}, "bboxes": [{"x": 290, "y": 41, "w": 349, "h": 26}, {"x": 290, "y": 79, "w": 84, "h": 26}, {"x": 290, "y": 117, "w": 67, "h": 26}, {"x": 290, "y": 155, "w": 63, "h": 26}, {"x": 290, "y": 193, "w": 42, "h": 26}, {"x": 290, "y": 231, "w": 28, "h": 26}, {"x": 290, "y": 269, "w": 26, "h": 26}, {"x": 290, "y": 307, "w": 25, "h": 26}, {"x": 290, "y": 345, "w": 25, "h": 26}, {"x": 290, "y": 383, "w": 23, "h": 26}], "x": ["United States, forest fire (October 15,", "Indonesia, forest fire (September 1997)", "China, forest fire (May 1987)", "Australia, bush/brush fire (February 2,", "United States, forest fire (October 20,", "France (August 1949)", "Australia, scrub/grassland fire (February", "Canada, forest fire (July 11, 1911)", "Australia, scrub/grassland fire (1939)", "Greece, forest fire (August 24, 2007)"], "y": ["1 000", "240", "191", "180", "121", "80", "75", "73", "71", "65"], "colors": ["#2876dd", "#2876dd", "#2876dd", "#2876dd", "#2876dd", "#2876dd", "#2876dd", "#2876dd", "#2876dd", "#2876dd"], "labels": ["United States, forest fire (October 15,", "Indonesia, forest fire (September 1997)", "China, forest fire (May 1987)", "Australia, bush/brush fire (February 2,", "United States, forest fire (October 20,", "France (August 1949)", "Australia, scrub/grassland fire (February", "Canada, forest fire (July 11, 1911)", "Australia, scrub/grassland fire (1939)", "Greece, forest fire (August 24, 2007)"]}], "type": "h_bar"}