{"general_figure_info": {"figure_info": {"bbox": {"x": 89, "y": 45, "w": 636, "h": 392}}, "y_axis": {"label": {"bbox": [{"x": 40, "y": 174, "w": 11, "h": 133.40625}], "text": "Revenue in billion U.S. dollars"}, "major_labels": {"bboxes": [{"x": 65, "y": 422.5, "w": 14.0, "h": 45.33333333333333}, {"x": 65, "y": 344.5, "w": 14.0, "h": 45.33333333333333}, {"x": 65, "y": 265.5, "w": 14.0, "h": 45.33333333333333}, {"x": 65, "y": 187.5, "w": 14.0, "h": 45.33333333333333}, {"x": 65, "y": 108.5, "w": 14.0, "h": 45.33333333333333}, {"x": 65, "y": 29.5, "w": 14.0, "h": 45.33333333333333}]}}, "x_axis": {"major_labels": {"bboxes": [{"x": 236, "y": 447, "h": 12, "w": 24.484375}, {"x": 554, "y": 447, "h": 12, "w": 24.484375}], "values": ["2016", "2023"]}, "label": {}}}, "models": [{"name": {}, "bboxes": [{"x": 139, "y": 209, "w": 218, "h": 229}, {"x": 457, "y": 120, "w": 218, "h": 318}], "x": ["2016", "2023"], "y": ["14.6", "20.3"], "colors": ["#2876dd", "#2876dd"], "labels": ["2016", "2023"]}], "type": "v_bar"}