{"general_figure_info": {"figure_info": {"bbox": {"x": 89, "y": 45, "w": 636, "h": 392}}, "y_axis": {"label": {"bbox": [{"x": 40, "y": 178, "w": 11, "h": 126.546875}], "text": "Average price in U.S. dollars"}, "major_labels": {"bboxes": [{"x": 65, "y": 422.5, "w": 14.0, "h": 23.555555555555557}, {"x": 65, "y": 373.5, "w": 14.0, "h": 23.555555555555557}, {"x": 65, "y": 324.5, "w": 14.0, "h": 23.555555555555557}, {"x": 65, "y": 275.5, "w": 14.0, "h": 23.555555555555557}, {"x": 65, "y": 226.5, "w": 14.0, "h": 23.555555555555557}, {"x": 65, "y": 177.5, "w": 14.0, "h": 23.555555555555557}, {"x": 65, "y": 128.5, "w": 14.0, "h": 23.555555555555557}, {"x": 65, "y": 79.5, "w": 14.0, "h": 23.555555555555557}, {"x": 65, "y": 29.5, "w": 14.0, "h": 23.555555555555557}]}}, "x_axis": {"major_labels": {"bboxes": [{"x": 103, "y": 447, "h": 12, "w": 24.484375}, {"x": 156, "y": 447, "h": 12, "w": 24.484375}, {"x": 209, "y": 447, "h": 12, "w": 24.484375}, {"x": 263, "y": 447, "h": 12, "w": 23.65625}, {"x": 315, "y": 447, "h": 12, "w": 24.484375}, {"x": 368, "y": 447, "h": 12, "w": 24.484375}, {"x": 421, "y": 447, "h": 12, "w": 24.484375}, {"x": 474, "y": 447, "h": 12, "w": 24.484375}, {"x": 527, "y": 447, "h": 12, "w": 24.484375}, {"x": 580, "y": 447, "h": 12, "w": 24.484375}, {"x": 633, "y": 447, "h": 12, "w": 24.484375}, {"x": 686, "y": 447, "h": 12, "w": 24.484375}], "values": ["2008", "2009", "2010", "2011", "2012", "2013", "2014", "2015", "2016", "2017", "2018", "2019"]}, "label": {}}}, "models": [{"name": {}, "bboxes": [{"x": 97, "y": 126, "w": 37, "h": 312}, {"x": 150, "y": 131, "w": 37, "h": 307}, {"x": 203, "y": 134, "w": 37, "h": 304}, {"x": 256, "y": 122, "w": 37, "h": 316}, {"x": 309, "y": 127, "w": 37, "h": 311}, {"x": 362, "y": 118, "w": 37, "h": 320}, {"x": 415, "y": 112, "w": 37, "h": 326}, {"x": 468, "y": 118, "w": 37, "h": 320}, {"x": 521, "y": 124, "w": 37, "h": 314}, {"x": 574, "y": 109, "w": 37, "h": 329}, {"x": 627, "y": 108, "w": 37, "h": 330}, {"x": 680, "y": 90, "w": 37, "h": 348}], "x": ["2008", "2009", "2010", "2011", "2012", "2013", "2014", "2015", "2016", "2017", "2018", "2019"], "y": ["31.88", "31.33", "30.99", "32.24", "31.69", "32.63", "33.26", "32.61", "32.09", "33.56", "33.72", "35.46"], "colors": ["#2876dd", "#2876dd", "#2876dd", "#2876dd", "#2876dd", "#2876dd", "#2876dd", "#2876dd", "#2876dd", "#2876dd", "#2876dd", "#2876dd"], "labels": ["2008", "2009", "2010", "2011", "2012", "2013", "2014", "2015", "2016", "2017", "2018", "2019"]}], "type": "v_bar"}