{"general_figure_info": {"figure_info": {"bbox": {"x": 137, "y": 35, "w": 573, "h": 752}}, "y_axis": {"label": {"bbox": [{"x": 310, "y": 816, "w": 227.359375, "h": 11}], "text": "Recreation and senior centers per 20,000 residents"}, "major_labels": {"bboxes": [{"x": 116.5, "y": 791, "w": 51.625, "h": 24.0}, {"x": 198.5, "y": 791, "w": 51.625, "h": 24.0}, {"x": 280.5, "y": 791, "w": 51.625, "h": 24.0}, {"x": 362.5, "y": 791, "w": 51.625, "h": 24.0}, {"x": 443.5, "y": 791, "w": 51.625, "h": 24.0}, {"x": 525.5, "y": 791, "w": 51.625, "h": 24.0}, {"x": 607.5, "y": 791, "w": 51.625, "h": 24.0}, {"x": 690.5, "y": 791, "w": 51.625, "h": 24.0}]}}, "x_axis": {"major_labels": {"bboxes": [{"x": 40, "y": 48, "h": 12, "w": 84.44677734375}, {"x": 42, "y": 85, "h": 12, "w": 81.97607421875}, {"x": 44, "y": 123, "h": 12, "w": 80.56884765625}, {"x": 44, "y": 161, "h": 12, "w": 79.736328125}, {"x": 55, "y": 198, "h": 12, "w": 70.154296875}, {"x": 69, "y": 236, "h": 12, "w": 55.47509765625}, {"x": 55, "y": 273, "h": 12, "w": 70.15966796875}, {"x": 68, "y": 311, "h": 12, "w": 55.65625}, {"x": 72, "y": 349, "h": 12, "w": 51.96875}, {"x": 76, "y": 386, "h": 12, "w": 48.95458984375}, {"x": 62, "y": 424, "h": 12, "w": 61.796875}, {"x": 63, "y": 461, "h": 12, "w": 60.546875}, {"x": 46, "y": 499, "h": 12, "w": 78.265625}, {"x": 76, "y": 537, "h": 12, "w": 48.28125}, {"x": 65, "y": 574, "h": 12, "w": 59.3583984375}, {"x": 54, "y": 612, "h": 12, "w": 69.7353515625}, {"x": 53, "y": 649, "h": 12, "w": 70.970703125}, {"x": 87, "y": 687, "h": 12, "w": 37.3125}, {"x": 66, "y": 725, "h": 12, "w": 58.09375}, {"x": 68, "y": 762, "h": 12, "w": 56.91455078125}], "values": ["Baton Rouge, LA", "Minneapolis, MN", "Philadelphia, PA", "Washington, DC", "Richmond, VA", "Norfolk, VA", "Pittsburgh, PA", "Chicago, IL", "Tampa, FL", "Irvine, CA", "St. Paul, MN", "Honolulu, HI", "Jacksonville, FL", "Miami, FL", "Raleigh, NC", "Baltimore, MD", "Cincinnati, OH", "Hialeah", "Orlando, FL", "Atlanta, GA"]}, "label": {}}}, "models": [{"name": {}, "bboxes": [{"x": 136, "y": 41, "w": 475, "h": 26}, {"x": 136, "y": 78, "w": 377, "h": 26}, {"x": 136, "y": 116, "w": 377, "h": 26}, {"x": 136, "y": 153, "w": 360, "h": 26}, {"x": 136, "y": 191, "w": 311, "h": 26}, {"x": 136, "y": 229, "w": 311, "h": 26}, {"x": 136, "y": 266, "w": 295, "h": 26}, {"x": 136, "y": 304, "w": 295, "h": 26}, {"x": 136, "y": 341, "w": 278, "h": 26}, {"x": 136, "y": 379, "w": 278, "h": 26}, {"x": 136, "y": 417, "w": 278, "h": 26}, {"x": 136, "y": 454, "w": 262, "h": 26}, {"x": 136, "y": 492, "w": 262, "h": 26}, {"x": 136, "y": 529, "w": 246, "h": 26}, {"x": 136, "y": 567, "w": 246, "h": 26}, {"x": 136, "y": 605, "w": 246, "h": 26}, {"x": 136, "y": 642, "w": 246, "h": 26}, {"x": 136, "y": 680, "w": 246, "h": 26}, {"x": 136, "y": 717, "w": 229, "h": 26}, {"x": 136, "y": 755, "w": 229, "h": 26}], "x": ["Baton Rouge, LA", "Minneapolis, MN", "Philadelphia, PA", "Washington, DC", "Richmond, VA", "Norfolk, VA", "Pittsburgh, PA", "Chicago, IL", "Tampa, FL", "Irvine, CA", "St. Paul, MN", "Honolulu, HI", "Jacksonville, FL", "Miami, FL", "Raleigh, NC", "Baltimore, MD", "Cincinnati, OH", "Hialeah", "Orlando, FL", "Atlanta, GA"], "y": ["2.9", "2.3", "2.3", "2.2", "1.9", "1.9", "1.8", "1.8", "1.7", "1.7", "1.7", "1.6", "1.6", "1.5", "1.5", "1.5", "1.5", "1.5", "1.4", "1.4"], "colors": ["#2876dd", "#2876dd", "#2876dd", "#2876dd", "#2876dd", "#2876dd", "#2876dd", "#2876dd", "#2876dd", "#2876dd", "#2876dd", "#2876dd", "#2876dd", "#2876dd", "#2876dd", "#2876dd", "#2876dd", "#2876dd", "#2876dd", "#2876dd"], "labels": ["Baton Rouge, LA", "Minneapolis, MN", "Philadelphia, PA", "Washington, DC", "Richmond, VA", "Norfolk, VA", "Pittsburgh, PA", "Chicago, IL", "Tampa, FL", "Irvine, CA", "St. Paul, MN", "Honolulu, HI", "Jacksonville, FL", "Miami, FL", "Raleigh, NC", "Baltimore, MD", "Cincinnati, OH", "Hialeah", "Orlando, FL", "Atlanta, GA"]}], "type": "h_bar"}