{"general_figure_info": {"figure_info": {"bbox": {"x": 254, "y": 35, "w": 456, "h": 380}}, "y_axis": {"label": {"bbox": [{"x": 420, "y": 446, "w": 123.953125, "h": 11}], "text": "Number of billionaire alumni"}, "major_labels": {"bboxes": [{"x": 233.5, "y": 421, "w": 45.14285714285714, "h": 26.0}, {"x": 309.5, "y": 421, "w": 45.14285714285714, "h": 26.0}, {"x": 385.5, "y": 421, "w": 45.14285714285714, "h": 26.0}, {"x": 461.5, "y": 421, "w": 45.14285714285714, "h": 26.0}, {"x": 537.5, "y": 421, "w": 45.14285714285714, "h": 26.0}, {"x": 613.5, "y": 421, "w": 45.14285714285714, "h": 26.0}, {"x": 690.5, "y": 421, "w": 45.14285714285714, "h": 26.0}]}}, "x_axis": {"major_labels": {"bboxes": [{"x": 151, "y": 48, "h": 12, "w": 90.96533203125}, {"x": 112, "y": 86, "h": 12, "w": 129.88525390625}, {"x": 148, "y": 124, "h": 12, "w": 93.42529296875}, {"x": 143, "y": 162, "h": 12, "w": 98.31298828125}, {"x": 143, "y": 200, "h": 12, "w": 98.3076171875}, {"x": 55, "y": 238, "h": 12, "w": 186.1787109375}, {"x": 155, "y": 276, "h": 12, "w": 86.68994140625}, {"x": 83, "y": 314, "h": 12, "w": 158.62060546875}, {"x": 168, "y": 352, "h": 12, "w": 73.0419921875}, {"x": 124, "y": 390, "h": 12, "w": 117.375}], "values": ["Harvard University", "University of Pennsylvania", "Stanford University", "New York University", "Columbia University", "Massachusetts Institute of Technology", "Cornell University", "University of Southern California", "Yale University", "University of Cambridge"]}, "label": {}}}, "models": [{"name": {}, "bboxes": [{"x": 253, "y": 41, "w": 395, "h": 26}, {"x": 253, "y": 79, "w": 213, "h": 26}, {"x": 253, "y": 117, "w": 205, "h": 26}, {"x": 253, "y": 155, "w": 129, "h": 26}, {"x": 253, "y": 193, "w": 114, "h": 26}, {"x": 253, "y": 231, "w": 114, "h": 26}, {"x": 253, "y": 269, "w": 106, "h": 26}, {"x": 253, "y": 307, "w": 106, "h": 26}, {"x": 253, "y": 345, "w": 99, "h": 26}, {"x": 253, "y": 383, "w": 84, "h": 26}], "x": ["Harvard University", "University of Pennsylvania", "Stanford University", "New York University", "Columbia University", "Massachusetts Institute of Technology", "Cornell University", "University of Southern California", "Yale University", "University of Cambridge"], "y": ["52", "28", "27", "17", "15", "15", "14", "14", "13", "11"], "colors": ["#2876dd", "#2876dd", "#2876dd", "#2876dd", "#2876dd", "#2876dd", "#2876dd", "#2876dd", "#2876dd", "#2876dd"], "labels": ["Harvard University", "University of Pennsylvania", "Stanford University", "New York University", "Columbia University", "Massachusetts Institute of Technology", "Cornell University", "University of Southern California", "Yale University", "University of Cambridge"]}], "type": "h_bar"}