{"general_figure_info": {"figure_info": {"bbox": {"x": 89, "y": 45, "w": 636, "h": 392}}, "y_axis": {"label": {"bbox": [{"x": 40, "y": 192, "w": 11, "h": 98.9375}], "text": "Number of enterprises"}, "major_labels": {"bboxes": [{"x": 65, "y": 422.5, "w": 14.0, "h": 23.555555555555557}, {"x": 65, "y": 373.5, "w": 14.0, "h": 23.555555555555557}, {"x": 65, "y": 324.5, "w": 14.0, "h": 23.555555555555557}, {"x": 65, "y": 275.5, "w": 14.0, "h": 23.555555555555557}, {"x": 65, "y": 226.5, "w": 14.0, "h": 23.555555555555557}, {"x": 65, "y": 177.5, "w": 14.0, "h": 23.555555555555557}, {"x": 65, "y": 128.5, "w": 14.0, "h": 23.555555555555557}, {"x": 65, "y": 79.5, "w": 14.0, "h": 23.555555555555557}, {"x": 65, "y": 29.5, "w": 14.0, "h": 23.555555555555557}]}}, "x_axis": {"major_labels": {"bboxes": [{"x": 112, "y": 447, "h": 12, "w": 24.484375}, {"x": 183, "y": 447, "h": 12, "w": 24.484375}, {"x": 253, "y": 447, "h": 12, "w": 24.484375}, {"x": 325, "y": 447, "h": 12, "w": 23.65625}, {"x": 395, "y": 447, "h": 12, "w": 24.484375}, {"x": 465, "y": 447, "h": 12, "w": 24.484375}, {"x": 536, "y": 447, "h": 12, "w": 24.484375}, {"x": 607, "y": 447, "h": 12, "w": 24.484375}, {"x": 675, "y": 447, "h": 12, "w": 29.470703125}], "values": ["2008", "2009", "2010", "2011", "2012", "2013", "2014", "2015", "2016*"]}, "label": {}}}, "models": [{"name": {}, "bboxes": [{"x": 100, "y": 95, "w": 49, "h": 343}, {"x": 171, "y": 110, "w": 49, "h": 328}, {"x": 241, "y": 95, "w": 49, "h": 343}, {"x": 312, "y": 120, "w": 49, "h": 318}, {"x": 383, "y": 149, "w": 49, "h": 289}, {"x": 453, "y": 149, "w": 49, "h": 289}, {"x": 524, "y": 139, "w": 49, "h": 299}, {"x": 595, "y": 149, "w": 49, "h": 289}, {"x": 665, "y": 169, "w": 49, "h": 269}], "x": ["2008", "2009", "2010", "2011", "2012", "2013", "2014", "2015", "2016*"], "y": ["70", "67", "70", "65", "59", "59", "61", "59", "55"], "colors": ["#2876dd", "#2876dd", "#2876dd", "#2876dd", "#2876dd", "#2876dd", "#2876dd", "#2876dd", "#2876dd"], "labels": ["2008", "2009", "2010", "2011", "2012", "2013", "2014", "2015", "2016*"]}], "type": "v_bar"}