{"general_figure_info": {"figure_info": {"bbox": {"x": 148, "y": 35, "w": 562, "h": 440}}, "y_axis": {"label": {"bbox": [{"x": 381, "y": 546, "w": 96.171875, "h": 11}], "text": "Number of individuals"}, "major_labels": {"bboxes": [{"x": 127.5, "y": 521, "w": 26.833333333333336, "h": 66.0}, {"x": 178.5, "y": 521, "w": 26.833333333333336, "h": 66.0}, {"x": 229.5, "y": 521, "w": 26.833333333333336, "h": 66.0}, {"x": 280.5, "y": 521, "w": 26.833333333333336, "h": 66.0}, {"x": 331.5, "y": 521, "w": 26.833333333333336, "h": 66.0}, {"x": 382.5, "y": 521, "w": 26.833333333333336, "h": 66.0}, {"x": 434.5, "y": 521, "w": 26.833333333333336, "h": 66.0}, {"x": 485.5, "y": 521, "w": 26.833333333333336, "h": 66.0}, {"x": 536.5, "y": 521, "w": 26.833333333333336, "h": 66.0}, {"x": 587.5, "y": 521, "w": 26.833333333333336, "h": 66.0}, {"x": 638.5, "y": 521, "w": 26.833333333333336, "h": 66.0}, {"x": 690.5, "y": 521, "w": 26.833333333333336, "h": 66.0}]}}, "x_axis": {"major_labels": {"bboxes": [{"x": 78, "y": 49, "h": 12, "w": 57.97607421875}, {"x": 78, "y": 89, "h": 12, "w": 57.97607421875}, {"x": 72, "y": 129, "h": 12, "w": 63.27734375}, {"x": 65, "y": 169, "h": 12, "w": 70.21142578125}, {"x": 65, "y": 209, "h": 12, "w": 70.21142578125}, {"x": 65, "y": 249, "h": 12, "w": 70.21142578125}, {"x": 65, "y": 289, "h": 12, "w": 70.21142578125}, {"x": 65, "y": 329, "h": 12, "w": 70.21142578125}, {"x": 65, "y": 369, "h": 12, "w": 70.21142578125}, {"x": 65, "y": 409, "h": 12, "w": 70.21142578125}, {"x": 43, "y": 449, "h": 12, "w": 91.71875}], "values": ["0 to 2 years", "3 to 5 years", "6 to 11 years", "12 to 17 years", "18 to 24 years", "25 to 34 years", "35 to 44 years", "45 to 54 years", "55 to 64 years", "65 to 74 years", "75 years and more"]}, "label": {}}}, "models": [{"name": {}, "bboxes": [{"x": 147, "y": 41, "w": 68, "h": 28}, {"x": 147, "y": 81, "w": 75, "h": 28}, {"x": 147, "y": 121, "w": 169, "h": 28}, {"x": 147, "y": 161, "w": 176, "h": 28}, {"x": 147, "y": 201, "w": 213, "h": 28}, {"x": 147, "y": 241, "w": 332, "h": 28}, {"x": 147, "y": 281, "w": 402, "h": 28}, {"x": 147, "y": 321, "w": 497, "h": 28}, {"x": 147, "y": 361, "w": 435, "h": 28}, {"x": 147, "y": 401, "w": 350, "h": 28}, {"x": 147, "y": 441, "w": 363, "h": 28}], "x": ["0 to 2 years", "3 to 5 years", "6 to 11 years", "12 to 17 years", "18 to 24 years", "25 to 34 years", "35 to 44 years", "45 to 54 years", "55 to 64 years", "65 to 74 years", "75 years and more"], "y": ["1 324 549", "1 473 800", "3 299 439", "3 444 969", "4 166 245", "6 497 501", "7 863 188", "9 722 784", "8 505 210", "6 845 171", "7 101 783"], "colors": ["#2876dd", "#2876dd", "#2876dd", "#2876dd", "#2876dd", "#2876dd", "#2876dd", "#2876dd", "#2876dd", "#2876dd", "#2876dd"], "labels": ["0 to 2 years", "3 to 5 years", "6 to 11 years", "12 to 17 years", "18 to 24 years", "25 to 34 years", "35 to 44 years", "45 to 54 years", "55 to 64 years", "65 to 74 years", "75 years and more"]}], "type": "h_bar"}