{"general_figure_info": {"figure_info": {"bbox": {"x": 111, "y": 35, "w": 599, "h": 380}}, "y_axis": {"label": {"bbox": [{"x": 355, "y": 446, "w": 110.609375, "h": 11}], "text": "Beer price in U.S. dollars"}, "major_labels": {"bboxes": [{"x": 90.5, "y": 421, "w": 29.916666666666664, "h": 26.0}, {"x": 144.5, "y": 421, "w": 29.916666666666664, "h": 26.0}, {"x": 199.5, "y": 421, "w": 29.916666666666664, "h": 26.0}, {"x": 253.5, "y": 421, "w": 29.916666666666664, "h": 26.0}, {"x": 308.5, "y": 421, "w": 29.916666666666664, "h": 26.0}, {"x": 362.5, "y": 421, "w": 29.916666666666664, "h": 26.0}, {"x": 417.5, "y": 421, "w": 29.916666666666664, "h": 26.0}, {"x": 471.5, "y": 421, "w": 29.916666666666664, "h": 26.0}, {"x": 526.5, "y": 421, "w": 29.916666666666664, "h": 26.0}, {"x": 580.5, "y": 421, "w": 29.916666666666664, "h": 26.0}, {"x": 635.5, "y": 421, "w": 29.916666666666664, "h": 26.0}, {"x": 690.5, "y": 421, "w": 29.916666666666664, "h": 26.0}]}}, "x_axis": {"major_labels": {"bboxes": [{"x": 50, "y": 48, "h": 12, "w": 49.17919921875}, {"x": 77, "y": 86, "h": 12, "w": 21.8984375}, {"x": 43, "y": 124, "h": 12, "w": 54.84375}, {"x": 61, "y": 162, "h": 12, "w": 36.7353515625}, {"x": 41, "y": 200, "h": 12, "w": 57.34228515625}, {"x": 54, "y": 238, "h": 12, "w": 44.046875}, {"x": 72, "y": 276, "h": 12, "w": 26.296875}, {"x": 59, "y": 314, "h": 12, "w": 39.37255859375}, {"x": 54, "y": 352, "h": 12, "w": 44.919921875}, {"x": 52, "y": 390, "h": 12, "w": 46.484375}], "values": ["Bratislava", "Kiev", "Cape Town", "Krakow", "Mexico City", "Belgrade", "Cairo", "Warsaw", "Ljubljana", "Budapest"]}, "label": {}}}, "models": [{"name": {}, "bboxes": [{"x": 110, "y": 41, "w": 359, "h": 26}, {"x": 110, "y": 79, "w": 362, "h": 26}, {"x": 110, "y": 117, "w": 407, "h": 26}, {"x": 110, "y": 155, "w": 407, "h": 26}, {"x": 110, "y": 193, "w": 464, "h": 26}, {"x": 110, "y": 231, "w": 477, "h": 26}, {"x": 110, "y": 269, "w": 521, "h": 26}, {"x": 110, "y": 307, "w": 534, "h": 26}, {"x": 110, "y": 345, "w": 534, "h": 26}, {"x": 110, "y": 383, "w": 538, "h": 26}], "x": ["Bratislava", "Kiev", "Cape Town", "Krakow", "Mexico City", "Belgrade", "Cairo", "Warsaw", "Ljubljana", "Budapest"], "y": ["1.65", "1.66", "1.87", "1.87", "2.13", "2.19", "2.39", "2.45", "2.45", "2.47"], "colors": ["#2876dd", "#2876dd", "#2876dd", "#2876dd", "#2876dd", "#2876dd", "#2876dd", "#2876dd", "#2876dd", "#2876dd"], "labels": ["Bratislava", "Kiev", "Cape Town", "Krakow", "Mexico City", "Belgrade", "Cairo", "Warsaw", "Ljubljana", "Budapest"]}], "type": "h_bar"}