{"general_figure_info": {"figure_info": {"bbox": {"x": 82, "y": 45, "w": 643, "h": 392}}, "y_axis": {"label": {"bbox": [{"x": 40, "y": 169, "w": 11, "h": 144.5}], "text": "Market size in billion U.S. dollars"}, "major_labels": {"bboxes": [{"x": 65, "y": 422.5, "w": 7.0, "h": 45.33333333333333}, {"x": 65, "y": 344.5, "w": 7.0, "h": 45.33333333333333}, {"x": 65, "y": 265.5, "w": 7.0, "h": 45.33333333333333}, {"x": 65, "y": 187.5, "w": 7.0, "h": 45.33333333333333}, {"x": 65, "y": 108.5, "w": 7.0, "h": 45.33333333333333}, {"x": 65, "y": 29.5, "w": 7.0, "h": 45.33333333333333}]}}, "x_axis": {"major_labels": {"bboxes": [{"x": 231, "y": 447, "h": 12, "w": 24.484375}, {"x": 552, "y": 447, "h": 12, "w": 24.484375}], "values": ["2016", "2025"]}, "label": {}}}, "models": [{"name": {}, "bboxes": [{"x": 133, "y": 382, "w": 220, "h": 56}, {"x": 454, "y": 91, "w": 220, "h": 347}], "x": ["2016", "2025"], "y": ["0.72", "4.43"], "colors": ["#2876dd", "#2876dd"], "labels": ["2016", "2025"]}], "type": "v_bar"}