{"general_figure_info": {"figure_info": {"bbox": {"x": 88, "y": 45, "w": 637, "h": 392}}, "y_axis": {"label": {"bbox": [{"x": 40, "y": 201, "w": 11, "h": 80.015625}], "text": "Number of victims"}, "major_labels": {"bboxes": [{"x": 65, "y": 422.5, "w": 13.0, "h": 29.0}, {"x": 65, "y": 366.5, "w": 13.0, "h": 29.0}, {"x": 65, "y": 310.5, "w": 13.0, "h": 29.0}, {"x": 65, "y": 254.5, "w": 13.0, "h": 29.0}, {"x": 65, "y": 198.5, "w": 13.0, "h": 29.0}, {"x": 65, "y": 142.5, "w": 13.0, "h": 29.0}, {"x": 65, "y": 86.5, "w": 13.0, "h": 29.0}, {"x": 65, "y": 29.5, "w": 13.0, "h": 29.0}]}}, "x_axis": {"major_labels": {"bboxes": [{"x": 139, "y": 447, "h": 12, "w": 24.484375}, {"x": 267, "y": 447, "h": 12, "w": 24.484375}, {"x": 394, "y": 447, "h": 12, "w": 24.484375}, {"x": 522, "y": 447, "h": 12, "w": 24.484375}, {"x": 649, "y": 447, "h": 12, "w": 24.484375}], "values": ["2013", "2014", "2015", "2016", "2017"]}, "label": {}}}, "models": [{"name": {}, "bboxes": [{"x": 108, "y": 175, "w": 88, "h": 263}, {"x": 236, "y": 130, "w": 88, "h": 308}, {"x": 363, "y": 236, "w": 88, "h": 202}, {"x": 490, "y": 214, "w": 88, "h": 224}, {"x": 618, "y": 287, "w": 88, "h": 151}], "x": ["2013", "2014", "2015", "2016", "2017"], "y": ["47", "55", "36", "40", "27"], "colors": ["#2876dd", "#2876dd", "#2876dd", "#2876dd", "#2876dd"], "labels": ["2013", "2014", "2015", "2016", "2017"]}], "type": "v_bar"}