{"general_figure_info": {"figure_info": {"bbox": {"x": 267, "y": 35, "w": 443, "h": 380}}, "y_axis": {"label": {"bbox": [{"x": 441, "y": 446, "w": 95.625, "h": 11}], "text": "Share of respondents"}, "major_labels": {"bboxes": [{"x": 246.5, "y": 421, "w": 35.375, "h": 26.0}, {"x": 309.5, "y": 421, "w": 35.375, "h": 26.0}, {"x": 373.5, "y": 421, "w": 35.375, "h": 26.0}, {"x": 436.5, "y": 421, "w": 35.375, "h": 26.0}, {"x": 499.5, "y": 421, "w": 35.375, "h": 26.0}, {"x": 562.5, "y": 421, "w": 35.375, "h": 26.0}, {"x": 626.5, "y": 421, "w": 35.375, "h": 26.0}, {"x": 690.5, "y": 421, "w": 35.375, "h": 26.0}]}}, "x_axis": {"major_labels": {"bboxes": [{"x": 64, "y": 68, "h": 26, "w": 190.11376953125}, {"x": 60, "y": 163, "h": 26, "w": 194.4052734375}, {"x": 58, "y": 258, "h": 26, "w": 195.890625}, {"x": 221, "y": 362, "h": 12, "w": 33.03125}], "values": ["Yes, I am planning to cut cable/satellite", "Yes, I am planning to change to another", "Yes, I am planning to switch to an online", "Maybe"]}, "label": {}}}, "models": [{"name": {}, "bboxes": [{"x": 266, "y": 50, "w": 92, "h": 65}, {"x": 266, "y": 145, "w": 82, "h": 65}, {"x": 266, "y": 240, "w": 72, "h": 65}, {"x": 266, "y": 335, "w": 378, "h": 65}], "x": ["Yes, I am planning to cut cable/satellite", "Yes, I am planning to change to another", "Yes, I am planning to switch to an online", "Maybe"], "y": ["7.3%", "6.5%", "5.7%", "29.9%"], "colors": ["#2876dd", "#2876dd", "#2876dd", "#2876dd"], "labels": ["Yes, I am planning to cut cable/satellite", "Yes, I am planning to change to another", "Yes, I am planning to switch to an online", "Maybe"]}], "type": "h_bar"}