{"general_figure_info": {"figure_info": {"bbox": {"x": 89, "y": 45, "w": 636, "h": 392}}, "y_axis": {"label": {"bbox": [{"x": 40, "y": 182, "w": 11, "h": 117.828125}], "text": "Number of birds in millions"}, "major_labels": {"bboxes": [{"x": 65, "y": 422.5, "w": 14.0, "h": 45.33333333333333}, {"x": 65, "y": 344.5, "w": 14.0, "h": 45.33333333333333}, {"x": 65, "y": 265.5, "w": 14.0, "h": 45.33333333333333}, {"x": 65, "y": 187.5, "w": 14.0, "h": 45.33333333333333}, {"x": 65, "y": 108.5, "w": 14.0, "h": 45.33333333333333}, {"x": 65, "y": 29.5, "w": 14.0, "h": 45.33333333333333}]}}, "x_axis": {"major_labels": {"bboxes": [{"x": 112, "y": 447, "h": 12, "w": 24.484375}, {"x": 183, "y": 447, "h": 12, "w": 24.484375}, {"x": 253, "y": 447, "h": 12, "w": 24.484375}, {"x": 324, "y": 447, "h": 12, "w": 24.484375}, {"x": 395, "y": 447, "h": 12, "w": 24.484375}, {"x": 465, "y": 447, "h": 12, "w": 24.484375}, {"x": 536, "y": 447, "h": 12, "w": 24.484375}, {"x": 607, "y": 447, "h": 12, "w": 24.484375}, {"x": 677, "y": 447, "h": 12, "w": 24.484375}], "values": ["2000", "2002", "2004", "2006", "2008", "2012", "2014", "2015", "2017"]}, "label": {}}}, "models": [{"name": {}, "bboxes": [{"x": 100, "y": 140, "w": 49, "h": 298}, {"x": 171, "y": 167, "w": 49, "h": 271}, {"x": 241, "y": 178, "w": 49, "h": 260}, {"x": 312, "y": 187, "w": 49, "h": 251}, {"x": 383, "y": 203, "w": 49, "h": 235}, {"x": 453, "y": 184, "w": 49, "h": 254}, {"x": 524, "y": 115, "w": 49, "h": 323}, {"x": 595, "y": 214, "w": 49, "h": 224}, {"x": 665, "y": 115, "w": 49, "h": 323}], "x": ["2000", "2002", "2004", "2006", "2008", "2012", "2014", "2015", "2017"], "y": ["19", "17.3", "16.6", "16", "15", "16.2", "20.6", "14.3", "20.6"], "colors": ["#2876dd", "#2876dd", "#2876dd", "#2876dd", "#2876dd", "#2876dd", "#2876dd", "#2876dd", "#2876dd"], "labels": ["2000", "2002", "2004", "2006", "2008", "2012", "2014", "2015", "2017"]}], "type": "v_bar"}