{"general_figure_info": {"figure_info": {"bbox": {"x": 119, "y": 35, "w": 591, "h": 542}}, "y_axis": {"label": {"bbox": [{"x": 372, "y": 606, "w": 85.59375, "h": 11}], "text": "Cost in U.S. dollars"}, "major_labels": {"bboxes": [{"x": 98.5, "y": 581, "w": 53.875, "h": 24.0}, {"x": 182.5, "y": 581, "w": 53.875, "h": 24.0}, {"x": 267.5, "y": 581, "w": 53.875, "h": 24.0}, {"x": 351.5, "y": 581, "w": 53.875, "h": 24.0}, {"x": 436.5, "y": 581, "w": 53.875, "h": 24.0}, {"x": 520.5, "y": 581, "w": 53.875, "h": 24.0}, {"x": 605.5, "y": 581, "w": 53.875, "h": 24.0}, {"x": 690.5, "y": 581, "w": 53.875, "h": 24.0}]}}, "x_axis": {"major_labels": {"bboxes": [{"x": 40, "y": 50, "h": 12, "w": 66.53759765625}, {"x": 45, "y": 92, "h": 12, "w": 62.03759765625}, {"x": 52, "y": 133, "h": 12, "w": 54.67919921875}, {"x": 56, "y": 175, "h": 12, "w": 50.15625}, {"x": 71, "y": 217, "h": 12, "w": 34.84375}, {"x": 63, "y": 258, "h": 12, "w": 44.2861328125}, {"x": 79, "y": 300, "h": 12, "w": 26.90625}, {"x": 60, "y": 342, "h": 12, "w": 47.34765625}, {"x": 82, "y": 383, "h": 12, "w": 24.7353515625}, {"x": 72, "y": 425, "h": 12, "w": 34.265625}, {"x": 72, "y": 467, "h": 12, "w": 33.640625}, {"x": 73, "y": 508, "h": 12, "w": 33.70947265625}, {"x": 64, "y": 550, "h": 12, "w": 42.203125}], "values": ["United States", "South Korea", "Costa Rica", "Singapore", "Mexico", "Malaysia", "Israel", "Colombia", "India", "Poland", "Jordan", "Turkey", "Thailand"]}, "label": {}}}, "models": [{"name": {}, "bboxes": [{"x": 118, "y": 41, "w": 476, "h": 29}, {"x": 118, "y": 83, "w": 299, "h": 29}, {"x": 118, "y": 124, "w": 233, "h": 29}, {"x": 118, "y": 166, "w": 226, "h": 29}, {"x": 118, "y": 208, "w": 176, "h": 29}, {"x": 118, "y": 250, "w": 135, "h": 29}, {"x": 118, "y": 291, "w": 127, "h": 29}, {"x": 118, "y": 333, "w": 120, "h": 29}, {"x": 118, "y": 375, "w": 96, "h": 29}, {"x": 118, "y": 416, "w": 89, "h": 29}, {"x": 118, "y": 458, "w": 84, "h": 29}, {"x": 118, "y": 500, "w": 81, "h": 29}, {"x": 118, "y": 541, "w": 71, "h": 29}], "x": ["United States", "South Korea", "Costa Rica", "Singapore", "Mexico", "Malaysia", "Israel", "Colombia", "India", "Poland", "Jordan", "Turkey", "Thailand"], "y": ["28 200", "17 700", "13 800", "13 400", "10 400", "8 000", "7 500", "7 100", "5 700", "5 300", "5 000", "4 800", "4 200"], "colors": ["#2876dd", "#2876dd", "#2876dd", "#2876dd", "#2876dd", "#2876dd", "#2876dd", "#2876dd", "#2876dd", "#2876dd", "#2876dd", "#2876dd", "#2876dd"], "labels": ["United States", "South Korea", "Costa Rica", "Singapore", "Mexico", "Malaysia", "Israel", "Colombia", "India", "Poland", "Jordan", "Turkey", "Thailand"]}], "type": "h_bar"}