{"general_figure_info": {"figure_info": {"bbox": {"x": 94, "y": 45, "w": 631, "h": 392}}, "y_axis": {"label": {"bbox": [{"x": 40, "y": 165, "w": 11, "h": 151.5361328125}], "text": "Budget balance in relation to GDP"}, "major_labels": {"bboxes": [{"x": 65, "y": 422.5, "w": 19.0, "h": 23.555555555555557}, {"x": 65, "y": 373.5, "w": 19.0, "h": 23.555555555555557}, {"x": 65, "y": 324.5, "w": 19.0, "h": 23.555555555555557}, {"x": 65, "y": 275.5, "w": 19.0, "h": 23.555555555555557}, {"x": 65, "y": 226.5, "w": 19.0, "h": 23.555555555555557}, {"x": 65, "y": 177.5, "w": 19.0, "h": 23.555555555555557}, {"x": 65, "y": 128.5, "w": 19.0, "h": 23.555555555555557}, {"x": 65, "y": 79.5, "w": 19.0, "h": 23.555555555555557}, {"x": 65, "y": 29.5, "w": 19.0, "h": 23.555555555555557}]}}, "x_axis": {"major_labels": {"bboxes": [{"x": 110, "y": 447, "h": 12, "w": 24.484375}, {"x": 168, "y": 447, "h": 12, "w": 24.484375}, {"x": 225, "y": 447, "h": 12, "w": 24.484375}, {"x": 283, "y": 447, "h": 12, "w": 24.484375}, {"x": 338, "y": 447, "h": 12, "w": 29.470703125}, {"x": 395, "y": 447, "h": 12, "w": 29.470703125}, {"x": 452, "y": 447, "h": 12, "w": 29.470703125}, {"x": 510, "y": 447, "h": 12, "w": 29.470703125}, {"x": 567, "y": 447, "h": 12, "w": 29.470703125}, {"x": 625, "y": 447, "h": 12, "w": 29.470703125}, {"x": 682, "y": 447, "h": 12, "w": 29.470703125}], "values": ["2016", "2017", "2018", "2019", "2020*", "2021*", "2022*", "2023*", "2024*", "2025*", "2026*"]}, "label": {}}}, "models": [{"name": {}, "bboxes": [{"x": 103, "y": 148, "w": 40, "h": 94}, {"x": 160, "y": 178, "w": 40, "h": 64}, {"x": 218, "y": 92, "w": 40, "h": 150}, {"x": 275, "y": 123, "w": 40, "h": 119}, {"x": 333, "y": 242, "w": 40, "h": 185}, {"x": 390, "y": 242, "w": 40, "h": 74}, {"x": 447, "y": 242, "w": 40, "h": 24}, {"x": 505, "y": 242, "w": 40, "h": 4}, {"x": 562, "y": 241, "w": 40, "h": 1}, {"x": 619, "y": 240, "w": 40, "h": 2}, {"x": 677, "y": 242, "w": 40, "h": 0}], "x": ["2016", "2017", "2018", "2019", "2020*", "2021*", "2022*", "2023*", "2024*", "2025*", "2026*"], "y": ["1.92%", "1.3%", "3.07%", "2.43%", "-3.77%", "-1.52%", "-0.48%", "-0.08%", "0.03%", "0.04%", "0%"], "colors": ["#2876dd", "#2876dd", "#2876dd", "#2876dd", "#2876dd", "#2876dd", "#2876dd", "#2876dd", "#2876dd", "#2876dd", "#2876dd"], "labels": ["2016", "2017", "2018", "2019", "2020*", "2021*", "2022*", "2023*", "2024*", "2025*", "2026*"]}], "type": "v_bar"}