{"general_figure_info": {"figure_info": {"bbox": {"x": 120, "y": 45, "w": 605, "h": 392}}, "y_axis": {"label": {"bbox": [{"x": 40, "y": 180, "w": 11, "h": 121.171875}], "text": "Sales in million U.S. dollars"}, "major_labels": {"bboxes": [{"x": 65, "y": 422.5, "w": 45.0, "h": 23.555555555555557}, {"x": 65, "y": 373.5, "w": 45.0, "h": 23.555555555555557}, {"x": 65, "y": 324.5, "w": 45.0, "h": 23.555555555555557}, {"x": 65, "y": 275.5, "w": 45.0, "h": 23.555555555555557}, {"x": 65, "y": 226.5, "w": 45.0, "h": 23.555555555555557}, {"x": 65, "y": 177.5, "w": 45.0, "h": 23.555555555555557}, {"x": 65, "y": 128.5, "w": 45.0, "h": 23.555555555555557}, {"x": 65, "y": 79.5, "w": 45.0, "h": 23.555555555555557}, {"x": 65, "y": 29.5, "w": 45.0, "h": 23.555555555555557}]}}, "x_axis": {"major_labels": {"bboxes": [{"x": 183, "y": 447, "h": 12, "w": 24.484375}, {"x": 335, "y": 447, "h": 12, "w": 24.484375}, {"x": 486, "y": 447, "h": 12, "w": 24.484375}, {"x": 637, "y": 447, "h": 12, "w": 24.484375}], "values": ["2016", "2017", "2018", "2019"]}, "label": {}}}, "models": [{"name": {}, "bboxes": [{"x": 144, "y": 139, "w": 104, "h": 299}, {"x": 295, "y": 131, "w": 104, "h": 307}, {"x": 446, "y": 115, "w": 104, "h": 323}, {"x": 598, "y": 130, "w": 104, "h": 308}], "x": ["2016", "2017", "2018", "2019"], "y": ["305512", "313079", "329384", "314654"], "colors": ["#2876dd", "#2876dd", "#2876dd", "#2876dd"], "labels": ["2016", "2017", "2018", "2019"]}], "type": "v_bar"}