{"general_figure_info": {"figure_info": {"bbox": {"x": 94, "y": 45, "w": 631, "h": 392}}, "y_axis": {"label": {"bbox": [{"x": 40, "y": 153, "w": 11, "h": 176.1240234375}], "text": "GDP growth compared to previous year"}, "major_labels": {"bboxes": [{"x": 65, "y": 422.5, "w": 19.0, "h": 36.0}, {"x": 65, "y": 357.5, "w": 19.0, "h": 36.0}, {"x": 65, "y": 291.5, "w": 19.0, "h": 36.0}, {"x": 65, "y": 226.5, "w": 19.0, "h": 36.0}, {"x": 65, "y": 161.5, "w": 19.0, "h": 36.0}, {"x": 65, "y": 95.5, "w": 19.0, "h": 36.0}, {"x": 65, "y": 29.5, "w": 19.0, "h": 36.0}]}}, "x_axis": {"major_labels": {"bboxes": [{"x": 110, "y": 447, "h": 12, "w": 24.484375}, {"x": 168, "y": 447, "h": 12, "w": 24.484375}, {"x": 225, "y": 447, "h": 12, "w": 24.484375}, {"x": 280, "y": 447, "h": 12, "w": 29.470703125}, {"x": 338, "y": 447, "h": 12, "w": 29.470703125}, {"x": 395, "y": 447, "h": 12, "w": 29.470703125}, {"x": 452, "y": 447, "h": 12, "w": 29.470703125}, {"x": 510, "y": 447, "h": 12, "w": 29.470703125}, {"x": 567, "y": 447, "h": 12, "w": 29.470703125}, {"x": 625, "y": 447, "h": 12, "w": 29.470703125}, {"x": 682, "y": 447, "h": 12, "w": 29.470703125}], "values": ["2016", "2017", "2018", "2019*", "2020*", "2021*", "2022*", "2023*", "2024*", "2025*", "2026*"]}, "label": {}}}, "models": [{"name": {}, "bboxes": [{"x": 103, "y": 303, "w": 40, "h": 70}, {"x": 160, "y": 221, "w": 40, "h": 152}, {"x": 218, "y": 299, "w": 40, "h": 74}, {"x": 275, "y": 317, "w": 40, "h": 56}, {"x": 333, "y": 373, "w": 40, "h": 49}, {"x": 390, "y": 120, "w": 40, "h": 253}, {"x": 447, "y": 112, "w": 40, "h": 261}, {"x": 505, "y": 187, "w": 40, "h": 186}, {"x": 562, "y": 235, "w": 40, "h": 138}, {"x": 619, "y": 247, "w": 40, "h": 126}, {"x": 677, "y": 259, "w": 40, "h": 114}], "x": ["2016", "2017", "2018", "2019*", "2020*", "2021*", "2022*", "2023*", "2024*", "2025*", "2026*"], "y": ["1.07%", "2.32%", "1.12%", "0.85%", "-0.76%", "3.86%", "3.99%", "2.84%", "2.11%", "1.93%", "1.74%"], "colors": ["#2876dd", "#2876dd", "#2876dd", "#2876dd", "#2876dd", "#2876dd", "#2876dd", "#2876dd", "#2876dd", "#2876dd", "#2876dd"], "labels": ["2016", "2017", "2018", "2019*", "2020*", "2021*", "2022*", "2023*", "2024*", "2025*", "2026*"]}], "type": "v_bar"}