{"general_figure_info": {"figure_info": {"bbox": {"x": 96, "y": 45, "w": 629, "h": 377}}, "y_axis": {"label": {"bbox": [{"x": 40, "y": 193, "w": 11, "h": 81.71875}], "text": "Share of Catholics"}, "major_labels": {"bboxes": [{"x": 65, "y": 407.5, "w": 21.0, "h": 33.857142857142854}, {"x": 65, "y": 344.5, "w": 21.0, "h": 33.857142857142854}, {"x": 65, "y": 281.5, "w": 21.0, "h": 33.857142857142854}, {"x": 65, "y": 219.5, "w": 21.0, "h": 33.857142857142854}, {"x": 65, "y": 156.5, "w": 21.0, "h": 33.857142857142854}, {"x": 65, "y": 93.5, "w": 21.0, "h": 33.857142857142854}, {"x": 65, "y": 29.5, "w": 21.0, "h": 33.857142857142854}]}}, "x_axis": {"major_labels": {"bboxes": [{"x": 136, "y": 432, "h": 12, "w": 46.34228515625}, {"x": 267, "y": 432, "h": 12, "w": 35.484375}, {"x": 363, "y": 432, "h": 12, "w": 96.27294921875}, {"x": 508, "y": 432, "h": 12, "w": 57.9599609375}, {"x": 618, "y": 432, "h": 24, "w": 88.046875}], "values": ["Americas", "Europe", "Sub-Saharan Africa", "Asia-Pacific", "Middle East-North"]}, "label": {}}}, "models": [{"name": {}, "bboxes": [{"x": 116, "y": 125, "w": 87, "h": 298}, {"x": 242, "y": 273, "w": 87, "h": 150}, {"x": 367, "y": 322, "w": 87, "h": 101}, {"x": 493, "y": 348, "w": 87, "h": 75}, {"x": 619, "y": 420, "w": 87, "h": 3}], "x": ["Americas", "Europe", "Sub-Saharan Africa", "Asia-Pacific", "Middle East-North"], "y": ["47.5%", "23.9%", "16.1%", "12%", "0.5%"], "colors": ["#2876dd", "#2876dd", "#2876dd", "#2876dd", "#2876dd"], "labels": ["Americas", "Europe", "Sub-Saharan Africa", "Asia-Pacific", "Middle East-North"]}], "type": "v_bar"}