{"general_figure_info": {"figure_info": {"bbox": {"x": 131, "y": 45, "w": 594, "h": 392}}, "y_axis": {"label": {"bbox": [{"x": 40, "y": 196, "w": 11, "h": 90.046875}], "text": "Number of residents"}, "major_labels": {"bboxes": [{"x": 65, "y": 422.5, "w": 56.0, "h": 29.0}, {"x": 65, "y": 366.5, "w": 56.0, "h": 29.0}, {"x": 65, "y": 310.5, "w": 56.0, "h": 29.0}, {"x": 65, "y": 254.5, "w": 56.0, "h": 29.0}, {"x": 65, "y": 198.5, "w": 56.0, "h": 29.0}, {"x": 65, "y": 142.5, "w": 56.0, "h": 29.0}, {"x": 65, "y": 86.5, "w": 56.0, "h": 29.0}, {"x": 65, "y": 29.5, "w": 56.0, "h": 29.0}]}}, "x_axis": {"major_labels": {"bboxes": [{"x": 148, "y": 447, "h": 12, "w": 24.484375}, {"x": 208, "y": 447, "h": 12, "w": 23.65625}, {"x": 267, "y": 447, "h": 12, "w": 24.484375}, {"x": 327, "y": 447, "h": 12, "w": 24.484375}, {"x": 386, "y": 447, "h": 12, "w": 24.484375}, {"x": 445, "y": 447, "h": 12, "w": 24.484375}, {"x": 505, "y": 447, "h": 12, "w": 24.484375}, {"x": 564, "y": 447, "h": 12, "w": 24.484375}, {"x": 624, "y": 447, "h": 12, "w": 24.484375}, {"x": 683, "y": 447, "h": 12, "w": 24.484375}], "values": ["2010", "2011", "2012", "2013", "2014", "2015", "2016", "2017", "2018", "2019"]}, "label": {}}}, "models": [{"name": {}, "bboxes": [{"x": 140, "y": 156, "w": 41, "h": 282}, {"x": 200, "y": 152, "w": 41, "h": 286}, {"x": 259, "y": 147, "w": 41, "h": 291}, {"x": 319, "y": 142, "w": 41, "h": 296}, {"x": 378, "y": 139, "w": 41, "h": 299}, {"x": 437, "y": 134, "w": 41, "h": 304}, {"x": 497, "y": 130, "w": 41, "h": 308}, {"x": 556, "y": 129, "w": 41, "h": 309}, {"x": 616, "y": 126, "w": 41, "h": 312}, {"x": 675, "y": 122, "w": 41, "h": 316}], "x": ["2010", "2011", "2012", "2013", "2014", "2015", "2016", "2017", "2018", "2019"], "y": ["1257793", "1277045", "1297857", "1320148", "1336256", "1357178", "1372985", "1381492", "1393605", "1408950"], "colors": ["#2876dd", "#2876dd", "#2876dd", "#2876dd", "#2876dd", "#2876dd", "#2876dd", "#2876dd", "#2876dd", "#2876dd"], "labels": ["2010", "2011", "2012", "2013", "2014", "2015", "2016", "2017", "2018", "2019"]}], "type": "v_bar"}