{"general_figure_info": {"figure_info": {"bbox": {"x": 138, "y": 35, "w": 572, "h": 380}}, "y_axis": {"label": {"bbox": [{"x": 376, "y": 446, "w": 96.171875, "h": 11}], "text": "Number of invididuals"}, "major_labels": {"bboxes": [{"x": 117.5, "y": 421, "w": 32.0, "h": 26.0}, {"x": 174.5, "y": 421, "w": 32.0, "h": 26.0}, {"x": 231.5, "y": 421, "w": 32.0, "h": 26.0}, {"x": 289.5, "y": 421, "w": 32.0, "h": 26.0}, {"x": 346.5, "y": 421, "w": 32.0, "h": 26.0}, {"x": 403.5, "y": 421, "w": 32.0, "h": 26.0}, {"x": 460.5, "y": 421, "w": 32.0, "h": 26.0}, {"x": 517.5, "y": 421, "w": 32.0, "h": 26.0}, {"x": 575.5, "y": 421, "w": 32.0, "h": 26.0}, {"x": 632.5, "y": 421, "w": 32.0, "h": 26.0}, {"x": 690.5, "y": 421, "w": 32.0, "h": 26.0}]}}, "x_axis": {"major_labels": {"bboxes": [{"x": 68, "y": 48, "h": 12, "w": 56.859375}, {"x": 93, "y": 86, "h": 12, "w": 32.6630859375}, {"x": 107, "y": 124, "h": 12, "w": 19.224609375}, {"x": 44, "y": 162, "h": 12, "w": 81.57763671875}, {"x": 97, "y": 200, "h": 12, "w": 28.3876953125}, {"x": 95, "y": 238, "h": 12, "w": 29.953125}, {"x": 63, "y": 276, "h": 12, "w": 62.390625}, {"x": 79, "y": 314, "h": 12, "w": 46.76220703125}, {"x": 63, "y": 352, "h": 12, "w": 63.26220703125}, {"x": 97, "y": 390, "h": 12, "w": 27.53125}], "values": ["Nora/Norah", "Emma", "Ella", "Maja/Maia/Maya", "Olivia", "Emilie", "Sofie/Sophie", "Leah/Lea", "Sofia/Sophia", "Ingrid"]}, "label": {}}}, "models": [{"name": {}, "bboxes": [{"x": 137, "y": 41, "w": 476, "h": 26}, {"x": 137, "y": 79, "w": 414, "h": 26}, {"x": 137, "y": 117, "w": 386, "h": 26}, {"x": 137, "y": 155, "w": 367, "h": 26}, {"x": 137, "y": 193, "w": 360, "h": 26}, {"x": 137, "y": 231, "w": 350, "h": 26}, {"x": 137, "y": 269, "w": 339, "h": 26}, {"x": 137, "y": 307, "w": 329, "h": 26}, {"x": 137, "y": 345, "w": 323, "h": 26}, {"x": 137, "y": 383, "w": 310, "h": 26}], "x": ["Nora/Norah", "Emma", "Ella", "Maja/Maia/Maya", "Olivia", "Emilie", "Sofie/Sophie", "Leah/Lea", "Sofia/Sophia", "Ingrid"], "y": ["416", "362", "337", "321", "315", "306", "296", "288", "282", "271"], "colors": ["#2876dd", "#2876dd", "#2876dd", "#2876dd", "#2876dd", "#2876dd", "#2876dd", "#2876dd", "#2876dd", "#2876dd"], "labels": ["Nora/Norah", "Emma", "Ella", "Maja/Maia/Maya", "Olivia", "Emilie", "Sofie/Sophie", "Leah/Lea", "Sofia/Sophia", "Ingrid"]}], "type": "h_bar"}