{"general_figure_info": {"figure_info": {"bbox": {"x": 212, "y": 35, "w": 498, "h": 870}}, "y_axis": {"label": {"bbox": [{"x": 379, "y": 936, "w": 164.994140625, "h": 11}], "text": "Share price change Jan 20 to Feb 25"}, "major_labels": {"bboxes": [{"x": 191.5, "y": 911, "w": 29.799999999999997, "h": 26.0}, {"x": 246.5, "y": 911, "w": 29.799999999999997, "h": 26.0}, {"x": 302.5, "y": 911, "w": 29.799999999999997, "h": 26.0}, {"x": 357.5, "y": 911, "w": 29.799999999999997, "h": 26.0}, {"x": 412.5, "y": 911, "w": 29.799999999999997, "h": 26.0}, {"x": 468.5, "y": 911, "w": 29.799999999999997, "h": 26.0}, {"x": 523.5, "y": 911, "w": 29.799999999999997, "h": 26.0}, {"x": 578.5, "y": 911, "w": 29.799999999999997, "h": 26.0}, {"x": 634.5, "y": 911, "w": 29.799999999999997, "h": 26.0}, {"x": 690.5, "y": 911, "w": 29.799999999999997, "h": 26.0}]}}, "x_axis": {"major_labels": {"bboxes": [{"x": 159, "y": 47, "h": 12, "w": 39.75}, {"x": 124, "y": 83, "h": 12, "w": 75.0830078125}, {"x": 112, "y": 120, "h": 12, "w": 88.296875}, {"x": 133, "y": 156, "h": 12, "w": 66.52685546875}, {"x": 47, "y": 192, "h": 12, "w": 152.25}, {"x": 86, "y": 228, "h": 12, "w": 113.6044921875}, {"x": 116, "y": 265, "h": 12, "w": 83.140625}, {"x": 156, "y": 301, "h": 12, "w": 43.296875}, {"x": 150, "y": 337, "h": 12, "w": 48.921875}, {"x": 114, "y": 373, "h": 12, "w": 85.90576171875}, {"x": 181, "y": 410, "h": 12, "w": 17.75}, {"x": 134, "y": 446, "h": 12, "w": 65.3076171875}, {"x": 170, "y": 482, "h": 12, "w": 29.84228515625}, {"x": 156, "y": 518, "h": 12, "w": 44.296875}, {"x": 60, "y": 555, "h": 12, "w": 139.2998046875}, {"x": 85, "y": 591, "h": 12, "w": 114.22216796875}, {"x": 64, "y": 627, "h": 12, "w": 135.63134765625}, {"x": 119, "y": 663, "h": 12, "w": 79.98681640625}, {"x": 70, "y": 700, "h": 12, "w": 129.513671875}, {"x": 178, "y": 736, "h": 12, "w": 21.40625}, {"x": 155, "y": 772, "h": 12, "w": 44.046875}, {"x": 159, "y": 808, "h": 12, "w": 40.359375}, {"x": 142, "y": 845, "h": 12, "w": 57.796875}, {"x": 167, "y": 881, "h": 12, "w": 31.796875}], "values": ["Novacyt", "Co-Diagnostics", "Cocrystal Pharma", "Nanoviricides", "Zhejiang Hisun Pharmaceutical", "Faron Pharmaceuticals", "AIM Immunotech", "Novavax", "Q Biomed", "Vir Biotechnology", "Ibio", "Cytosorbents", "Cerus", "Moderna", "Regeneron Pharmaceuticals", "Inovio Pharmaceuticals", "Innovation Pharmaceuticals", "Gilead Sciences", "Immunoprecise Antibodies", "CSL", "Seegene", "Cytodyn", "Pharmamar", "Roche"]}, "label": {}}}, "models": [{"name": {}, "bboxes": [{"x": 211, "y": 41, "w": 442, "h": 25}, {"x": 211, "y": 77, "w": 164, "h": 25}, {"x": 211, "y": 113, "w": 142, "h": 25}, {"x": 211, "y": 149, "w": 75, "h": 25}, {"x": 211, "y": 186, "w": 29, "h": 25}, {"x": 211, "y": 222, "w": 27, "h": 25}, {"x": 211, "y": 258, "w": 24, "h": 25}, {"x": 211, "y": 294, "w": 22, "h": 25}, {"x": 211, "y": 331, "w": 19, "h": 25}, {"x": 211, "y": 367, "w": 18, "h": 25}, {"x": 211, "y": 403, "w": 18, "h": 25}, {"x": 211, "y": 439, "w": 13, "h": 25}, {"x": 211, "y": 476, "w": 11, "h": 25}, {"x": 211, "y": 512, "w": 8, "h": 25}, {"x": 211, "y": 548, "w": 8, "h": 25}, {"x": 211, "y": 584, "w": 8, "h": 25}, {"x": 211, "y": 621, "w": 7, "h": 25}, {"x": 211, "y": 657, "w": 6, "h": 25}, {"x": 211, "y": 693, "w": 4, "h": 25}, {"x": 211, "y": 729, "w": 4, "h": 25}, {"x": 211, "y": 766, "w": 3, "h": 25}, {"x": 211, "y": 802, "w": 3, "h": 25}, {"x": 211, "y": 838, "w": 1, "h": 25}, {"x": 211, "y": 874, "w": 1, "h": 25}], "x": ["Novacyt", "Co-Diagnostics", "Cocrystal Pharma", "Nanoviricides", "Zhejiang Hisun Pharmaceutical", "Faron Pharmaceuticals", "AIM Immunotech", "Novavax", "Q Biomed", "Vir Biotechnology", "Ibio", "Cytosorbents", "Cerus", "Moderna", "Regeneron Pharmaceuticals", "Inovio Pharmaceuticals", "Innovation Pharmaceuticals", "Gilead Sciences", "Immunoprecise Antibodies", "CSL", "Seegene", "Cytodyn", "Pharmamar", "Roche"], "y": ["799%", "296%", "256%", "135%", "52%", "49%", "44%", "39%", "34%", "33%", "32%", "24%", "20%", "15%", "15%", "14%", "13%", "11%", "7%", "7%", "6%", "5%", "2%", "1%"], "colors": ["#2876dd", "#2876dd", "#2876dd", "#2876dd", "#2876dd", "#2876dd", "#2876dd", "#2876dd", "#2876dd", "#2876dd", "#2876dd", "#2876dd", "#2876dd", "#2876dd", "#2876dd", "#2876dd", "#2876dd", "#2876dd", "#2876dd", "#2876dd", "#2876dd", "#2876dd", "#2876dd", "#2876dd"], "labels": ["Novacyt", "Co-Diagnostics", "Cocrystal Pharma", "Nanoviricides", "Zhejiang Hisun Pharmaceutical", "Faron Pharmaceuticals", "AIM Immunotech", "Novavax", "Q Biomed", "Vir Biotechnology", "Ibio", "Cytosorbents", "Cerus", "Moderna", "Regeneron Pharmaceuticals", "Inovio Pharmaceuticals", "Innovation Pharmaceuticals", "Gilead Sciences", "Immunoprecise Antibodies", "CSL", "Seegene", "Cytodyn", "Pharmamar", "Roche"]}], "type": "h_bar"}