{"general_figure_info": {"figure_info": {"bbox": {"x": 89, "y": 45, "w": 636, "h": 363}}, "y_axis": {"label": {"bbox": [{"x": 40, "y": 141, "w": 11, "h": 171.203125}], "text": "Retail sales in million Canadian dollars"}, "major_labels": {"bboxes": [{"x": 65, "y": 393.5, "w": 14.0, "h": 40.5}, {"x": 65, "y": 320.5, "w": 14.0, "h": 40.5}, {"x": 65, "y": 248.5, "w": 14.0, "h": 40.5}, {"x": 65, "y": 175.5, "w": 14.0, "h": 40.5}, {"x": 65, "y": 103.5, "w": 14.0, "h": 40.5}, {"x": 65, "y": 29.5, "w": 14.0, "h": 40.5}]}}, "x_axis": {"major_labels": {"bboxes": [{"x": 75, "y": 421, "h": 32.891510009765625, "w": 32.89151382446289}, {"x": 102, "y": 421, "h": 34.615081787109375, "w": 34.615089416503906}, {"x": 131, "y": 421, "h": 34.615081787109375, "w": 34.615089416503906}, {"x": 161, "y": 421, "h": 33.333465576171875, "w": 33.33345031738281}, {"x": 189, "y": 421, "h": 34.19525146484375, "w": 34.19523620605469}, {"x": 218, "y": 421, "h": 34.1842041015625, "w": 34.1842041015625}, {"x": 248, "y": 421, "h": 32.891510009765625, "w": 32.891510009765625}, {"x": 274, "y": 421, "h": 35.4879150390625, "w": 35.48793029785156}, {"x": 305, "y": 421, "h": 33.333465576171875, "w": 33.333465576171875}, {"x": 337, "y": 421, "h": 30.72601318359375, "w": 30.72601318359375}, {"x": 362, "y": 421, "h": 34.626129150390625, "w": 34.626129150390625}, {"x": 391, "y": 421, "h": 34.626129150390625, "w": 34.626129150390625}, {"x": 421, "y": 421, "h": 32.891510009765625, "w": 32.891510009765625}, {"x": 449, "y": 421, "h": 34.615081787109375, "w": 34.615081787109375}, {"x": 478, "y": 421, "h": 34.615081787109375, "w": 34.615081787109375}, {"x": 508, "y": 421, "h": 33.333465576171875, "w": 33.33343505859375}, {"x": 536, "y": 421, "h": 34.19525146484375, "w": 34.195220947265625}, {"x": 565, "y": 421, "h": 34.1842041015625, "w": 34.18414306640625}, {"x": 595, "y": 421, "h": 32.891510009765625, "w": 32.8914794921875}, {"x": 621, "y": 421, "h": 35.4879150390625, "w": 35.4879150390625}, {"x": 652, "y": 421, "h": 33.333465576171875, "w": 33.33343505859375}, {"x": 684, "y": 421, "h": 30.72601318359375, "w": 30.7259521484375}], "values": ["Oct '18", "Nov '18", "Dec '18", "Jan' 19", "Feb '19", "Mar '19", "Apr '19", "May '19", "Jun '19", "Jul '19", "Aug '19", "Sep '19", "Oct '19", "Nov '19", "Dec '19", "Jan '20", "Feb '20", "Mar '20", "Apr '20", "May '20", "Jun '20", "Jul '20"]}, "label": {}}}, "models": [{"name": {}, "bboxes": [{"x": 94, "y": 341, "w": 20, "h": 68}, {"x": 122, "y": 323, "w": 20, "h": 86}, {"x": 151, "y": 322, "w": 20, "h": 87}, {"x": 180, "y": 328, "w": 20, "h": 81}, {"x": 209, "y": 326, "w": 20, "h": 83}, {"x": 238, "y": 307, "w": 20, "h": 102}, {"x": 267, "y": 310, "w": 20, "h": 99}, {"x": 296, "y": 285, "w": 20, "h": 124}, {"x": 325, "y": 273, "w": 20, "h": 136}, {"x": 354, "y": 233, "w": 20, "h": 176}, {"x": 383, "y": 228, "w": 20, "h": 181}, {"x": 412, "y": 219, "w": 20, "h": 190}, {"x": 440, "y": 198, "w": 20, "h": 211}, {"x": 469, "y": 193, "w": 20, "h": 216}, {"x": 498, "y": 166, "w": 20, "h": 243}, {"x": 527, "y": 177, "w": 20, "h": 232}, {"x": 556, "y": 197, "w": 20, "h": 212}, {"x": 585, "y": 136, "w": 20, "h": 273}, {"x": 614, "y": 111, "w": 20, "h": 298}, {"x": 643, "y": 129, "w": 20, "h": 280}, {"x": 672, "y": 119, "w": 20, "h": 290}, {"x": 701, "y": 90, "w": 20, "h": 319}], "x": ["Oct '18", "Nov '18", "Dec '18", "Jan' 19", "Feb '19", "Mar '19", "Apr '19", "May '19", "Jun '19", "Jul '19", "Aug '19", "Sep '19", "Oct '19", "Nov '19", "Dec '19", "Jan '20", "Feb '20", "Mar '20", "Apr '20", "May '20", "Jun '20", "Jul '20"], "y": ["9.42", "11.86", "11.99", "11.22", "11.39", "14.11", "13.6", "17.13", "18.77", "24.2", "24.98", "26.21", "29.01", "29.81", "33.46", "32", "29.18", "37.67", "41.05", "38.53", "39.99", "43.9"], "colors": ["#2876dd", "#2876dd", "#2876dd", "#2876dd", "#2876dd", "#2876dd", "#2876dd", "#2876dd", "#2876dd", "#2876dd", "#2876dd", "#2876dd", "#2876dd", "#2876dd", "#2876dd", "#2876dd", "#2876dd", "#2876dd", "#2876dd", "#2876dd", "#2876dd", "#2876dd"], "labels": ["Oct '18", "Nov '18", "Dec '18", "Jan' 19", "Feb '19", "Mar '19", "Apr '19", "May '19", "Jun '19", "Jul '19", "Aug '19", "Sep '19", "Oct '19", "Nov '19", "Dec '19", "Jan '20", "Feb '20", "Mar '20", "Apr '20", "May '20", "Jun '20", "Jul '20"]}], "type": "v_bar"}