{"general_figure_info": {"figure_info": {"bbox": {"x": 106, "y": 45, "w": 619, "h": 392}}, "y_axis": {"label": {"bbox": [{"x": 40, "y": 200, "w": 11, "h": 81.703125}], "text": "Number of players"}, "major_labels": {"bboxes": [{"x": 65, "y": 422.5, "w": 31.0, "h": 23.555555555555557}, {"x": 65, "y": 373.5, "w": 31.0, "h": 23.555555555555557}, {"x": 65, "y": 324.5, "w": 31.0, "h": 23.555555555555557}, {"x": 65, "y": 275.5, "w": 31.0, "h": 23.555555555555557}, {"x": 65, "y": 226.5, "w": 31.0, "h": 23.555555555555557}, {"x": 65, "y": 177.5, "w": 31.0, "h": 23.555555555555557}, {"x": 65, "y": 128.5, "w": 31.0, "h": 23.555555555555557}, {"x": 65, "y": 79.5, "w": 31.0, "h": 23.555555555555557}, {"x": 65, "y": 29.5, "w": 31.0, "h": 23.555555555555557}]}}, "x_axis": {"major_labels": {"bboxes": [{"x": 121, "y": 447, "h": 12, "w": 38.953125}, {"x": 190, "y": 447, "h": 12, "w": 38.953125}, {"x": 258, "y": 447, "h": 12, "w": 39.765625}, {"x": 327, "y": 447, "h": 12, "w": 39.765625}, {"x": 396, "y": 447, "h": 12, "w": 39.765625}, {"x": 464, "y": 447, "h": 12, "w": 39.765625}, {"x": 533, "y": 447, "h": 12, "w": 39.765625}, {"x": 602, "y": 447, "h": 12, "w": 39.765625}, {"x": 671, "y": 447, "h": 12, "w": 39.765625}], "values": ["2010/11", "2011/12", "2012/13", "2013/14", "2014/15", "2015/16", "2016/17", "2017/18", "2018/19"]}, "label": {}}}, "models": [{"name": {}, "bboxes": [{"x": 117, "y": 254, "w": 48, "h": 184}, {"x": 186, "y": 278, "w": 48, "h": 160}, {"x": 254, "y": 232, "w": 48, "h": 206}, {"x": 323, "y": 267, "w": 48, "h": 171}, {"x": 392, "y": 222, "w": 48, "h": 216}, {"x": 461, "y": 184, "w": 48, "h": 254}, {"x": 530, "y": 176, "w": 48, "h": 262}, {"x": 598, "y": 139, "w": 48, "h": 299}, {"x": 667, "y": 119, "w": 48, "h": 319}], "x": ["2010/11", "2011/12", "2012/13", "2013/14", "2014/15", "2015/16", "2016/17", "2017/18", "2018/19"], "y": ["1 880", "1 636", "2 106", "1 744", "2 207", "2 591", "2 675", "3 052", "3 260"], "colors": ["#2876dd", "#2876dd", "#2876dd", "#2876dd", "#2876dd", "#2876dd", "#2876dd", "#2876dd", "#2876dd"], "labels": ["2010/11", "2011/12", "2012/13", "2013/14", "2014/15", "2015/16", "2016/17", "2017/18", "2018/19"]}], "type": "v_bar"}