{"general_figure_info": {"figure_info": {"bbox": {"x": 107, "y": 45, "w": 618, "h": 392}}, "y_axis": {"label": {"bbox": [{"x": 40, "y": 219, "w": 11, "h": 44.46875}], "text": "Gini index"}, "major_labels": {"bboxes": [{"x": 65, "y": 422.5, "w": 32.0, "h": 29.0}, {"x": 65, "y": 366.5, "w": 32.0, "h": 29.0}, {"x": 65, "y": 310.5, "w": 32.0, "h": 29.0}, {"x": 65, "y": 254.5, "w": 32.0, "h": 29.0}, {"x": 65, "y": 198.5, "w": 32.0, "h": 29.0}, {"x": 65, "y": 142.5, "w": 32.0, "h": 29.0}, {"x": 65, "y": 86.5, "w": 32.0, "h": 29.0}, {"x": 65, "y": 29.5, "w": 32.0, "h": 29.0}]}}, "x_axis": {"major_labels": {"bboxes": [{"x": 117, "y": 447, "h": 12, "w": 24.484375}, {"x": 161, "y": 447, "h": 12, "w": 24.484375}, {"x": 205, "y": 447, "h": 12, "w": 24.484375}, {"x": 249, "y": 447, "h": 12, "w": 24.484375}, {"x": 293, "y": 447, "h": 12, "w": 24.484375}, {"x": 338, "y": 447, "h": 12, "w": 24.484375}, {"x": 382, "y": 447, "h": 12, "w": 24.484375}, {"x": 426, "y": 447, "h": 12, "w": 23.65625}, {"x": 470, "y": 447, "h": 12, "w": 24.484375}, {"x": 514, "y": 447, "h": 12, "w": 24.484375}, {"x": 558, "y": 447, "h": 12, "w": 24.484375}, {"x": 602, "y": 447, "h": 12, "w": 24.484375}, {"x": 647, "y": 447, "h": 12, "w": 24.484375}, {"x": 691, "y": 447, "h": 12, "w": 24.484375}], "values": ["2004", "2005", "2006", "2007", "2008", "2009", "2010", "2011", "2012", "2013", "2014", "2015", "2016", "2017"]}, "label": {}}}, "models": [{"name": "line", "bboxes": [{"x": 130, "y": 267, "w": 44, "h": 51}, {"x": 174, "y": 297, "w": 44, "h": 21}, {"x": 218, "y": 297, "w": 44, "h": 120}, {"x": 262, "y": 355, "w": 44, "h": 62}, {"x": 306, "y": 355, "w": 44, "h": 9}, {"x": 350, "y": 280, "w": 44, "h": 84}, {"x": 394, "y": 268, "w": 45, "h": 12}, {"x": 439, "y": 196, "w": 44, "h": 72}, {"x": 483, "y": 196, "w": 44, "h": 29}, {"x": 527, "y": 225, "w": 44, "h": 23}, {"x": 571, "y": 169, "w": 44, "h": 79}, {"x": 615, "y": 169, "w": 44, "h": 23}, {"x": 659, "y": 113, "w": 44, "h": 79}], "x": ["2004", "2005", "2006", "2007", "2008", "2009", "2010", "2011", "2012", "2013", "2014", "2015", "2016", "2017"], "y": ["34.53%", "34.07%", "34.26%", "33.19%", "33.74%", "33.66%", "34.41%", "34.52%", "35.16%", "34.9%", "34.7%", "35.4%", "35.2%", "35.9%"], "label": " ", "color": "#2876dd"}], "type": "line"}