{"general_figure_info": {"figure_info": {"bbox": {"x": 94, "y": 45, "w": 631, "h": 392}}, "y_axis": {"label": {"bbox": [{"x": 40, "y": 181, "w": 11, "h": 120.609375}], "text": "Number of users in millions"}, "major_labels": {"bboxes": [{"x": 65, "y": 422.5, "w": 19.0, "h": 36.0}, {"x": 65, "y": 357.5, "w": 19.0, "h": 36.0}, {"x": 65, "y": 291.5, "w": 19.0, "h": 36.0}, {"x": 65, "y": 226.5, "w": 19.0, "h": 36.0}, {"x": 65, "y": 161.5, "w": 19.0, "h": 36.0}, {"x": 65, "y": 95.5, "w": 19.0, "h": 36.0}, {"x": 65, "y": 29.5, "w": 19.0, "h": 36.0}]}}, "x_axis": {"major_labels": {"bboxes": [{"x": 117, "y": 447, "h": 12, "w": 24.484375}, {"x": 187, "y": 447, "h": 12, "w": 24.484375}, {"x": 257, "y": 447, "h": 12, "w": 24.484375}, {"x": 327, "y": 447, "h": 12, "w": 24.484375}, {"x": 395, "y": 447, "h": 12, "w": 29.470703125}, {"x": 465, "y": 447, "h": 12, "w": 29.470703125}, {"x": 535, "y": 447, "h": 12, "w": 29.470703125}, {"x": 605, "y": 447, "h": 12, "w": 29.470703125}, {"x": 676, "y": 447, "h": 12, "w": 29.470703125}], "values": ["2017", "2018", "2019", "2020", "2021*", "2022*", "2023*", "2024*", "2025*"]}, "label": {}}}, "models": [{"name": {}, "bboxes": [{"x": 105, "y": 159, "w": 48, "h": 279}, {"x": 175, "y": 154, "w": 48, "h": 284}, {"x": 245, "y": 151, "w": 48, "h": 287}, {"x": 315, "y": 147, "w": 48, "h": 291}, {"x": 386, "y": 143, "w": 48, "h": 295}, {"x": 456, "y": 140, "w": 48, "h": 298}, {"x": 526, "y": 137, "w": 48, "h": 301}, {"x": 596, "y": 128, "w": 48, "h": 310}, {"x": 666, "y": 120, "w": 48, "h": 318}], "x": ["2017", "2018", "2019", "2020", "2021*", "2022*", "2023*", "2024*", "2025*"], "y": ["213.19", "217.04", "219.86", "223.03", "225.61", "228.27", "230.64", "237.39", "243.42"], "colors": ["#2876dd", "#2876dd", "#2876dd", "#2876dd", "#2876dd", "#2876dd", "#2876dd", "#2876dd", "#2876dd"], "labels": ["2017", "2018", "2019", "2020", "2021*", "2022*", "2023*", "2024*", "2025*"]}], "type": "v_bar"}