{"general_figure_info": {"figure_info": {"bbox": {"x": 89, "y": 45, "w": 636, "h": 392}}, "y_axis": {"label": {"bbox": [{"x": 40, "y": 156, "w": 11, "h": 169.34375}], "text": "GDP contribution in billion U.S. dollars"}, "major_labels": {"bboxes": [{"x": 65, "y": 422.5, "w": 14.0, "h": 45.33333333333333}, {"x": 65, "y": 344.5, "w": 14.0, "h": 45.33333333333333}, {"x": 65, "y": 265.5, "w": 14.0, "h": 45.33333333333333}, {"x": 65, "y": 187.5, "w": 14.0, "h": 45.33333333333333}, {"x": 65, "y": 108.5, "w": 14.0, "h": 45.33333333333333}, {"x": 65, "y": 29.5, "w": 14.0, "h": 45.33333333333333}]}}, "x_axis": {"major_labels": {"bboxes": [{"x": 183, "y": 447, "h": 12, "w": 24.484375}, {"x": 395, "y": 447, "h": 12, "w": 24.484375}, {"x": 605, "y": 447, "h": 12, "w": 29.470703125}], "values": ["2006", "2016", "2026*"]}, "label": {}}}, "models": [{"name": {}, "bboxes": [{"x": 122, "y": 375, "w": 146, "h": 63}, {"x": 334, "y": 259, "w": 146, "h": 179}, {"x": 546, "y": 110, "w": 146, "h": 328}], "x": ["2006", "2016", "2026*"], "y": ["4", "11.4", "20.9"], "colors": ["#2876dd", "#2876dd", "#2876dd"], "labels": ["2006", "2016", "2026*"]}], "type": "v_bar"}