{"general_figure_info": {"figure_info": {"bbox": {"x": 96, "y": 45, "w": 629, "h": 392}}, "y_axis": {"label": {"bbox": [{"x": 40, "y": 154, "w": 11, "h": 173.953125}], "text": "Motor written premiums in million euros"}, "major_labels": {"bboxes": [{"x": 65, "y": 422.5, "w": 21.0, "h": 29.0}, {"x": 65, "y": 366.5, "w": 21.0, "h": 29.0}, {"x": 65, "y": 310.5, "w": 21.0, "h": 29.0}, {"x": 65, "y": 254.5, "w": 21.0, "h": 29.0}, {"x": 65, "y": 198.5, "w": 21.0, "h": 29.0}, {"x": 65, "y": 142.5, "w": 21.0, "h": 29.0}, {"x": 65, "y": 86.5, "w": 21.0, "h": 29.0}, {"x": 65, "y": 29.5, "w": 21.0, "h": 29.0}]}}, "x_axis": {"major_labels": {"bboxes": [{"x": 115, "y": 447, "h": 12, "w": 24.484375}, {"x": 179, "y": 447, "h": 12, "w": 23.65625}, {"x": 241, "y": 447, "h": 12, "w": 24.484375}, {"x": 304, "y": 447, "h": 12, "w": 24.484375}, {"x": 367, "y": 447, "h": 12, "w": 24.484375}, {"x": 430, "y": 447, "h": 12, "w": 24.484375}, {"x": 493, "y": 447, "h": 12, "w": 24.484375}, {"x": 556, "y": 447, "h": 12, "w": 24.484375}, {"x": 618, "y": 447, "h": 12, "w": 24.484375}, {"x": 681, "y": 447, "h": 12, "w": 24.484375}], "values": ["2010", "2011", "2012", "2013", "2014", "2015", "2016", "2017", "2018", "2019"]}, "label": {}}}, "models": [{"name": {}, "bboxes": [{"x": 106, "y": 158, "w": 44, "h": 280}, {"x": 169, "y": 149, "w": 44, "h": 289}, {"x": 232, "y": 142, "w": 44, "h": 296}, {"x": 295, "y": 154, "w": 44, "h": 284}, {"x": 358, "y": 149, "w": 44, "h": 289}, {"x": 420, "y": 140, "w": 44, "h": 298}, {"x": 483, "y": 133, "w": 44, "h": 305}, {"x": 546, "y": 124, "w": 44, "h": 314}, {"x": 609, "y": 216, "w": 44, "h": 222}, {"x": 672, "y": 207, "w": 44, "h": 231}], "x": ["2010", "2011", "2012", "2013", "2014", "2015", "2016", "2017", "2018", "2019"], "y": ["125", "129", "132", "127", "129", "133", "136", "140", "99", "103"], "colors": ["#2876dd", "#2876dd", "#2876dd", "#2876dd", "#2876dd", "#2876dd", "#2876dd", "#2876dd", "#2876dd", "#2876dd"], "labels": ["2010", "2011", "2012", "2013", "2014", "2015", "2016", "2017", "2018", "2019"]}], "type": "v_bar"}