{"general_figure_info": {"figure_info": {"bbox": {"x": 89, "y": 45, "w": 636, "h": 392}}, "y_axis": {"label": {"bbox": [{"x": 40, "y": 208, "w": 11, "h": 65.626953125}], "text": "Gini coefficient"}, "major_labels": {"bboxes": [{"x": 65, "y": 422.5, "w": 14.0, "h": 36.0}, {"x": 65, "y": 357.5, "w": 14.0, "h": 36.0}, {"x": 65, "y": 291.5, "w": 14.0, "h": 36.0}, {"x": 65, "y": 226.5, "w": 14.0, "h": 36.0}, {"x": 65, "y": 161.5, "w": 14.0, "h": 36.0}, {"x": 65, "y": 95.5, "w": 14.0, "h": 36.0}, {"x": 65, "y": 29.5, "w": 14.0, "h": 36.0}]}}, "x_axis": {"major_labels": {"bboxes": [{"x": 103, "y": 447, "h": 12, "w": 24.484375}, {"x": 156, "y": 447, "h": 12, "w": 24.484375}, {"x": 209, "y": 447, "h": 12, "w": 24.484375}, {"x": 262, "y": 447, "h": 12, "w": 24.484375}, {"x": 316, "y": 447, "h": 12, "w": 23.65625}, {"x": 368, "y": 447, "h": 12, "w": 24.484375}, {"x": 421, "y": 447, "h": 12, "w": 24.484375}, {"x": 474, "y": 447, "h": 12, "w": 24.484375}, {"x": 527, "y": 447, "h": 12, "w": 24.484375}, {"x": 580, "y": 447, "h": 12, "w": 24.484375}, {"x": 633, "y": 447, "h": 12, "w": 24.484375}, {"x": 686, "y": 447, "h": 12, "w": 24.484375}], "values": ["2007", "2008", "2009", "2010", "2011", "2012", "2013", "2014", "2015", "2016", "2017", "2018"]}, "label": {}}}, "models": [{"name": {}, "bboxes": [{"x": 97, "y": 116, "w": 37, "h": 322}, {"x": 150, "y": 120, "w": 37, "h": 318}, {"x": 203, "y": 107, "w": 37, "h": 331}, {"x": 256, "y": 123, "w": 37, "h": 315}, {"x": 309, "y": 120, "w": 37, "h": 318}, {"x": 362, "y": 120, "w": 37, "h": 318}, {"x": 415, "y": 116, "w": 37, "h": 322}, {"x": 468, "y": 120, "w": 37, "h": 318}, {"x": 521, "y": 122, "w": 37, "h": 316}, {"x": 574, "y": 120, "w": 37, "h": 318}, {"x": 627, "y": 122, "w": 37, "h": 316}, {"x": 680, "y": 124, "w": 37, "h": 314}], "x": ["2007", "2008", "2009", "2010", "2011", "2012", "2013", "2014", "2015", "2016", "2017", "2018"], "y": ["49.3", "48.7", "50.6", "48.2", "48.7", "48.6", "49.3", "48.6", "48.4", "48.7", "48.3", "48"], "colors": ["#2876dd", "#2876dd", "#2876dd", "#2876dd", "#2876dd", "#2876dd", "#2876dd", "#2876dd", "#2876dd", "#2876dd", "#2876dd", "#2876dd"], "labels": ["2007", "2008", "2009", "2010", "2011", "2012", "2013", "2014", "2015", "2016", "2017", "2018"]}], "type": "v_bar"}