{"general_figure_info": {"figure_info": {"bbox": {"x": 176, "y": 35, "w": 534, "h": 600}}, "y_axis": {"label": {"bbox": [{"x": 385, "y": 666, "w": 115.625, "h": 11}], "text": "Investment in billion euros"}, "major_labels": {"bboxes": [{"x": 155.5, "y": 641, "w": 39.333333333333336, "h": 26.0}, {"x": 222.5, "y": 641, "w": 39.333333333333336, "h": 26.0}, {"x": 289.5, "y": 641, "w": 39.333333333333336, "h": 26.0}, {"x": 355.5, "y": 641, "w": 39.333333333333336, "h": 26.0}, {"x": 422.5, "y": 641, "w": 39.333333333333336, "h": 26.0}, {"x": 489.5, "y": 641, "w": 39.333333333333336, "h": 26.0}, {"x": 556.5, "y": 641, "w": 39.333333333333336, "h": 26.0}, {"x": 622.5, "y": 641, "w": 39.333333333333336, "h": 26.0}, {"x": 690.5, "y": 641, "w": 39.333333333333336, "h": 26.0}]}}, "x_axis": {"major_labels": {"bboxes": [{"x": 110, "y": 49, "h": 12, "w": 53.24072265625}, {"x": 80, "y": 89, "h": 12, "w": 83.0322265625}, {"x": 105, "y": 129, "h": 12, "w": 58.74072265625}, {"x": 91, "y": 169, "h": 12, "w": 71.546875}, {"x": 64, "y": 209, "h": 12, "w": 99.5537109375}, {"x": 87, "y": 249, "h": 12, "w": 76.30224609375}, {"x": 106, "y": 289, "h": 12, "w": 57.970703125}, {"x": 82, "y": 329, "h": 12, "w": 81.3798828125}, {"x": 77, "y": 369, "h": 12, "w": 86.27294921875}, {"x": 87, "y": 409, "h": 12, "w": 76.46533203125}, {"x": 46, "y": 449, "h": 12, "w": 117.8798828125}, {"x": 68, "y": 489, "h": 12, "w": 95.2568359375}, {"x": 94, "y": 529, "h": 12, "w": 69.76220703125}, {"x": 66, "y": 569, "h": 12, "w": 97.10986328125}, {"x": 98, "y": 609, "h": 12, "w": 65.4375}], "values": ["USA to UK", "USA to Germany", "Qatar to UK", "USA to France", "Canada to Germany", "UK to Germany", "USA to Italy", "Singapore to UK", "Hong Kong to UK", "Germany to UK", "Switzerland to Germany", "France to Germany", "Canada to UK", "USA to Netherlands", "USA to Spain"]}, "label": {}}}, "models": [{"name": {}, "bboxes": [{"x": 175, "y": 41, "w": 484, "h": 28}, {"x": 175, "y": 81, "w": 277, "h": 28}, {"x": 175, "y": 121, "w": 197, "h": 28}, {"x": 175, "y": 161, "w": 167, "h": 28}, {"x": 175, "y": 201, "w": 154, "h": 28}, {"x": 175, "y": 241, "w": 133, "h": 28}, {"x": 175, "y": 281, "w": 103, "h": 28}, {"x": 175, "y": 321, "w": 97, "h": 28}, {"x": 175, "y": 361, "w": 83, "h": 28}, {"x": 175, "y": 401, "w": 83, "h": 28}, {"x": 175, "y": 441, "w": 80, "h": 28}, {"x": 175, "y": 481, "w": 77, "h": 28}, {"x": 175, "y": 521, "w": 73, "h": 28}, {"x": 175, "y": 561, "w": 70, "h": 28}, {"x": 175, "y": 601, "w": 70, "h": 28}], "x": ["USA to UK", "USA to Germany", "Qatar to UK", "USA to France", "Canada to Germany", "UK to Germany", "USA to Italy", "Singapore to UK", "Hong Kong to UK", "Germany to UK", "Switzerland to Germany", "France to Germany", "Canada to UK", "USA to Netherlands", "USA to Spain"], "y": ["14.5", "8.3", "5.9", "5", "4.6", "4", "3.1", "2.9", "2.5", "2.5", "2.4", "2.3", "2.2", "2.1", "2.1"], "colors": ["#2876dd", "#2876dd", "#2876dd", "#2876dd", "#2876dd", "#2876dd", "#2876dd", "#2876dd", "#2876dd", "#2876dd", "#2876dd", "#2876dd", "#2876dd", "#2876dd", "#2876dd"], "labels": ["USA to UK", "USA to Germany", "Qatar to UK", "USA to France", "Canada to Germany", "UK to Germany", "USA to Italy", "Singapore to UK", "Hong Kong to UK", "Germany to UK", "Switzerland to Germany", "France to Germany", "Canada to UK", "USA to Netherlands", "USA to Spain"]}], "type": "h_bar"}