{"general_figure_info": {"figure_info": {"bbox": {"x": 103, "y": 45, "w": 622, "h": 367}}, "y_axis": {"label": {"bbox": [{"x": 363, "y": 446, "w": 101.171875, "h": 11}], "text": "Number of enterprises*"}, "major_labels": {"bboxes": [{"x": 388, "y": 397.5, "w": 275.0, "h": 32.42857142857143}, {"x": 388, "y": 336.5, "w": 275.0, "h": 32.42857142857143}, {"x": 388, "y": 275.5, "w": 275.0, "h": 32.42857142857143}, {"x": 388, "y": 214.5, "w": 275.0, "h": 32.42857142857143}, {"x": 388, "y": 152.5, "w": 275.0, "h": 32.42857142857143}, {"x": 388, "y": 91.5, "w": 275.0, "h": 32.42857142857143}, {"x": 388, "y": 29.5, "w": 275.0, "h": 32.42857142857143}]}}, "x_axis": {"major_labels": {"bboxes": [{"x": 139, "y": 422, "h": 12, "w": 15.90625}, {"x": 228, "y": 422, "h": 12, "w": 15.90625}, {"x": 311, "y": 422, "h": 12, "w": 28.140625}, {"x": 400, "y": 422, "h": 12, "w": 28.140625}, {"x": 489, "y": 422, "h": 12, "w": 28.140625}, {"x": 572, "y": 422, "h": 12, "w": 40.375}, {"x": 668, "y": 422, "h": 12, "w": 24.78125}], "values": ["0-4", "5-9", "10-19", "20-49", "50-99", "100-249", "250+"]}, "label": {}}}, "models": [{"name": {}, "bboxes": [{"x": 117, "y": 100, "w": 61, "h": 313}, {"x": 206, "y": 295, "w": 61, "h": 118}, {"x": 295, "y": 340, "w": 61, "h": 73}, {"x": 384, "y": 365, "w": 61, "h": 48}, {"x": 472, "y": 401, "w": 61, "h": 12}, {"x": 561, "y": 408, "w": 61, "h": 5}, {"x": 650, "y": 413, "w": 61, "h": 0}], "x": ["0-4", "5-9", "10-19", "20-49", "50-99", "100-249", "250+"], "y": ["5 125", "1 930", "1 200", "790", "190", "85", "5"], "colors": ["#2876dd", "#2876dd", "#2876dd", "#2876dd", "#2876dd", "#2876dd", "#2876dd"], "labels": ["0-4", "5-9", "10-19", "20-49", "50-99", "100-249", "250+"]}], "type": "v_bar"}