{"general_figure_info": {"figure_info": {"bbox": {"x": 106, "y": 45, "w": 619, "h": 352}}, "y_axis": {"label": {"bbox": [{"x": 384, "y": 446, "w": 62.828125, "h": 11}], "text": "Million U.S. dollars"}, "major_labels": {"bboxes": [{"x": 409, "y": 382.5, "w": 293.0, "h": 19.111111111111114}, {"x": 409, "y": 338.5, "w": 293.0, "h": 19.111111111111114}, {"x": 409, "y": 294.5, "w": 293.0, "h": 19.111111111111114}, {"x": 409, "y": 250.5, "w": 293.0, "h": 19.111111111111114}, {"x": 409, "y": 206.5, "w": 293.0, "h": 19.111111111111114}, {"x": 409, "y": 162.5, "w": 293.0, "h": 19.111111111111114}, {"x": 409, "y": 118.5, "w": 293.0, "h": 19.111111111111114}, {"x": 409, "y": 74.5, "w": 293.0, "h": 19.111111111111114}, {"x": 409, "y": 29.5, "w": 293.0, "h": 19.111111111111114}]}}, "x_axis": {"major_labels": {"bboxes": [{"x": 125, "y": 407, "h": 24, "w": 116.171875}, {"x": 308, "y": 407, "h": 12, "w": 59.8076171875}, {"x": 463, "y": 407, "h": 12, "w": 61.03759765625}, {"x": 636, "y": 407, "h": 12, "w": 23.25}], "values": ["Other outlets (excluding", "Drug outlets", "Food outlets", "Total"]}, "label": {}}}, "models": [{"name": {}, "bboxes": [{"x": 130, "y": 336, "w": 106, "h": 62}, {"x": 285, "y": 307, "w": 106, "h": 91}, {"x": 440, "y": 270, "w": 106, "h": 128}, {"x": 595, "y": 117, "w": 106, "h": 281}], "x": ["Other outlets (excluding", "Drug outlets", "Food outlets", "Total"], "y": ["354.9", "517.2", "725", "1 597.1"], "colors": ["#2876dd", "#2876dd", "#2876dd", "#2876dd"], "labels": ["Other outlets (excluding", "Drug outlets", "Food outlets", "Total"]}], "type": "v_bar"}