{"general_figure_info": {"figure_info": {"bbox": {"x": 265, "y": 35, "w": 445, "h": 380}}, "y_axis": {"label": {"bbox": [{"x": 427, "y": 446, "w": 120.078125, "h": 11}], "text": "Share of winning actresses"}, "major_labels": {"bboxes": [{"x": 244.5, "y": 421, "w": 35.625, "h": 26.0}, {"x": 308.5, "y": 421, "w": 35.625, "h": 26.0}, {"x": 371.5, "y": 421, "w": 35.625, "h": 26.0}, {"x": 435.5, "y": 421, "w": 35.625, "h": 26.0}, {"x": 498.5, "y": 421, "w": 35.625, "h": 26.0}, {"x": 562.5, "y": 421, "w": 35.625, "h": 26.0}, {"x": 625.5, "y": 421, "w": 35.625, "h": 26.0}, {"x": 690.5, "y": 421, "w": 35.625, "h": 26.0}]}}, "x_axis": {"major_labels": {"bboxes": [{"x": 61, "y": 48, "h": 12, "w": 190.765625}, {"x": 207, "y": 86, "h": 12, "w": 45.234375}, {"x": 224, "y": 124, "h": 12, "w": 27.84765625}, {"x": 128, "y": 162, "h": 12, "w": 124.140625}, {"x": 160, "y": 200, "h": 12, "w": 92.0322265625}, {"x": 147, "y": 238, "h": 12, "w": 104.5625}, {"x": 149, "y": 276, "h": 12, "w": 103.80224609375}, {"x": 223, "y": 314, "h": 12, "w": 29.15625}, {"x": 74, "y": 352, "h": 12, "w": 177.921875}, {"x": 153, "y": 390, "h": 12, "w": 99.0625}], "values": ["Wife, mother, sister, daughter, girlfriend", "Historical", "Other", "Ill, disabled or challenged", "Fictional performer", "Housekeeper of maid", "Prostitute or mistress", "Villain", "Fictional character in historical event", "Career achievement"]}, "label": {}}}, "models": [{"name": {}, "bboxes": [{"x": 264, "y": 41, "w": 384, "h": 26}, {"x": 264, "y": 79, "w": 266, "h": 26}, {"x": 264, "y": 117, "w": 178, "h": 26}, {"x": 264, "y": 155, "w": 120, "h": 26}, {"x": 264, "y": 193, "w": 103, "h": 26}, {"x": 264, "y": 231, "w": 60, "h": 26}, {"x": 264, "y": 269, "w": 60, "h": 26}, {"x": 264, "y": 307, "w": 44, "h": 26}, {"x": 264, "y": 345, "w": 29, "h": 26}, {"x": 264, "y": 383, "w": 29, "h": 26}], "x": ["Wife, mother, sister, daughter, girlfriend", "Historical", "Other", "Ill, disabled or challenged", "Fictional performer", "Housekeeper of maid", "Prostitute or mistress", "Villain", "Fictional character in historical event", "Career achievement"], "y": ["30.2%", "20.9%", "14%", "9.4%", "8.1%", "4.7%", "4.7%", "3.5%", "2.3%", "2.3%"], "colors": ["#2876dd", "#2876dd", "#2876dd", "#2876dd", "#2876dd", "#2876dd", "#2876dd", "#2876dd", "#2876dd", "#2876dd"], "labels": ["Wife, mother, sister, daughter, girlfriend", "Historical", "Other", "Ill, disabled or challenged", "Fictional performer", "Housekeeper of maid", "Prostitute or mistress", "Villain", "Fictional character in historical event", "Career achievement"]}], "type": "h_bar"}