{"general_figure_info": {"figure_info": {"bbox": {"x": 160, "y": 35, "w": 550, "h": 382}}, "y_axis": {"label": {"bbox": [{"x": 383, "y": 446, "w": 103.421875, "h": 11}], "text": "Share of the population"}, "major_labels": {"bboxes": [{"x": 139.5, "y": 421, "w": 48.75, "h": 24.0}, {"x": 218.5, "y": 421, "w": 48.75, "h": 24.0}, {"x": 296.5, "y": 421, "w": 48.75, "h": 24.0}, {"x": 375.5, "y": 421, "w": 48.75, "h": 24.0}, {"x": 453.5, "y": 421, "w": 48.75, "h": 24.0}, {"x": 532.5, "y": 421, "w": 48.75, "h": 24.0}, {"x": 610.5, "y": 421, "w": 48.75, "h": 24.0}, {"x": 690.5, "y": 421, "w": 48.75, "h": 24.0}]}}, "x_axis": {"major_labels": {"bboxes": [{"x": 95, "y": 77, "h": 12, "w": 52.470703125}, {"x": 89, "y": 172, "h": 12, "w": 58.58837890625}, {"x": 56, "y": 268, "h": 12, "w": 91.4521484375}, {"x": 47, "y": 363, "h": 12, "w": 100.6259765625}], "values": ["0-15 years", "16-59 years", "60 years and older", "# 65 years and older"]}, "label": {}}}, "models": [{"name": {}, "bboxes": [{"x": 159, "y": 49, "w": 141, "h": 66}, {"x": 159, "y": 145, "w": 498, "h": 66}, {"x": 159, "y": 240, "w": 147, "h": 66}, {"x": 159, "y": 336, "w": 106, "h": 66}], "x": ["0-15 years", "16-59 years", "60 years and older", "# 65 years and older"], "y": ["17.95%", "63.35%", "18.7%", "13.5%"], "colors": ["#2876dd", "#2876dd", "#2876dd", "#C0C0C0"], "labels": ["0-15 years", "16-59 years", "60 years and older", "# 65 years and older"]}], "type": "h_bar"}