{"general_figure_info": {"figure_info": {"bbox": {"x": 89, "y": 45, "w": 636, "h": 392}}, "y_axis": {"label": {"bbox": [{"x": 40, "y": 178, "w": 11, "h": 126.71875}], "text": "Imports in billion U.S. dollars"}, "major_labels": {"bboxes": [{"x": 65, "y": 422.5, "w": 14.0, "h": 36.0}, {"x": 65, "y": 357.5, "w": 14.0, "h": 36.0}, {"x": 65, "y": 291.5, "w": 14.0, "h": 36.0}, {"x": 65, "y": 226.5, "w": 14.0, "h": 36.0}, {"x": 65, "y": 161.5, "w": 14.0, "h": 36.0}, {"x": 65, "y": 95.5, "w": 14.0, "h": 36.0}, {"x": 65, "y": 29.5, "w": 14.0, "h": 36.0}]}}, "x_axis": {"major_labels": {"bboxes": [{"x": 94, "y": 447, "h": 12, "w": 24.484375}, {"x": 130, "y": 447, "h": 12, "w": 24.484375}, {"x": 165, "y": 447, "h": 12, "w": 24.484375}, {"x": 200, "y": 447, "h": 12, "w": 24.484375}, {"x": 236, "y": 447, "h": 12, "w": 24.484375}, {"x": 271, "y": 447, "h": 12, "w": 24.484375}, {"x": 306, "y": 447, "h": 12, "w": 24.484375}, {"x": 342, "y": 447, "h": 12, "w": 24.484375}, {"x": 377, "y": 447, "h": 12, "w": 24.484375}, {"x": 413, "y": 447, "h": 12, "w": 23.65625}, {"x": 448, "y": 447, "h": 12, "w": 24.484375}, {"x": 483, "y": 447, "h": 12, "w": 24.484375}, {"x": 518, "y": 447, "h": 12, "w": 24.484375}, {"x": 554, "y": 447, "h": 12, "w": 24.484375}, {"x": 589, "y": 447, "h": 12, "w": 24.484375}, {"x": 624, "y": 447, "h": 12, "w": 24.484375}, {"x": 660, "y": 447, "h": 12, "w": 24.484375}, {"x": 695, "y": 447, "h": 12, "w": 24.484375}], "values": ["2002", "2003", "2004", "2005", "2006", "2007", "2008", "2009", "2010", "2011", "2012", "2013", "2014", "2015", "2016", "2017", "2018", "2019"]}, "label": {}}}, "models": [{"name": {}, "bboxes": [{"x": 95, "y": 268, "w": 25, "h": 170}, {"x": 130, "y": 277, "w": 25, "h": 161}, {"x": 165, "y": 263, "w": 25, "h": 175}, {"x": 201, "y": 270, "w": 25, "h": 168}, {"x": 236, "y": 259, "w": 25, "h": 179}, {"x": 271, "y": 264, "w": 25, "h": 174}, {"x": 307, "y": 270, "w": 25, "h": 168}, {"x": 342, "y": 299, "w": 25, "h": 139}, {"x": 377, "y": 246, "w": 25, "h": 192}, {"x": 413, "y": 190, "w": 25, "h": 248}, {"x": 448, "y": 175, "w": 25, "h": 263}, {"x": 483, "y": 167, "w": 25, "h": 271}, {"x": 519, "y": 152, "w": 25, "h": 286}, {"x": 554, "y": 138, "w": 25, "h": 300}, {"x": 589, "y": 101, "w": 25, "h": 337}, {"x": 625, "y": 87, "w": 25, "h": 351}, {"x": 660, "y": 85, "w": 25, "h": 353}, {"x": 695, "y": 83, "w": 25, "h": 355}], "x": ["2002", "2003", "2004", "2005", "2006", "2007", "2008", "2009", "2010", "2011", "2012", "2013", "2014", "2015", "2016", "2017", "2018", "2019"], "y": ["26.02", "24.6", "26.75", "25.76", "27.38", "26.61", "25.65", "21.32", "29.44", "37.95", "40.23", "41.44", "43.76", "45.95", "51.54", "53.78", "54", "54.32"], "colors": ["#2876dd", "#2876dd", "#2876dd", "#2876dd", "#2876dd", "#2876dd", "#2876dd", "#2876dd", "#2876dd", "#2876dd", "#2876dd", "#2876dd", "#2876dd", "#2876dd", "#2876dd", "#2876dd", "#2876dd", "#2876dd"], "labels": ["2002", "2003", "2004", "2005", "2006", "2007", "2008", "2009", "2010", "2011", "2012", "2013", "2014", "2015", "2016", "2017", "2018", "2019"]}], "type": "v_bar"}