{"general_figure_info": {"figure_info": {"bbox": {"x": 103, "y": 45, "w": 622, "h": 392}}, "y_axis": {"label": {"bbox": [{"x": 40, "y": 170, "w": 11, "h": 142.28125}], "text": "U.S. passenger-miles in millions"}, "major_labels": {"bboxes": [{"x": 65, "y": 422.5, "w": 28.0, "h": 19.200000000000003}, {"x": 65, "y": 378.5, "w": 28.0, "h": 19.200000000000003}, {"x": 65, "y": 335.5, "w": 28.0, "h": 19.200000000000003}, {"x": 65, "y": 291.5, "w": 28.0, "h": 19.200000000000003}, {"x": 65, "y": 248.5, "w": 28.0, "h": 19.200000000000003}, {"x": 65, "y": 204.5, "w": 28.0, "h": 19.200000000000003}, {"x": 65, "y": 161.5, "w": 28.0, "h": 19.200000000000003}, {"x": 65, "y": 117.5, "w": 28.0, "h": 19.200000000000003}, {"x": 65, "y": 74.5, "w": 28.0, "h": 19.200000000000003}, {"x": 65, "y": 29.5, "w": 28.0, "h": 19.200000000000003}]}}, "x_axis": {"major_labels": {"bboxes": [{"x": 113, "y": 447, "h": 12, "w": 24.484375}, {"x": 157, "y": 447, "h": 12, "w": 24.484375}, {"x": 202, "y": 447, "h": 12, "w": 24.484375}, {"x": 246, "y": 447, "h": 12, "w": 24.484375}, {"x": 291, "y": 447, "h": 12, "w": 23.65625}, {"x": 335, "y": 447, "h": 12, "w": 24.484375}, {"x": 380, "y": 447, "h": 12, "w": 24.484375}, {"x": 424, "y": 447, "h": 12, "w": 24.484375}, {"x": 468, "y": 447, "h": 12, "w": 24.484375}, {"x": 513, "y": 447, "h": 12, "w": 24.484375}, {"x": 557, "y": 447, "h": 12, "w": 24.484375}, {"x": 602, "y": 447, "h": 12, "w": 24.484375}, {"x": 646, "y": 447, "h": 12, "w": 24.484375}, {"x": 691, "y": 447, "h": 12, "w": 24.484375}], "values": ["2007", "2008", "2009", "2010", "2011", "2012", "2013", "2014", "2015", "2016", "2017", "2018", "2019", "2020"]}, "label": {}}}, "models": [{"name": {}, "bboxes": [{"x": 110, "y": 186, "w": 31, "h": 252}, {"x": 154, "y": 169, "w": 31, "h": 269}, {"x": 199, "y": 180, "w": 31, "h": 258}, {"x": 243, "y": 158, "w": 31, "h": 280}, {"x": 288, "y": 152, "w": 31, "h": 286}, {"x": 332, "y": 144, "w": 31, "h": 294}, {"x": 377, "y": 121, "w": 31, "h": 317}, {"x": 421, "y": 147, "w": 31, "h": 291}, {"x": 465, "y": 153, "w": 31, "h": 285}, {"x": 510, "y": 154, "w": 31, "h": 284}, {"x": 554, "y": 152, "w": 31, "h": 286}, {"x": 599, "y": 161, "w": 31, "h": 277}, {"x": 643, "y": 158, "w": 31, "h": 280}, {"x": 688, "y": 341, "w": 31, "h": 97}], "x": ["2007", "2008", "2009", "2010", "2011", "2012", "2013", "2014", "2015", "2016", "2017", "2018", "2019", "2020"], "y": ["5 784", "6 179", "5 914", "6 420", "6 568", "6 752", "7 283", "6 675", "6 536", "6 520", "6 563", "6 361", "6 420", "2 217"], "colors": ["#2876dd", "#2876dd", "#2876dd", "#2876dd", "#2876dd", "#2876dd", "#2876dd", "#2876dd", "#2876dd", "#2876dd", "#2876dd", "#2876dd", "#2876dd", "#2876dd"], "labels": ["2007", "2008", "2009", "2010", "2011", "2012", "2013", "2014", "2015", "2016", "2017", "2018", "2019", "2020"]}], "type": "v_bar"}