{"general_figure_info": {"figure_info": {"bbox": {"x": 103, "y": 45, "w": 622, "h": 392}}, "y_axis": {"label": {"bbox": [{"x": 40, "y": 206, "w": 11, "h": 70.578125}], "text": "Number of trials"}, "major_labels": {"bboxes": [{"x": 65, "y": 422.5, "w": 28.0, "h": 36.0}, {"x": 65, "y": 357.5, "w": 28.0, "h": 36.0}, {"x": 65, "y": 291.5, "w": 28.0, "h": 36.0}, {"x": 65, "y": 226.5, "w": 28.0, "h": 36.0}, {"x": 65, "y": 161.5, "w": 28.0, "h": 36.0}, {"x": 65, "y": 95.5, "w": 28.0, "h": 36.0}, {"x": 65, "y": 29.5, "w": 28.0, "h": 36.0}]}}, "x_axis": {"major_labels": {"bboxes": [{"x": 147, "y": 447, "h": 12, "w": 37.3125}, {"x": 269, "y": 447, "h": 12, "w": 40.359375}, {"x": 392, "y": 447, "h": 12, "w": 43.421875}, {"x": 516, "y": 447, "h": 12, "w": 45.30224609375}, {"x": 649, "y": 447, "h": 12, "w": 27.84765625}], "values": ["Phase I", "Phase II", "Phase III", "Phase IV", "Other"]}, "label": {}}}, "models": [{"name": {}, "bboxes": [{"x": 123, "y": 357, "w": 86, "h": 81}, {"x": 247, "y": 125, "w": 86, "h": 313}, {"x": 371, "y": 246, "w": 86, "h": 192}, {"x": 496, "y": 351, "w": 86, "h": 87}, {"x": 620, "y": 436, "w": 86, "h": 2}], "x": ["Phase I", "Phase II", "Phase III", "Phase IV", "Other"], "y": ["619", "2 394", "1 469", "666", "19"], "colors": ["#2876dd", "#2876dd", "#2876dd", "#2876dd", "#2876dd"], "labels": ["Phase I", "Phase II", "Phase III", "Phase IV", "Other"]}], "type": "v_bar"}