{"general_figure_info": {"figure_info": {"bbox": {"x": 89, "y": 45, "w": 636, "h": 392}}, "y_axis": {"label": {"bbox": [{"x": 40, "y": 180, "w": 11, "h": 121.734375}], "text": "Deaths per 1,000 live births"}, "major_labels": {"bboxes": [{"x": 65, "y": 422.5, "w": 14.0, "h": 36.0}, {"x": 65, "y": 357.5, "w": 14.0, "h": 36.0}, {"x": 65, "y": 291.5, "w": 14.0, "h": 36.0}, {"x": 65, "y": 226.5, "w": 14.0, "h": 36.0}, {"x": 65, "y": 161.5, "w": 14.0, "h": 36.0}, {"x": 65, "y": 95.5, "w": 14.0, "h": 36.0}, {"x": 65, "y": 29.5, "w": 14.0, "h": 36.0}]}}, "x_axis": {"major_labels": {"bboxes": [{"x": 106, "y": 447, "h": 12, "w": 24.484375}, {"x": 163, "y": 447, "h": 12, "w": 24.484375}, {"x": 222, "y": 447, "h": 12, "w": 23.65625}, {"x": 279, "y": 447, "h": 12, "w": 24.484375}, {"x": 337, "y": 447, "h": 12, "w": 24.484375}, {"x": 395, "y": 447, "h": 12, "w": 24.484375}, {"x": 453, "y": 447, "h": 12, "w": 24.484375}, {"x": 510, "y": 447, "h": 12, "w": 24.484375}, {"x": 568, "y": 447, "h": 12, "w": 24.484375}, {"x": 626, "y": 447, "h": 12, "w": 24.484375}, {"x": 684, "y": 447, "h": 12, "w": 24.484375}], "values": ["2009", "2010", "2011", "2012", "2013", "2014", "2015", "2016", "2017", "2018", "2019"]}, "label": {}}}, "models": [{"name": {}, "bboxes": [{"x": 98, "y": 95, "w": 40, "h": 343}, {"x": 156, "y": 112, "w": 40, "h": 326}, {"x": 214, "y": 127, "w": 40, "h": 311}, {"x": 272, "y": 147, "w": 40, "h": 291}, {"x": 329, "y": 158, "w": 40, "h": 280}, {"x": 387, "y": 171, "w": 40, "h": 267}, {"x": 445, "y": 182, "w": 40, "h": 256}, {"x": 503, "y": 192, "w": 40, "h": 246}, {"x": 561, "y": 203, "w": 40, "h": 235}, {"x": 618, "y": 212, "w": 40, "h": 226}, {"x": 676, "y": 220, "w": 40, "h": 218}], "x": ["2009", "2010", "2011", "2012", "2013", "2014", "2015", "2016", "2017", "2018", "2019"], "y": ["52.5", "49.9", "47.6", "44.6", "42.9", "40.9", "39.2", "37.6", "36", "34.6", "33.4"], "colors": ["#2876dd", "#2876dd", "#2876dd", "#2876dd", "#2876dd", "#2876dd", "#2876dd", "#2876dd", "#2876dd", "#2876dd", "#2876dd"], "labels": ["2009", "2010", "2011", "2012", "2013", "2014", "2015", "2016", "2017", "2018", "2019"]}], "type": "v_bar"}