{"general_figure_info": {"figure_info": {"bbox": {"x": 96, "y": 45, "w": 629, "h": 365}}, "y_axis": {"label": {"bbox": [{"x": 40, "y": 206, "w": 11, "h": 43.90625}], "text": "Units sold"}, "major_labels": {"bboxes": [{"x": 65, "y": 395.5, "w": 21.0, "h": 40.833333333333336}, {"x": 65, "y": 322.5, "w": 21.0, "h": 40.833333333333336}, {"x": 65, "y": 249.5, "w": 21.0, "h": 40.833333333333336}, {"x": 65, "y": 176.5, "w": 21.0, "h": 40.833333333333336}, {"x": 65, "y": 103.5, "w": 21.0, "h": 40.833333333333336}, {"x": 65, "y": 29.5, "w": 21.0, "h": 40.833333333333336}]}}, "x_axis": {"major_labels": {"bboxes": [{"x": 78, "y": 423, "h": 29.245513916015625, "w": 29.245494842529297}, {"x": 104, "y": 423, "h": 33.1456298828125, "w": 33.1456298828125}, {"x": 134, "y": 423, "h": 33.13458251953125, "w": 33.13458251953125}, {"x": 166, "y": 423, "h": 31.8419189453125, "w": 31.841903686523438}, {"x": 195, "y": 423, "h": 32.703704833984375, "w": 32.70368957519531}, {"x": 223, "y": 423, "h": 33.996368408203125, "w": 33.996368408203125}, {"x": 258, "y": 423, "h": 29.245513916015625, "w": 29.245498657226562}, {"x": 284, "y": 423, "h": 33.1456298828125, "w": 33.1456298828125}, {"x": 314, "y": 423, "h": 33.13458251953125, "w": 33.13458251953125}, {"x": 345, "y": 423, "h": 31.8419189453125, "w": 31.8419189453125}, {"x": 374, "y": 423, "h": 32.703704833984375, "w": 32.703704833984375}, {"x": 403, "y": 423, "h": 33.996368408203125, "w": 33.996368408203125}, {"x": 438, "y": 423, "h": 29.245513916015625, "w": 29.2454833984375}, {"x": 464, "y": 423, "h": 33.1456298828125, "w": 33.1456298828125}, {"x": 494, "y": 423, "h": 33.13458251953125, "w": 33.13458251953125}, {"x": 525, "y": 423, "h": 31.8419189453125, "w": 31.841888427734375}, {"x": 554, "y": 423, "h": 32.703704833984375, "w": 32.70367431640625}, {"x": 583, "y": 423, "h": 33.996368408203125, "w": 33.996337890625}, {"x": 617, "y": 423, "h": 29.245513916015625, "w": 29.2454833984375}, {"x": 643, "y": 423, "h": 33.1456298828125, "w": 33.1456298828125}, {"x": 673, "y": 423, "h": 33.13458251953125, "w": 33.13458251953125}], "values": ["Jul 16", "Sep 16", "Nov 16", "Jan 17", "Mar 17", "May 17", "Jul 17", "Sep 17", "Nov 17", "Jan 18", "Mar 18", "May 18", "Jul 18", "Sep 18", "Nov 18", "Jan 19", "Mar 19", "May 19", "Jul 19", "Sep 19", "Nov 19"]}, "label": {}}}, "models": [{"name": {}, "bboxes": [{"x": 98, "y": 407, "w": 11, "h": 4}, {"x": 113, "y": 83, "w": 11, "h": 328}, {"x": 128, "y": 239, "w": 11, "h": 172}, {"x": 143, "y": 338, "w": 11, "h": 73}, {"x": 158, "y": 280, "w": 11, "h": 131}, {"x": 173, "y": 393, "w": 11, "h": 18}, {"x": 188, "y": 320, "w": 11, "h": 91}, {"x": 203, "y": 323, "w": 11, "h": 88}, {"x": 218, "y": 269, "w": 11, "h": 142}, {"x": 233, "y": 305, "w": 11, "h": 106}, {"x": 248, "y": 404, "w": 11, "h": 7}, {"x": 263, "y": 243, "w": 11, "h": 168}, {"x": 278, "y": 309, "w": 11, "h": 102}, {"x": 293, "y": 356, "w": 11, "h": 55}, {"x": 308, "y": 338, "w": 11, "h": 73}, {"x": 323, "y": 316, "w": 11, "h": 95}, {"x": 338, "y": 360, "w": 11, "h": 51}, {"x": 353, "y": 371, "w": 11, "h": 40}, {"x": 368, "y": 367, "w": 11, "h": 44}, {"x": 383, "y": 367, "w": 11, "h": 44}, {"x": 398, "y": 280, "w": 11, "h": 131}, {"x": 413, "y": 294, "w": 11, "h": 117}, {"x": 428, "y": 338, "w": 11, "h": 73}, {"x": 443, "y": 338, "w": 11, "h": 73}, {"x": 458, "y": 364, "w": 11, "h": 47}, {"x": 473, "y": 345, "w": 11, "h": 66}, {"x": 488, "y": 276, "w": 11, "h": 135}, {"x": 503, "y": 316, "w": 11, "h": 95}, {"x": 518, "y": 356, "w": 11, "h": 55}, {"x": 533, "y": 389, "w": 11, "h": 22}, {"x": 548, "y": 385, "w": 11, "h": 26}, {"x": 563, "y": 411, "w": 11, "h": 0}, {"x": 578, "y": 316, "w": 11, "h": 95}, {"x": 593, "y": 334, "w": 11, "h": 77}, {"x": 608, "y": 320, "w": 11, "h": 91}, {"x": 623, "y": 221, "w": 11, "h": 190}, {"x": 638, "y": 367, "w": 11, "h": 44}, {"x": 652, "y": 342, "w": 11, "h": 69}, {"x": 667, "y": 287, "w": 11, "h": 124}, {"x": 682, "y": 364, "w": 11, "h": 47}, {"x": 697, "y": 364, "w": 11, "h": 47}, {"x": 712, "y": 400, "w": 11, "h": 11}], "x": ["Jul 16", "Sep 16", "Nov 16", "Jan 17", "Mar 17", "May 17", "Jul 17", "Sep 17", "Nov 17", "Jan 18", "Mar 18", "May 18", "Jul 18", "Sep 18", "Nov 18", "Jan 19", "Mar 19", "May 19", "Jul 19", "Sep 19", "Nov 19"], "y": ["1", "47", "36", "25", "39", "2", "28", "20", "14", "12", "36", "20", "13", "37", "15", "7", "26", "25", "12", "34", "13"], "colors": ["#2876dd", "#2876dd", "#2876dd", "#2876dd", "#2876dd", "#2876dd", "#2876dd", "#2876dd", "#2876dd", "#2876dd", "#2876dd", "#2876dd", "#2876dd", "#2876dd", "#2876dd", "#2876dd", "#2876dd", "#2876dd", "#2876dd", "#2876dd", "#2876dd", "#2876dd", "#2876dd", "#2876dd", "#2876dd", "#2876dd", "#2876dd", "#2876dd", "#2876dd", "#2876dd", "#2876dd", "#2876dd", "#2876dd", "#2876dd", "#2876dd", "#2876dd", "#2876dd", "#2876dd", "#2876dd", "#2876dd", "#2876dd", "#2876dd"], "labels": ["Jul 16", "Sep 16", "Nov 16", "Jan 17", "Mar 17", "May 17", "Jul 17", "Sep 17", "Nov 17", "Jan 18", "Mar 18", "May 18", "Jul 18", "Sep 18", "Nov 18", "Jan 19", "Mar 19", "May 19", "Jul 19", "Sep 19", "Nov 19"]}], "type": "v_bar"}