{"general_figure_info": {"figure_info": {"bbox": {"x": 94, "y": 45, "w": 631, "h": 392}}, "y_axis": {"label": {"bbox": [{"x": 40, "y": 147, "w": 11, "h": 189}], "text": "Production volume in thousand metric tons"}, "major_labels": {"bboxes": [{"x": 65, "y": 422.5, "w": 19.0, "h": 36.0}, {"x": 65, "y": 357.5, "w": 19.0, "h": 36.0}, {"x": 65, "y": 291.5, "w": 19.0, "h": 36.0}, {"x": 65, "y": 226.5, "w": 19.0, "h": 36.0}, {"x": 65, "y": 161.5, "w": 19.0, "h": 36.0}, {"x": 65, "y": 95.5, "w": 19.0, "h": 36.0}, {"x": 65, "y": 29.5, "w": 19.0, "h": 36.0}]}}, "x_axis": {"major_labels": {"bboxes": [{"x": 110, "y": 447, "h": 12, "w": 24.484375}, {"x": 168, "y": 447, "h": 12, "w": 23.65625}, {"x": 225, "y": 447, "h": 12, "w": 24.484375}, {"x": 283, "y": 447, "h": 12, "w": 24.484375}, {"x": 340, "y": 447, "h": 12, "w": 24.484375}, {"x": 397, "y": 447, "h": 12, "w": 24.484375}, {"x": 455, "y": 447, "h": 12, "w": 24.484375}, {"x": 512, "y": 447, "h": 12, "w": 24.484375}, {"x": 569, "y": 447, "h": 12, "w": 24.484375}, {"x": 627, "y": 447, "h": 12, "w": 24.484375}, {"x": 684, "y": 447, "h": 12, "w": 24.484375}], "values": ["2010", "2011", "2012", "2013", "2014", "2015", "2016", "2017", "2018", "2019", "2020"]}, "label": {}}}, "models": [{"name": {}, "bboxes": [{"x": 103, "y": 182, "w": 40, "h": 256}, {"x": 160, "y": 185, "w": 40, "h": 253}, {"x": 218, "y": 177, "w": 40, "h": 261}, {"x": 275, "y": 183, "w": 40, "h": 255}, {"x": 333, "y": 159, "w": 40, "h": 279}, {"x": 390, "y": 171, "w": 40, "h": 267}, {"x": 447, "y": 171, "w": 40, "h": 267}, {"x": 505, "y": 156, "w": 40, "h": 282}, {"x": 562, "y": 135, "w": 40, "h": 303}, {"x": 619, "y": 146, "w": 40, "h": 292}, {"x": 677, "y": 138, "w": 40, "h": 300}], "x": ["2010", "2011", "2012", "2013", "2014", "2015", "2016", "2017", "2018", "2019", "2020"], "y": ["195.88", "193.8", "200.12", "195.18", "213.16", "204.46", "204.12", "215.82", "232.05", "223.2", "229.33"], "colors": ["#2876dd", "#2876dd", "#2876dd", "#2876dd", "#2876dd", "#2876dd", "#2876dd", "#2876dd", "#2876dd", "#2876dd", "#2876dd"], "labels": ["2010", "2011", "2012", "2013", "2014", "2015", "2016", "2017", "2018", "2019", "2020"]}], "type": "v_bar"}