{"general_figure_info": {"figure_info": {"bbox": {"x": 103, "y": 45, "w": 622, "h": 392}}, "y_axis": {"label": {"bbox": [{"x": 40, "y": 168, "w": 11, "h": 146.71875}], "text": "Net income in million U.S. dollars"}, "major_labels": {"bboxes": [{"x": 65, "y": 422.5, "w": 28.0, "h": 45.33333333333333}, {"x": 65, "y": 344.5, "w": 28.0, "h": 45.33333333333333}, {"x": 65, "y": 265.5, "w": 28.0, "h": 45.33333333333333}, {"x": 65, "y": 187.5, "w": 28.0, "h": 45.33333333333333}, {"x": 65, "y": 108.5, "w": 28.0, "h": 45.33333333333333}, {"x": 65, "y": 29.5, "w": 28.0, "h": 45.33333333333333}]}}, "x_axis": {"major_labels": {"bboxes": [{"x": 119, "y": 447, "h": 12, "w": 24.484375}, {"x": 176, "y": 447, "h": 12, "w": 23.65625}, {"x": 232, "y": 447, "h": 12, "w": 24.484375}, {"x": 289, "y": 447, "h": 12, "w": 24.484375}, {"x": 345, "y": 447, "h": 12, "w": 24.484375}, {"x": 402, "y": 447, "h": 12, "w": 24.484375}, {"x": 458, "y": 447, "h": 12, "w": 24.484375}, {"x": 515, "y": 447, "h": 12, "w": 24.484375}, {"x": 571, "y": 447, "h": 12, "w": 24.484375}, {"x": 628, "y": 447, "h": 12, "w": 24.484375}, {"x": 684, "y": 447, "h": 12, "w": 24.484375}], "values": ["2010", "2011", "2012", "2013", "2014", "2015", "2016", "2017", "2018", "2019", "2020"]}, "label": {}}}, "models": [{"name": {}, "bboxes": [{"x": 112, "y": 289, "w": 39, "h": 149}, {"x": 168, "y": 287, "w": 39, "h": 151}, {"x": 225, "y": 303, "w": 39, "h": 135}, {"x": 282, "y": 418, "w": 39, "h": 20}, {"x": 338, "y": 228, "w": 39, "h": 210}, {"x": 395, "y": 320, "w": 39, "h": 118}, {"x": 451, "y": 253, "w": 39, "h": 185}, {"x": 508, "y": 132, "w": 39, "h": 306}, {"x": 564, "y": 136, "w": 39, "h": 302}, {"x": 621, "y": 176, "w": 39, "h": 262}, {"x": 677, "y": 208, "w": 39, "h": 230}], "x": ["2010", "2011", "2012", "2013", "2014", "2015", "2016", "2017", "2018", "2019", "2020"], "y": ["953", "961", "860", "130", "1 338", "752", "1 180", "1 949", "1 923", "1 670", "1 469"], "colors": ["#2876dd", "#2876dd", "#2876dd", "#2876dd", "#2876dd", "#2876dd", "#2876dd", "#2876dd", "#2876dd", "#2876dd", "#2876dd"], "labels": ["2010", "2011", "2012", "2013", "2014", "2015", "2016", "2017", "2018", "2019", "2020"]}], "type": "v_bar"}