{"general_figure_info": {"figure_info": {"bbox": {"x": 214, "y": 35, "w": 496, "h": 380}}, "y_axis": {"label": {"bbox": [{"x": 433, "y": 446, "w": 58.79296875, "h": 11}], "text": "Market share"}, "major_labels": {"bboxes": [{"x": 193.5, "y": 421, "w": 50.85714285714286, "h": 26.0}, {"x": 276.5, "y": 421, "w": 50.85714285714286, "h": 26.0}, {"x": 358.5, "y": 421, "w": 50.85714285714286, "h": 26.0}, {"x": 441.5, "y": 421, "w": 50.85714285714286, "h": 26.0}, {"x": 524.5, "y": 421, "w": 50.85714285714286, "h": 26.0}, {"x": 606.5, "y": 421, "w": 50.85714285714286, "h": 26.0}, {"x": 690.5, "y": 421, "w": 50.85714285714286, "h": 26.0}]}}, "x_axis": {"major_labels": {"bboxes": [{"x": 128, "y": 77, "h": 12, "w": 72.5625}, {"x": 48, "y": 172, "h": 12, "w": 153.484375}, {"x": 65, "y": 267, "h": 12, "w": 136.359375}, {"x": 142, "y": 362, "h": 12, "w": 59.64453125}], "values": ["China Telecom", "China Unicorn (Hong Kong) Ltd", "China Tieton (China Mobile)", "China Other"]}, "label": {}}}, "models": [{"name": {}, "bboxes": [{"x": 213, "y": 50, "w": 438, "h": 65}, {"x": 213, "y": 145, "w": 283, "h": 65}, {"x": 213, "y": 240, "w": 51, "h": 65}, {"x": 213, "y": 335, "w": 55, "h": 65}], "x": ["China Telecom", "China Unicorn (Hong Kong) Ltd", "China Tieton (China Mobile)", "China Other"], "y": ["53%", "34.2%", "6.2%", "6.6%"], "colors": ["#2876dd", "#2876dd", "#2876dd", "#2876dd"], "labels": ["China Telecom", "China Unicorn (Hong Kong) Ltd", "China Tieton (China Mobile)", "China Other"]}], "type": "h_bar"}