{"general_figure_info": {"figure_info": {"bbox": {"x": 113, "y": 45, "w": 612, "h": 392}}, "y_axis": {"label": {"bbox": [{"x": 40, "y": 192, "w": 11, "h": 97.828125}], "text": "Number of employees"}, "major_labels": {"bboxes": [{"x": 65, "y": 422.5, "w": 38.0, "h": 29.0}, {"x": 65, "y": 366.5, "w": 38.0, "h": 29.0}, {"x": 65, "y": 310.5, "w": 38.0, "h": 29.0}, {"x": 65, "y": 254.5, "w": 38.0, "h": 29.0}, {"x": 65, "y": 198.5, "w": 38.0, "h": 29.0}, {"x": 65, "y": 142.5, "w": 38.0, "h": 29.0}, {"x": 65, "y": 86.5, "w": 38.0, "h": 29.0}, {"x": 65, "y": 29.5, "w": 38.0, "h": 29.0}]}}, "x_axis": {"major_labels": {"bboxes": [{"x": 129, "y": 447, "h": 12, "w": 24.484375}, {"x": 185, "y": 447, "h": 12, "w": 23.65625}, {"x": 240, "y": 447, "h": 12, "w": 24.484375}, {"x": 295, "y": 447, "h": 12, "w": 24.484375}, {"x": 351, "y": 447, "h": 12, "w": 24.484375}, {"x": 407, "y": 447, "h": 12, "w": 24.484375}, {"x": 462, "y": 447, "h": 12, "w": 24.484375}, {"x": 518, "y": 447, "h": 12, "w": 24.484375}, {"x": 574, "y": 447, "h": 12, "w": 24.484375}, {"x": 629, "y": 447, "h": 12, "w": 24.484375}, {"x": 685, "y": 447, "h": 12, "w": 24.484375}], "values": ["2010", "2011", "2012", "2013", "2014", "2015", "2016", "2017", "2018", "2019", "2020"]}, "label": {}}}, "models": [{"name": {}, "bboxes": [{"x": 122, "y": 106, "w": 39, "h": 332}, {"x": 177, "y": 401, "w": 39, "h": 37}, {"x": 233, "y": 400, "w": 39, "h": 38}, {"x": 289, "y": 400, "w": 39, "h": 38}, {"x": 344, "y": 401, "w": 39, "h": 37}, {"x": 400, "y": 409, "w": 39, "h": 29}, {"x": 456, "y": 414, "w": 39, "h": 24}, {"x": 511, "y": 412, "w": 39, "h": 26}, {"x": 567, "y": 411, "w": 39, "h": 27}, {"x": 623, "y": 416, "w": 39, "h": 22}, {"x": 678, "y": 419, "w": 39, "h": 19}], "x": ["2010", "2011", "2012", "2013", "2014", "2015", "2016", "2017", "2018", "2019", "2020"], "y": ["29 677", "3 322", "3 367", "3 359", "3 330", "2 611", "2 117", "2 300", "2 400", "2 000", "1 672"], "colors": ["#2876dd", "#2876dd", "#2876dd", "#2876dd", "#2876dd", "#2876dd", "#2876dd", "#2876dd", "#2876dd", "#2876dd", "#2876dd"], "labels": ["2010", "2011", "2012", "2013", "2014", "2015", "2016", "2017", "2018", "2019", "2020"]}], "type": "v_bar"}