{"general_figure_info": {"figure_info": {"bbox": {"x": 89, "y": 45, "w": 636, "h": 392}}, "y_axis": {"label": {"bbox": [{"x": 40, "y": 179, "w": 11, "h": 123.9375}], "text": "Supply in million metric tons"}, "major_labels": {"bboxes": [{"x": 65, "y": 422.5, "w": 14.0, "h": 36.0}, {"x": 65, "y": 357.5, "w": 14.0, "h": 36.0}, {"x": 65, "y": 291.5, "w": 14.0, "h": 36.0}, {"x": 65, "y": 226.5, "w": 14.0, "h": 36.0}, {"x": 65, "y": 161.5, "w": 14.0, "h": 36.0}, {"x": 65, "y": 95.5, "w": 14.0, "h": 36.0}, {"x": 65, "y": 29.5, "w": 14.0, "h": 36.0}]}}, "x_axis": {"major_labels": {"bboxes": [{"x": 130, "y": 447, "h": 12, "w": 24.484375}, {"x": 236, "y": 447, "h": 12, "w": 24.484375}, {"x": 342, "y": 447, "h": 12, "w": 24.484375}, {"x": 448, "y": 447, "h": 12, "w": 24.484375}, {"x": 554, "y": 447, "h": 12, "w": 24.484375}, {"x": 660, "y": 447, "h": 12, "w": 24.484375}], "values": ["2014", "2015", "2016", "2017", "2018", "2019"]}, "label": {}}}, "models": [{"name": {}, "bboxes": [{"x": 106, "y": 133, "w": 73, "h": 305}, {"x": 212, "y": 123, "w": 73, "h": 315}, {"x": 318, "y": 116, "w": 73, "h": 322}, {"x": 424, "y": 106, "w": 73, "h": 332}, {"x": 530, "y": 98, "w": 73, "h": 340}, {"x": 636, "y": 103, "w": 73, "h": 335}], "x": ["2014", "2015", "2016", "2017", "2018", "2019"], "y": ["46.71", "48.14", "49.33", "50.8", "52.03", "51.2"], "colors": ["#2876dd", "#2876dd", "#2876dd", "#2876dd", "#2876dd", "#2876dd"], "labels": ["2014", "2015", "2016", "2017", "2018", "2019"]}], "type": "v_bar"}