{"general_figure_info": {"figure_info": {"bbox": {"x": 96, "y": 45, "w": 629, "h": 392}}, "y_axis": {"label": {"bbox": [{"x": 40, "y": 214, "w": 11, "h": 52.6796875}], "text": "Growth rate"}, "major_labels": {"bboxes": [{"x": 65, "y": 422.5, "w": 21.0, "h": 19.200000000000003}, {"x": 65, "y": 378.5, "w": 21.0, "h": 19.200000000000003}, {"x": 65, "y": 335.5, "w": 21.0, "h": 19.200000000000003}, {"x": 65, "y": 291.5, "w": 21.0, "h": 19.200000000000003}, {"x": 65, "y": 248.5, "w": 21.0, "h": 19.200000000000003}, {"x": 65, "y": 204.5, "w": 21.0, "h": 19.200000000000003}, {"x": 65, "y": 161.5, "w": 21.0, "h": 19.200000000000003}, {"x": 65, "y": 117.5, "w": 21.0, "h": 19.200000000000003}, {"x": 65, "y": 74.5, "w": 21.0, "h": 19.200000000000003}, {"x": 65, "y": 29.5, "w": 21.0, "h": 19.200000000000003}]}}, "x_axis": {"major_labels": {"bboxes": [{"x": 136, "y": 447, "h": 12, "w": 24.484375}, {"x": 239, "y": 447, "h": 12, "w": 29.470703125}, {"x": 346, "y": 447, "h": 12, "w": 24.484375}, {"x": 451, "y": 447, "h": 12, "w": 24.484375}, {"x": 556, "y": 447, "h": 12, "w": 24.484375}, {"x": 660, "y": 447, "h": 12, "w": 24.484375}], "values": ["2012", "2013*", "2014", "2015", "2016", "2017"]}, "label": {}}}, "models": [{"name": {}, "bboxes": [{"x": 113, "y": 361, "w": 72, "h": 77}, {"x": 217, "y": 356, "w": 72, "h": 82}, {"x": 322, "y": 314, "w": 72, "h": 124}, {"x": 427, "y": 225, "w": 72, "h": 213}, {"x": 532, "y": 134, "w": 72, "h": 304}, {"x": 637, "y": 114, "w": 72, "h": 324}], "x": ["2012", "2013*", "2014", "2015", "2016", "2017"], "y": ["17.7%", "18.8%", "28.5%", "48.9%", "69.7%", "74.5%"], "colors": ["#2876dd", "#2876dd", "#2876dd", "#2876dd", "#2876dd", "#2876dd"], "labels": ["2012", "2013*", "2014", "2015", "2016", "2017"]}], "type": "v_bar"}