{"general_figure_info": {"figure_info": {"bbox": {"x": 99, "y": 45, "w": 626, "h": 392}}, "y_axis": {"label": {"bbox": [{"x": 40, "y": 168, "w": 11, "h": 146.1875}], "text": "Total assets in billion U.S. dollars"}, "major_labels": {"bboxes": [{"x": 65, "y": 422.5, "w": 24.0, "h": 36.0}, {"x": 65, "y": 357.5, "w": 24.0, "h": 36.0}, {"x": 65, "y": 291.5, "w": 24.0, "h": 36.0}, {"x": 65, "y": 226.5, "w": 24.0, "h": 36.0}, {"x": 65, "y": 161.5, "w": 24.0, "h": 36.0}, {"x": 65, "y": 95.5, "w": 24.0, "h": 36.0}, {"x": 65, "y": 29.5, "w": 24.0, "h": 36.0}]}}, "x_axis": {"major_labels": {"bboxes": [{"x": 131, "y": 447, "h": 12, "w": 24.484375}, {"x": 221, "y": 447, "h": 12, "w": 24.484375}, {"x": 310, "y": 447, "h": 12, "w": 24.484375}, {"x": 400, "y": 447, "h": 12, "w": 24.484375}, {"x": 489, "y": 447, "h": 12, "w": 24.484375}, {"x": 579, "y": 447, "h": 12, "w": 24.484375}, {"x": 668, "y": 447, "h": 12, "w": 24.484375}], "values": ["2013", "2014", "2015", "2016", "2017", "2018", "2019"]}, "label": {}}}, "models": [{"name": {}, "bboxes": [{"x": 113, "y": 248, "w": 62, "h": 190}, {"x": 203, "y": 217, "w": 62, "h": 221}, {"x": 292, "y": 234, "w": 62, "h": 204}, {"x": 381, "y": 246, "w": 62, "h": 192}, {"x": 471, "y": 245, "w": 62, "h": 193}, {"x": 560, "y": 107, "w": 62, "h": 331}, {"x": 650, "y": 139, "w": 62, "h": 299}], "x": ["2013", "2014", "2015", "2016", "2017", "2018", "2019"], "y": ["7.27", "8.45", "7.79", "7.36", "7.38", "12.65", "11.46"], "colors": ["#2876dd", "#2876dd", "#2876dd", "#2876dd", "#2876dd", "#2876dd", "#2876dd"], "labels": ["2013", "2014", "2015", "2016", "2017", "2018", "2019"]}], "type": "v_bar"}