{"general_figure_info": {"figure_info": {"bbox": {"x": 82, "y": 45, "w": 643, "h": 392}}, "y_axis": {"label": {"bbox": [{"x": 40, "y": 166, "w": 11, "h": 150.625}], "text": "Market value in billion U.S. dollars"}, "major_labels": {"bboxes": [{"x": 65, "y": 422.5, "w": 7.0, "h": 23.555555555555557}, {"x": 65, "y": 373.5, "w": 7.0, "h": 23.555555555555557}, {"x": 65, "y": 324.5, "w": 7.0, "h": 23.555555555555557}, {"x": 65, "y": 275.5, "w": 7.0, "h": 23.555555555555557}, {"x": 65, "y": 226.5, "w": 7.0, "h": 23.555555555555557}, {"x": 65, "y": 177.5, "w": 7.0, "h": 23.555555555555557}, {"x": 65, "y": 128.5, "w": 7.0, "h": 23.555555555555557}, {"x": 65, "y": 79.5, "w": 7.0, "h": 23.555555555555557}, {"x": 65, "y": 29.5, "w": 7.0, "h": 23.555555555555557}]}}, "x_axis": {"major_labels": {"bboxes": [{"x": 99, "y": 447, "h": 12, "w": 24.484375}, {"x": 155, "y": 447, "h": 12, "w": 29.470703125}, {"x": 214, "y": 447, "h": 12, "w": 29.470703125}, {"x": 272, "y": 447, "h": 12, "w": 29.470703125}, {"x": 331, "y": 447, "h": 12, "w": 29.470703125}, {"x": 389, "y": 447, "h": 12, "w": 29.470703125}, {"x": 448, "y": 447, "h": 12, "w": 29.470703125}, {"x": 506, "y": 447, "h": 12, "w": 29.470703125}, {"x": 564, "y": 447, "h": 12, "w": 29.470703125}, {"x": 623, "y": 447, "h": 12, "w": 29.470703125}, {"x": 681, "y": 447, "h": 12, "w": 29.470703125}], "values": ["2017", "2018*", "2019*", "2020*", "2021*", "2022*", "2023*", "2024*", "2025*", "2026*", "2027*"]}, "label": {}}}, "models": [{"name": {}, "bboxes": [{"x": 91, "y": 230, "w": 40, "h": 208}, {"x": 150, "y": 219, "w": 40, "h": 219}, {"x": 208, "y": 207, "w": 40, "h": 231}, {"x": 267, "y": 194, "w": 40, "h": 244}, {"x": 325, "y": 181, "w": 40, "h": 257}, {"x": 384, "y": 167, "w": 40, "h": 271}, {"x": 442, "y": 152, "w": 40, "h": 286}, {"x": 500, "y": 136, "w": 40, "h": 302}, {"x": 559, "y": 120, "w": 40, "h": 318}, {"x": 617, "y": 102, "w": 40, "h": 336}, {"x": 676, "y": 83, "w": 40, "h": 355}], "x": ["2017", "2018*", "2019*", "2020*", "2021*", "2022*", "2023*", "2024*", "2025*", "2026*", "2027*"], "y": ["4.24", "4.47", "4.72", "4.98", "5.25", "5.54", "5.84", "6.16", "6.5", "6.86", "7.24"], "colors": ["#2876dd", "#2876dd", "#2876dd", "#2876dd", "#2876dd", "#2876dd", "#2876dd", "#2876dd", "#2876dd", "#2876dd", "#2876dd"], "labels": ["2017", "2018*", "2019*", "2020*", "2021*", "2022*", "2023*", "2024*", "2025*", "2026*", "2027*"]}], "type": "v_bar"}