{"general_figure_info": {"figure_info": {"bbox": {"x": 113, "y": 45, "w": 612, "h": 392}}, "y_axis": {"label": {"bbox": [{"x": 40, "y": 186, "w": 11, "h": 109.515625}], "text": "Revenue in million euros"}, "major_labels": {"bboxes": [{"x": 65, "y": 422.5, "w": 38.0, "h": 45.33333333333333}, {"x": 65, "y": 344.5, "w": 38.0, "h": 45.33333333333333}, {"x": 65, "y": 265.5, "w": 38.0, "h": 45.33333333333333}, {"x": 65, "y": 187.5, "w": 38.0, "h": 45.33333333333333}, {"x": 65, "y": 108.5, "w": 38.0, "h": 45.33333333333333}, {"x": 65, "y": 29.5, "w": 38.0, "h": 45.33333333333333}]}}, "x_axis": {"major_labels": {"bboxes": [{"x": 126, "y": 447, "h": 12, "w": 24.484375}, {"x": 177, "y": 447, "h": 12, "w": 24.484375}, {"x": 229, "y": 447, "h": 12, "w": 23.65625}, {"x": 279, "y": 447, "h": 12, "w": 24.484375}, {"x": 330, "y": 447, "h": 12, "w": 24.484375}, {"x": 381, "y": 447, "h": 12, "w": 24.484375}, {"x": 432, "y": 447, "h": 12, "w": 24.484375}, {"x": 481, "y": 447, "h": 12, "w": 29.470703125}, {"x": 534, "y": 447, "h": 12, "w": 24.484375}, {"x": 585, "y": 447, "h": 12, "w": 24.484375}, {"x": 636, "y": 447, "h": 12, "w": 24.484375}, {"x": 687, "y": 447, "h": 12, "w": 24.484375}], "values": ["2009", "2010", "2011", "2012", "2013", "2014", "2015", "2016*", "2017", "2018", "2019", "2020"]}, "label": {}}}, "models": [{"name": {}, "bboxes": [{"x": 121, "y": 317, "w": 35, "h": 121}, {"x": 172, "y": 299, "w": 35, "h": 139}, {"x": 223, "y": 267, "w": 35, "h": 171}, {"x": 274, "y": 259, "w": 35, "h": 179}, {"x": 325, "y": 262, "w": 35, "h": 176}, {"x": 376, "y": 255, "w": 35, "h": 183}, {"x": 427, "y": 238, "w": 35, "h": 200}, {"x": 478, "y": 219, "w": 35, "h": 219}, {"x": 529, "y": 140, "w": 35, "h": 298}, {"x": 580, "y": 125, "w": 35, "h": 313}, {"x": 631, "y": 93, "w": 35, "h": 345}, {"x": 682, "y": 111, "w": 35, "h": 327}], "x": ["2009", "2010", "2011", "2012", "2013", "2014", "2015", "2016*", "2017", "2018", "2019", "2020"], "y": ["3 084", "3 534", "4 368", "4 560", "4 495", "4 678", "5 098", "5 587.2", "7 598.1", "7 995.7", "8 806.5", "8 341.6"], "colors": ["#2876dd", "#2876dd", "#2876dd", "#2876dd", "#2876dd", "#2876dd", "#2876dd", "#2876dd", "#2876dd", "#2876dd", "#2876dd", "#2876dd"], "labels": ["2009", "2010", "2011", "2012", "2013", "2014", "2015", "2016*", "2017", "2018", "2019", "2020"]}], "type": "v_bar"}