{"general_figure_info": {"figure_info": {"bbox": {"x": 96, "y": 45, "w": 629, "h": 392}}, "y_axis": {"label": {"bbox": [{"x": 40, "y": 168, "w": 11, "h": 146.71875}], "text": "Net income in million U.S. dollars"}, "major_labels": {"bboxes": [{"x": 65, "y": 422.5, "w": 21.0, "h": 36.0}, {"x": 65, "y": 357.5, "w": 21.0, "h": 36.0}, {"x": 65, "y": 291.5, "w": 21.0, "h": 36.0}, {"x": 65, "y": 226.5, "w": 21.0, "h": 36.0}, {"x": 65, "y": 161.5, "w": 21.0, "h": 36.0}, {"x": 65, "y": 95.5, "w": 21.0, "h": 36.0}, {"x": 65, "y": 29.5, "w": 21.0, "h": 36.0}]}}, "x_axis": {"major_labels": {"bboxes": [{"x": 129, "y": 447, "h": 12, "w": 24.484375}, {"x": 219, "y": 447, "h": 12, "w": 24.484375}, {"x": 309, "y": 447, "h": 12, "w": 23.65625}, {"x": 398, "y": 447, "h": 12, "w": 24.484375}, {"x": 488, "y": 447, "h": 12, "w": 24.484375}, {"x": 578, "y": 447, "h": 12, "w": 24.484375}, {"x": 668, "y": 447, "h": 12, "w": 24.484375}], "values": ["2009", "2010", "2011", "2012", "2013", "2014", "2015"]}, "label": {}}}, "models": [{"name": {}, "bboxes": [{"x": 110, "y": 182, "w": 62, "h": 191}, {"x": 200, "y": 93, "w": 62, "h": 280}, {"x": 290, "y": 334, "w": 62, "h": 39}, {"x": 380, "y": 181, "w": 62, "h": 192}, {"x": 470, "y": 203, "w": 62, "h": 170}, {"x": 559, "y": 373, "w": 62, "h": 57}, {"x": 649, "y": 275, "w": 62, "h": 98}], "x": ["2009", "2010", "2011", "2012", "2013", "2014", "2015"], "y": ["145.7", "213.7", "29.9", "146.5", "129.5", "-44.2", "74.4"], "colors": ["#2876dd", "#2876dd", "#2876dd", "#2876dd", "#2876dd", "#2876dd", "#2876dd"], "labels": ["2009", "2010", "2011", "2012", "2013", "2014", "2015"]}], "type": "v_bar"}