{"general_figure_info": {"figure_info": {"bbox": {"x": 89, "y": 45, "w": 636, "h": 392}}, "y_axis": {"label": {"bbox": [{"x": 40, "y": 177, "w": 11, "h": 128.375}], "text": "Number of arrivals in millions"}, "major_labels": {"bboxes": [{"x": 65, "y": 422.5, "w": 14.0, "h": 45.33333333333333}, {"x": 65, "y": 344.5, "w": 14.0, "h": 45.33333333333333}, {"x": 65, "y": 265.5, "w": 14.0, "h": 45.33333333333333}, {"x": 65, "y": 187.5, "w": 14.0, "h": 45.33333333333333}, {"x": 65, "y": 108.5, "w": 14.0, "h": 45.33333333333333}, {"x": 65, "y": 29.5, "w": 14.0, "h": 45.33333333333333}]}}, "x_axis": {"major_labels": {"bboxes": [{"x": 106, "y": 447, "h": 12, "w": 24.484375}, {"x": 163, "y": 447, "h": 12, "w": 24.484375}, {"x": 221, "y": 447, "h": 12, "w": 24.484375}, {"x": 279, "y": 447, "h": 12, "w": 24.484375}, {"x": 337, "y": 447, "h": 12, "w": 23.65625}, {"x": 395, "y": 447, "h": 12, "w": 24.484375}, {"x": 453, "y": 447, "h": 12, "w": 24.484375}, {"x": 510, "y": 447, "h": 12, "w": 24.484375}, {"x": 568, "y": 447, "h": 12, "w": 24.484375}, {"x": 626, "y": 447, "h": 12, "w": 24.484375}, {"x": 684, "y": 447, "h": 12, "w": 24.484375}], "values": ["2007", "2008", "2009", "2010", "2011", "2012", "2013", "2014", "2015", "2016", "2017"]}, "label": {}}}, "models": [{"name": {}, "bboxes": [{"x": 98, "y": 199, "w": 40, "h": 239}, {"x": 156, "y": 203, "w": 40, "h": 235}, {"x": 214, "y": 218, "w": 40, "h": 220}, {"x": 272, "y": 211, "w": 40, "h": 227}, {"x": 329, "y": 195, "w": 40, "h": 243}, {"x": 387, "y": 191, "w": 40, "h": 247}, {"x": 445, "y": 187, "w": 40, "h": 251}, {"x": 503, "y": 175, "w": 40, "h": 263}, {"x": 561, "y": 156, "w": 40, "h": 282}, {"x": 618, "y": 144, "w": 40, "h": 294}, {"x": 676, "y": 136, "w": 40, "h": 302}], "x": ["2007", "2008", "2009", "2010", "2011", "2012", "2013", "2014", "2015", "2016", "2017"], "y": ["6.1", "6", "5.6", "5.8", "6.2", "6.3", "6.4", "6.7", "7.2", "7.5", "7.7"], "colors": ["#2876dd", "#2876dd", "#2876dd", "#2876dd", "#2876dd", "#2876dd", "#2876dd", "#2876dd", "#2876dd", "#2876dd", "#2876dd"], "labels": ["2007", "2008", "2009", "2010", "2011", "2012", "2013", "2014", "2015", "2016", "2017"]}], "type": "v_bar"}