{"general_figure_info": {"figure_info": {"bbox": {"x": 89, "y": 45, "w": 636, "h": 362}}, "y_axis": {"label": {"bbox": [{"x": 40, "y": 158, "w": 11, "h": 136.171875}], "text": "Revenue in million U.S. dollars"}, "major_labels": {"bboxes": [{"x": 65, "y": 392.5, "w": 14.0, "h": 25.25}, {"x": 65, "y": 340.5, "w": 14.0, "h": 25.25}, {"x": 65, "y": 289.5, "w": 14.0, "h": 25.25}, {"x": 65, "y": 237.5, "w": 14.0, "h": 25.25}, {"x": 65, "y": 185.5, "w": 14.0, "h": 25.25}, {"x": 65, "y": 133.5, "w": 14.0, "h": 25.25}, {"x": 65, "y": 82.5, "w": 14.0, "h": 25.25}, {"x": 65, "y": 29.5, "w": 14.0, "h": 25.25}]}}, "x_axis": {"major_labels": {"bboxes": [{"x": 75, "y": 420, "h": 34.626129150390625, "w": 34.626136779785156}, {"x": 110, "y": 420, "h": 32.891510009765625, "w": 32.891517639160156}, {"x": 142, "y": 420, "h": 34.615081787109375, "w": 34.615089416503906}, {"x": 176, "y": 420, "h": 34.615081787109375, "w": 34.615081787109375}, {"x": 210, "y": 420, "h": 33.333465576171875, "w": 33.33345031738281}, {"x": 243, "y": 420, "h": 34.195220947265625, "w": 34.19523620605469}, {"x": 276, "y": 420, "h": 34.1842041015625, "w": 34.18418884277344}, {"x": 311, "y": 420, "h": 32.891510009765625, "w": 32.891510009765625}, {"x": 342, "y": 420, "h": 35.4879150390625, "w": 35.4879150390625}, {"x": 378, "y": 420, "h": 33.333465576171875, "w": 33.333465576171875}, {"x": 414, "y": 420, "h": 30.72601318359375, "w": 30.72601318359375}, {"x": 443, "y": 420, "h": 34.626129150390625, "w": 34.626129150390625}, {"x": 475, "y": 420, "h": 36.791656494140625, "w": 36.791656494140625}, {"x": 512, "y": 420, "h": 32.891510009765625, "w": 32.8914794921875}, {"x": 544, "y": 420, "h": 34.615081787109375, "w": 34.61505126953125}, {"x": 577, "y": 420, "h": 34.615081787109375, "w": 34.61505126953125}, {"x": 612, "y": 420, "h": 33.333465576171875, "w": 33.33343505859375}, {"x": 645, "y": 420, "h": 34.19525146484375, "w": 34.1951904296875}, {"x": 678, "y": 420, "h": 34.1842041015625, "w": 34.18414306640625}], "values": ["Sep '19", "Oct '19", "Nov '19", "Dec '19", "Jan '20", "Feb '20", "Mar '20", "Apr '20", "May '20", "Jun '20", "Jul '20", "Aug '20", "Sept '20", "Oct '20", "Nov '20", "Dec '20", "Jan '21", "Feb '21", "Mar '21"]}, "label": {}}}, "models": [{"name": {}, "bboxes": [{"x": 94, "y": 319, "w": 23, "h": 89}, {"x": 128, "y": 289, "w": 23, "h": 119}, {"x": 161, "y": 298, "w": 23, "h": 110}, {"x": 195, "y": 283, "w": 23, "h": 125}, {"x": 228, "y": 282, "w": 23, "h": 126}, {"x": 262, "y": 301, "w": 23, "h": 107}, {"x": 295, "y": 351, "w": 23, "h": 57}, {"x": 329, "y": 392, "w": 23, "h": 16}, {"x": 362, "y": 375, "w": 23, "h": 33}, {"x": 396, "y": 378, "w": 23, "h": 30}, {"x": 429, "y": 339, "w": 23, "h": 69}, {"x": 462, "y": 306, "w": 23, "h": 102}, {"x": 496, "y": 260, "w": 23, "h": 148}, {"x": 529, "y": 190, "w": 23, "h": 218}, {"x": 563, "y": 146, "w": 23, "h": 262}, {"x": 596, "y": 157, "w": 23, "h": 251}, {"x": 630, "y": 105, "w": 23, "h": 303}, {"x": 663, "y": 233, "w": 23, "h": 175}, {"x": 697, "y": 135, "w": 23, "h": 273}], "x": ["Sep '19", "Oct '19", "Nov '19", "Dec '19", "Jan '20", "Feb '20", "Mar '20", "Apr '20", "May '20", "Jun '20", "Jul '20", "Aug '20", "Sept '20", "Oct '20", "Nov '20", "Dec '20", "Jan '21", "Feb '21", "Mar '21"], "y": ["8.56", "11.54", "10.6", "12.07", "12.22", "10.38", "5.5", "1.56", "3.18", "2.92", "6.66", "9.83", "14.28", "21.1", "25.33", "24.31", "29.33", "16.95", "26.35"], "colors": ["#2876dd", "#2876dd", "#2876dd", "#2876dd", "#2876dd", "#2876dd", "#2876dd", "#2876dd", "#2876dd", "#2876dd", "#2876dd", "#2876dd", "#2876dd", "#2876dd", "#2876dd", "#2876dd", "#2876dd", "#2876dd", "#2876dd"], "labels": ["Sep '19", "Oct '19", "Nov '19", "Dec '19", "Jan '20", "Feb '20", "Mar '20", "Apr '20", "May '20", "Jun '20", "Jul '20", "Aug '20", "Sept '20", "Oct '20", "Nov '20", "Dec '20", "Jan '21", "Feb '21", "Mar '21"]}], "type": "v_bar"}