{"general_figure_info": {"figure_info": {"bbox": {"x": 110, "y": 45, "w": 615, "h": 392}}, "y_axis": {"label": {"bbox": [{"x": 40, "y": 219, "w": 11, "h": 43.90625}], "text": "Units sold"}, "major_labels": {"bboxes": [{"x": 65, "y": 422.5, "w": 35.0, "h": 29.0}, {"x": 65, "y": 366.5, "w": 35.0, "h": 29.0}, {"x": 65, "y": 310.5, "w": 35.0, "h": 29.0}, {"x": 65, "y": 254.5, "w": 35.0, "h": 29.0}, {"x": 65, "y": 198.5, "w": 35.0, "h": 29.0}, {"x": 65, "y": 142.5, "w": 35.0, "h": 29.0}, {"x": 65, "y": 86.5, "w": 35.0, "h": 29.0}, {"x": 65, "y": 29.5, "w": 35.0, "h": 29.0}]}}, "x_axis": {"major_labels": {"bboxes": [{"x": 129, "y": 447, "h": 12, "w": 24.484375}, {"x": 190, "y": 447, "h": 12, "w": 24.484375}, {"x": 252, "y": 447, "h": 12, "w": 23.65625}, {"x": 313, "y": 447, "h": 12, "w": 24.484375}, {"x": 375, "y": 447, "h": 12, "w": 24.484375}, {"x": 436, "y": 447, "h": 12, "w": 24.484375}, {"x": 498, "y": 447, "h": 12, "w": 24.484375}, {"x": 559, "y": 447, "h": 12, "w": 24.484375}, {"x": 621, "y": 447, "h": 12, "w": 24.484375}, {"x": 682, "y": 447, "h": 12, "w": 24.484375}], "values": ["2009", "2010", "2011", "2012", "2013", "2014", "2015", "2016", "2017", "2018"]}, "label": {}}}, "models": [{"name": {}, "bboxes": [{"x": 120, "y": 111, "w": 43, "h": 327}, {"x": 181, "y": 186, "w": 43, "h": 252}, {"x": 243, "y": 241, "w": 43, "h": 197}, {"x": 304, "y": 250, "w": 43, "h": 188}, {"x": 366, "y": 240, "w": 43, "h": 198}, {"x": 427, "y": 279, "w": 43, "h": 159}, {"x": 489, "y": 274, "w": 43, "h": 164}, {"x": 550, "y": 233, "w": 43, "h": 205}, {"x": 612, "y": 248, "w": 43, "h": 190}, {"x": 673, "y": 252, "w": 43, "h": 186}], "x": ["2009", "2010", "2011", "2012", "2013", "2014", "2015", "2016", "2017", "2018"], "y": ["14 599", "11 251", "8 793", "8 406", "8 846", "7 091", "7 325", "9 143", "8 491", "8 309"], "colors": ["#2876dd", "#2876dd", "#2876dd", "#2876dd", "#2876dd", "#2876dd", "#2876dd", "#2876dd", "#2876dd", "#2876dd"], "labels": ["2009", "2010", "2011", "2012", "2013", "2014", "2015", "2016", "2017", "2018"]}], "type": "v_bar"}