{"general_figure_info": {"figure_info": {"bbox": {"x": 96, "y": 45, "w": 629, "h": 392}}, "y_axis": {"label": {"bbox": [{"x": 40, "y": 193, "w": 11, "h": 95.625}], "text": "Share of respondents"}, "major_labels": {"bboxes": [{"x": 65, "y": 422.5, "w": 21.0, "h": 23.555555555555557}, {"x": 65, "y": 373.5, "w": 21.0, "h": 23.555555555555557}, {"x": 65, "y": 324.5, "w": 21.0, "h": 23.555555555555557}, {"x": 65, "y": 275.5, "w": 21.0, "h": 23.555555555555557}, {"x": 65, "y": 226.5, "w": 21.0, "h": 23.555555555555557}, {"x": 65, "y": 177.5, "w": 21.0, "h": 23.555555555555557}, {"x": 65, "y": 128.5, "w": 21.0, "h": 23.555555555555557}, {"x": 65, "y": 79.5, "w": 21.0, "h": 23.555555555555557}, {"x": 65, "y": 29.5, "w": 21.0, "h": 23.555555555555557}]}}, "x_axis": {"major_labels": {"bboxes": [{"x": 144, "y": 447, "h": 12, "w": 29.984375}, {"x": 262, "y": 447, "h": 12, "w": 45.7353515625}, {"x": 392, "y": 447, "h": 12, "w": 38.6337890625}, {"x": 519, "y": 447, "h": 12, "w": 34.50537109375}, {"x": 623, "y": 447, "h": 12, "w": 78.28125}], "values": ["Japan", "Germany", "Korea**", "Russia", "United Kingdom"]}, "label": {}}}, "models": [{"name": {}, "bboxes": [{"x": 116, "y": 85, "w": 87, "h": 353}, {"x": 242, "y": 330, "w": 87, "h": 108}, {"x": 367, "y": 330, "w": 87, "h": 108}, {"x": 493, "y": 418, "w": 87, "h": 20}, {"x": 619, "y": 429, "w": 87, "h": 9}], "x": ["Japan", "Germany", "Korea**", "Russia", "United Kingdom"], "y": ["36%", "11%", "11%", "2%", "0.9%"], "colors": ["#2876dd", "#2876dd", "#2876dd", "#2876dd", "#2876dd"], "labels": ["Japan", "Germany", "Korea**", "Russia", "United Kingdom"]}], "type": "v_bar"}