{"general_figure_info": {"figure_info": {"bbox": {"x": 100, "y": 45, "w": 625, "h": 392}}, "y_axis": {"label": {"bbox": [{"x": 40, "y": 140, "w": 11, "h": 201.8955078125}], "text": "Population growth compared to previous year"}, "major_labels": {"bboxes": [{"x": 65, "y": 422.5, "w": 25.0, "h": 36.0}, {"x": 65, "y": 357.5, "w": 25.0, "h": 36.0}, {"x": 65, "y": 291.5, "w": 25.0, "h": 36.0}, {"x": 65, "y": 226.5, "w": 25.0, "h": 36.0}, {"x": 65, "y": 161.5, "w": 25.0, "h": 36.0}, {"x": 65, "y": 95.5, "w": 25.0, "h": 36.0}, {"x": 65, "y": 29.5, "w": 25.0, "h": 36.0}]}}, "x_axis": {"major_labels": {"bboxes": [{"x": 116, "y": 447, "h": 12, "w": 24.484375}, {"x": 173, "y": 447, "h": 12, "w": 24.484375}, {"x": 230, "y": 447, "h": 12, "w": 23.65625}, {"x": 287, "y": 447, "h": 12, "w": 24.484375}, {"x": 343, "y": 447, "h": 12, "w": 24.484375}, {"x": 400, "y": 447, "h": 12, "w": 24.484375}, {"x": 457, "y": 447, "h": 12, "w": 24.484375}, {"x": 514, "y": 447, "h": 12, "w": 24.484375}, {"x": 571, "y": 447, "h": 12, "w": 24.484375}, {"x": 628, "y": 447, "h": 12, "w": 24.484375}, {"x": 684, "y": 447, "h": 12, "w": 24.484375}], "values": ["2009", "2010", "2011", "2012", "2013", "2014", "2015", "2016", "2017", "2018", "2019"]}, "label": {}}}, "models": [{"name": {}, "bboxes": [{"x": 109, "y": 111, "w": 39, "h": 327}, {"x": 166, "y": 118, "w": 39, "h": 320}, {"x": 223, "y": 124, "w": 39, "h": 314}, {"x": 279, "y": 131, "w": 39, "h": 307}, {"x": 336, "y": 144, "w": 39, "h": 294}, {"x": 393, "y": 157, "w": 39, "h": 281}, {"x": 450, "y": 177, "w": 39, "h": 261}, {"x": 507, "y": 196, "w": 39, "h": 242}, {"x": 564, "y": 209, "w": 39, "h": 229}, {"x": 620, "y": 229, "w": 39, "h": 209}, {"x": 677, "y": 255, "w": 39, "h": 183}], "x": ["2009", "2010", "2011", "2012", "2013", "2014", "2015", "2016", "2017", "2018", "2019"], "y": ["0.5%", "0.49%", "0.48%", "0.47%", "0.45%", "0.43%", "0.4%", "0.37%", "0.35%", "0.32%", "0.28%"], "colors": ["#2876dd", "#2876dd", "#2876dd", "#2876dd", "#2876dd", "#2876dd", "#2876dd", "#2876dd", "#2876dd", "#2876dd", "#2876dd"], "labels": ["2009", "2010", "2011", "2012", "2013", "2014", "2015", "2016", "2017", "2018", "2019"]}], "type": "v_bar"}