{"general_figure_info": {"figure_info": {"bbox": {"x": 96, "y": 45, "w": 629, "h": 392}}, "y_axis": {"label": {"bbox": [{"x": 40, "y": 211, "w": 11, "h": 58.79296875}], "text": "Market share"}, "major_labels": {"bboxes": [{"x": 65, "y": 422.5, "w": 21.0, "h": 23.555555555555557}, {"x": 65, "y": 373.5, "w": 21.0, "h": 23.555555555555557}, {"x": 65, "y": 324.5, "w": 21.0, "h": 23.555555555555557}, {"x": 65, "y": 275.5, "w": 21.0, "h": 23.555555555555557}, {"x": 65, "y": 226.5, "w": 21.0, "h": 23.555555555555557}, {"x": 65, "y": 177.5, "w": 21.0, "h": 23.555555555555557}, {"x": 65, "y": 128.5, "w": 21.0, "h": 23.555555555555557}, {"x": 65, "y": 79.5, "w": 21.0, "h": 23.555555555555557}, {"x": 65, "y": 29.5, "w": 21.0, "h": 23.555555555555557}]}}, "x_axis": {"major_labels": {"bboxes": [{"x": 128, "y": 447, "h": 12, "w": 14.6875}, {"x": 191, "y": 447, "h": 12, "w": 46.484375}, {"x": 278, "y": 447, "h": 12, "w": 29.359375}, {"x": 345, "y": 447, "h": 12, "w": 54.072265625}, {"x": 434, "y": 447, "h": 12, "w": 31.203125}, {"x": 508, "y": 447, "h": 12, "w": 40.359375}, {"x": 584, "y": 447, "h": 12, "w": 45.859375}, {"x": 669, "y": 447, "h": 12, "w": 33.5107421875}], "values": ["LG", "Samsung", "Sharp", "Matsushita", "Sanyo", "Daewoo", "Whirlpool", "Others"]}, "label": {}}}, "models": [{"name": {}, "bboxes": [{"x": 108, "y": 115, "w": 54, "h": 323}, {"x": 187, "y": 291, "w": 54, "h": 147}, {"x": 266, "y": 291, "w": 54, "h": 147}, {"x": 344, "y": 340, "w": 54, "h": 98}, {"x": 423, "y": 350, "w": 54, "h": 88}, {"x": 502, "y": 369, "w": 54, "h": 69}, {"x": 580, "y": 409, "w": 54, "h": 29}, {"x": 659, "y": 360, "w": 54, "h": 78}], "x": ["LG", "Samsung", "Sharp", "Matsushita", "Sanyo", "Daewoo", "Whirlpool", "Others"], "y": ["33%", "15%", "15%", "10%", "9%", "7%", "3%", "8%"], "colors": ["#2876dd", "#2876dd", "#2876dd", "#2876dd", "#2876dd", "#2876dd", "#2876dd", "#2876dd"], "labels": ["LG", "Samsung", "Sharp", "Matsushita", "Sanyo", "Daewoo", "Whirlpool", "Others"]}], "type": "v_bar"}