{"general_figure_info": {"figure_info": {"bbox": {"x": 76, "y": 35, "w": 634, "h": 1232}}, "y_axis": {"label": {"bbox": [{"x": 314, "y": 1296, "w": 157.296875, "h": 11}], "text": "Export volume in billion U.S. dollars"}, "major_labels": {"bboxes": [{"x": 55.5, "y": 1271, "w": 22.266666666666666, "h": 24.0}, {"x": 100.5, "y": 1271, "w": 22.266666666666666, "h": 24.0}, {"x": 146.5, "y": 1271, "w": 22.266666666666666, "h": 24.0}, {"x": 191.5, "y": 1271, "w": 22.266666666666666, "h": 24.0}, {"x": 236.5, "y": 1271, "w": 22.266666666666666, "h": 24.0}, {"x": 281.5, "y": 1271, "w": 22.266666666666666, "h": 24.0}, {"x": 327.5, "y": 1271, "w": 22.266666666666666, "h": 24.0}, {"x": 372.5, "y": 1271, "w": 22.266666666666666, "h": 24.0}, {"x": 417.5, "y": 1271, "w": 22.266666666666666, "h": 24.0}, {"x": 463.5, "y": 1271, "w": 22.266666666666666, "h": 24.0}, {"x": 508.5, "y": 1271, "w": 22.266666666666666, "h": 24.0}, {"x": 553.5, "y": 1271, "w": 22.266666666666666, "h": 24.0}, {"x": 598.5, "y": 1271, "w": 22.266666666666666, "h": 24.0}, {"x": 644.5, "y": 1271, "w": 22.266666666666666, "h": 24.0}, {"x": 690.5, "y": 1271, "w": 22.266666666666666, "h": 24.0}]}}, "x_axis": {"major_labels": {"bboxes": [{"x": 39, "y": 46, "h": 12, "w": 24.484375}, {"x": 39, "y": 80, "h": 12, "w": 24.484375}, {"x": 39, "y": 115, "h": 12, "w": 24.484375}, {"x": 39, "y": 149, "h": 12, "w": 24.484375}, {"x": 39, "y": 183, "h": 12, "w": 24.484375}, {"x": 39, "y": 217, "h": 12, "w": 24.484375}, {"x": 39, "y": 251, "h": 12, "w": 24.484375}, {"x": 39, "y": 286, "h": 12, "w": 24.484375}, {"x": 39, "y": 320, "h": 12, "w": 24.484375}, {"x": 39, "y": 354, "h": 12, "w": 23.65625}, {"x": 39, "y": 388, "h": 12, "w": 24.484375}, {"x": 39, "y": 423, "h": 12, "w": 24.484375}, {"x": 39, "y": 457, "h": 12, "w": 24.484375}, {"x": 39, "y": 491, "h": 12, "w": 24.484375}, {"x": 39, "y": 525, "h": 12, "w": 24.484375}, {"x": 39, "y": 559, "h": 12, "w": 24.484375}, {"x": 39, "y": 594, "h": 12, "w": 24.484375}, {"x": 39, "y": 628, "h": 12, "w": 24.484375}, {"x": 39, "y": 662, "h": 12, "w": 24.484375}, {"x": 39, "y": 696, "h": 12, "w": 24.484375}, {"x": 39, "y": 731, "h": 12, "w": 24.484375}, {"x": 39, "y": 765, "h": 12, "w": 24.484375}, {"x": 39, "y": 799, "h": 12, "w": 24.484375}, {"x": 39, "y": 833, "h": 12, "w": 24.484375}, {"x": 39, "y": 867, "h": 12, "w": 24.484375}, {"x": 39, "y": 902, "h": 12, "w": 24.484375}, {"x": 39, "y": 936, "h": 12, "w": 24.484375}, {"x": 39, "y": 970, "h": 12, "w": 24.484375}, {"x": 39, "y": 1004, "h": 12, "w": 24.484375}, {"x": 39, "y": 1039, "h": 12, "w": 24.484375}, {"x": 39, "y": 1073, "h": 12, "w": 24.484375}, {"x": 39, "y": 1107, "h": 12, "w": 24.484375}, {"x": 39, "y": 1141, "h": 12, "w": 24.484375}, {"x": 39, "y": 1175, "h": 12, "w": 24.484375}, {"x": 39, "y": 1210, "h": 12, "w": 24.484375}, {"x": 39, "y": 1244, "h": 12, "w": 24.484375}], "values": ["2020", "2019", "2018", "2017", "2016", "2015", "2014", "2013", "2012", "2011", "2010", "2009", "2008", "2007", "2006", "2005", "2004", "2003", "2002", "2001", "2000", "1999", "1998", "1997", "1996", "1995", "1994", "1993", "1992", "1991", "1990", "1989", "1988", "1987", "1986", "1985"]}, "label": {}}}, "models": [{"name": {}, "bboxes": [{"x": 75, "y": 40, "w": 463, "h": 24}, {"x": 75, "y": 74, "w": 530, "h": 24}, {"x": 75, "y": 108, "w": 543, "h": 24}, {"x": 75, "y": 142, "w": 512, "h": 24}, {"x": 75, "y": 177, "w": 483, "h": 24}, {"x": 75, "y": 211, "w": 509, "h": 24}, {"x": 75, "y": 245, "w": 567, "h": 24}, {"x": 75, "y": 279, "w": 545, "h": 24}, {"x": 75, "y": 314, "w": 530, "h": 24}, {"x": 75, "y": 348, "w": 510, "h": 24}, {"x": 75, "y": 382, "w": 452, "h": 24}, {"x": 75, "y": 416, "w": 371, "h": 24}, {"x": 75, "y": 450, "w": 473, "h": 24}, {"x": 75, "y": 485, "w": 451, "h": 24}, {"x": 75, "y": 519, "w": 418, "h": 24}, {"x": 75, "y": 553, "w": 384, "h": 24}, {"x": 75, "y": 587, "w": 344, "h": 24}, {"x": 75, "y": 622, "w": 308, "h": 24}, {"x": 75, "y": 656, "w": 291, "h": 24}, {"x": 75, "y": 690, "w": 296, "h": 24}, {"x": 75, "y": 724, "w": 324, "h": 24}, {"x": 75, "y": 758, "w": 302, "h": 24}, {"x": 75, "y": 793, "w": 284, "h": 24}, {"x": 75, "y": 827, "w": 275, "h": 24}, {"x": 75, "y": 861, "w": 243, "h": 24}, {"x": 75, "y": 895, "w": 230, "h": 24}, {"x": 75, "y": 930, "w": 207, "h": 24}, {"x": 75, "y": 964, "w": 182, "h": 24}, {"x": 75, "y": 998, "w": 164, "h": 24}, {"x": 75, "y": 1032, "w": 154, "h": 24}, {"x": 75, "y": 1066, "w": 152, "h": 24}, {"x": 75, "y": 1101, "w": 143, "h": 24}, {"x": 75, "y": 1135, "w": 130, "h": 24}, {"x": 75, "y": 1169, "w": 108, "h": 24}, {"x": 75, "y": 1203, "w": 82, "h": 24}, {"x": 75, "y": 1238, "w": 86, "h": 24}], "x": ["2020", "2019", "2018", "2017", "2016", "2015", "2014", "2013", "2012", "2011", "2010", "2009", "2008", "2007", "2006", "2005", "2004", "2003", "2002", "2001", "2000", "1999", "1998", "1997", "1996", "1995", "1994", "1993", "1992", "1991", "1990", "1989", "1988", "1987", "1986", "1985"], "y": ["255.4", "292.63", "299.73", "282.77", "266.73", "280.86", "312.82", "300.75", "292.65", "281.29", "249.26", "204.66", "261.15", "248.89", "230.66", "211.9", "189.88", "169.92", "160.92", "163.42", "178.94", "166.6", "156.6", "151.77", "134.21", "127.23", "114.44", "100.44", "90.59", "85.15", "83.67", "78.81", "71.62", "59.81", "45.33", "47.25"], "colors": ["#2876dd", "#2876dd", "#2876dd", "#2876dd", "#2876dd", "#2876dd", "#2876dd", "#2876dd", "#2876dd", "#2876dd", "#2876dd", "#2876dd", "#2876dd", "#2876dd", "#2876dd", "rgb(40,118,221)", "#2876dd", "#2876dd", "#2876dd", "#2876dd", "#2876dd", "#2876dd", "#2876dd", "#2876dd", "#2876dd", "#2876dd", "#2876dd", "#2876dd", "#2876dd", "#2876dd", "#2876dd", "#2876dd", "#2876dd", "#2876dd", "#2876dd", "#2876dd"], "labels": ["2020", "2019", "2018", "2017", "2016", "2015", "2014", "2013", "2012", "2011", "2010", "2009", "2008", "2007", "2006", "2005", "2004", "2003", "2002", "2001", "2000", "1999", "1998", "1997", "1996", "1995", "1994", "1993", "1992", "1991", "1990", "1989", "1988", "1987", "1986", "1985"]}], "type": "h_bar"}