{"general_figure_info": {"figure_info": {"bbox": {"x": 96, "y": 45, "w": 629, "h": 392}}, "y_axis": {"label": {"bbox": [{"x": 40, "y": 202, "w": 11, "h": 78.9375}], "text": "Share of reserves"}, "major_labels": {"bboxes": [{"x": 65, "y": 422.5, "w": 21.0, "h": 45.33333333333333}, {"x": 65, "y": 344.5, "w": 21.0, "h": 45.33333333333333}, {"x": 65, "y": 265.5, "w": 21.0, "h": 45.33333333333333}, {"x": 65, "y": 187.5, "w": 21.0, "h": 45.33333333333333}, {"x": 65, "y": 108.5, "w": 21.0, "h": 45.33333333333333}, {"x": 65, "y": 29.5, "w": 21.0, "h": 45.33333333333333}]}}, "x_axis": {"major_labels": {"bboxes": [{"x": 121, "y": 447, "h": 12, "w": 29.623046875}, {"x": 181, "y": 447, "h": 12, "w": 66.53759765625}, {"x": 280, "y": 447, "h": 12, "w": 25.078125}, {"x": 360, "y": 447, "h": 12, "w": 23.25}, {"x": 433, "y": 447, "h": 12, "w": 34.50537109375}, {"x": 509, "y": 447, "h": 12, "w": 39.41455078125}, {"x": 587, "y": 447, "h": 12, "w": 41.84228515625}, {"x": 672, "y": 447, "h": 12, "w": 27.84765625}], "values": ["China", "United States", "Chile", "Peru", "Russia", "Canada", "Armenia", "Other"]}, "label": {}}}, "models": [{"name": {}, "bboxes": [{"x": 108, "y": 109, "w": 54, "h": 329}, {"x": 187, "y": 226, "w": 54, "h": 212}, {"x": 266, "y": 344, "w": 54, "h": 94}, {"x": 344, "y": 399, "w": 54, "h": 39}, {"x": 423, "y": 414, "w": 54, "h": 24}, {"x": 502, "y": 422, "w": 54, "h": 16}, {"x": 580, "y": 422, "w": 54, "h": 16}, {"x": 659, "y": 383, "w": 54, "h": 55}], "x": ["China", "United States", "Chile", "Peru", "Russia", "Canada", "Armenia", "Other"], "y": ["42%", "27%", "12%", "5%", "3%", "2%", "2%", "7%"], "colors": ["#2876dd", "#2876dd", "#2876dd", "#2876dd", "#2876dd", "#2876dd", "#2876dd", "#2876dd"], "labels": ["China", "United States", "Chile", "Peru", "Russia", "Canada", "Armenia", "Other"]}], "type": "v_bar"}