{"general_figure_info": {"figure_info": {"bbox": {"x": 219, "y": 35, "w": 491, "h": 600}}, "y_axis": {"label": {"bbox": [{"x": 40, "y": 252, "w": 11, "h": 165.078125}], "text": "Revenue in the U.S. in billion U.S. dollars"}, "major_labels": {"bboxes": [{"x": 198.5, "y": 227, "w": 20.916666666666664, "h": 328.0}, {"x": 243.5, "y": 227, "w": 20.916666666666664, "h": 328.0}, {"x": 287.5, "y": 227, "w": 20.916666666666664, "h": 328.0}, {"x": 332.5, "y": 227, "w": 20.916666666666664, "h": 328.0}, {"x": 377.5, "y": 227, "w": 20.916666666666664, "h": 328.0}, {"x": 421.5, "y": 227, "w": 20.916666666666664, "h": 328.0}, {"x": 466.5, "y": 227, "w": 20.916666666666664, "h": 328.0}, {"x": 510.5, "y": 227, "w": 20.916666666666664, "h": 328.0}, {"x": 555.5, "y": 227, "w": 20.916666666666664, "h": 328.0}, {"x": 600.5, "y": 227, "w": 20.916666666666664, "h": 328.0}, {"x": 644.5, "y": 227, "w": 20.916666666666664, "h": 328.0}, {"x": 690.5, "y": 227, "w": 20.916666666666664, "h": 328.0}]}}, "x_axis": {"major_labels": {"bboxes": [{"x": 101, "y": 41, "h": 26, "w": 105.671875}, {"x": 101, "y": 81, "h": 26, "w": 105.662109375}, {"x": 101, "y": 121, "h": 26, "w": 105.65966796875}, {"x": 71, "y": 161, "h": 26, "w": 135.61181640625}, {"x": 101, "y": 201, "h": 26, "w": 104.546875}, {"x": 132, "y": 241, "h": 26, "w": 74.40625}, {"x": 131, "y": 281, "h": 26, "w": 75.861328125}, {"x": 148, "y": 321, "h": 26, "w": 58.7333984375}, {"x": 101, "y": 361, "h": 26, "w": 104.546875}, {"x": 93, "y": 401, "h": 26, "w": 113.109375}, {"x": 108, "y": 441, "h": 26, "w": 98.93408203125}, {"x": 131, "y": 481, "h": 26, "w": 75.0634765625}, {"x": 87, "y": 521, "h": 26, "w": 118.625}, {"x": 95, "y": 561, "h": 26, "w": 110.705078125}, {"x": 74, "y": 601, "h": 26, "w": 131.84375}], "values": ["Deloitte*", "PwC*", "Ernst & Young*", "KPMG*", "RSM U.S.", "Grant Thornton", "BDO USA", "CLA", "Crowe", "CBIZ & MHM", "Moss Adams", "Baker Tilly", "Plante Moran", "BKD", "Marcum"]}, "label": {}}}, "models": [{"name": {}, "bboxes": [{"x": 218, "y": 41, "w": 414, "h": 28}, {"x": 218, "y": 81, "w": 321, "h": 28}, {"x": 218, "y": 121, "w": 282, "h": 28}, {"x": 218, "y": 161, "w": 171, "h": 28}, {"x": 218, "y": 201, "w": 50, "h": 28}, {"x": 218, "y": 241, "w": 34, "h": 28}, {"x": 218, "y": 281, "w": 32, "h": 28}, {"x": 218, "y": 321, "w": 21, "h": 28}, {"x": 218, "y": 361, "w": 17, "h": 28}, {"x": 218, "y": 401, "w": 15, "h": 28}, {"x": 218, "y": 441, "w": 15, "h": 28}, {"x": 218, "y": 481, "w": 14, "h": 28}, {"x": 218, "y": 521, "w": 13, "h": 28}, {"x": 218, "y": 561, "w": 12, "h": 28}, {"x": 218, "y": 601, "w": 12, "h": 28}], "x": ["Deloitte*", "PwC*", "Ernst & Young*", "KPMG*", "RSM U.S.", "Grant Thornton", "BDO USA", "CLA", "Crowe", "CBIZ & MHM", "Moss Adams", "Baker Tilly", "Plante Moran", "BKD", "Marcum"], "y": ["23.16", "18", "15.82", "9.57", "2.79", "1.92", "1.8", "1.19", "0.93", "0.82", "0.82", "0.79", "0.75", "0.69", "0.68"], "colors": ["#2876dd", "#2876dd", "#2876dd", "#2876dd", "#2876dd", "#2876dd", "#2876dd", "#2876dd", "#2876dd", "#2876dd", "#2876dd", "#2876dd", "#2876dd", "#2876dd", "#2876dd"], "labels": ["Deloitte*", "PwC*", "Ernst & Young*", "KPMG*", "RSM U.S.", "Grant Thornton", "BDO USA", "CLA", "Crowe", "CBIZ & MHM", "Moss Adams", "Baker Tilly", "Plante Moran", "BKD", "Marcum"]}], "type": "h_bar"}