{"general_figure_info": {"figure_info": {"bbox": {"x": 106, "y": 45, "w": 619, "h": 377}}, "y_axis": {"label": {"bbox": [{"x": 40, "y": 165, "w": 11, "h": 137.828125}], "text": "Net sales in million U.S. dollars"}, "major_labels": {"bboxes": [{"x": 65, "y": 407.5, "w": 31.0, "h": 27.125}, {"x": 65, "y": 353.5, "w": 31.0, "h": 27.125}, {"x": 65, "y": 299.5, "w": 31.0, "h": 27.125}, {"x": 65, "y": 245.5, "w": 31.0, "h": 27.125}, {"x": 65, "y": 192.5, "w": 31.0, "h": 27.125}, {"x": 65, "y": 138.5, "w": 31.0, "h": 27.125}, {"x": 65, "y": 84.5, "w": 31.0, "h": 27.125}, {"x": 65, "y": 29.5, "w": 31.0, "h": 27.125}]}}, "x_axis": {"major_labels": {"bboxes": [{"x": 128, "y": 432, "h": 12, "w": 59.796875}, {"x": 238, "y": 432, "h": 12, "w": 46.18994140625}, {"x": 345, "y": 432, "h": 12, "w": 37.921875}, {"x": 425, "y": 432, "h": 12, "w": 83.78125}, {"x": 547, "y": 432, "h": 24, "w": 46.484375}, {"x": 659, "y": 432, "h": 12, "w": 29.34375}], "values": ["Accessories", "Footwear", "Apparel", "Licensed product", "Licensing", "Home"]}, "label": {}}}, "models": [{"name": {}, "bboxes": [{"x": 122, "y": 107, "w": 71, "h": 316}, {"x": 225, "y": 305, "w": 71, "h": 118}, {"x": 329, "y": 308, "w": 71, "h": 115}, {"x": 432, "y": 399, "w": 71, "h": 24}, {"x": 535, "y": 401, "w": 71, "h": 22}, {"x": 638, "y": 420, "w": 71, "h": 3}], "x": ["Accessories", "Footwear", "Apparel", "Licensed product", "Licensing", "Home"], "y": ["2 933", "1 100", "1 069", "222", "201", "26"], "colors": ["#2876dd", "#2876dd", "#2876dd", "#2876dd", "#2876dd", "#2876dd"], "labels": ["Accessories", "Footwear", "Apparel", "Licensed product", "Licensing", "Home"]}], "type": "v_bar"}