{"general_figure_info": {"figure_info": {"bbox": {"x": 141, "y": 35, "w": 569, "h": 600}}, "y_axis": {"label": {"bbox": [{"x": 372, "y": 666, "w": 106.75, "h": 11}], "text": "Population in thousands"}, "major_labels": {"bboxes": [{"x": 120.5, "y": 641, "w": 51.125, "h": 26.0}, {"x": 201.5, "y": 641, "w": 51.125, "h": 26.0}, {"x": 283.5, "y": 641, "w": 51.125, "h": 26.0}, {"x": 364.5, "y": 641, "w": 51.125, "h": 26.0}, {"x": 445.5, "y": 641, "w": 51.125, "h": 26.0}, {"x": 526.5, "y": 641, "w": 51.125, "h": 26.0}, {"x": 608.5, "y": 641, "w": 51.125, "h": 26.0}, {"x": 690.5, "y": 641, "w": 51.125, "h": 26.0}]}}, "x_axis": {"major_labels": {"bboxes": [{"x": 88, "y": 49, "h": 12, "w": 40.3984375}, {"x": 46, "y": 89, "h": 12, "w": 81.9375}, {"x": 71, "y": 129, "h": 12, "w": 57.34765625}, {"x": 61, "y": 169, "h": 12, "w": 67.484375}, {"x": 44, "y": 209, "h": 12, "w": 84.375}, {"x": 97, "y": 249, "h": 12, "w": 31.203125}, {"x": 68, "y": 289, "h": 12, "w": 60.419921875}, {"x": 89, "y": 329, "h": 12, "w": 39.3984375}, {"x": 99, "y": 369, "h": 12, "w": 29.21923828125}, {"x": 54, "y": 409, "h": 12, "w": 73.984375}, {"x": 111, "y": 449, "h": 12, "w": 18}, {"x": 67, "y": 489, "h": 12, "w": 61.6337890625}, {"x": 82, "y": 529, "h": 12, "w": 46.484375}, {"x": 102, "y": 569, "h": 12, "w": 26.28125}, {"x": 78, "y": 609, "h": 12, "w": 49.546875}], "values": ["Moscow", "Saint Petersburg", "Novosibirsk", "Yekaterinburg", "Nizhny Novgorod", "Kazan", "Chelyabinsk", "Samara", "Omsk", "Rostov-on-Don", "Ufa", "Krasnoyarsk", "Voronezh", "Perm", "Volgograd"]}, "label": {}}}, "models": [{"name": {}, "bboxes": [{"x": 140, "y": 41, "w": 515, "h": 28}, {"x": 140, "y": 81, "w": 219, "h": 28}, {"x": 140, "y": 121, "w": 66, "h": 28}, {"x": 140, "y": 161, "w": 61, "h": 28}, {"x": 140, "y": 201, "w": 51, "h": 28}, {"x": 140, "y": 241, "w": 51, "h": 28}, {"x": 140, "y": 281, "w": 49, "h": 28}, {"x": 140, "y": 321, "w": 47, "h": 28}, {"x": 140, "y": 361, "w": 47, "h": 28}, {"x": 140, "y": 401, "w": 46, "h": 28}, {"x": 140, "y": 441, "w": 46, "h": 28}, {"x": 140, "y": 481, "w": 44, "h": 28}, {"x": 140, "y": 521, "w": 43, "h": 28}, {"x": 140, "y": 561, "w": 43, "h": 28}, {"x": 140, "y": 601, "w": 41, "h": 28}], "x": ["Moscow", "Saint Petersburg", "Novosibirsk", "Yekaterinburg", "Nizhny Novgorod", "Kazan", "Chelyabinsk", "Samara", "Omsk", "Rostov-on-Don", "Ufa", "Krasnoyarsk", "Voronezh", "Perm", "Volgograd"], "y": ["12 678.08", "5 398.06", "1 625.31", "1 494.75", "1 252.24", "1 257.39", "1 196.68", "1 156.66", "1 154.51", "1 137.9", "1 128.79", "1 093.77", "1 058.26", "1 055.4", "1 009"], "colors": ["#2876dd", "#2876dd", "#2876dd", "#2876dd", "#2876dd", "#2876dd", "#2876dd", "#2876dd", "#2876dd", "#2876dd", "#2876dd", "#2876dd", "#2876dd", "#2876dd", "#2876dd"], "labels": ["Moscow", "Saint Petersburg", "Novosibirsk", "Yekaterinburg", "Nizhny Novgorod", "Kazan", "Chelyabinsk", "Samara", "Omsk", "Rostov-on-Don", "Ufa", "Krasnoyarsk", "Voronezh", "Perm", "Volgograd"]}], "type": "h_bar"}