{"general_figure_info": {"figure_info": {"bbox": {"x": 94, "y": 45, "w": 631, "h": 392}}, "y_axis": {"label": {"bbox": [{"x": 40, "y": 199, "w": 11, "h": 83.359375}], "text": "Number of families"}, "major_labels": {"bboxes": [{"x": 65, "y": 422.5, "w": 19.0, "h": 23.555555555555557}, {"x": 65, "y": 373.5, "w": 19.0, "h": 23.555555555555557}, {"x": 65, "y": 324.5, "w": 19.0, "h": 23.555555555555557}, {"x": 65, "y": 275.5, "w": 19.0, "h": 23.555555555555557}, {"x": 65, "y": 226.5, "w": 19.0, "h": 23.555555555555557}, {"x": 65, "y": 177.5, "w": 19.0, "h": 23.555555555555557}, {"x": 65, "y": 128.5, "w": 19.0, "h": 23.555555555555557}, {"x": 65, "y": 79.5, "w": 19.0, "h": 23.555555555555557}, {"x": 65, "y": 29.5, "w": 19.0, "h": 23.555555555555557}]}}, "x_axis": {"major_labels": {"bboxes": [{"x": 134, "y": 447, "h": 12, "w": 24.484375}, {"x": 240, "y": 447, "h": 12, "w": 24.484375}, {"x": 345, "y": 447, "h": 12, "w": 24.484375}, {"x": 450, "y": 447, "h": 12, "w": 24.484375}, {"x": 555, "y": 447, "h": 12, "w": 24.484375}, {"x": 660, "y": 447, "h": 12, "w": 24.484375}], "values": ["2015", "2016", "2017", "2018", "2019", "2020"]}, "label": {}}}, "models": [{"name": {}, "bboxes": [{"x": 111, "y": 410, "w": 72, "h": 28}, {"x": 216, "y": 196, "w": 72, "h": 242}, {"x": 321, "y": 118, "w": 72, "h": 320}, {"x": 426, "y": 220, "w": 72, "h": 218}, {"x": 531, "y": 345, "w": 72, "h": 93}, {"x": 636, "y": 314, "w": 72, "h": 124}], "x": ["2015", "2016", "2017", "2018", "2019", "2020"], "y": ["29", "247", "327", "222", "95", "127"], "colors": ["#2876dd", "#2876dd", "#2876dd", "#2876dd", "#2876dd", "#2876dd"], "labels": ["2015", "2016", "2017", "2018", "2019", "2020"]}], "type": "v_bar"}