{"general_figure_info": {"figure_info": {"bbox": {"x": 96, "y": 45, "w": 629, "h": 392}}, "y_axis": {"label": {"bbox": [{"x": 40, "y": 201, "w": 11, "h": 79.5}], "text": "Number of deaths"}, "major_labels": {"bboxes": [{"x": 65, "y": 422.5, "w": 21.0, "h": 45.33333333333333}, {"x": 65, "y": 344.5, "w": 21.0, "h": 45.33333333333333}, {"x": 65, "y": 265.5, "w": 21.0, "h": 45.33333333333333}, {"x": 65, "y": 187.5, "w": 21.0, "h": 45.33333333333333}, {"x": 65, "y": 108.5, "w": 21.0, "h": 45.33333333333333}, {"x": 65, "y": 29.5, "w": 21.0, "h": 45.33333333333333}]}}, "x_axis": {"major_labels": {"bboxes": [{"x": 112, "y": 447, "h": 12, "w": 24.484375}, {"x": 170, "y": 447, "h": 12, "w": 24.484375}, {"x": 227, "y": 447, "h": 12, "w": 23.65625}, {"x": 284, "y": 447, "h": 12, "w": 24.484375}, {"x": 341, "y": 447, "h": 12, "w": 24.484375}, {"x": 398, "y": 447, "h": 12, "w": 24.484375}, {"x": 455, "y": 447, "h": 12, "w": 24.484375}, {"x": 513, "y": 447, "h": 12, "w": 24.484375}, {"x": 570, "y": 447, "h": 12, "w": 24.484375}, {"x": 627, "y": 447, "h": 12, "w": 24.484375}, {"x": 684, "y": 447, "h": 12, "w": 24.484375}], "values": ["2009", "2010", "2011", "2012", "2013", "2014", "2015", "2016", "2017", "2018", "2019"]}, "label": {}}}, "models": [{"name": {}, "bboxes": [{"x": 105, "y": 144, "w": 40, "h": 294}, {"x": 162, "y": 187, "w": 40, "h": 251}, {"x": 219, "y": 230, "w": 40, "h": 208}, {"x": 277, "y": 344, "w": 40, "h": 94}, {"x": 334, "y": 277, "w": 40, "h": 161}, {"x": 391, "y": 293, "w": 40, "h": 145}, {"x": 448, "y": 332, "w": 40, "h": 106}, {"x": 505, "y": 320, "w": 40, "h": 118}, {"x": 562, "y": 297, "w": 40, "h": 141}, {"x": 620, "y": 313, "w": 40, "h": 125}, {"x": 677, "y": 293, "w": 40, "h": 145}], "x": ["2009", "2010", "2011", "2012", "2013", "2014", "2015", "2016", "2017", "2018", "2019"], "y": ["75", "64", "53", "24", "41", "37", "27", "30", "36", "32", "37"], "colors": ["#2876dd", "#2876dd", "#2876dd", "#2876dd", "#2876dd", "#2876dd", "#2876dd", "#2876dd", "#2876dd", "#2876dd", "#2876dd"], "labels": ["2009", "2010", "2011", "2012", "2013", "2014", "2015", "2016", "2017", "2018", "2019"]}], "type": "v_bar"}