{"general_figure_info": {"figure_info": {"bbox": {"x": 89, "y": 45, "w": 636, "h": 392}}, "y_axis": {"label": {"bbox": [{"x": 40, "y": 177, "w": 11, "h": 127.671875}], "text": "Value in trillion Indian rupees"}, "major_labels": {"bboxes": [{"x": 65, "y": 422.5, "w": 14.0, "h": 45.33333333333333}, {"x": 65, "y": 344.5, "w": 14.0, "h": 45.33333333333333}, {"x": 65, "y": 265.5, "w": 14.0, "h": 45.33333333333333}, {"x": 65, "y": 187.5, "w": 14.0, "h": 45.33333333333333}, {"x": 65, "y": 108.5, "w": 14.0, "h": 45.33333333333333}, {"x": 65, "y": 29.5, "w": 14.0, "h": 45.33333333333333}]}}, "x_axis": {"major_labels": {"bboxes": [{"x": 174, "y": 447, "h": 12, "w": 41.390625}, {"x": 386, "y": 447, "h": 12, "w": 41.390625}, {"x": 598, "y": 447, "h": 12, "w": 41.390625}], "values": ["FY 2018", "FY 2019", "FY 2020"]}, "label": {}}}, "models": [{"name": {}, "bboxes": [{"x": 122, "y": 87, "w": 146, "h": 351}, {"x": 334, "y": 148, "w": 146, "h": 290}, {"x": 546, "y": 171, "w": 146, "h": 267}], "x": ["FY 2018", "FY 2019", "FY 2020"], "y": ["8.96", "7.4", "6.8"], "colors": ["#2876dd", "#2876dd", "#2876dd"], "labels": ["FY 2018", "FY 2019", "FY 2020"]}], "type": "v_bar"}