{"general_figure_info": {"figure_info": {"bbox": {"x": 145, "y": 35, "w": 565, "h": 902}}, "y_axis": {"label": {"bbox": [{"x": 349, "y": 966, "w": 156.734375, "h": 11}], "text": "Number of internet users in millions"}, "major_labels": {"bboxes": [{"x": 124.5, "y": 941, "w": 36.5, "h": 24.0}, {"x": 187.5, "y": 941, "w": 36.5, "h": 24.0}, {"x": 250.5, "y": 941, "w": 36.5, "h": 24.0}, {"x": 312.5, "y": 941, "w": 36.5, "h": 24.0}, {"x": 375.5, "y": 941, "w": 36.5, "h": 24.0}, {"x": 438.5, "y": 941, "w": 36.5, "h": 24.0}, {"x": 501.5, "y": 941, "w": 36.5, "h": 24.0}, {"x": 563.5, "y": 941, "w": 36.5, "h": 24.0}, {"x": 626.5, "y": 941, "w": 36.5, "h": 24.0}, {"x": 690.5, "y": 941, "w": 36.5, "h": 24.0}]}}, "x_axis": {"major_labels": {"bboxes": [{"x": 97, "y": 47, "h": 12, "w": 35.72998046875}, {"x": 104, "y": 83, "h": 12, "w": 28.140625}, {"x": 101, "y": 119, "h": 12, "w": 32.072265625}, {"x": 73, "y": 155, "h": 12, "w": 60.1953125}, {"x": 90, "y": 191, "h": 12, "w": 42.1875}, {"x": 98, "y": 227, "h": 12, "w": 35.123046875}, {"x": 88, "y": 264, "h": 12, "w": 44.91455078125}, {"x": 92, "y": 300, "h": 12, "w": 40.6337890625}, {"x": 93, "y": 336, "h": 12, "w": 39.41455078125}, {"x": 41, "y": 372, "h": 12, "w": 91.109375}, {"x": 99, "y": 408, "h": 12, "w": 33.9091796875}, {"x": 100, "y": 444, "h": 12, "w": 31.8125}, {"x": 112, "y": 480, "h": 12, "w": 20.171875}, {"x": 71, "y": 516, "h": 12, "w": 61.421875}, {"x": 95, "y": 552, "h": 12, "w": 37.5615234375}, {"x": 92, "y": 588, "h": 12, "w": 40.375}, {"x": 98, "y": 624, "h": 12, "w": 35.1337890625}, {"x": 81, "y": 660, "h": 12, "w": 50.75}, {"x": 97, "y": 696, "h": 12, "w": 35.93408203125}, {"x": 81, "y": 733, "h": 12, "w": 51.359375}, {"x": 69, "y": 769, "h": 12, "w": 62.984375}, {"x": 92, "y": 805, "h": 12, "w": 41.24072265625}, {"x": 106, "y": 841, "h": 12, "w": 27.17919921875}, {"x": 67, "y": 877, "h": 12, "w": 64.8125}, {"x": 104, "y": 913, "h": 12, "w": 28.140625}], "values": ["Nigeria", "Egypt", "Kenya", "South Africa", "Morocco", "Algeria", "Tanzania", "Ethiopia", "Uganda", "Congo, Dem. Rep.", "Ghana", "Sudan", "Mali", "Cote d'Ivoire", "Zambia", "Senegal", "Angola", "Zimbabwe", "Tunisia", "Cameroon", "Mozambique", "Rwanda", "Libya", "Burkina Faso", "Benin"]}, "label": {}}}, "models": [{"name": {}, "bboxes": [{"x": 144, "y": 40, "w": 484, "h": 25}, {"x": 144, "y": 76, "w": 172, "h": 25}, {"x": 144, "y": 113, "w": 147, "h": 25}, {"x": 144, "y": 149, "w": 108, "h": 25}, {"x": 144, "y": 185, "w": 80, "h": 25}, {"x": 144, "y": 221, "w": 80, "h": 25}, {"x": 144, "y": 257, "w": 73, "h": 25}, {"x": 144, "y": 293, "w": 66, "h": 25}, {"x": 144, "y": 329, "w": 58, "h": 25}, {"x": 144, "y": 365, "w": 51, "h": 25}, {"x": 144, "y": 401, "w": 46, "h": 25}, {"x": 144, "y": 437, "w": 41, "h": 25}, {"x": 144, "y": 473, "w": 39, "h": 25}, {"x": 144, "y": 509, "w": 38, "h": 25}, {"x": 144, "y": 545, "w": 31, "h": 25}, {"x": 144, "y": 582, "w": 31, "h": 25}, {"x": 144, "y": 618, "w": 28, "h": 25}, {"x": 144, "y": 654, "w": 26, "h": 25}, {"x": 144, "y": 690, "w": 26, "h": 25}, {"x": 144, "y": 726, "w": 25, "h": 25}, {"x": 144, "y": 762, "w": 20, "h": 25}, {"x": 144, "y": 798, "w": 19, "h": 25}, {"x": 144, "y": 834, "w": 18, "h": 25}, {"x": 144, "y": 870, "w": 14, "h": 25}, {"x": 144, "y": 906, "w": 12, "h": 25}], "x": ["Nigeria", "Egypt", "Kenya", "South Africa", "Morocco", "Algeria", "Tanzania", "Ethiopia", "Uganda", "Congo, Dem. Rep.", "Ghana", "Sudan", "Mali", "Cote d'Ivoire", "Zambia", "Senegal", "Angola", "Zimbabwe", "Tunisia", "Cameroon", "Mozambique", "Rwanda", "Libya", "Burkina Faso", "Benin"], "y": ["154.3", "54.74", "46.87", "34.55", "25.59", "25.43", "23.14", "21.15", "18.5", "16.36", "14.77", "13.12", "12.48", "12.25", "9.87", "9.75", "8.98", "8.4", "8.17", "7.88", "6.52", "5.98", "5.86", "4.59", "3.8"], "colors": ["#2876dd", "#2876dd", "#2876dd", "#2876dd", "#2876dd", "#2876dd", "#2876dd", "#2876dd", "#2876dd", "#2876dd", "#2876dd", "#2876dd", "#2876dd", "#2876dd", "#2876dd", "#2876dd", "#2876dd", "#2876dd", "#2876dd", "#2876dd", "#2876dd", "#2876dd", "#2876dd", "#2876dd", "#2876dd"], "labels": ["Nigeria", "Egypt", "Kenya", "South Africa", "Morocco", "Algeria", "Tanzania", "Ethiopia", "Uganda", "Congo, Dem. Rep.", "Ghana", "Sudan", "Mali", "Cote d'Ivoire", "Zambia", "Senegal", "Angola", "Zimbabwe", "Tunisia", "Cameroon", "Mozambique", "Rwanda", "Libya", "Burkina Faso", "Benin"]}], "type": "h_bar"}