{"general_figure_info": {"figure_info": {"bbox": {"x": 96, "y": 45, "w": 629, "h": 392}}, "y_axis": {"label": {"bbox": [{"x": 40, "y": 207, "w": 11, "h": 68.2607421875}], "text": "Revenue share"}, "major_labels": {"bboxes": [{"x": 65, "y": 422.5, "w": 21.0, "h": 45.33333333333333}, {"x": 65, "y": 344.5, "w": 21.0, "h": 45.33333333333333}, {"x": 65, "y": 265.5, "w": 21.0, "h": 45.33333333333333}, {"x": 65, "y": 187.5, "w": 21.0, "h": 45.33333333333333}, {"x": 65, "y": 108.5, "w": 21.0, "h": 45.33333333333333}, {"x": 65, "y": 29.5, "w": 21.0, "h": 45.33333333333333}]}}, "x_axis": {"major_labels": {"bboxes": [{"x": 172, "y": 447, "h": 12, "w": 58.09375}, {"x": 374, "y": 447, "h": 12, "w": 73.06689453125}, {"x": 580, "y": 447, "h": 12, "w": 79.98681640625}], "values": ["Calvin Klein", "Tommy Hilfiger", "Heritage Brands"]}, "label": {}}}, "models": [{"name": {}, "bboxes": [{"x": 129, "y": 101, "w": 144, "h": 337}, {"x": 339, "y": 109, "w": 144, "h": 329}, {"x": 548, "y": 320, "w": 144, "h": 118}], "x": ["Calvin Klein", "Tommy Hilfiger", "Heritage Brands"], "y": ["43%", "42%", "15%"], "colors": ["#2876dd", "#2876dd", "#2876dd"], "labels": ["Calvin Klein", "Tommy Hilfiger", "Heritage Brands"]}], "type": "v_bar"}