{"general_figure_info": {"figure_info": {"bbox": {"x": 89, "y": 45, "w": 636, "h": 392}}, "y_axis": {"label": {"bbox": [{"x": 40, "y": 148, "w": 11, "h": 185.671875}], "text": "Number of deaths per thousand live births"}, "major_labels": {"bboxes": [{"x": 65, "y": 422.5, "w": 14.0, "h": 36.0}, {"x": 65, "y": 357.5, "w": 14.0, "h": 36.0}, {"x": 65, "y": 291.5, "w": 14.0, "h": 36.0}, {"x": 65, "y": 226.5, "w": 14.0, "h": 36.0}, {"x": 65, "y": 161.5, "w": 14.0, "h": 36.0}, {"x": 65, "y": 95.5, "w": 14.0, "h": 36.0}, {"x": 65, "y": 29.5, "w": 14.0, "h": 36.0}]}}, "x_axis": {"major_labels": {"bboxes": [{"x": 109, "y": 447, "h": 12, "w": 24.484375}, {"x": 173, "y": 447, "h": 12, "w": 23.65625}, {"x": 236, "y": 447, "h": 12, "w": 24.484375}, {"x": 299, "y": 447, "h": 12, "w": 24.484375}, {"x": 363, "y": 447, "h": 12, "w": 24.484375}, {"x": 427, "y": 447, "h": 12, "w": 24.484375}, {"x": 490, "y": 447, "h": 12, "w": 24.484375}, {"x": 554, "y": 447, "h": 12, "w": 24.484375}, {"x": 617, "y": 447, "h": 12, "w": 24.484375}, {"x": 681, "y": 447, "h": 12, "w": 24.484375}], "values": ["2010", "2011", "2012", "2013", "2014", "2015", "2016", "2017", "2018", "2019"]}, "label": {}}}, "models": [{"name": {}, "bboxes": [{"x": 99, "y": 136, "w": 44, "h": 302}, {"x": 163, "y": 140, "w": 44, "h": 298}, {"x": 226, "y": 143, "w": 44, "h": 295}, {"x": 290, "y": 146, "w": 44, "h": 292}, {"x": 353, "y": 149, "w": 44, "h": 289}, {"x": 417, "y": 153, "w": 44, "h": 285}, {"x": 481, "y": 157, "w": 44, "h": 281}, {"x": 544, "y": 162, "w": 44, "h": 276}, {"x": 608, "y": 168, "w": 44, "h": 270}, {"x": 671, "y": 177, "w": 44, "h": 261}], "x": ["2010", "2011", "2012", "2013", "2014", "2015", "2016", "2017", "2018", "2019"], "y": ["23.09", "22.83", "22.58", "22.34", "22.09", "21.84", "21.52", "21.13", "20.68", "19.94"], "colors": ["#2876dd", "#2876dd", "#2876dd", "#2876dd", "#2876dd", "#2876dd", "#2876dd", "#2876dd", "#2876dd", "#2876dd"], "labels": ["2010", "2011", "2012", "2013", "2014", "2015", "2016", "2017", "2018", "2019"]}], "type": "v_bar"}