{"general_figure_info": {"figure_info": {"bbox": {"x": 238, "y": 35, "w": 472, "h": 380}}, "y_axis": {"label": {"bbox": [{"x": 383, "y": 446, "w": 182.859375, "h": 11}], "text": "Capacity in million metric tons per annum"}, "major_labels": {"bboxes": [{"x": 217.5, "y": 421, "w": 22.909090909090907, "h": 26.0}, {"x": 264.5, "y": 421, "w": 22.909090909090907, "h": 26.0}, {"x": 311.5, "y": 421, "w": 22.909090909090907, "h": 26.0}, {"x": 359.5, "y": 421, "w": 22.909090909090907, "h": 26.0}, {"x": 406.5, "y": 421, "w": 22.909090909090907, "h": 26.0}, {"x": 453.5, "y": 421, "w": 22.909090909090907, "h": 26.0}, {"x": 500.5, "y": 421, "w": 22.909090909090907, "h": 26.0}, {"x": 547.5, "y": 421, "w": 22.909090909090907, "h": 26.0}, {"x": 595.5, "y": 421, "w": 22.909090909090907, "h": 26.0}, {"x": 642.5, "y": 421, "w": 22.909090909090907, "h": 26.0}, {"x": 690.5, "y": 421, "w": 22.909090909090907, "h": 26.0}]}}, "x_axis": {"major_labels": {"bboxes": [{"x": 46, "y": 67, "h": 12, "w": 178.53125}, {"x": 117, "y": 143, "h": 12, "w": 108.21875}, {"x": 142, "y": 219, "h": 12, "w": 82.53125}, {"x": 157, "y": 295, "h": 12, "w": 67.859375}, {"x": 158, "y": 371, "h": 12, "w": 67.25}], "values": ["Royal Dutch Shell (Netherlands, UK)", "Cheniere Energy (US)", "ExxonMobil (US)", "Total (France)", "Chevron (US)"]}, "label": {}}}, "models": [{"name": {}, "bboxes": [{"x": 237, "y": 47, "w": 387, "h": 52}, {"x": 237, "y": 123, "w": 212, "h": 52}, {"x": 237, "y": 199, "w": 208, "h": 52}, {"x": 237, "y": 275, "w": 189, "h": 52}, {"x": 237, "y": 351, "w": 149, "h": 52}], "x": ["Royal Dutch Shell (Netherlands, UK)", "Cheniere Energy (US)", "ExxonMobil (US)", "Total (France)", "Chevron (US)"], "y": ["41", "22.5", "22", "20", "15.8"], "colors": ["#2876dd", "#2876dd", "#2876dd", "#2876dd", "#2876dd"], "labels": ["Royal Dutch Shell (Netherlands, UK)", "Cheniere Energy (US)", "ExxonMobil (US)", "Total (France)", "Chevron (US)"]}], "type": "h_bar"}