{"general_figure_info": {"figure_info": {"bbox": {"x": 113, "y": 45, "w": 612, "h": 392}}, "y_axis": {"label": {"bbox": [{"x": 40, "y": 155, "w": 11, "h": 172.34375}], "text": "Sales value in thousand British pounds"}, "major_labels": {"bboxes": [{"x": 65, "y": 422.5, "w": 38.0, "h": 45.33333333333333}, {"x": 65, "y": 344.5, "w": 38.0, "h": 45.33333333333333}, {"x": 65, "y": 265.5, "w": 38.0, "h": 45.33333333333333}, {"x": 65, "y": 187.5, "w": 38.0, "h": 45.33333333333333}, {"x": 65, "y": 108.5, "w": 38.0, "h": 45.33333333333333}, {"x": 65, "y": 29.5, "w": 38.0, "h": 45.33333333333333}]}}, "x_axis": {"major_labels": {"bboxes": [{"x": 126, "y": 447, "h": 12, "w": 24.484375}, {"x": 177, "y": 447, "h": 12, "w": 24.484375}, {"x": 228, "y": 447, "h": 12, "w": 24.484375}, {"x": 278, "y": 447, "h": 12, "w": 28.654296875}, {"x": 328, "y": 447, "h": 12, "w": 29.470703125}, {"x": 381, "y": 447, "h": 12, "w": 24.484375}, {"x": 430, "y": 447, "h": 12, "w": 29.470703125}, {"x": 483, "y": 447, "h": 12, "w": 24.484375}, {"x": 534, "y": 447, "h": 12, "w": 24.484375}, {"x": 585, "y": 447, "h": 12, "w": 24.484375}, {"x": 636, "y": 447, "h": 12, "w": 24.484375}, {"x": 687, "y": 447, "h": 12, "w": 24.484375}], "values": ["2008", "2009", "2010", "2011*", "2012*", "2013", "2014*", "2015", "2016", "2017", "2018", "2019"]}, "label": {}}}, "models": [{"name": {}, "bboxes": [{"x": 121, "y": 352, "w": 35, "h": 86}, {"x": 172, "y": 388, "w": 35, "h": 50}, {"x": 223, "y": 384, "w": 35, "h": 54}, {"x": 376, "y": 375, "w": 35, "h": 63}, {"x": 478, "y": 266, "w": 35, "h": 172}, {"x": 529, "y": 236, "w": 35, "h": 202}, {"x": 580, "y": 176, "w": 35, "h": 262}, {"x": 631, "y": 125, "w": 35, "h": 313}, {"x": 682, "y": 201, "w": 35, "h": 237}], "x": ["2008", "2009", "2010", "2011*", "2012*", "2013", "2014*", "2015", "2016", "2017", "2018", "2019"], "y": ["2 188", "1 284", "1 379", "1 595", "4 390", "5 162", "6 686", "7 993", "6 057"], "colors": ["#2876dd", "#2876dd", "#2876dd", "#2876dd", "#2876dd", "#2876dd", "#2876dd", "#2876dd", "#2876dd"], "labels": ["2008", "2009", "2010", "2011*", "2012*", "2013", "2014*", "2015", "2016", "2017", "2018", "2019"]}], "type": "v_bar"}