{"general_figure_info": {"figure_info": {"bbox": {"x": 82, "y": 45, "w": 643, "h": 392}}, "y_axis": {"label": {"bbox": [{"x": 40, "y": 182, "w": 11, "h": 118.21875}], "text": "Value in billion U.S. dollars"}, "major_labels": {"bboxes": [{"x": 65, "y": 422.5, "w": 7.0, "h": 45.33333333333333}, {"x": 65, "y": 344.5, "w": 7.0, "h": 45.33333333333333}, {"x": 65, "y": 265.5, "w": 7.0, "h": 45.33333333333333}, {"x": 65, "y": 187.5, "w": 7.0, "h": 45.33333333333333}, {"x": 65, "y": 108.5, "w": 7.0, "h": 45.33333333333333}, {"x": 65, "y": 29.5, "w": 7.0, "h": 45.33333333333333}]}}, "x_axis": {"major_labels": {"bboxes": [{"x": 91, "y": 447, "h": 12, "w": 24.484375}, {"x": 134, "y": 447, "h": 12, "w": 24.484375}, {"x": 177, "y": 447, "h": 12, "w": 24.484375}, {"x": 220, "y": 447, "h": 12, "w": 24.484375}, {"x": 263, "y": 447, "h": 12, "w": 24.484375}, {"x": 306, "y": 447, "h": 12, "w": 24.484375}, {"x": 348, "y": 447, "h": 12, "w": 24.484375}, {"x": 391, "y": 447, "h": 12, "w": 24.484375}, {"x": 434, "y": 447, "h": 12, "w": 24.484375}, {"x": 477, "y": 447, "h": 12, "w": 23.65625}, {"x": 520, "y": 447, "h": 12, "w": 24.484375}, {"x": 563, "y": 447, "h": 12, "w": 24.484375}, {"x": 606, "y": 447, "h": 12, "w": 24.484375}, {"x": 648, "y": 447, "h": 12, "w": 24.484375}, {"x": 691, "y": 447, "h": 12, "w": 24.484375}], "values": ["2002", "2003", "2004", "2005", "2006", "2007", "2008", "2009", "2010", "2011", "2012", "2013", "2014", "2015", "2016"]}, "label": {}}}, "models": [{"name": {}, "bboxes": [{"x": 89, "y": 242, "w": 30, "h": 196}, {"x": 132, "y": 218, "w": 30, "h": 220}, {"x": 175, "y": 258, "w": 30, "h": 180}, {"x": 217, "y": 250, "w": 30, "h": 188}, {"x": 260, "y": 250, "w": 30, "h": 188}, {"x": 303, "y": 203, "w": 30, "h": 235}, {"x": 346, "y": 203, "w": 30, "h": 235}, {"x": 389, "y": 218, "w": 30, "h": 220}, {"x": 432, "y": 203, "w": 30, "h": 235}, {"x": 475, "y": 179, "w": 30, "h": 259}, {"x": 517, "y": 140, "w": 30, "h": 298}, {"x": 560, "y": 140, "w": 30, "h": 298}, {"x": 603, "y": 124, "w": 30, "h": 314}, {"x": 646, "y": 101, "w": 30, "h": 337}, {"x": 689, "y": 109, "w": 30, "h": 329}], "x": ["2002", "2003", "2004", "2005", "2006", "2007", "2008", "2009", "2010", "2011", "2012", "2013", "2014", "2015", "2016"], "y": ["2.5", "2.8", "2.3", "2.4", "2.4", "3", "3", "2.8", "3", "3.3", "3.8", "3.8", "4", "4.3", "4.2"], "colors": ["#2876dd", "#2876dd", "#2876dd", "#2876dd", "#2876dd", "#2876dd", "#2876dd", "#2876dd", "#2876dd", "#2876dd", "#2876dd", "#2876dd", "#2876dd", "#2876dd", "#2876dd"], "labels": ["2002", "2003", "2004", "2005", "2006", "2007", "2008", "2009", "2010", "2011", "2012", "2013", "2014", "2015", "2016"]}], "type": "v_bar"}