{"general_figure_info": {"figure_info": {"bbox": {"x": 96, "y": 45, "w": 629, "h": 392}}, "y_axis": {"label": {"bbox": [{"x": 40, "y": 194, "w": 11, "h": 94.5}], "text": "Share in total exports"}, "major_labels": {"bboxes": [{"x": 65, "y": 422.5, "w": 21.0, "h": 36.0}, {"x": 65, "y": 357.5, "w": 21.0, "h": 36.0}, {"x": 65, "y": 291.5, "w": 21.0, "h": 36.0}, {"x": 65, "y": 226.5, "w": 21.0, "h": 36.0}, {"x": 65, "y": 161.5, "w": 21.0, "h": 36.0}, {"x": 65, "y": 95.5, "w": 21.0, "h": 36.0}, {"x": 65, "y": 29.5, "w": 21.0, "h": 36.0}]}}, "x_axis": {"major_labels": {"bboxes": [{"x": 115, "y": 447, "h": 12, "w": 24.484375}, {"x": 178, "y": 447, "h": 12, "w": 24.484375}, {"x": 241, "y": 447, "h": 12, "w": 23.65625}, {"x": 304, "y": 447, "h": 12, "w": 24.484375}, {"x": 367, "y": 447, "h": 12, "w": 24.484375}, {"x": 430, "y": 447, "h": 12, "w": 24.484375}, {"x": 493, "y": 447, "h": 12, "w": 24.484375}, {"x": 556, "y": 447, "h": 12, "w": 24.484375}, {"x": 618, "y": 447, "h": 12, "w": 24.484375}, {"x": 681, "y": 447, "h": 12, "w": 24.484375}], "values": ["2009", "2010", "2011", "2012", "2013", "2014", "2015", "2016", "2017", "2018"]}, "label": {}}}, "models": [{"name": {}, "bboxes": [{"x": 106, "y": 136, "w": 44, "h": 302}, {"x": 169, "y": 134, "w": 44, "h": 304}, {"x": 232, "y": 135, "w": 44, "h": 303}, {"x": 295, "y": 183, "w": 44, "h": 255}, {"x": 358, "y": 167, "w": 44, "h": 271}, {"x": 420, "y": 154, "w": 44, "h": 284}, {"x": 483, "y": 147, "w": 44, "h": 291}, {"x": 546, "y": 124, "w": 44, "h": 314}, {"x": 609, "y": 130, "w": 44, "h": 308}, {"x": 672, "y": 111, "w": 44, "h": 327}], "x": ["2009", "2010", "2011", "2012", "2013", "2014", "2015", "2016", "2017", "2018"], "y": ["46.2%", "46.5%", "46.4%", "39%", "41.5%", "43.5%", "44.5%", "48%", "47.1%", "50%"], "colors": ["#2876dd", "#2876dd", "#2876dd", "#2876dd", "#2876dd", "#2876dd", "#2876dd", "#2876dd", "#2876dd", "#2876dd"], "labels": ["2009", "2010", "2011", "2012", "2013", "2014", "2015", "2016", "2017", "2018"]}], "type": "v_bar"}