{"general_figure_info": {"figure_info": {"bbox": {"x": 82, "y": 45, "w": 643, "h": 392}}, "y_axis": {"label": {"bbox": [{"x": 40, "y": 164, "w": 11, "h": 153.96875}], "text": "Dividends per share in U.S. dollars"}, "major_labels": {"bboxes": [{"x": 65, "y": 422.5, "w": 7.0, "h": 23.555555555555557}, {"x": 65, "y": 373.5, "w": 7.0, "h": 23.555555555555557}, {"x": 65, "y": 324.5, "w": 7.0, "h": 23.555555555555557}, {"x": 65, "y": 275.5, "w": 7.0, "h": 23.555555555555557}, {"x": 65, "y": 226.5, "w": 7.0, "h": 23.555555555555557}, {"x": 65, "y": 177.5, "w": 7.0, "h": 23.555555555555557}, {"x": 65, "y": 128.5, "w": 7.0, "h": 23.555555555555557}, {"x": 65, "y": 79.5, "w": 7.0, "h": 23.555555555555557}, {"x": 65, "y": 29.5, "w": 7.0, "h": 23.555555555555557}]}}, "x_axis": {"major_labels": {"bboxes": [{"x": 148, "y": 447, "h": 12, "w": 29.470703125}, {"x": 311, "y": 447, "h": 12, "w": 24.484375}, {"x": 472, "y": 447, "h": 12, "w": 24.484375}, {"x": 632, "y": 447, "h": 12, "w": 24.484375}], "values": ["2017*", "2018", "2019", "2020"]}, "label": {}}}, "models": [{"name": {}, "bboxes": [{"x": 107, "y": 112, "w": 110, "h": 326}, {"x": 268, "y": 215, "w": 110, "h": 223}, {"x": 429, "y": 332, "w": 110, "h": 106}, {"x": 590, "y": 379, "w": 110, "h": 59}], "x": ["2017*", "2018", "2019", "2020"], "y": ["6.66", "4.56", "2.16", "1.2"], "colors": ["#2876dd", "#2876dd", "#2876dd", "#2876dd"], "labels": ["2017*", "2018", "2019", "2020"]}], "type": "v_bar"}