{"general_figure_info": {"figure_info": {"bbox": {"x": 106, "y": 45, "w": 619, "h": 392}}, "y_axis": {"label": {"bbox": [{"x": 40, "y": 154, "w": 11, "h": 173.828125}], "text": "Net revenue in billion Vietnamese dong"}, "major_labels": {"bboxes": [{"x": 65, "y": 422.5, "w": 31.0, "h": 23.555555555555557}, {"x": 65, "y": 373.5, "w": 31.0, "h": 23.555555555555557}, {"x": 65, "y": 324.5, "w": 31.0, "h": 23.555555555555557}, {"x": 65, "y": 275.5, "w": 31.0, "h": 23.555555555555557}, {"x": 65, "y": 226.5, "w": 31.0, "h": 23.555555555555557}, {"x": 65, "y": 177.5, "w": 31.0, "h": 23.555555555555557}, {"x": 65, "y": 128.5, "w": 31.0, "h": 23.555555555555557}, {"x": 65, "y": 79.5, "w": 31.0, "h": 23.555555555555557}, {"x": 65, "y": 29.5, "w": 31.0, "h": 23.555555555555557}]}}, "x_axis": {"major_labels": {"bboxes": [{"x": 138, "y": 447, "h": 12, "w": 24.484375}, {"x": 226, "y": 447, "h": 12, "w": 24.484375}, {"x": 315, "y": 447, "h": 12, "w": 24.484375}, {"x": 403, "y": 447, "h": 12, "w": 24.484375}, {"x": 492, "y": 447, "h": 12, "w": 24.484375}, {"x": 580, "y": 447, "h": 12, "w": 24.484375}, {"x": 669, "y": 447, "h": 12, "w": 24.484375}], "values": ["2013", "2014", "2015", "2016", "2017", "2018", "2019"]}, "label": {}}}, "models": [{"name": {}, "bboxes": [{"x": 120, "y": 106, "w": 61, "h": 332}, {"x": 208, "y": 370, "w": 61, "h": 68}, {"x": 297, "y": 357, "w": 61, "h": 81}, {"x": 385, "y": 317, "w": 61, "h": 121}, {"x": 474, "y": 254, "w": 61, "h": 184}, {"x": 562, "y": 315, "w": 61, "h": 123}, {"x": 651, "y": 310, "w": 61, "h": 128}], "x": ["2013", "2014", "2015", "2016", "2017", "2018", "2019"], "y": ["1 692.18", "348.7", "411.95", "615.14", "940.66", "627.23", "651.21"], "colors": ["#2876dd", "#2876dd", "#2876dd", "#2876dd", "#2876dd", "#2876dd", "#2876dd"], "labels": ["2013", "2014", "2015", "2016", "2017", "2018", "2019"]}], "type": "v_bar"}