{"general_figure_info": {"figure_info": {"bbox": {"x": 106, "y": 45, "w": 619, "h": 392}}, "y_axis": {"label": {"bbox": [{"x": 40, "y": 161, "w": 11, "h": 160.078125}], "text": "Sales revenue in million U.S. dollars"}, "major_labels": {"bboxes": [{"x": 65, "y": 422.5, "w": 31.0, "h": 23.555555555555557}, {"x": 65, "y": 373.5, "w": 31.0, "h": 23.555555555555557}, {"x": 65, "y": 324.5, "w": 31.0, "h": 23.555555555555557}, {"x": 65, "y": 275.5, "w": 31.0, "h": 23.555555555555557}, {"x": 65, "y": 226.5, "w": 31.0, "h": 23.555555555555557}, {"x": 65, "y": 177.5, "w": 31.0, "h": 23.555555555555557}, {"x": 65, "y": 128.5, "w": 31.0, "h": 23.555555555555557}, {"x": 65, "y": 79.5, "w": 31.0, "h": 23.555555555555557}, {"x": 65, "y": 29.5, "w": 31.0, "h": 23.555555555555557}]}}, "x_axis": {"major_labels": {"bboxes": [{"x": 123, "y": 447, "h": 12, "w": 120.51171875}, {"x": 311, "y": 447, "h": 12, "w": 54.91455078125}, {"x": 450, "y": 447, "h": 12, "w": 85.4921875}, {"x": 629, "y": 447, "h": 12, "w": 37.40380859375}], "values": ["Disney Infinity Star Wars", "Skylanders", "Lego Dimensions", "amiibo*"]}, "label": {}}}, "models": [{"name": {}, "bboxes": [{"x": 130, "y": 399, "w": 106, "h": 39}, {"x": 285, "y": 409, "w": 106, "h": 29}, {"x": 440, "y": 409, "w": 106, "h": 29}, {"x": 595, "y": 105, "w": 106, "h": 333}], "x": ["Disney Infinity Star Wars", "Skylanders", "Lego Dimensions", "amiibo*"], "y": ["200", "150", "150", "1 700"], "colors": ["#2876dd", "#2876dd", "#2876dd", "#2876dd"], "labels": ["Disney Infinity Star Wars", "Skylanders", "Lego Dimensions", "amiibo*"]}], "type": "v_bar"}