{"general_figure_info": {"figure_info": {"bbox": {"x": 126, "y": 35, "w": 584, "h": 380}}, "y_axis": {"label": {"bbox": [{"x": 343, "y": 446, "w": 150.541015625, "h": 11}], "text": "Percentage change in sales value"}, "major_labels": {"bboxes": [{"x": 105.5, "y": 421, "w": 53.0, "h": 26.0}, {"x": 188.5, "y": 421, "w": 53.0, "h": 26.0}, {"x": 272.5, "y": 421, "w": 53.0, "h": 26.0}, {"x": 355.5, "y": 421, "w": 53.0, "h": 26.0}, {"x": 439.5, "y": 421, "w": 53.0, "h": 26.0}, {"x": 522.5, "y": 421, "w": 53.0, "h": 26.0}, {"x": 606.5, "y": 421, "w": 53.0, "h": 26.0}, {"x": 690.5, "y": 421, "w": 53.0, "h": 26.0}]}}, "x_axis": {"major_labels": {"bboxes": [{"x": 60, "y": 67, "h": 12, "w": 52.578125}, {"x": 79, "y": 143, "h": 12, "w": 34.25}, {"x": 57, "y": 219, "h": 12, "w": 56.25}, {"x": 76, "y": 295, "h": 12, "w": 36.703125}, {"x": 39, "y": 371, "h": 12, "w": 74.4921875}], "values": ["Nivea Men", "Gillette", "Men Expert", "Bulldog", "King of Shaves"]}, "label": {}}}, "models": [{"name": {}, "bboxes": [{"x": 209, "y": 47, "w": 14, "h": 52}, {"x": 145, "y": 123, "w": 64, "h": 52}, {"x": 209, "y": 199, "w": 80, "h": 52}, {"x": 209, "y": 275, "w": 419, "h": 52}, {"x": 138, "y": 351, "w": 71, "h": 52}], "x": ["Nivea Men", "Gillette", "Men Expert", "Bulldog", "King of Shaves"], "y": ["1.8%", "-7.6%", "9.6%", "50.3%", "-8.5%"], "colors": ["#2876dd", "#2876dd", "#2876dd", "#2876dd", "#2876dd"], "labels": ["Nivea Men", "Gillette", "Men Expert", "Bulldog", "King of Shaves"]}], "type": "h_bar"}