{"general_figure_info": {"figure_info": {"bbox": {"x": 89, "y": 45, "w": 636, "h": 392}}, "y_axis": {"label": {"bbox": [{"x": 40, "y": 181, "w": 11, "h": 119.6201171875}], "text": "Expenditure in billion DKK*"}, "major_labels": {"bboxes": [{"x": 65, "y": 422.5, "w": 14.0, "h": 23.555555555555557}, {"x": 65, "y": 373.5, "w": 14.0, "h": 23.555555555555557}, {"x": 65, "y": 324.5, "w": 14.0, "h": 23.555555555555557}, {"x": 65, "y": 275.5, "w": 14.0, "h": 23.555555555555557}, {"x": 65, "y": 226.5, "w": 14.0, "h": 23.555555555555557}, {"x": 65, "y": 177.5, "w": 14.0, "h": 23.555555555555557}, {"x": 65, "y": 128.5, "w": 14.0, "h": 23.555555555555557}, {"x": 65, "y": 79.5, "w": 14.0, "h": 23.555555555555557}, {"x": 65, "y": 29.5, "w": 14.0, "h": 23.555555555555557}]}}, "x_axis": {"major_labels": {"bboxes": [{"x": 117, "y": 447, "h": 12, "w": 24.484375}, {"x": 196, "y": 447, "h": 12, "w": 24.484375}, {"x": 276, "y": 447, "h": 12, "w": 24.484375}, {"x": 355, "y": 447, "h": 12, "w": 24.484375}, {"x": 435, "y": 447, "h": 12, "w": 24.484375}, {"x": 514, "y": 447, "h": 12, "w": 24.484375}, {"x": 589, "y": 447, "h": 12, "w": 33.75146484375}, {"x": 667, "y": 447, "h": 12, "w": 38.0322265625}], "values": ["2012", "2013", "2014", "2015", "2016", "2017", "2018**", "2028***"]}, "label": {}}}, "models": [{"name": {}, "bboxes": [{"x": 102, "y": 155, "w": 55, "h": 283}, {"x": 181, "y": 157, "w": 55, "h": 281}, {"x": 261, "y": 147, "w": 55, "h": 291}, {"x": 340, "y": 143, "w": 55, "h": 295}, {"x": 420, "y": 138, "w": 55, "h": 300}, {"x": 499, "y": 135, "w": 55, "h": 303}, {"x": 579, "y": 145, "w": 55, "h": 293}, {"x": 658, "y": 95, "w": 55, "h": 343}], "x": ["2012", "2013", "2014", "2015", "2016", "2017", "2018**", "2028***"], "y": ["57.7", "57.4", "59.3", "60.2", "61.3", "61.9", "59.8", "70"], "colors": ["#2876dd", "#2876dd", "#2876dd", "#2876dd", "#2876dd", "#2876dd", "#2876dd", "#2876dd"], "labels": ["2012", "2013", "2014", "2015", "2016", "2017", "2018**", "2028***"]}], "type": "v_bar"}