{"general_figure_info": {"figure_info": {"bbox": {"x": 89, "y": 45, "w": 636, "h": 392}}, "y_axis": {"label": {"bbox": [{"x": 40, "y": 197, "w": 11, "h": 87.5283203125}], "text": "Average reuse ratio"}, "major_labels": {"bboxes": [{"x": 65, "y": 422.5, "w": 14.0, "h": 19.200000000000003}, {"x": 65, "y": 378.5, "w": 14.0, "h": 19.200000000000003}, {"x": 65, "y": 335.5, "w": 14.0, "h": 19.200000000000003}, {"x": 65, "y": 291.5, "w": 14.0, "h": 19.200000000000003}, {"x": 65, "y": 248.5, "w": 14.0, "h": 19.200000000000003}, {"x": 65, "y": 204.5, "w": 14.0, "h": 19.200000000000003}, {"x": 65, "y": 161.5, "w": 14.0, "h": 19.200000000000003}, {"x": 65, "y": 117.5, "w": 14.0, "h": 19.200000000000003}, {"x": 65, "y": 74.5, "w": 14.0, "h": 19.200000000000003}, {"x": 65, "y": 29.5, "w": 14.0, "h": 19.200000000000003}]}}, "x_axis": {"major_labels": {"bboxes": [{"x": 117, "y": 447, "h": 12, "w": 24.484375}, {"x": 196, "y": 447, "h": 12, "w": 23.65625}, {"x": 276, "y": 447, "h": 12, "w": 24.484375}, {"x": 355, "y": 447, "h": 12, "w": 24.484375}, {"x": 435, "y": 447, "h": 12, "w": 24.484375}, {"x": 514, "y": 447, "h": 12, "w": 24.484375}, {"x": 594, "y": 447, "h": 12, "w": 24.484375}, {"x": 673, "y": 447, "h": 12, "w": 24.484375}], "values": ["2010", "2011", "2012", "2013", "2014", "2015", "2016", "2017"]}, "label": {}}}, "models": [{"name": "line", "bboxes": [{"x": 129, "y": 137, "w": 80, "h": 5}, {"x": 209, "y": 142, "w": 79, "h": 231}, {"x": 288, "y": 373, "w": 80, "h": 65}, {"x": 368, "y": 338, "w": 79, "h": 100}, {"x": 447, "y": 281, "w": 80, "h": 57}, {"x": 527, "y": 216, "w": 79, "h": 65}, {"x": 606, "y": 98, "w": 80, "h": 118}], "x": ["2010", "2011", "2012", "2013", "2014", "2015", "2016", "2017"], "y": ["52.9", "52.8", "47.5", "46", "48.3", "49.6", "51.1", "53.8"], "label": " ", "color": "#2876dd"}], "type": "line"}