{"general_figure_info": {"figure_info": {"bbox": {"x": 260, "y": 35, "w": 450, "h": 382}}, "y_axis": {"label": {"bbox": [{"x": 410, "y": 446, "w": 150.640625, "h": 11}], "text": "Revenue in million Russian rubles"}, "major_labels": {"bboxes": [{"x": 239.5, "y": 421, "w": 44.28571428571429, "h": 24.0}, {"x": 314.5, "y": 421, "w": 44.28571428571429, "h": 24.0}, {"x": 389.5, "y": 421, "w": 44.28571428571429, "h": 24.0}, {"x": 464.5, "y": 421, "w": 44.28571428571429, "h": 24.0}, {"x": 539.5, "y": 421, "w": 44.28571428571429, "h": 24.0}, {"x": 614.5, "y": 421, "w": 44.28571428571429, "h": 24.0}, {"x": 690.5, "y": 421, "w": 44.28571428571429, "h": 24.0}]}}, "x_axis": {"major_labels": {"bboxes": [{"x": 163, "y": 48, "h": 12, "w": 84.25146484375}, {"x": 190, "y": 86, "h": 12, "w": 57.75146484375}, {"x": 180, "y": 125, "h": 12, "w": 66.65625}, {"x": 178, "y": 163, "h": 12, "w": 69.96533203125}, {"x": 51, "y": 201, "h": 12, "w": 196.5}, {"x": 87, "y": 239, "h": 12, "w": 160.171875}, {"x": 124, "y": 277, "h": 12, "w": 123.3798828125}, {"x": 171, "y": 316, "h": 12, "w": 76.94140625}, {"x": 83, "y": 354, "h": 12, "w": 164.46875}, {"x": 101, "y": 392, "h": 12, "w": 145.5}], "values": ["Rakhim Abramov", "Dina Saeva", "Alexey Savko", "Julia Gavrilina", "Valya Karnaval (Valentina Karnaukhova)", "Danya Milokhin (Danila Milokhin)", "Artem and Kirill Verzakov", "Anna Kalashnik", "Anya Pokrov (Anna Pokrovskaya)", "Diana Aster (Diana Dmitrieva)"]}, "label": {}}}, "models": [{"name": {}, "bboxes": [{"x": 259, "y": 40, "w": 393, "h": 27}, {"x": 259, "y": 78, "w": 185, "h": 27}, {"x": 259, "y": 117, "w": 180, "h": 27}, {"x": 259, "y": 155, "w": 124, "h": 27}, {"x": 259, "y": 193, "w": 120, "h": 27}, {"x": 259, "y": 231, "w": 108, "h": 27}, {"x": 259, "y": 269, "w": 96, "h": 27}, {"x": 259, "y": 308, "w": 75, "h": 27}, {"x": 259, "y": 346, "w": 72, "h": 27}, {"x": 259, "y": 384, "w": 54, "h": 27}], "x": ["Rakhim Abramov", "Dina Saeva", "Alexey Savko", "Julia Gavrilina", "Valya Karnaval (Valentina Karnaukhova)", "Danya Milokhin (Danila Milokhin)", "Artem and Kirill Verzakov", "Anna Kalashnik", "Anya Pokrov (Anna Pokrovskaya)", "Diana Aster (Diana Dmitrieva)"], "y": ["10.47", "4.93", "4.81", "3.32", "3.21", "2.87", "2.56", "2", "1.92", "1.44"], "colors": ["#2876dd", "#2876dd", "#2876dd", "#2876dd", "#2876dd", "#2876dd", "#2876dd", "#2876dd", "#2876dd", "#2876dd"], "labels": ["Rakhim Abramov", "Dina Saeva", "Alexey Savko", "Julia Gavrilina", "Valya Karnaval (Valentina Karnaukhova)", "Danya Milokhin (Danila Milokhin)", "Artem and Kirill Verzakov", "Anna Kalashnik", "Anya Pokrov (Anna Pokrovskaya)", "Diana Aster (Diana Dmitrieva)"]}], "type": "h_bar"}