{"general_figure_info": {"figure_info": {"bbox": {"x": 96, "y": 45, "w": 629, "h": 377}}, "y_axis": {"label": {"bbox": [{"x": 40, "y": 167, "w": 11, "h": 133.40625}], "text": "Revenue in billion U.S. dollars"}, "major_labels": {"bboxes": [{"x": 65, "y": 407.5, "w": 21.0, "h": 21.888888888888886}, {"x": 65, "y": 360.5, "w": 21.0, "h": 21.888888888888886}, {"x": 65, "y": 313.5, "w": 21.0, "h": 21.888888888888886}, {"x": 65, "y": 266.5, "w": 21.0, "h": 21.888888888888886}, {"x": 65, "y": 219.5, "w": 21.0, "h": 21.888888888888886}, {"x": 65, "y": 171.5, "w": 21.0, "h": 21.888888888888886}, {"x": 65, "y": 124.5, "w": 21.0, "h": 21.888888888888886}, {"x": 65, "y": 77.5, "w": 21.0, "h": 21.888888888888886}, {"x": 65, "y": 29.5, "w": 21.0, "h": 21.888888888888886}]}}, "x_axis": {"major_labels": {"bboxes": [{"x": 126, "y": 432, "h": 24, "w": 64.8125}, {"x": 244, "y": 432, "h": 12, "w": 82.4306640625}, {"x": 357, "y": 432, "h": 12, "w": 107.48681640625}, {"x": 498, "y": 432, "h": 24, "w": 77.046875}, {"x": 617, "y": 432, "h": 24, "w": 89.90625}], "values": ["Infrastructure", "Mobile operators", "Device manufacturers", "Distributors and", "Content, apps and"]}, "label": {}}}, "models": [{"name": {}, "bboxes": [{"x": 116, "y": 381, "w": 87, "h": 42}, {"x": 242, "y": 121, "w": 87, "h": 302}, {"x": 367, "y": 357, "w": 87, "h": 66}, {"x": 493, "y": 390, "w": 87, "h": 33}, {"x": 619, "y": 348, "w": 87, "h": 75}], "x": ["Infrastructure", "Mobile operators", "Device manufacturers", "Distributors and", "Content, apps and"], "y": ["90", "640", "140", "70", "160"], "colors": ["#2876dd", "#2876dd", "#2876dd", "#2876dd", "#2876dd"], "labels": ["Infrastructure", "Mobile operators", "Device manufacturers", "Distributors and", "Content, apps and"]}], "type": "v_bar"}