{"general_figure_info": {"figure_info": {"bbox": {"x": 106, "y": 45, "w": 619, "h": 392}}, "y_axis": {"label": {"bbox": [{"x": 40, "y": 168, "w": 11, "h": 145.078125}], "text": "Net revenue in million US dollars"}, "major_labels": {"bboxes": [{"x": 65, "y": 422.5, "w": 31.0, "h": 23.555555555555557}, {"x": 65, "y": 373.5, "w": 31.0, "h": 23.555555555555557}, {"x": 65, "y": 324.5, "w": 31.0, "h": 23.555555555555557}, {"x": 65, "y": 275.5, "w": 31.0, "h": 23.555555555555557}, {"x": 65, "y": 226.5, "w": 31.0, "h": 23.555555555555557}, {"x": 65, "y": 177.5, "w": 31.0, "h": 23.555555555555557}, {"x": 65, "y": 128.5, "w": 31.0, "h": 23.555555555555557}, {"x": 65, "y": 79.5, "w": 31.0, "h": 23.555555555555557}, {"x": 65, "y": 29.5, "w": 31.0, "h": 23.555555555555557}]}}, "x_axis": {"major_labels": {"bboxes": [{"x": 132, "y": 447, "h": 12, "w": 24.484375}, {"x": 210, "y": 447, "h": 12, "w": 24.484375}, {"x": 287, "y": 447, "h": 12, "w": 24.484375}, {"x": 362, "y": 447, "h": 12, "w": 29.470703125}, {"x": 442, "y": 447, "h": 12, "w": 24.484375}, {"x": 517, "y": 447, "h": 12, "w": 29.470703125}, {"x": 595, "y": 447, "h": 12, "w": 29.470703125}, {"x": 674, "y": 447, "h": 12, "w": 24.484375}], "values": ["2013", "2014", "2015", "2016*", "2017", "2018*", "2019*", "2020"]}, "label": {}}}, "models": [{"name": {}, "bboxes": [{"x": 118, "y": 185, "w": 53, "h": 253}, {"x": 196, "y": 151, "w": 53, "h": 287}, {"x": 273, "y": 163, "w": 53, "h": 275}, {"x": 350, "y": 177, "w": 53, "h": 261}, {"x": 428, "y": 170, "w": 53, "h": 268}, {"x": 505, "y": 167, "w": 53, "h": 271}, {"x": 582, "y": 179, "w": 53, "h": 259}, {"x": 660, "y": 109, "w": 53, "h": 329}], "x": ["2013", "2014", "2015", "2016*", "2017", "2018*", "2019*", "2020"], "y": ["1 290", "1 464", "1 403", "1 331", "1 368", "1 385", "1 323", "1 678"], "colors": ["#2876dd", "#2876dd", "#2876dd", "#2876dd", "#2876dd", "#2876dd", "#2876dd", "#2876dd"], "labels": ["2013", "2014", "2015", "2016*", "2017", "2018*", "2019*", "2020"]}], "type": "v_bar"}