{"general_figure_info": {"figure_info": {"bbox": {"x": 160, "y": 35, "w": 550, "h": 380}}, "y_axis": {"label": {"bbox": [{"x": 394, "y": 446, "w": 82.265625, "h": 11}], "text": "Share of members"}, "major_labels": {"bboxes": [{"x": 139.5, "y": 421, "w": 48.75, "h": 26.0}, {"x": 218.5, "y": 421, "w": 48.75, "h": 26.0}, {"x": 296.5, "y": 421, "w": 48.75, "h": 26.0}, {"x": 375.5, "y": 421, "w": 48.75, "h": 26.0}, {"x": 453.5, "y": 421, "w": 48.75, "h": 26.0}, {"x": 532.5, "y": 421, "w": 48.75, "h": 26.0}, {"x": 610.5, "y": 421, "w": 48.75, "h": 26.0}, {"x": 690.5, "y": 421, "w": 48.75, "h": 26.0}]}}, "x_axis": {"major_labels": {"bboxes": [{"x": 85, "y": 56, "h": 12, "w": 62.072265625}, {"x": 42, "y": 110, "h": 12, "w": 105.064453125}, {"x": 86, "y": 165, "h": 12, "w": 61.021484375}, {"x": 91, "y": 219, "h": 12, "w": 56.12841796875}, {"x": 77, "y": 273, "h": 12, "w": 70.04833984375}, {"x": 63, "y": 328, "h": 12, "w": 84.0419921875}, {"x": 92, "y": 382, "h": 12, "w": 55.5322265625}], "values": ["Keir Starmer", "Rebecca Long-Bailey", "Jess Phillips", "Clive Lewis", "Yvette Cooper", "Emily Thornberry", "Lisa Nandy"]}, "label": {}}}, "models": [{"name": {}, "bboxes": [{"x": 159, "y": 43, "w": 487, "h": 38}, {"x": 159, "y": 97, "w": 314, "h": 38}, {"x": 159, "y": 151, "w": 173, "h": 38}, {"x": 159, "y": 206, "w": 110, "h": 38}, {"x": 159, "y": 260, "w": 110, "h": 38}, {"x": 159, "y": 314, "w": 94, "h": 38}, {"x": 159, "y": 368, "w": 79, "h": 38}], "x": ["Keir Starmer", "Rebecca Long-Bailey", "Jess Phillips", "Clive Lewis", "Yvette Cooper", "Emily Thornberry", "Lisa Nandy"], "y": ["31%", "20%", "11%", "7%", "7%", "6%", "5%"], "colors": ["#2876dd", "#2876dd", "#2876dd", "#2876dd", "#2876dd", "#2876dd", "#2876dd"], "labels": ["Keir Starmer", "Rebecca Long-Bailey", "Jess Phillips", "Clive Lewis", "Yvette Cooper", "Emily Thornberry", "Lisa Nandy"]}], "type": "h_bar"}