{"general_figure_info": {"figure_info": {"bbox": {"x": 102, "y": 45, "w": 623, "h": 392}}, "y_axis": {"label": {"bbox": [{"x": 40, "y": 168, "w": 11, "h": 146.71875}], "text": "Net income in million U.S. dollars"}, "major_labels": {"bboxes": [{"x": 65, "y": 422.5, "w": 27.0, "h": 45.33333333333333}, {"x": 65, "y": 344.5, "w": 27.0, "h": 45.33333333333333}, {"x": 65, "y": 265.5, "w": 27.0, "h": 45.33333333333333}, {"x": 65, "y": 187.5, "w": 27.0, "h": 45.33333333333333}, {"x": 65, "y": 108.5, "w": 27.0, "h": 45.33333333333333}, {"x": 65, "y": 29.5, "w": 27.0, "h": 45.33333333333333}]}}, "x_axis": {"major_labels": {"bboxes": [{"x": 116, "y": 447, "h": 12, "w": 24.484375}, {"x": 168, "y": 447, "h": 12, "w": 24.484375}, {"x": 220, "y": 447, "h": 12, "w": 23.65625}, {"x": 271, "y": 447, "h": 12, "w": 24.484375}, {"x": 323, "y": 447, "h": 12, "w": 24.484375}, {"x": 375, "y": 447, "h": 12, "w": 24.484375}, {"x": 427, "y": 447, "h": 12, "w": 24.484375}, {"x": 479, "y": 447, "h": 12, "w": 24.484375}, {"x": 531, "y": 447, "h": 12, "w": 24.484375}, {"x": 583, "y": 447, "h": 12, "w": 24.484375}, {"x": 635, "y": 447, "h": 12, "w": 24.484375}, {"x": 687, "y": 447, "h": 12, "w": 24.484375}], "values": ["2009", "2010", "2011", "2012", "2013", "2014", "2015", "2016", "2017", "2018", "2019", "2020"]}, "label": {}}}, "models": [{"name": {}, "bboxes": [{"x": 110, "y": 169, "w": 36, "h": 34}, {"x": 162, "y": 139, "w": 36, "h": 64}, {"x": 214, "y": 128, "w": 36, "h": 75}, {"x": 266, "y": 126, "w": 36, "h": 77}, {"x": 318, "y": 113, "w": 36, "h": 90}, {"x": 370, "y": 123, "w": 36, "h": 80}, {"x": 422, "y": 111, "w": 36, "h": 92}, {"x": 474, "y": 93, "w": 36, "h": 110}, {"x": 526, "y": 79, "w": 36, "h": 124}, {"x": 577, "y": 125, "w": 36, "h": 78}, {"x": 629, "y": 103, "w": 36, "h": 100}, {"x": 681, "y": 203, "w": 36, "h": 198}], "x": ["2009", "2010", "2011", "2012", "2013", "2014", "2015", "2016", "2017", "2018", "2019", "2020"], "y": ["42.83", "81.71", "95.72", "98.42", "114.36", "101.28", "116.52", "139.49", "157.39", "99.04", "127.92", "-253.37"], "colors": ["#2876dd", "#2876dd", "#2876dd", "#2876dd", "#2876dd", "#2876dd", "#2876dd", "#2876dd", "#2876dd", "#2876dd", "#2876dd", "#2876dd"], "labels": ["2009", "2010", "2011", "2012", "2013", "2014", "2015", "2016", "2017", "2018", "2019", "2020"]}], "type": "v_bar"}