{"general_figure_info": {"figure_info": {"bbox": {"x": 96, "y": 45, "w": 629, "h": 392}}, "y_axis": {"label": {"bbox": [{"x": 40, "y": 163, "w": 11, "h": 155.625}], "text": "Gate receipts in million U.S. dollars"}, "major_labels": {"bboxes": [{"x": 65, "y": 422.5, "w": 21.0, "h": 45.33333333333333}, {"x": 65, "y": 344.5, "w": 21.0, "h": 45.33333333333333}, {"x": 65, "y": 265.5, "w": 21.0, "h": 45.33333333333333}, {"x": 65, "y": 187.5, "w": 21.0, "h": 45.33333333333333}, {"x": 65, "y": 108.5, "w": 21.0, "h": 45.33333333333333}, {"x": 65, "y": 29.5, "w": 21.0, "h": 45.33333333333333}]}}, "x_axis": {"major_labels": {"bboxes": [{"x": 112, "y": 447, "h": 12, "w": 24.484375}, {"x": 170, "y": 447, "h": 12, "w": 24.484375}, {"x": 227, "y": 447, "h": 12, "w": 23.65625}, {"x": 284, "y": 447, "h": 12, "w": 24.484375}, {"x": 341, "y": 447, "h": 12, "w": 24.484375}, {"x": 398, "y": 447, "h": 12, "w": 24.484375}, {"x": 455, "y": 447, "h": 12, "w": 24.484375}, {"x": 513, "y": 447, "h": 12, "w": 24.484375}, {"x": 570, "y": 447, "h": 12, "w": 24.484375}, {"x": 627, "y": 447, "h": 12, "w": 24.484375}, {"x": 684, "y": 447, "h": 12, "w": 24.484375}], "values": ["2009", "2010", "2011", "2012", "2013", "2014", "2015", "2016", "2017", "2018", "2019"]}, "label": {}}}, "models": [{"name": {}, "bboxes": [{"x": 105, "y": 170, "w": 40, "h": 268}, {"x": 162, "y": 162, "w": 40, "h": 276}, {"x": 219, "y": 156, "w": 40, "h": 282}, {"x": 277, "y": 157, "w": 40, "h": 281}, {"x": 334, "y": 157, "w": 40, "h": 281}, {"x": 391, "y": 168, "w": 40, "h": 270}, {"x": 448, "y": 162, "w": 40, "h": 276}, {"x": 505, "y": 145, "w": 40, "h": 293}, {"x": 562, "y": 137, "w": 40, "h": 301}, {"x": 620, "y": 91, "w": 40, "h": 347}, {"x": 677, "y": 126, "w": 40, "h": 312}], "x": ["2009", "2010", "2011", "2012", "2013", "2014", "2015", "2016", "2017", "2018", "2019"], "y": ["171", "176", "180", "179", "179", "172", "176", "187", "192", "221", "199"], "colors": ["#2876dd", "#2876dd", "#2876dd", "#2876dd", "#2876dd", "#2876dd", "#2876dd", "#2876dd", "#2876dd", "#2876dd", "#2876dd"], "labels": ["2009", "2010", "2011", "2012", "2013", "2014", "2015", "2016", "2017", "2018", "2019"]}], "type": "v_bar"}