{"general_figure_info": {"figure_info": {"bbox": {"x": 142, "y": 35, "w": 568, "h": 630}}, "y_axis": {"label": {"bbox": [{"x": 367, "y": 696, "w": 118.375, "h": 11}], "text": "Number of visits in millions"}, "major_labels": {"bboxes": [{"x": 121.5, "y": 671, "w": 61.14285714285714, "h": 26.0}, {"x": 216.5, "y": 671, "w": 61.14285714285714, "h": 26.0}, {"x": 310.5, "y": 671, "w": 61.14285714285714, "h": 26.0}, {"x": 405.5, "y": 671, "w": 61.14285714285714, "h": 26.0}, {"x": 500.5, "y": 671, "w": 61.14285714285714, "h": 26.0}, {"x": 594.5, "y": 671, "w": 61.14285714285714, "h": 26.0}, {"x": 690.5, "y": 671, "w": 61.14285714285714, "h": 26.0}]}}, "x_axis": {"major_labels": {"bboxes": [{"x": 84, "y": 49, "h": 12, "w": 45.7353515625}, {"x": 95, "y": 88, "h": 12, "w": 34.25}, {"x": 114, "y": 127, "h": 12, "w": 15.94384765625}, {"x": 95, "y": 167, "h": 12, "w": 35.11767578125}, {"x": 109, "y": 206, "h": 12, "w": 20.673828125}, {"x": 89, "y": 246, "h": 12, "w": 39.75}, {"x": 70, "y": 285, "h": 12, "w": 59.81298828125}, {"x": 42, "y": 324, "h": 12, "w": 86.828125}, {"x": 95, "y": 364, "h": 12, "w": 34.265625}, {"x": 84, "y": 403, "h": 12, "w": 45.123046875}, {"x": 72, "y": 442, "h": 12, "w": 56.859375}, {"x": 93, "y": 482, "h": 12, "w": 36.078125}, {"x": 101, "y": 521, "h": 12, "w": 28.140625}, {"x": 92, "y": 561, "h": 12, "w": 37.7861328125}, {"x": 52, "y": 600, "h": 12, "w": 77.53759765625}, {"x": 89, "y": 639, "h": 12, "w": 39.765625}], "values": ["Germany", "France", "UK", "Austria", "Italy", "Belgium", "Netherlands", "Ireland (Republic)", "Poland", "Denmark", "Switzerland", "Finland", "Spain", "Norway", "Czech Republic", "Sweden"]}, "label": {}}}, "models": [{"name": {}, "bboxes": [{"x": 141, "y": 41, "w": 511, "h": 27}, {"x": 141, "y": 81, "w": 148, "h": 27}, {"x": 141, "y": 120, "w": 45, "h": 27}, {"x": 141, "y": 159, "w": 40, "h": 27}, {"x": 141, "y": 199, "w": 25, "h": 27}, {"x": 141, "y": 238, "w": 23, "h": 27}, {"x": 141, "y": 277, "w": 19, "h": 27}, {"x": 141, "y": 317, "w": 17, "h": 27}, {"x": 141, "y": 356, "w": 16, "h": 27}, {"x": 141, "y": 396, "w": 16, "h": 27}, {"x": 141, "y": 435, "w": 16, "h": 27}, {"x": 141, "y": 474, "w": 14, "h": 27}, {"x": 141, "y": 514, "w": 14, "h": 27}, {"x": 141, "y": 553, "w": 13, "h": 27}, {"x": 141, "y": 592, "w": 11, "h": 27}, {"x": 141, "y": 632, "w": 8, "h": 27}], "x": ["Germany", "France", "UK", "Austria", "Italy", "Belgium", "Netherlands", "Ireland (Republic)", "Poland", "Denmark", "Switzerland", "Finland", "Spain", "Norway", "Czech Republic", "Sweden"], "y": ["270", "78", "24", "21", "13", "12", "9.9", "8.9", "8.5", "8.3", "8.2", "7.5", "7.3", "7.1", "5.6", "4.4"], "colors": ["#2876dd", "#2876dd", "#2876dd", "#2876dd", "#2876dd", "#2876dd", "#2876dd", "#2876dd", "#2876dd", "#2876dd", "#2876dd", "#2876dd", "#2876dd", "#2876dd", "#2876dd", "#2876dd"], "labels": ["Germany", "France", "UK", "Austria", "Italy", "Belgium", "Netherlands", "Ireland (Republic)", "Poland", "Denmark", "Switzerland", "Finland", "Spain", "Norway", "Czech Republic", "Sweden"]}], "type": "h_bar"}