{"general_figure_info": {"figure_info": {"bbox": {"x": 135, "y": 35, "w": 575, "h": 380}}, "y_axis": {"label": {"bbox": [{"x": 386, "y": 446, "w": 72.8125, "h": 11}], "text": "Cattle in millions"}, "major_labels": {"bboxes": [{"x": 114.5, "y": 421, "w": 37.5, "h": 26.0}, {"x": 178.5, "y": 421, "w": 37.5, "h": 26.0}, {"x": 242.5, "y": 421, "w": 37.5, "h": 26.0}, {"x": 306.5, "y": 421, "w": 37.5, "h": 26.0}, {"x": 370.5, "y": 421, "w": 37.5, "h": 26.0}, {"x": 433.5, "y": 421, "w": 37.5, "h": 26.0}, {"x": 497.5, "y": 421, "w": 37.5, "h": 26.0}, {"x": 561.5, "y": 421, "w": 37.5, "h": 26.0}, {"x": 625.5, "y": 421, "w": 37.5, "h": 26.0}, {"x": 690.5, "y": 421, "w": 37.5, "h": 26.0}]}}, "x_axis": {"major_labels": {"bboxes": [{"x": 60, "y": 48, "h": 12, "w": 62.171875}, {"x": 54, "y": 86, "h": 12, "w": 67.875}, {"x": 39, "y": 124, "h": 12, "w": 83.171875}, {"x": 96, "y": 162, "h": 12, "w": 26.01611328125}, {"x": 60, "y": 200, "h": 12, "w": 62.6337890625}, {"x": 72, "y": 238, "h": 12, "w": 49.546875}, {"x": 71, "y": 276, "h": 12, "w": 51.375}, {"x": 88, "y": 314, "h": 12, "w": 33.625}, {"x": 60, "y": 352, "h": 12, "w": 62.375}, {"x": 87, "y": 390, "h": 12, "w": 35.7353515625}], "values": ["West Bengal", "Uttar Pradesh", "Madhya Pradesh", "Bihar", "Maharashtra", "Rajasthan", "Jharkhand", "Assam", "Chhattisgarh", "Odisha"]}, "label": {}}}, "models": [{"name": {}, "bboxes": [{"x": 134, "y": 41, "w": 486, "h": 26}, {"x": 134, "y": 79, "w": 480, "h": 26}, {"x": 134, "y": 117, "w": 478, "h": 26}, {"x": 134, "y": 155, "w": 391, "h": 26}, {"x": 134, "y": 193, "w": 355, "h": 26}, {"x": 134, "y": 231, "w": 355, "h": 26}, {"x": 134, "y": 269, "w": 286, "h": 26}, {"x": 134, "y": 307, "w": 279, "h": 26}, {"x": 134, "y": 345, "w": 256, "h": 26}, {"x": 134, "y": 383, "w": 253, "h": 26}], "x": ["West Bengal", "Uttar Pradesh", "Madhya Pradesh", "Bihar", "Maharashtra", "Rajasthan", "Jharkhand", "Assam", "Chhattisgarh", "Odisha"], "y": ["19.0", "18.8", "18.7", "15.3", "13.9", "13.9", "11.2", "10.9", "10.0", "9.9"], "colors": ["#2876dd", "#2876dd", "#2876dd", "#2876dd", "#2876dd", "#2876dd", "#2876dd", "#2876dd", "#2876dd", "#2876dd"], "labels": ["West Bengal", "Uttar Pradesh", "Madhya Pradesh", "Bihar", "Maharashtra", "Rajasthan", "Jharkhand", "Assam", "Chhattisgarh", "Odisha"]}], "type": "h_bar"}