{"general_figure_info": {"figure_info": {"bbox": {"x": 92, "y": 45, "w": 633, "h": 392}}, "y_axis": {"label": {"bbox": [{"x": 40, "y": 168, "w": 11, "h": 145.0625}], "text": "Number of consumers in millions"}, "major_labels": {"bboxes": [{"x": 65, "y": 422.5, "w": 17.0, "h": 36.0}, {"x": 65, "y": 357.5, "w": 17.0, "h": 36.0}, {"x": 65, "y": 291.5, "w": 17.0, "h": 36.0}, {"x": 65, "y": 226.5, "w": 17.0, "h": 36.0}, {"x": 65, "y": 161.5, "w": 17.0, "h": 36.0}, {"x": 65, "y": 95.5, "w": 17.0, "h": 36.0}, {"x": 65, "y": 29.5, "w": 17.0, "h": 36.0}]}}, "x_axis": {"major_labels": {"bboxes": [{"x": 224, "y": 447, "h": 12, "w": 52.609375}, {"x": 551, "y": 447, "h": 12, "w": 31.203125}], "values": ["Vegetarian", "Vegan"]}, "label": {}}}, "models": [{"name": {}, "bboxes": [{"x": 142, "y": 137, "w": 217, "h": 301}, {"x": 459, "y": 327, "w": 217, "h": 111}], "x": ["Vegetarian", "Vegan"], "y": ["2.3", "0.85"], "colors": ["#2876dd", "#2876dd"], "labels": ["Vegetarian", "Vegan"]}], "type": "v_bar"}