{"general_figure_info": {"figure_info": {"bbox": {"x": 225, "y": 35, "w": 485, "h": 570}}, "y_axis": {"label": {"bbox": [{"x": 40, "y": 300, "w": 11, "h": 39.3447265625}], "text": "Income in Canadian dollars"}, "major_labels": {"bboxes": [{"x": 204.5, "y": 275, "w": 49.28571428571429, "h": 250.0}, {"x": 285.5, "y": 275, "w": 49.28571428571429, "h": 250.0}, {"x": 366.5, "y": 275, "w": 49.28571428571429, "h": 250.0}, {"x": 447.5, "y": 275, "w": 49.28571428571429, "h": 250.0}, {"x": 527.5, "y": 275, "w": 49.28571428571429, "h": 250.0}, {"x": 608.5, "y": 275, "w": 49.28571428571429, "h": 250.0}, {"x": 690.5, "y": 275, "w": 49.28571428571429, "h": 250.0}]}}, "x_axis": {"major_labels": {"bboxes": [{"x": 111, "y": 49, "h": 12, "w": 101.15966796875}, {"x": 181, "y": 90, "h": 12, "w": 30.59375}, {"x": 177, "y": 131, "h": 12, "w": 35.7353515625}, {"x": 140, "y": 171, "h": 12, "w": 71.546875}, {"x": 176, "y": 212, "h": 12, "w": 36.078125}, {"x": 173, "y": 253, "h": 12, "w": 39.41455078125}, {"x": 132, "y": 294, "h": 12, "w": 80.96533203125}, {"x": 173, "y": 334, "h": 12, "w": 39.02685546875}, {"x": 167, "y": 375, "h": 12, "w": 46.1337890625}, {"x": 108, "y": 416, "h": 12, "w": 103.953125}, {"x": 171, "y": 456, "h": 12, "w": 40.984375}, {"x": 153, "y": 497, "h": 12, "w": 60.18994140625}, {"x": 137, "y": 538, "h": 12, "w": 75.6845703125}, {"x": 73, "y": 579, "h": 12, "w": 139.16357421875}], "values": ["Northwest Territories", "Yukon", "Alberta", "Saskatchewan", "Ontario", "Canada", "British Columbia", "Quebec", "Manitoba", "Prince Edward Island", "Nunavut", "Nova Scotia", "New Brunswick", "Newfoundland and Labrador"]}, "label": {}}}, "models": [{"name": {}, "bboxes": [{"x": 224, "y": 41, "w": 400, "h": 28}, {"x": 224, "y": 82, "w": 397, "h": 28}, {"x": 224, "y": 123, "w": 340, "h": 28}, {"x": 224, "y": 163, "w": 312, "h": 28}, {"x": 224, "y": 204, "w": 300, "h": 28}, {"x": 224, "y": 245, "w": 297, "h": 28}, {"x": 224, "y": 286, "w": 292, "h": 28}, {"x": 224, "y": 326, "w": 288, "h": 28}, {"x": 224, "y": 367, "w": 284, "h": 28}, {"x": 224, "y": 408, "w": 275, "h": 28}, {"x": 224, "y": 448, "w": 274, "h": 28}, {"x": 224, "y": 489, "w": 273, "h": 28}, {"x": 224, "y": 530, "w": 271, "h": 28}, {"x": 224, "y": 571, "w": 270, "h": 28}], "x": ["Northwest Territories", "Yukon", "Alberta", "Saskatchewan", "Ontario", "Canada", "British Columbia", "Quebec", "Manitoba", "Prince Edward Island", "Nunavut", "Nova Scotia", "New Brunswick", "Newfoundland and Labrador"], "y": ["49 450", "49 150", "42 010", "38 600", "37 060", "36 760", "36 100", "35 630", "35 170", "34 080", "33 940", "33 770", "33 540", "33 450"], "colors": ["#2876dd", "#2876dd", "#2876dd", "#2876dd", "#2876dd", "#808080", "#2876dd", "#2876dd", "#2876dd", "#2876dd", "#2876dd", "#2876dd", "#2876dd", "#2876dd"], "labels": ["Northwest Territories", "Yukon", "Alberta", "Saskatchewan", "Ontario", "Canada", "British Columbia", "Quebec", "Manitoba", "Prince Edward Island", "Nunavut", "Nova Scotia", "New Brunswick", "Newfoundland and Labrador"]}], "type": "h_bar"}