{"general_figure_info": {"figure_info": {"bbox": {"x": 106, "y": 45, "w": 619, "h": 392}}, "y_axis": {"label": {"bbox": [{"x": 40, "y": 179, "w": 11, "h": 123.21875}], "text": "Average cost in U.S. dollars"}, "major_labels": {"bboxes": [{"x": 65, "y": 422.5, "w": 31.0, "h": 36.0}, {"x": 65, "y": 357.5, "w": 31.0, "h": 36.0}, {"x": 65, "y": 291.5, "w": 31.0, "h": 36.0}, {"x": 65, "y": 226.5, "w": 31.0, "h": 36.0}, {"x": 65, "y": 161.5, "w": 31.0, "h": 36.0}, {"x": 65, "y": 95.5, "w": 31.0, "h": 36.0}, {"x": 65, "y": 29.5, "w": 31.0, "h": 36.0}]}}, "x_axis": {"major_labels": {"bboxes": [{"x": 190, "y": 447, "h": 12, "w": 38.4091796875}, {"x": 393, "y": 447, "h": 12, "w": 46.35302734375}, {"x": 601, "y": 447, "h": 12, "w": 41.9091796875}], "values": ["Per day", "Per week", "Per year"]}, "label": {}}}, "models": [{"name": {}, "bboxes": [{"x": 139, "y": 434, "w": 142, "h": 4}, {"x": 345, "y": 431, "w": 142, "h": 7}, {"x": 551, "y": 97, "w": 142, "h": 341}], "x": ["Per day", "Per week", "Per year"], "y": ["11.14", "20.05", "1 043"], "colors": ["#2876dd", "#2876dd", "#2876dd"], "labels": ["Per day", "Per week", "Per year"]}], "type": "v_bar"}