{"general_figure_info": {"figure_info": {"bbox": {"x": 270, "y": 35, "w": 440, "h": 480}}, "y_axis": {"label": {"bbox": [{"x": 432, "y": 546, "w": 115.09375, "h": 11}], "text": "Percentage of repondents"}, "major_labels": {"bboxes": [{"x": 249.5, "y": 521, "w": 28.888888888888886, "h": 26.0}, {"x": 304.5, "y": 521, "w": 28.888888888888886, "h": 26.0}, {"x": 359.5, "y": 521, "w": 28.888888888888886, "h": 26.0}, {"x": 414.5, "y": 521, "w": 28.888888888888886, "h": 26.0}, {"x": 469.5, "y": 521, "w": 28.888888888888886, "h": 26.0}, {"x": 524.5, "y": 521, "w": 28.888888888888886, "h": 26.0}, {"x": 579.5, "y": 521, "w": 28.888888888888886, "h": 26.0}, {"x": 634.5, "y": 521, "w": 28.888888888888886, "h": 26.0}, {"x": 690.5, "y": 521, "w": 28.888888888888886, "h": 26.0}]}}, "x_axis": {"major_labels": {"bboxes": [{"x": 70, "y": 35, "h": 40, "w": 186.515625}, {"x": 102, "y": 94, "h": 12, "w": 155.18212890625}, {"x": 71, "y": 123, "h": 40, "w": 186.95849609375}, {"x": 62, "y": 173, "h": 26, "w": 195.046875}, {"x": 87, "y": 217, "h": 26, "w": 170.93359375}, {"x": 74, "y": 246, "h": 54, "w": 183.77197265625}, {"x": 66, "y": 304, "h": 26, "w": 191.88818359375}, {"x": 115, "y": 356, "h": 12, "w": 142.95751953125}, {"x": 70, "y": 391, "h": 26, "w": 187.42822265625}, {"x": 63, "y": 435, "h": 26, "w": 194.32568359375}, {"x": 55, "y": 479, "h": 26, "w": 202.8642578125}], "values": ["Defined a specific policy regarding the", "Employee awareness programs", "Implemented additional security", "Locked down or restricted use of certain", "Used internal auditing for testing of", "Defined specific requirements for", "Implemented data loss prevention tools", "Implemented log review tools", "Restricted use of instant messaging or", "Prohibited use of camera devices within", "Restricted access to sensitive information"]}, "label": {}}}, "models": [{"name": {}, "bboxes": [{"x": 269, "y": 42, "w": 396, "h": 30}, {"x": 269, "y": 85, "w": 374, "h": 30}, {"x": 269, "y": 129, "w": 313, "h": 30}, {"x": 269, "y": 173, "w": 236, "h": 30}, {"x": 269, "y": 216, "w": 225, "h": 30}, {"x": 269, "y": 260, "w": 214, "h": 30}, {"x": 269, "y": 304, "w": 209, "h": 30}, {"x": 269, "y": 347, "w": 209, "h": 30}, {"x": 269, "y": 391, "w": 170, "h": 30}, {"x": 269, "y": 434, "w": 126, "h": 30}, {"x": 269, "y": 478, "w": 88, "h": 30}], "x": ["Defined a specific policy regarding the", "Employee awareness programs", "Implemented additional security", "Locked down or restricted use of certain", "Used internal auditing for testing of", "Defined specific requirements for", "Implemented data loss prevention tools", "Implemented log review tools", "Restricted use of instant messaging or", "Prohibited use of camera devices within", "Restricted access to sensitive information"], "y": ["72%", "68%", "57%", "43%", "41%", "39%", "38%", "38%", "31%", "23%", "16%"], "colors": ["#2876dd", "#2876dd", "#2876dd", "#2876dd", "#2876dd", "#2876dd", "#2876dd", "#2876dd", "#2876dd", "#2876dd", "#2876dd"], "labels": ["Defined a specific policy regarding the", "Employee awareness programs", "Implemented additional security", "Locked down or restricted use of certain", "Used internal auditing for testing of", "Defined specific requirements for", "Implemented data loss prevention tools", "Implemented log review tools", "Restricted use of instant messaging or", "Prohibited use of camera devices within", "Restricted access to sensitive information"]}], "type": "h_bar"}