{"general_figure_info": {"figure_info": {"bbox": {"x": 89, "y": 45, "w": 636, "h": 392}}, "y_axis": {"label": {"bbox": [{"x": 40, "y": 151, "w": 11, "h": 179.048828125}], "text": "Gross written premiums in million euros*"}, "major_labels": {"bboxes": [{"x": 65, "y": 422.5, "w": 14.0, "h": 29.0}, {"x": 65, "y": 366.5, "w": 14.0, "h": 29.0}, {"x": 65, "y": 310.5, "w": 14.0, "h": 29.0}, {"x": 65, "y": 254.5, "w": 14.0, "h": 29.0}, {"x": 65, "y": 198.5, "w": 14.0, "h": 29.0}, {"x": 65, "y": 142.5, "w": 14.0, "h": 29.0}, {"x": 65, "y": 86.5, "w": 14.0, "h": 29.0}, {"x": 65, "y": 29.5, "w": 14.0, "h": 29.0}]}}, "x_axis": {"major_labels": {"bboxes": [{"x": 113, "y": 447, "h": 12, "w": 23.65625}, {"x": 183, "y": 447, "h": 12, "w": 24.484375}, {"x": 253, "y": 447, "h": 12, "w": 24.484375}, {"x": 324, "y": 447, "h": 12, "w": 24.484375}, {"x": 395, "y": 447, "h": 12, "w": 24.484375}, {"x": 465, "y": 447, "h": 12, "w": 24.484375}, {"x": 536, "y": 447, "h": 12, "w": 24.484375}, {"x": 607, "y": 447, "h": 12, "w": 24.484375}, {"x": 677, "y": 447, "h": 12, "w": 24.484375}], "values": ["2011", "2012", "2013", "2014", "2015", "2016", "2017", "2018", "2019"]}, "label": {}}}, "models": [{"name": {}, "bboxes": [{"x": 100, "y": 236, "w": 49, "h": 202}, {"x": 171, "y": 242, "w": 49, "h": 196}, {"x": 241, "y": 220, "w": 49, "h": 218}, {"x": 312, "y": 197, "w": 49, "h": 241}, {"x": 383, "y": 180, "w": 49, "h": 258}, {"x": 453, "y": 180, "w": 49, "h": 258}, {"x": 524, "y": 147, "w": 49, "h": 291}, {"x": 595, "y": 164, "w": 49, "h": 274}, {"x": 665, "y": 130, "w": 49, "h": 308}], "x": ["2011", "2012", "2013", "2014", "2015", "2016", "2017", "2018", "2019"], "y": ["36", "35", "39", "43", "46", "46", "52", "49", "55"], "colors": ["#2876dd", "#2876dd", "#2876dd", "#2876dd", "#2876dd", "#2876dd", "#2876dd", "#2876dd", "#2876dd"], "labels": ["2011", "2012", "2013", "2014", "2015", "2016", "2017", "2018", "2019"]}], "type": "v_bar"}