{"general_figure_info": {"figure_info": {"bbox": {"x": 106, "y": 45, "w": 619, "h": 392}}, "y_axis": {"label": {"bbox": [{"x": 40, "y": 131, "w": 11, "h": 220.125}], "text": "Number of food-preparation workers in thousands"}, "major_labels": {"bboxes": [{"x": 65, "y": 422.5, "w": 31.0, "h": 36.0}, {"x": 65, "y": 357.5, "w": 31.0, "h": 36.0}, {"x": 65, "y": 291.5, "w": 31.0, "h": 36.0}, {"x": 65, "y": 226.5, "w": 31.0, "h": 36.0}, {"x": 65, "y": 161.5, "w": 31.0, "h": 36.0}, {"x": 65, "y": 95.5, "w": 31.0, "h": 36.0}, {"x": 65, "y": 29.5, "w": 31.0, "h": 36.0}]}}, "x_axis": {"major_labels": {"bboxes": [{"x": 138, "y": 447, "h": 12, "w": 24.484375}, {"x": 227, "y": 447, "h": 12, "w": 23.65625}, {"x": 315, "y": 447, "h": 12, "w": 24.484375}, {"x": 403, "y": 447, "h": 12, "w": 24.484375}, {"x": 492, "y": 447, "h": 12, "w": 24.484375}, {"x": 578, "y": 447, "h": 12, "w": 29.470703125}, {"x": 666, "y": 447, "h": 12, "w": 29.470703125}], "values": ["2010", "2011", "2012", "2014", "2015", "2016*", "2026*"]}, "label": {}}}, "models": [{"name": {}, "bboxes": [{"x": 120, "y": 147, "w": 61, "h": 291}, {"x": 208, "y": 144, "w": 61, "h": 294}, {"x": 297, "y": 140, "w": 61, "h": 298}, {"x": 385, "y": 161, "w": 61, "h": 277}, {"x": 474, "y": 151, "w": 61, "h": 287}, {"x": 562, "y": 136, "w": 61, "h": 302}, {"x": 651, "y": 104, "w": 61, "h": 334}], "x": ["2010", "2011", "2012", "2014", "2015", "2016*", "2026*"], "y": ["892", "900", "912", "848", "878", "923", "1 022"], "colors": ["#2876dd", "#2876dd", "#2876dd", "#2876dd", "#2876dd", "#2876dd", "#2876dd"], "labels": ["2010", "2011", "2012", "2014", "2015", "2016*", "2026*"]}], "type": "v_bar"}