{"general_figure_info": {"figure_info": {"bbox": {"x": 109, "y": 45, "w": 616, "h": 377}}, "y_axis": {"label": {"bbox": [{"x": 40, "y": 168, "w": 11, "h": 130.609375}], "text": "Amount in million U.S. dollars"}, "major_labels": {"bboxes": [{"x": 65, "y": 407.5, "w": 34.0, "h": 42.833333333333336}, {"x": 65, "y": 332.5, "w": 34.0, "h": 42.833333333333336}, {"x": 65, "y": 256.5, "w": 34.0, "h": 42.833333333333336}, {"x": 65, "y": 181.5, "w": 34.0, "h": 42.833333333333336}, {"x": 65, "y": 105.5, "w": 34.0, "h": 42.833333333333336}, {"x": 65, "y": 29.5, "w": 34.0, "h": 42.833333333333336}]}}, "x_axis": {"major_labels": {"bboxes": [{"x": 150, "y": 432, "h": 12, "w": 21.40625}, {"x": 252, "y": 432, "h": 12, "w": 22.28076171875}, {"x": 325, "y": 432, "h": 12, "w": 82.4306640625}, {"x": 453, "y": 432, "h": 12, "w": 31.8369140625}, {"x": 538, "y": 432, "h": 12, "w": 67.52685546875}, {"x": 644, "y": 432, "h": 24, "w": 59.970703125}], "values": ["U.S.", "Asia", "MetLife Holdings", "EMEA", "Latin America", "Corporate &"]}, "label": {}}}, "models": [{"name": {}, "bboxes": [{"x": 125, "y": 105, "w": 71, "h": 243}, {"x": 228, "y": 230, "w": 71, "h": 118}, {"x": 331, "y": 274, "w": 71, "h": 74}, {"x": 433, "y": 323, "w": 71, "h": 25}, {"x": 536, "y": 326, "w": 71, "h": 22}, {"x": 639, "y": 348, "w": 71, "h": 41}], "x": ["U.S.", "Asia", "MetLife Holdings", "EMEA", "Latin America", "Corporate &"], "y": ["3 224", "1 565", "976", "327", "280", "-547"], "colors": ["#2876dd", "#2876dd", "#2876dd", "#2876dd", "#2876dd", "#2876dd"], "labels": ["U.S.", "Asia", "MetLife Holdings", "EMEA", "Latin America", "Corporate &"]}], "type": "v_bar"}