{"general_figure_info": {"figure_info": {"bbox": {"x": 134, "y": 35, "w": 576, "h": 600}}, "y_axis": {"label": {"bbox": [{"x": 367, "y": 666, "w": 109.34375, "h": 11}], "text": "Average number of apps"}, "major_labels": {"bboxes": [{"x": 113.5, "y": 641, "w": 37.6, "h": 26.0}, {"x": 177.5, "y": 641, "w": 37.6, "h": 26.0}, {"x": 241.5, "y": 641, "w": 37.6, "h": 26.0}, {"x": 305.5, "y": 641, "w": 37.6, "h": 26.0}, {"x": 369.5, "y": 641, "w": 37.6, "h": 26.0}, {"x": 433.5, "y": 641, "w": 37.6, "h": 26.0}, {"x": 497.5, "y": 641, "w": 37.6, "h": 26.0}, {"x": 561.5, "y": 641, "w": 37.6, "h": 26.0}, {"x": 625.5, "y": 641, "w": 37.6, "h": 26.0}, {"x": 690.5, "y": 641, "w": 37.6, "h": 26.0}]}}, "x_axis": {"major_labels": {"bboxes": [{"x": 89, "y": 49, "h": 12, "w": 31.796875}, {"x": 87, "y": 89, "h": 12, "w": 34.25}, {"x": 97, "y": 129, "h": 12, "w": 24.7353515625}, {"x": 43, "y": 169, "h": 12, "w": 78.28125}, {"x": 78, "y": 209, "h": 12, "w": 43.67919921875}, {"x": 55, "y": 249, "h": 12, "w": 66.53759765625}, {"x": 56, "y": 289, "h": 12, "w": 64.828125}, {"x": 92, "y": 329, "h": 12, "w": 29.623046875}, {"x": 76, "y": 369, "h": 12, "w": 45.7353515625}, {"x": 73, "y": 409, "h": 12, "w": 48.58837890625}, {"x": 62, "y": 449, "h": 12, "w": 60.1953125}, {"x": 86, "y": 489, "h": 12, "w": 35.72998046875}, {"x": 90, "y": 529, "h": 12, "w": 32.072265625}, {"x": 78, "y": 569, "h": 12, "w": 44.2861328125}, {"x": 92, "y": 609, "h": 12, "w": 30.2353515625}], "values": ["Global", "France", "India", "United Kingdom", "Australia", "United States", "New Zealand", "China", "Germany", "Indonesia", "South Africa", "Nigeria", "Kenya", "Malaysia", "Korea"]}, "label": {}}}, "models": [{"name": {}, "bboxes": [{"x": 133, "y": 41, "w": 435, "h": 28}, {"x": 133, "y": 81, "w": 506, "h": 28}, {"x": 133, "y": 121, "w": 480, "h": 28}, {"x": 133, "y": 161, "w": 480, "h": 28}, {"x": 133, "y": 201, "w": 480, "h": 28}, {"x": 133, "y": 241, "w": 474, "h": 28}, {"x": 133, "y": 281, "w": 442, "h": 28}, {"x": 133, "y": 321, "w": 435, "h": 28}, {"x": 133, "y": 361, "w": 429, "h": 28}, {"x": 133, "y": 401, "w": 429, "h": 28}, {"x": 133, "y": 441, "w": 429, "h": 28}, {"x": 133, "y": 481, "w": 397, "h": 28}, {"x": 133, "y": 521, "w": 390, "h": 28}, {"x": 133, "y": 561, "w": 390, "h": 28}, {"x": 133, "y": 601, "w": 294, "h": 28}], "x": ["Global", "France", "India", "United Kingdom", "Australia", "United States", "New Zealand", "China", "Germany", "Indonesia", "South Africa", "Nigeria", "Kenya", "Malaysia", "Korea"], "y": ["6.8", "7.9", "7.5", "7.5", "7.5", "7.4", "6.9", "6.8", "6.7", "6.7", "6.7", "6.2", "6.1", "6.1", "4.6"], "colors": ["#C0C0C0", "#2876dd", "#2876dd", "#2876dd", "#2876dd", "#2876dd", "#2876dd", "#2876dd", "#2876dd", "#2876dd", "#2876dd", "#2876dd", "#2876dd", "#2876dd", "#2876dd"], "labels": ["Global", "France", "India", "United Kingdom", "Australia", "United States", "New Zealand", "China", "Germany", "Indonesia", "South Africa", "Nigeria", "Kenya", "Malaysia", "Korea"]}], "type": "h_bar"}