{"general_figure_info": {"figure_info": {"bbox": {"x": 106, "y": 45, "w": 619, "h": 392}}, "y_axis": {"label": {"bbox": [{"x": 40, "y": 164, "w": 11, "h": 153.390625}], "text": "Market value in million U.S. dollars"}, "major_labels": {"bboxes": [{"x": 65, "y": 422.5, "w": 31.0, "h": 45.33333333333333}, {"x": 65, "y": 344.5, "w": 31.0, "h": 45.33333333333333}, {"x": 65, "y": 265.5, "w": 31.0, "h": 45.33333333333333}, {"x": 65, "y": 187.5, "w": 31.0, "h": 45.33333333333333}, {"x": 65, "y": 108.5, "w": 31.0, "h": 45.33333333333333}, {"x": 65, "y": 29.5, "w": 31.0, "h": 45.33333333333333}]}}, "x_axis": {"major_labels": {"bboxes": [{"x": 122, "y": 447, "h": 12, "w": 24.484375}, {"x": 178, "y": 447, "h": 12, "w": 24.484375}, {"x": 234, "y": 447, "h": 12, "w": 24.484375}, {"x": 291, "y": 447, "h": 12, "w": 24.484375}, {"x": 347, "y": 447, "h": 12, "w": 23.65625}, {"x": 399, "y": 447, "h": 12, "w": 33.75146484375}, {"x": 457, "y": 447, "h": 12, "w": 29.470703125}, {"x": 514, "y": 447, "h": 12, "w": 29.470703125}, {"x": 570, "y": 447, "h": 12, "w": 29.470703125}, {"x": 626, "y": 447, "h": 12, "w": 29.470703125}, {"x": 682, "y": 447, "h": 12, "w": 29.470703125}], "values": ["2007", "2008", "2009", "2010", "2011", "2012**", "2013*", "2014*", "2015*", "2016*", "2017*"]}, "label": {}}}, "models": [{"name": {}, "bboxes": [{"x": 115, "y": 158, "w": 39, "h": 280}, {"x": 171, "y": 144, "w": 39, "h": 294}, {"x": 227, "y": 139, "w": 39, "h": 299}, {"x": 284, "y": 142, "w": 39, "h": 296}, {"x": 340, "y": 144, "w": 39, "h": 294}, {"x": 396, "y": 144, "w": 39, "h": 294}, {"x": 453, "y": 142, "w": 39, "h": 296}, {"x": 509, "y": 139, "w": 39, "h": 299}, {"x": 565, "y": 135, "w": 39, "h": 303}, {"x": 621, "y": 130, "w": 39, "h": 308}, {"x": 678, "y": 125, "w": 39, "h": 313}], "x": ["2007", "2008", "2009", "2010", "2011", "2012**", "2013*", "2014*", "2015*", "2016*", "2017*"], "y": ["1 785.1", "1 872.9", "1 907.9", "1 890.3", "1 876.1", "1 878", "1 887.4", "1 908", "1 935", "1 965.1", "1 996.8"], "colors": ["#2876dd", "#2876dd", "#2876dd", "#2876dd", "#2876dd", "#2876dd", "#2876dd", "#2876dd", "#2876dd", "#2876dd", "#2876dd"], "labels": ["2007", "2008", "2009", "2010", "2011", "2012**", "2013*", "2014*", "2015*", "2016*", "2017*"]}], "type": "v_bar"}