{"general_figure_info": {"figure_info": {"bbox": {"x": 106, "y": 45, "w": 619, "h": 392}}, "y_axis": {"label": {"bbox": [{"x": 40, "y": 162, "w": 11, "h": 157.328125}], "text": "Import value in billion Indian rupees"}, "major_labels": {"bboxes": [{"x": 65, "y": 422.5, "w": 31.0, "h": 45.33333333333333}, {"x": 65, "y": 344.5, "w": 31.0, "h": 45.33333333333333}, {"x": 65, "y": 265.5, "w": 31.0, "h": 45.33333333333333}, {"x": 65, "y": 187.5, "w": 31.0, "h": 45.33333333333333}, {"x": 65, "y": 108.5, "w": 31.0, "h": 45.33333333333333}, {"x": 65, "y": 29.5, "w": 31.0, "h": 45.33333333333333}]}}, "x_axis": {"major_labels": {"bboxes": [{"x": 117, "y": 447, "h": 12, "w": 40.578125}, {"x": 178, "y": 447, "h": 12, "w": 41.390625}, {"x": 240, "y": 447, "h": 12, "w": 41.390625}, {"x": 302, "y": 447, "h": 12, "w": 41.390625}, {"x": 364, "y": 447, "h": 12, "w": 41.390625}, {"x": 426, "y": 447, "h": 12, "w": 41.390625}, {"x": 488, "y": 447, "h": 12, "w": 41.390625}, {"x": 550, "y": 447, "h": 12, "w": 41.390625}, {"x": 611, "y": 447, "h": 12, "w": 41.390625}, {"x": 673, "y": 447, "h": 12, "w": 41.390625}], "values": ["FY 2011", "FY 2012", "FY 2013", "FY 2014", "FY 2015", "FY 2016", "FY 2017", "FY 2018", "FY 2019", "FY 2020"]}, "label": {}}}, "models": [{"name": {}, "bboxes": [{"x": 116, "y": 196, "w": 43, "h": 242}, {"x": 178, "y": 227, "w": 43, "h": 211}, {"x": 240, "y": 245, "w": 43, "h": 193}, {"x": 301, "y": 212, "w": 43, "h": 226}, {"x": 363, "y": 222, "w": 43, "h": 216}, {"x": 425, "y": 232, "w": 43, "h": 206}, {"x": 487, "y": 188, "w": 43, "h": 250}, {"x": 549, "y": 92, "w": 43, "h": 346}, {"x": 611, "y": 142, "w": 43, "h": 296}, {"x": 673, "y": 189, "w": 43, "h": 249}], "x": ["FY 2011", "FY 2012", "FY 2013", "FY 2014", "FY 2015", "FY 2016", "FY 2017", "FY 2018", "FY 2019", "FY 2020"], "y": ["1541.37", "1343.74", "1231.68", "1442.93", "1379.68", "1314.1", "1594.6", "2209.7", "1888.81", "1590.66"], "colors": ["#2876dd", "#2876dd", "#2876dd", "#2876dd", "#2876dd", "#2876dd", "#2876dd", "#2876dd", "#2876dd", "#2876dd"], "labels": ["FY 2011", "FY 2012", "FY 2013", "FY 2014", "FY 2015", "FY 2016", "FY 2017", "FY 2018", "FY 2019", "FY 2020"]}], "type": "v_bar"}