{"general_figure_info": {"figure_info": {"bbox": {"x": 88, "y": 45, "w": 637, "h": 392}}, "y_axis": {"label": {"bbox": [{"x": 40, "y": 180, "w": 11, "h": 121.734375}], "text": "Deaths per 1,000 live births"}, "major_labels": {"bboxes": [{"x": 65, "y": 422.5, "w": 13.0, "h": 45.33333333333333}, {"x": 65, "y": 344.5, "w": 13.0, "h": 45.33333333333333}, {"x": 65, "y": 265.5, "w": 13.0, "h": 45.33333333333333}, {"x": 65, "y": 187.5, "w": 13.0, "h": 45.33333333333333}, {"x": 65, "y": 108.5, "w": 13.0, "h": 45.33333333333333}, {"x": 65, "y": 29.5, "w": 13.0, "h": 45.33333333333333}]}}, "x_axis": {"major_labels": {"bboxes": [{"x": 105, "y": 447, "h": 12, "w": 24.484375}, {"x": 163, "y": 447, "h": 12, "w": 24.484375}, {"x": 221, "y": 447, "h": 12, "w": 23.65625}, {"x": 278, "y": 447, "h": 12, "w": 24.484375}, {"x": 336, "y": 447, "h": 12, "w": 24.484375}, {"x": 394, "y": 447, "h": 12, "w": 24.484375}, {"x": 452, "y": 447, "h": 12, "w": 24.484375}, {"x": 510, "y": 447, "h": 12, "w": 24.484375}, {"x": 568, "y": 447, "h": 12, "w": 24.484375}, {"x": 626, "y": 447, "h": 12, "w": 24.484375}, {"x": 684, "y": 447, "h": 12, "w": 24.484375}], "values": ["2009", "2010", "2011", "2012", "2013", "2014", "2015", "2016", "2017", "2018", "2019"]}, "label": {}}}, "models": [{"name": {}, "bboxes": [{"x": 97, "y": 115, "w": 40, "h": 323}, {"x": 155, "y": 128, "w": 40, "h": 310}, {"x": 213, "y": 139, "w": 40, "h": 299}, {"x": 271, "y": 151, "w": 40, "h": 287}, {"x": 329, "y": 160, "w": 40, "h": 278}, {"x": 387, "y": 170, "w": 40, "h": 268}, {"x": 445, "y": 179, "w": 40, "h": 259}, {"x": 503, "y": 189, "w": 40, "h": 249}, {"x": 560, "y": 197, "w": 40, "h": 241}, {"x": 618, "y": 204, "w": 40, "h": 234}, {"x": 676, "y": 211, "w": 40, "h": 227}], "x": ["2009", "2010", "2011", "2012", "2013", "2014", "2015", "2016", "2017", "2018", "2019"], "y": ["20.6", "19.8", "19.1", "18.3", "17.7", "17.1", "16.5", "15.9", "15.4", "14.9", "14.5"], "colors": ["#2876dd", "#2876dd", "#2876dd", "#2876dd", "#2876dd", "#2876dd", "#2876dd", "#2876dd", "#2876dd", "#2876dd", "#2876dd"], "labels": ["2009", "2010", "2011", "2012", "2013", "2014", "2015", "2016", "2017", "2018", "2019"]}], "type": "v_bar"}