{"general_figure_info": {"figure_info": {"bbox": {"x": 104, "y": 95, "w": 621, "h": 369}}, "y_axis": {"label": {"bbox": [{"x": 40, "y": 191, "w": 11, "h": 176.8759765625}], "text": "Inflation rate compared to previous year"}, "major_labels": {"bboxes": [{"x": 65, "y": 449.5, "w": 29.0, "h": 21.0}, {"x": 65, "y": 403.5, "w": 29.0, "h": 21.0}, {"x": 65, "y": 357.5, "w": 29.0, "h": 21.0}, {"x": 65, "y": 311.5, "w": 29.0, "h": 21.0}, {"x": 65, "y": 265.5, "w": 29.0, "h": 21.0}, {"x": 65, "y": 218.5, "w": 29.0, "h": 21.0}, {"x": 65, "y": 172.5, "w": 29.0, "h": 21.0}, {"x": 65, "y": 126.5, "w": 29.0, "h": 21.0}, {"x": 65, "y": 79.5, "w": 29.0, "h": 21.0}]}}, "x_axis": {"major_labels": {"bboxes": [{"x": 90, "y": 477, "h": 25.798370361328125, "w": 25.79834747314453}, {"x": 120, "y": 477, "h": 25.798370361328125, "w": 25.79834747314453}, {"x": 150, "y": 477, "h": 25.798370361328125, "w": 25.79834747314453}, {"x": 181, "y": 477, "h": 25.798370361328125, "w": 25.798355102539062}, {"x": 211, "y": 477, "h": 25.798370361328125, "w": 25.798355102539062}, {"x": 241, "y": 477, "h": 25.798370361328125, "w": 25.798355102539062}, {"x": 272, "y": 477, "h": 25.798370361328125, "w": 25.798355102539062}, {"x": 302, "y": 477, "h": 25.798370361328125, "w": 25.79833984375}, {"x": 332, "y": 477, "h": 25.798370361328125, "w": 25.79833984375}, {"x": 362, "y": 477, "h": 25.798370361328125, "w": 25.79833984375}, {"x": 393, "y": 477, "h": 25.798370361328125, "w": 25.79833984375}, {"x": 423, "y": 477, "h": 25.798370361328125, "w": 25.79833984375}, {"x": 453, "y": 477, "h": 25.798370361328125, "w": 25.79833984375}, {"x": 484, "y": 477, "h": 25.798370361328125, "w": 25.79833984375}, {"x": 514, "y": 477, "h": 25.798370361328125, "w": 25.798309326171875}, {"x": 544, "y": 477, "h": 25.798370361328125, "w": 25.79833984375}, {"x": 574, "y": 477, "h": 25.798370361328125, "w": 25.79833984375}, {"x": 605, "y": 477, "h": 25.798370361328125, "w": 25.79833984375}, {"x": 632, "y": 476, "h": 29.32421875, "w": 29.32421875}, {"x": 662, "y": 476, "h": 29.32421875, "w": 29.32421875}, {"x": 693, "y": 476, "h": 29.32421875, "w": 29.32421875}], "values": ["1986", "1988", "1990", "1992", "1994", "1996", "1998", "2000", "2002", "2004", "2006", "2008", "2010", "2012", "2014", "2016", "2018", "2020", "2022*", "2024*", "2026*"]}, "label": {}}}, "models": [{"name": "line", "bboxes": [{"x": 112, "y": 425, "w": 15, "h": 22}, {"x": 127, "y": 348, "w": 15, "h": 77}, {"x": 142, "y": 348, "w": 16, "h": 18}, {"x": 158, "y": 344, "w": 15, "h": 22}, {"x": 173, "y": 278, "w": 15, "h": 66}, {"x": 188, "y": 278, "w": 15, "h": 144}, {"x": 203, "y": 330, "w": 15, "h": 92}, {"x": 218, "y": 303, "w": 15, "h": 27}, {"x": 233, "y": 271, "w": 15, "h": 32}, {"x": 248, "y": 271, "w": 16, "h": 41}, {"x": 264, "y": 293, "w": 15, "h": 19}, {"x": 279, "y": 293, "w": 15, "h": 74}, {"x": 294, "y": 367, "w": 15, "h": 38}, {"x": 309, "y": 405, "w": 15, "h": 40}, {"x": 324, "y": 430, "w": 15, "h": 15}, {"x": 339, "y": 430, "w": 15, "h": 16}, {"x": 354, "y": 446, "w": 16, "h": 8}, {"x": 370, "y": 427, "w": 15, "h": 27}, {"x": 385, "y": 340, "w": 15, "h": 87}, {"x": 400, "y": 340, "w": 15, "h": 25}, {"x": 415, "y": 365, "w": 15, "h": 3}, {"x": 430, "y": 290, "w": 15, "h": 78}, {"x": 445, "y": 150, "w": 15, "h": 140}, {"x": 460, "y": 150, "w": 16, "h": 175}, {"x": 476, "y": 259, "w": 15, "h": 66}, {"x": 491, "y": 259, "w": 15, "h": 49}, {"x": 506, "y": 308, "w": 15, "h": 67}, {"x": 521, "y": 352, "w": 15, "h": 23}, {"x": 536, "y": 352, "w": 15, "h": 76}, {"x": 551, "y": 428, "w": 15, "h": 30}, {"x": 566, "y": 435, "w": 16, "h": 23}, {"x": 582, "y": 435, "w": 15, "h": 4}, {"x": 597, "y": 387, "w": 15, "h": 52}, {"x": 612, "y": 313, "w": 15, "h": 74}, {"x": 627, "y": 313, "w": 15, "h": 38}, {"x": 642, "y": 351, "w": 15, "h": 12}, {"x": 657, "y": 363, "w": 15, "h": 14}, {"x": 672, "y": 377, "w": 16, "h": 14}, {"x": 688, "y": 391, "w": 15, "h": 0}, {"x": 703, "y": 391, "w": 15, "h": 1}], "x": ["1986", "1988", "1990", "1992", "1994", "1996", "1998", "2000", "2002", "2004", "2006", "2008", "2010", "2012", "2014", "2016", "2018", "2020", "2022*", "2024*", "2026*"], "y": ["3.47%", "4.69%", "8.84%", "7.88%", "9.05%", "12.63%", "4.85%", "9.83%", "11.27%", "13.02%", "10.78%", "11.81%", "7.81%", "5.74%", "3.59%", "4.41%", "3.54%", "3.1%", "4.57%", "9.28%", "7.92%", "7.77%", "12%", "19.56%", "10.1%", "13.66%", "11%", "7.36%", "8.62%", "4.53%", "2.86%", "4.15%", "3.93%", "6.74%", "10.74%", "8.66%", "8.01%", "7.27%", "6.53%", "6.49%", "6.46%"], "label": " ", "color": "#2876dd"}], "type": "line"}