{"general_figure_info": {"figure_info": {"bbox": {"x": 106, "y": 45, "w": 619, "h": 332}}, "y_axis": {"label": {"bbox": [{"x": 40, "y": 153, "w": 11, "h": 115.625}], "text": "Number of foreign fighters"}, "major_labels": {"bboxes": [{"x": 65, "y": 362.5, "w": 31.0, "h": 21.5}, {"x": 65, "y": 315.5, "w": 31.0, "h": 21.5}, {"x": 65, "y": 267.5, "w": 31.0, "h": 21.5}, {"x": 65, "y": 220.5, "w": 31.0, "h": 21.5}, {"x": 65, "y": 172.5, "w": 31.0, "h": 21.5}, {"x": 65, "y": 125.5, "w": 31.0, "h": 21.5}, {"x": 65, "y": 77.5, "w": 31.0, "h": 21.5}, {"x": 65, "y": 29.5, "w": 31.0, "h": 21.5}]}}, "x_axis": {"major_labels": {"bboxes": [{"x": 108, "y": 389, "h": 33.89453125, "w": 33.89451599121094}, {"x": 150, "y": 389, "h": 53.218414306640625, "w": 53.218421936035156}, {"x": 232, "y": 389, "h": 32.88427734375, "w": 32.88426208496094}, {"x": 295, "y": 390, "h": 32.32147216796875, "w": 32.32147216796875}, {"x": 356, "y": 390, "h": 32.272796630859375, "w": 32.272796630859375}, {"x": 418, "y": 390, "h": 32.703704833984375, "w": 32.703704833984375}, {"x": 474, "y": 390, "h": 38.31634521484375, "w": 38.31634521484375}, {"x": 535, "y": 390, "h": 38.76934814453125, "w": 38.769317626953125}, {"x": 596, "y": 390, "h": 40.8250732421875, "w": 40.82501220703125}, {"x": 634, "y": 390, "h": 63.8385009765625, "w": 63.83843994140625}], "values": ["Tunisia", "Saudi Arabia", "Russia", "Turkey", "Jordan", "France", "Morocco", "Lebanon", "Germany", "United Kingdom"]}, "label": {}}}, "models": [{"name": {}, "bboxes": [{"x": 116, "y": 93, "w": 43, "h": 285}, {"x": 178, "y": 259, "w": 43, "h": 119}, {"x": 240, "y": 264, "w": 43, "h": 114}, {"x": 301, "y": 278, "w": 43, "h": 100}, {"x": 363, "y": 283, "w": 43, "h": 95}, {"x": 425, "y": 297, "w": 43, "h": 81}, {"x": 487, "y": 321, "w": 43, "h": 57}, {"x": 549, "y": 335, "w": 43, "h": 43}, {"x": 611, "y": 342, "w": 43, "h": 36}, {"x": 673, "y": 342, "w": 43, "h": 36}], "x": ["Tunisia", "Saudi Arabia", "Russia", "Turkey", "Jordan", "France", "Morocco", "Lebanon", "Germany", "United Kingdom"], "y": ["6 000", "2 500", "2 400", "2 100", "2 000", "1 700", "1 200", "900", "760", "760"], "colors": ["#2876dd", "#2876dd", "#2876dd", "#2876dd", "#2876dd", "#2876dd", "#2876dd", "#2876dd", "#2876dd", "#2876dd"], "labels": ["Tunisia", "Saudi Arabia", "Russia", "Turkey", "Jordan", "France", "Morocco", "Lebanon", "Germany", "United Kingdom"]}], "type": "v_bar"}