{"general_figure_info": {"figure_info": {"bbox": {"x": 96, "y": 45, "w": 629, "h": 392}}, "y_axis": {"label": {"bbox": [{"x": 40, "y": 180, "w": 11, "h": 121.171875}], "text": "Sales in million U.S. dollars"}, "major_labels": {"bboxes": [{"x": 65, "y": 422.5, "w": 21.0, "h": 36.0}, {"x": 65, "y": 357.5, "w": 21.0, "h": 36.0}, {"x": 65, "y": 291.5, "w": 21.0, "h": 36.0}, {"x": 65, "y": 226.5, "w": 21.0, "h": 36.0}, {"x": 65, "y": 161.5, "w": 21.0, "h": 36.0}, {"x": 65, "y": 95.5, "w": 21.0, "h": 36.0}, {"x": 65, "y": 29.5, "w": 21.0, "h": 36.0}]}}, "x_axis": {"major_labels": {"bboxes": [{"x": 165, "y": 447, "h": 12, "w": 72.140625}, {"x": 388, "y": 447, "h": 12, "w": 45.859375}, {"x": 589, "y": 447, "h": 12, "w": 62.984375}], "values": ["Automatic Drip", "Espresso", "Single-Serve"]}, "label": {}}}, "models": [{"name": {}, "bboxes": [{"x": 129, "y": 108, "w": 144, "h": 330}, {"x": 339, "y": 124, "w": 144, "h": 314}, {"x": 548, "y": 349, "w": 144, "h": 89}], "x": ["Automatic Drip", "Espresso", "Single-Serve"], "y": ["505", "481", "136"], "colors": ["#2876dd", "#2876dd", "#2876dd"], "labels": ["Automatic Drip", "Espresso", "Single-Serve"]}], "type": "v_bar"}