{"general_figure_info": {"figure_info": {"bbox": {"x": 94, "y": 45, "w": 631, "h": 377}}, "y_axis": {"label": {"bbox": [{"x": 40, "y": 193, "w": 11, "h": 80.03125}], "text": "Million metric tons"}, "major_labels": {"bboxes": [{"x": 65, "y": 407.5, "w": 19.0, "h": 33.857142857142854}, {"x": 65, "y": 344.5, "w": 19.0, "h": 33.857142857142854}, {"x": 65, "y": 281.5, "w": 19.0, "h": 33.857142857142854}, {"x": 65, "y": 219.5, "w": 19.0, "h": 33.857142857142854}, {"x": 65, "y": 156.5, "w": 19.0, "h": 33.857142857142854}, {"x": 65, "y": 93.5, "w": 19.0, "h": 33.857142857142854}, {"x": 65, "y": 29.5, "w": 19.0, "h": 33.857142857142854}]}}, "x_axis": {"major_labels": {"bboxes": [{"x": 146, "y": 432, "h": 12, "w": 22.28076171875}, {"x": 238, "y": 432, "h": 24, "w": 89.890625}, {"x": 392, "y": 432, "h": 12, "w": 35.484375}, {"x": 522, "y": 432, "h": 12, "w": 29}, {"x": 641, "y": 432, "h": 12, "w": 41.85302734375}], "values": ["Asia", "North, Central and", "Europe", "Africa", "Oceania"]}, "label": {}}}, "models": [{"name": {}, "bboxes": [{"x": 114, "y": 81, "w": 87, "h": 342}, {"x": 240, "y": 148, "w": 87, "h": 275}, {"x": 366, "y": 261, "w": 87, "h": 162}, {"x": 493, "y": 371, "w": 87, "h": 52}, {"x": 619, "y": 406, "w": 87, "h": 17}], "x": ["Asia", "North, Central and", "Europe", "Africa", "Oceania"], "y": ["136.08", "109.24", "64.29", "20.71", "6.86"], "colors": ["#2876dd", "#2876dd", "#2876dd", "#2876dd", "#2876dd"], "labels": ["Asia", "North, Central and", "Europe", "Africa", "Oceania"]}], "type": "v_bar"}