{"general_figure_info": {"figure_info": {"bbox": {"x": 91, "y": 45, "w": 634, "h": 392}}, "y_axis": {"label": {"bbox": [{"x": 40, "y": 149, "w": 11, "h": 183.453125}], "text": "Number of beds per thousand inhabitants"}, "major_labels": {"bboxes": [{"x": 65, "y": 422.5, "w": 16.0, "h": 45.33333333333333}, {"x": 65, "y": 344.5, "w": 16.0, "h": 45.33333333333333}, {"x": 65, "y": 265.5, "w": 16.0, "h": 45.33333333333333}, {"x": 65, "y": 187.5, "w": 16.0, "h": 45.33333333333333}, {"x": 65, "y": 108.5, "w": 16.0, "h": 45.33333333333333}, {"x": 65, "y": 29.5, "w": 16.0, "h": 45.33333333333333}]}}, "x_axis": {"major_labels": {"bboxes": [{"x": 108, "y": 447, "h": 12, "w": 24.484375}, {"x": 166, "y": 447, "h": 12, "w": 23.65625}, {"x": 223, "y": 447, "h": 12, "w": 24.484375}, {"x": 280, "y": 447, "h": 12, "w": 24.484375}, {"x": 338, "y": 447, "h": 12, "w": 24.484375}, {"x": 396, "y": 447, "h": 12, "w": 24.484375}, {"x": 453, "y": 447, "h": 12, "w": 24.484375}, {"x": 511, "y": 447, "h": 12, "w": 24.484375}, {"x": 569, "y": 447, "h": 12, "w": 24.484375}, {"x": 626, "y": 447, "h": 12, "w": 24.484375}, {"x": 684, "y": 447, "h": 12, "w": 24.484375}], "values": ["2010", "2011", "2012", "2013", "2014", "2015", "2016", "2017", "2018", "2019", "2020"]}, "label": {}}}, "models": [{"name": {}, "bboxes": [{"x": 100, "y": 88, "w": 40, "h": 350}, {"x": 158, "y": 90, "w": 40, "h": 348}, {"x": 215, "y": 98, "w": 40, "h": 340}, {"x": 273, "y": 101, "w": 40, "h": 337}, {"x": 331, "y": 106, "w": 40, "h": 332}, {"x": 388, "y": 113, "w": 40, "h": 325}, {"x": 446, "y": 120, "w": 40, "h": 318}, {"x": 504, "y": 124, "w": 40, "h": 314}, {"x": 561, "y": 128, "w": 40, "h": 310}, {"x": 619, "y": 132, "w": 40, "h": 306}, {"x": 676, "y": 139, "w": 40, "h": 299}], "x": ["2010", "2011", "2012", "2013", "2014", "2015", "2016", "2017", "2018", "2019", "2020"], "y": ["2.23", "2.22", "2.17", "2.15", "2.12", "2.07", "2.03", "2", "1.98", "1.95", "1.91"], "colors": ["#2876dd", "#2876dd", "#2876dd", "#2876dd", "#2876dd", "#2876dd", "#2876dd", "#2876dd", "#2876dd", "#2876dd", "#2876dd"], "labels": ["2010", "2011", "2012", "2013", "2014", "2015", "2016", "2017", "2018", "2019", "2020"]}], "type": "v_bar"}