{"general_figure_info": {"figure_info": {"bbox": {"x": 132, "y": 45, "w": 593, "h": 365}}, "y_axis": {"label": {"bbox": [{"x": 40, "y": 182, "w": 11, "h": 90.3740234375}], "text": "Export value in GBP"}, "major_labels": {"bboxes": [{"x": 65, "y": 395.5, "w": 57.0, "h": 20.555555555555557}, {"x": 65, "y": 349.5, "w": 57.0, "h": 20.555555555555557}, {"x": 65, "y": 304.5, "w": 57.0, "h": 20.555555555555557}, {"x": 65, "y": 258.5, "w": 57.0, "h": 20.555555555555557}, {"x": 65, "y": 213.5, "w": 57.0, "h": 20.555555555555557}, {"x": 65, "y": 167.5, "w": 57.0, "h": 20.555555555555557}, {"x": 65, "y": 121.5, "w": 57.0, "h": 20.555555555555557}, {"x": 65, "y": 76.5, "w": 57.0, "h": 20.555555555555557}, {"x": 65, "y": 29.5, "w": 57.0, "h": 20.555555555555557}]}}, "x_axis": {"major_labels": {"bboxes": [{"x": 144, "y": 420, "h": 24, "w": 60.80224609375}, {"x": 231, "y": 420, "h": 36, "w": 56.14453125}, {"x": 311, "y": 420, "h": 24, "w": 64.828125}, {"x": 407, "y": 420, "h": 24, "w": 42.8125}, {"x": 480, "y": 420, "h": 36, "w": 67.52685546875}, {"x": 579, "y": 420, "h": 24, "w": 37.921875}, {"x": 662, "y": 420, "h": 24, "w": 41.224609375}], "values": ["Middle East", "Western", "Sub-Saharan", "Asia and", "Latin America", "Eastern", "North"]}, "label": {}}}, "models": [{"name": {}, "bboxes": [{"x": 145, "y": 98, "w": 58, "h": 313}, {"x": 230, "y": 297, "w": 58, "h": 114}, {"x": 315, "y": 306, "w": 58, "h": 105}, {"x": 400, "y": 307, "w": 58, "h": 104}, {"x": 484, "y": 381, "w": 58, "h": 30}, {"x": 569, "y": 409, "w": 58, "h": 2}, {"x": 654, "y": 411, "w": 58, "h": 0}], "x": ["Middle East", "Western", "Sub-Saharan", "Asia and", "Latin America", "Eastern", "North"], "y": ["17 135 199", "6 251 661", "5 770 861", "5 709 405", "1 670 327", "85 931", "21 932"], "colors": ["#2876dd", "#2876dd", "#2876dd", "#2876dd", "#2876dd", "#2876dd", "#2876dd"], "labels": ["Middle East", "Western", "Sub-Saharan", "Asia and", "Latin America", "Eastern", "North"]}], "type": "v_bar"}