{"general_figure_info": {"figure_info": {"bbox": {"x": 246, "y": 35, "w": 464, "h": 380}}, "y_axis": {"label": {"bbox": [{"x": 40, "y": 178, "w": 11, "h": 94.296875}], "text": "Revenue in billion U.S. dollars"}, "major_labels": {"bboxes": [{"x": 225.5, "y": 153, "w": 31.555555555555557, "h": 182.0}, {"x": 283.5, "y": 153, "w": 31.555555555555557, "h": 182.0}, {"x": 341.5, "y": 153, "w": 31.555555555555557, "h": 182.0}, {"x": 399.5, "y": 153, "w": 31.555555555555557, "h": 182.0}, {"x": 457.5, "y": 153, "w": 31.555555555555557, "h": 182.0}, {"x": 515.5, "y": 153, "w": 31.555555555555557, "h": 182.0}, {"x": 573.5, "y": 153, "w": 31.555555555555557, "h": 182.0}, {"x": 631.5, "y": 153, "w": 31.555555555555557, "h": 182.0}, {"x": 690.5, "y": 153, "w": 31.555555555555557, "h": 182.0}]}}, "x_axis": {"major_labels": {"bboxes": [{"x": 78, "y": 42, "h": 26, "w": 156.1767578125}, {"x": 97, "y": 84, "h": 26, "w": 136.2060546875}, {"x": 120, "y": 126, "h": 26, "w": 113.125}, {"x": 107, "y": 168, "h": 26, "w": 126.43603515625}, {"x": 112, "y": 210, "h": 26, "w": 121.484375}, {"x": 78, "y": 253, "h": 26, "w": 155.1982421875}, {"x": 140, "y": 295, "h": 26, "w": 93.2451171875}, {"x": 149, "y": 337, "h": 26, "w": 84.375}, {"x": 139, "y": 379, "h": 26, "w": 93.5625}], "values": ["Hospital Corporation of America", "Community Health Systems", "Tenet Healthcare Corp.", "Universal Health Services", "Vanguard Health System", "Health Management Associates", "LifePoint Hospitals", "IASIS Healthcare", "Capella Healthcare"]}, "label": {}}}, "models": [{"name": {}, "bboxes": [{"x": 245, "y": 42, "w": 383, "h": 29}, {"x": 245, "y": 84, "w": 151, "h": 29}, {"x": 245, "y": 126, "w": 106, "h": 29}, {"x": 245, "y": 168, "w": 81, "h": 29}, {"x": 245, "y": 210, "w": 70, "h": 29}, {"x": 245, "y": 253, "w": 68, "h": 29}, {"x": 245, "y": 295, "w": 39, "h": 29}, {"x": 245, "y": 337, "w": 29, "h": 29}, {"x": 245, "y": 379, "w": 8, "h": 29}], "x": ["Hospital Corporation of America", "Community Health Systems", "Tenet Healthcare Corp.", "Universal Health Services", "Vanguard Health System", "Health Management Associates", "LifePoint Hospitals", "IASIS Healthcare", "Capella Healthcare"], "y": ["33", "13", "9.1", "7", "6", "5.9", "3.4", "2.5", "0.7"], "colors": ["#2876dd", "#2876dd", "#2876dd", "#2876dd", "#2876dd", "#2876dd", "#2876dd", "#2876dd", "#2876dd"], "labels": ["Hospital Corporation of America", "Community Health Systems", "Tenet Healthcare Corp.", "Universal Health Services", "Vanguard Health System", "Health Management Associates", "LifePoint Hospitals", "IASIS Healthcare", "Capella Healthcare"]}], "type": "h_bar"}