{"general_figure_info": {"figure_info": {"bbox": {"x": 82, "y": 45, "w": 643, "h": 392}}, "y_axis": {"label": {"bbox": [{"x": 40, "y": 193, "w": 11, "h": 95.609375}], "text": "Inhabitants in millions"}, "major_labels": {"bboxes": [{"x": 65, "y": 422.5, "w": 7.0, "h": 36.0}, {"x": 65, "y": 357.5, "w": 7.0, "h": 36.0}, {"x": 65, "y": 291.5, "w": 7.0, "h": 36.0}, {"x": 65, "y": 226.5, "w": 7.0, "h": 36.0}, {"x": 65, "y": 161.5, "w": 7.0, "h": 36.0}, {"x": 65, "y": 95.5, "w": 7.0, "h": 36.0}, {"x": 65, "y": 29.5, "w": 7.0, "h": 36.0}]}}, "x_axis": {"major_labels": {"bboxes": [{"x": 97, "y": 447, "h": 12, "w": 24.484375}, {"x": 151, "y": 447, "h": 12, "w": 23.65625}, {"x": 204, "y": 447, "h": 12, "w": 24.484375}, {"x": 257, "y": 447, "h": 12, "w": 24.484375}, {"x": 311, "y": 447, "h": 12, "w": 24.484375}, {"x": 364, "y": 447, "h": 12, "w": 24.484375}, {"x": 418, "y": 447, "h": 12, "w": 24.484375}, {"x": 472, "y": 447, "h": 12, "w": 24.484375}, {"x": 525, "y": 447, "h": 12, "w": 24.484375}, {"x": 579, "y": 447, "h": 12, "w": 24.484375}, {"x": 632, "y": 447, "h": 12, "w": 24.484375}, {"x": 686, "y": 447, "h": 12, "w": 24.484375}], "values": ["2010", "2011", "2012", "2013", "2014", "2015", "2016", "2017", "2018", "2019", "2020", "2021"]}, "label": {}}}, "models": [{"name": {}, "bboxes": [{"x": 90, "y": 120, "w": 37, "h": 318}, {"x": 144, "y": 117, "w": 37, "h": 321}, {"x": 198, "y": 112, "w": 37, "h": 326}, {"x": 251, "y": 108, "w": 37, "h": 330}, {"x": 305, "y": 103, "w": 37, "h": 335}, {"x": 358, "y": 100, "w": 37, "h": 338}, {"x": 412, "y": 98, "w": 37, "h": 340}, {"x": 466, "y": 94, "w": 37, "h": 344}, {"x": 519, "y": 92, "w": 37, "h": 346}, {"x": 573, "y": 90, "w": 37, "h": 348}, {"x": 626, "y": 87, "w": 37, "h": 351}, {"x": 680, "y": 86, "w": 37, "h": 352}], "x": ["2010", "2011", "2012", "2013", "2014", "2015", "2016", "2017", "2018", "2019", "2020", "2021"], "y": ["4.86", "4.92", "4.99", "5.05", "5.12", "5.17", "5.21", "5.26", "5.3", "5.33", "5.37", "5.39"], "colors": ["#2876dd", "#2876dd", "#2876dd", "#2876dd", "#2876dd", "#2876dd", "#2876dd", "#2876dd", "#2876dd", "#2876dd", "#2876dd", "#2876dd"], "labels": ["2010", "2011", "2012", "2013", "2014", "2015", "2016", "2017", "2018", "2019", "2020", "2021"]}], "type": "v_bar"}