{"general_figure_info": {"figure_info": {"bbox": {"x": 89, "y": 45, "w": 636, "h": 392}}, "y_axis": {"label": {"bbox": [{"x": 40, "y": 167, "w": 11, "h": 147.28125}], "text": "Number of participants in millions"}, "major_labels": {"bboxes": [{"x": 65, "y": 422.5, "w": 14.0, "h": 45.33333333333333}, {"x": 65, "y": 344.5, "w": 14.0, "h": 45.33333333333333}, {"x": 65, "y": 265.5, "w": 14.0, "h": 45.33333333333333}, {"x": 65, "y": 187.5, "w": 14.0, "h": 45.33333333333333}, {"x": 65, "y": 108.5, "w": 14.0, "h": 45.33333333333333}, {"x": 65, "y": 29.5, "w": 14.0, "h": 45.33333333333333}]}}, "x_axis": {"major_labels": {"bboxes": [{"x": 103, "y": 447, "h": 12, "w": 24.484375}, {"x": 156, "y": 447, "h": 12, "w": 24.484375}, {"x": 209, "y": 447, "h": 12, "w": 24.484375}, {"x": 262, "y": 447, "h": 12, "w": 24.484375}, {"x": 315, "y": 447, "h": 12, "w": 24.484375}, {"x": 369, "y": 447, "h": 12, "w": 23.65625}, {"x": 421, "y": 447, "h": 12, "w": 24.484375}, {"x": 474, "y": 447, "h": 12, "w": 24.484375}, {"x": 527, "y": 447, "h": 12, "w": 24.484375}, {"x": 580, "y": 447, "h": 12, "w": 24.484375}, {"x": 633, "y": 447, "h": 12, "w": 24.484375}, {"x": 686, "y": 447, "h": 12, "w": 24.484375}], "values": ["2006", "2007", "2008", "2009", "2010", "2011", "2012", "2013", "2014", "2015", "2016", "2017"]}, "label": {}}}, "models": [{"name": {}, "bboxes": [{"x": 97, "y": 204, "w": 37, "h": 234}, {"x": 150, "y": 161, "w": 37, "h": 277}, {"x": 203, "y": 154, "w": 37, "h": 284}, {"x": 256, "y": 136, "w": 37, "h": 302}, {"x": 309, "y": 140, "w": 37, "h": 298}, {"x": 362, "y": 176, "w": 37, "h": 262}, {"x": 415, "y": 129, "w": 37, "h": 309}, {"x": 468, "y": 158, "w": 37, "h": 280}, {"x": 521, "y": 157, "w": 37, "h": 281}, {"x": 574, "y": 156, "w": 37, "h": 282}, {"x": 627, "y": 150, "w": 37, "h": 288}, {"x": 680, "y": 186, "w": 37, "h": 252}], "x": ["2006", "2007", "2008", "2009", "2010", "2011", "2012", "2013", "2014", "2015", "2016", "2017"], "y": ["5.98", "7.06", "7.24", "7.7", "7.59", "6.68", "7.88", "7.15", "7.18", "7.2", "7.35", "6.43"], "colors": ["#2876dd", "#2876dd", "#2876dd", "#2876dd", "#2876dd", "#2876dd", "#2876dd", "#2876dd", "#2876dd", "#2876dd", "#2876dd", "#2876dd"], "labels": ["2006", "2007", "2008", "2009", "2010", "2011", "2012", "2013", "2014", "2015", "2016", "2017"]}], "type": "v_bar"}