{"general_figure_info": {"figure_info": {"bbox": {"x": 116, "y": 35, "w": 594, "h": 690}}, "y_axis": {"label": {"bbox": [{"x": 365, "y": 756, "w": 96.71875, "h": 11}], "text": "Assets in billion euros"}, "major_labels": {"bboxes": [{"x": 95.5, "y": 731, "w": 39.4, "h": 26.0}, {"x": 161.5, "y": 731, "w": 39.4, "h": 26.0}, {"x": 227.5, "y": 731, "w": 39.4, "h": 26.0}, {"x": 293.5, "y": 731, "w": 39.4, "h": 26.0}, {"x": 359.5, "y": 731, "w": 39.4, "h": 26.0}, {"x": 425.5, "y": 731, "w": 39.4, "h": 26.0}, {"x": 491.5, "y": 731, "w": 39.4, "h": 26.0}, {"x": 557.5, "y": 731, "w": 39.4, "h": 26.0}, {"x": 623.5, "y": 731, "w": 39.4, "h": 26.0}, {"x": 690.5, "y": 731, "w": 39.4, "h": 26.0}]}}, "x_axis": {"major_labels": {"bboxes": [{"x": 42, "y": 48, "h": 12, "w": 61.15625}, {"x": 63, "y": 87, "h": 12, "w": 39.75}, {"x": 58, "y": 125, "h": 12, "w": 45.7353515625}, {"x": 69, "y": 163, "h": 12, "w": 34.25}, {"x": 67, "y": 202, "h": 12, "w": 36.078125}, {"x": 83, "y": 240, "h": 12, "w": 20.673828125}, {"x": 69, "y": 278, "h": 12, "w": 35.11767578125}, {"x": 69, "y": 317, "h": 12, "w": 33.640625}, {"x": 44, "y": 355, "h": 12, "w": 59.81298828125}, {"x": 75, "y": 393, "h": 12, "w": 28.140625}, {"x": 62, "y": 432, "h": 12, "w": 40.984375}, {"x": 61, "y": 470, "h": 12, "w": 42.4599609375}, {"x": 76, "y": 508, "h": 12, "w": 27.78076171875}, {"x": 66, "y": 547, "h": 12, "w": 37.572265625}, {"x": 61, "y": 585, "h": 12, "w": 43.07763671875}, {"x": 74, "y": 623, "h": 12, "w": 30.2353515625}, {"x": 68, "y": 662, "h": 12, "w": 35.34228515625}, {"x": 67, "y": 700, "h": 12, "w": 36.078125}], "values": ["Luxembourg", "Belgium", "Germany", "France", "Finland", "Italy", "Austria", "Ireland", "Netherlands", "Spain", "Portugal", "Slovakia", "Malta", "Estonia", "Slovenia", "Latvia", "Cyprus", "Greece"]}, "label": {}}}, "models": [{"name": {}, "bboxes": [{"x": 115, "y": 40, "w": 490, "h": 27}, {"x": 115, "y": 79, "w": 334, "h": 27}, {"x": 115, "y": 117, "w": 331, "h": 27}, {"x": 115, "y": 155, "w": 240, "h": 27}, {"x": 115, "y": 194, "w": 232, "h": 27}, {"x": 115, "y": 232, "w": 152, "h": 27}, {"x": 115, "y": 270, "w": 150, "h": 27}, {"x": 115, "y": 309, "w": 140, "h": 27}, {"x": 115, "y": 347, "w": 115, "h": 27}, {"x": 115, "y": 385, "w": 93, "h": 27}, {"x": 115, "y": 424, "w": 57, "h": 27}, {"x": 115, "y": 462, "w": 40, "h": 27}, {"x": 115, "y": 500, "w": 18, "h": 27}, {"x": 115, "y": 539, "w": 15, "h": 27}, {"x": 115, "y": 577, "w": 13, "h": 27}, {"x": 115, "y": 615, "w": 10, "h": 27}, {"x": 115, "y": 654, "w": 9, "h": 27}, {"x": 115, "y": 692, "w": 4, "h": 27}], "x": ["Luxembourg", "Belgium", "Germany", "France", "Finland", "Italy", "Austria", "Ireland", "Netherlands", "Spain", "Portugal", "Slovakia", "Malta", "Estonia", "Slovenia", "Latvia", "Cyprus", "Greece"], "y": ["742", "506", "501", "363", "352", "231", "227", "212", "175", "141", "87", "61", "28", "23", "19", "15", "14", "6"], "colors": ["#2876dd", "#2876dd", "#2876dd", "#2876dd", "#2876dd", "#2876dd", "#2876dd", "#2876dd", "#2876dd", "#2876dd", "#2876dd", "#2876dd", "#2876dd", "#2876dd", "#2876dd", "#2876dd", "#2876dd", "#2876dd"], "labels": ["Luxembourg", "Belgium", "Germany", "France", "Finland", "Italy", "Austria", "Ireland", "Netherlands", "Spain", "Portugal", "Slovakia", "Malta", "Estonia", "Slovenia", "Latvia", "Cyprus", "Greece"]}], "type": "h_bar"}