{"general_figure_info": {"figure_info": {"bbox": {"x": 169, "y": 35, "w": 541, "h": 840}}, "y_axis": {"label": {"bbox": [{"x": 410, "y": 906, "w": 58.921875, "h": 11}], "text": "Goals scored"}, "major_labels": {"bboxes": [{"x": 148.5, "y": 881, "w": 47.625, "h": 26.0}, {"x": 225.5, "y": 881, "w": 47.625, "h": 26.0}, {"x": 303.5, "y": 881, "w": 47.625, "h": 26.0}, {"x": 380.5, "y": 881, "w": 47.625, "h": 26.0}, {"x": 457.5, "y": 881, "w": 47.625, "h": 26.0}, {"x": 534.5, "y": 881, "w": 47.625, "h": 26.0}, {"x": 612.5, "y": 881, "w": 47.625, "h": 26.0}, {"x": 690.5, "y": 881, "w": 47.625, "h": 26.0}]}}, "x_axis": {"major_labels": {"bboxes": [{"x": 51, "y": 47, "h": 12, "w": 105.05908203125}, {"x": 45, "y": 84, "h": 12, "w": 111.28125}, {"x": 86, "y": 120, "h": 12, "w": 70.572265625}, {"x": 49, "y": 157, "h": 12, "w": 107.015625}, {"x": 91, "y": 193, "h": 12, "w": 65.21875}, {"x": 79, "y": 230, "h": 12, "w": 77.046875}, {"x": 88, "y": 266, "h": 12, "w": 68.970703125}, {"x": 85, "y": 303, "h": 12, "w": 71.3984375}, {"x": 67, "y": 339, "h": 12, "w": 89.28125}, {"x": 83, "y": 376, "h": 12, "w": 73.26220703125}, {"x": 72, "y": 412, "h": 12, "w": 84.2568359375}, {"x": 79, "y": 449, "h": 12, "w": 77.5322265625}, {"x": 87, "y": 486, "h": 12, "w": 68.98681640625}, {"x": 65, "y": 522, "h": 12, "w": 90.5}, {"x": 77, "y": 559, "h": 12, "w": 79.9814453125}, {"x": 69, "y": 595, "h": 12, "w": 87.421875}, {"x": 75, "y": 632, "h": 12, "w": 81.81298828125}, {"x": 62, "y": 668, "h": 12, "w": 93.5625}, {"x": 67, "y": 705, "h": 12, "w": 89.7783203125}, {"x": 79, "y": 741, "h": 12, "w": 77.521484375}, {"x": 101, "y": 778, "h": 12, "w": 55.12939453125}, {"x": 56, "y": 814, "h": 12, "w": 100.77294921875}, {"x": 86, "y": 851, "h": 12, "w": 69.515625}], "values": ["Alexander Kerzhakov", "Vladimir Beschastnykh", "Artem Dzyuba", "Roman Pavlyuchenko", "Valery Karpin", "Andrei Arshavin", "Fedor Smolov", "Dmitry Sychev", "Aleksandr Kokorin", "Igor Kolyvanov", "Denis Cheryshev", "Sergei Kiryakov", "Alan Dzagoev", "Alexandr Mostovoi", "Igor Simutenkov", "Dmitri Radchenko", "Roman Shirokov", "Sergei Ignashevich", "Pavel Pogrebnyak", "Dmitri Khokhlov", "Yegor Titov", "Konstantin Zyryonov", "Viktor Onopko"]}, "label": {}}}, "models": [{"name": {}, "bboxes": [{"x": 168, "y": 41, "w": 479, "h": 25}, {"x": 168, "y": 77, "w": 402, "h": 25}, {"x": 168, "y": 114, "w": 371, "h": 25}, {"x": 168, "y": 150, "w": 325, "h": 25}, {"x": 168, "y": 187, "w": 263, "h": 25}, {"x": 168, "y": 223, "w": 232, "h": 25}, {"x": 168, "y": 260, "w": 216, "h": 25}, {"x": 168, "y": 296, "w": 216, "h": 25}, {"x": 168, "y": 333, "w": 185, "h": 25}, {"x": 168, "y": 369, "w": 185, "h": 25}, {"x": 168, "y": 406, "w": 170, "h": 25}, {"x": 168, "y": 442, "w": 155, "h": 25}, {"x": 168, "y": 479, "w": 155, "h": 25}, {"x": 168, "y": 516, "w": 155, "h": 25}, {"x": 168, "y": 552, "w": 139, "h": 25}, {"x": 168, "y": 589, "w": 139, "h": 25}, {"x": 168, "y": 625, "w": 124, "h": 25}, {"x": 168, "y": 662, "w": 124, "h": 25}, {"x": 168, "y": 698, "w": 124, "h": 25}, {"x": 168, "y": 735, "w": 108, "h": 25}, {"x": 168, "y": 771, "w": 108, "h": 25}, {"x": 168, "y": 808, "w": 108, "h": 25}, {"x": 168, "y": 844, "w": 108, "h": 25}], "x": ["Alexander Kerzhakov", "Vladimir Beschastnykh", "Artem Dzyuba", "Roman Pavlyuchenko", "Valery Karpin", "Andrei Arshavin", "Fedor Smolov", "Dmitry Sychev", "Aleksandr Kokorin", "Igor Kolyvanov", "Denis Cheryshev", "Sergei Kiryakov", "Alan Dzagoev", "Alexandr Mostovoi", "Igor Simutenkov", "Dmitri Radchenko", "Roman Shirokov", "Sergei Ignashevich", "Pavel Pogrebnyak", "Dmitri Khokhlov", "Yegor Titov", "Konstantin Zyryonov", "Viktor Onopko"], "y": ["31", "26", "24", "21", "17", "15", "14", "14", "12", "12", "11", "10", "10", "10", "9", "9", "8", "8", "8", "7", "7", "7", "7"], "colors": ["#2876dd", "#2876dd", "#2876dd", "#2876dd", "#2876dd", "#2876dd", "#2876dd", "#2876dd", "#2876dd", "#2876dd", "#2876dd", "#2876dd", "#2876dd", "#2876dd", "#2876dd", "#2876dd", "#2876dd", "#2876dd", "#2876dd", "#2876dd", "#2876dd", "#2876dd", "#2876dd"], "labels": ["Alexander Kerzhakov", "Vladimir Beschastnykh", "Artem Dzyuba", "Roman Pavlyuchenko", "Valery Karpin", "Andrei Arshavin", "Fedor Smolov", "Dmitry Sychev", "Aleksandr Kokorin", "Igor Kolyvanov", "Denis Cheryshev", "Sergei Kiryakov", "Alan Dzagoev", "Alexandr Mostovoi", "Igor Simutenkov", "Dmitri Radchenko", "Roman Shirokov", "Sergei Ignashevich", "Pavel Pogrebnyak", "Dmitri Khokhlov", "Yegor Titov", "Konstantin Zyryonov", "Viktor Onopko"]}], "type": "h_bar"}