{"general_figure_info": {"figure_info": {"bbox": {"x": 88, "y": 45, "w": 637, "h": 392}}, "y_axis": {"label": {"bbox": [{"x": 40, "y": 156, "w": 11, "h": 170.09375}], "text": "Mobile phone internet users in millions"}, "major_labels": {"bboxes": [{"x": 65, "y": 422.5, "w": 13.0, "h": 23.555555555555557}, {"x": 65, "y": 373.5, "w": 13.0, "h": 23.555555555555557}, {"x": 65, "y": 324.5, "w": 13.0, "h": 23.555555555555557}, {"x": 65, "y": 275.5, "w": 13.0, "h": 23.555555555555557}, {"x": 65, "y": 226.5, "w": 13.0, "h": 23.555555555555557}, {"x": 65, "y": 177.5, "w": 13.0, "h": 23.555555555555557}, {"x": 65, "y": 128.5, "w": 13.0, "h": 23.555555555555557}, {"x": 65, "y": 79.5, "w": 13.0, "h": 23.555555555555557}, {"x": 65, "y": 29.5, "w": 13.0, "h": 23.555555555555557}]}}, "x_axis": {"major_labels": {"bboxes": [{"x": 105, "y": 447, "h": 12, "w": 24.484375}, {"x": 163, "y": 447, "h": 12, "w": 24.484375}, {"x": 221, "y": 447, "h": 12, "w": 24.484375}, {"x": 278, "y": 447, "h": 12, "w": 24.484375}, {"x": 336, "y": 447, "h": 12, "w": 24.484375}, {"x": 392, "y": 447, "h": 12, "w": 29.470703125}, {"x": 450, "y": 447, "h": 12, "w": 29.470703125}, {"x": 508, "y": 447, "h": 12, "w": 29.470703125}, {"x": 566, "y": 447, "h": 12, "w": 29.470703125}, {"x": 624, "y": 447, "h": 12, "w": 29.470703125}, {"x": 682, "y": 447, "h": 12, "w": 29.470703125}], "values": ["2015", "2016", "2017", "2018", "2019", "2020*", "2021*", "2022*", "2023*", "2024*", "2025*"]}, "label": {}}}, "models": [{"name": {}, "bboxes": [{"x": 97, "y": 270, "w": 40, "h": 168}, {"x": 155, "y": 228, "w": 40, "h": 210}, {"x": 213, "y": 190, "w": 40, "h": 248}, {"x": 271, "y": 161, "w": 40, "h": 277}, {"x": 329, "y": 140, "w": 40, "h": 298}, {"x": 387, "y": 126, "w": 40, "h": 312}, {"x": 445, "y": 116, "w": 40, "h": 322}, {"x": 503, "y": 109, "w": 40, "h": 329}, {"x": 560, "y": 103, "w": 40, "h": 335}, {"x": 618, "y": 98, "w": 40, "h": 340}, {"x": 676, "y": 93, "w": 40, "h": 345}], "x": ["2015", "2016", "2017", "2018", "2019", "2020*", "2021*", "2022*", "2023*", "2024*", "2025*"], "y": ["17.15", "21.47", "25.33", "28.29", "30.38", "31.82", "32.84", "33.6", "34.21", "34.72", "35.17"], "colors": ["#2876dd", "#2876dd", "#2876dd", "#2876dd", "#2876dd", "#2876dd", "#2876dd", "#2876dd", "#2876dd", "#2876dd", "#2876dd"], "labels": ["2015", "2016", "2017", "2018", "2019", "2020*", "2021*", "2022*", "2023*", "2024*", "2025*"]}], "type": "v_bar"}