{"general_figure_info": {"figure_info": {"bbox": {"x": 89, "y": 45, "w": 636, "h": 392}}, "y_axis": {"label": {"bbox": [{"x": 40, "y": 174, "w": 11, "h": 133.40625}], "text": "Revenue in billion U.S. dollars"}, "major_labels": {"bboxes": [{"x": 65, "y": 422.5, "w": 14.0, "h": 36.0}, {"x": 65, "y": 357.5, "w": 14.0, "h": 36.0}, {"x": 65, "y": 291.5, "w": 14.0, "h": 36.0}, {"x": 65, "y": 226.5, "w": 14.0, "h": 36.0}, {"x": 65, "y": 161.5, "w": 14.0, "h": 36.0}, {"x": 65, "y": 95.5, "w": 14.0, "h": 36.0}, {"x": 65, "y": 29.5, "w": 14.0, "h": 36.0}]}}, "x_axis": {"major_labels": {"bboxes": [{"x": 109, "y": 447, "h": 12, "w": 24.484375}, {"x": 172, "y": 447, "h": 12, "w": 24.484375}, {"x": 236, "y": 447, "h": 12, "w": 24.484375}, {"x": 299, "y": 447, "h": 12, "w": 24.484375}, {"x": 363, "y": 447, "h": 12, "w": 24.484375}, {"x": 427, "y": 447, "h": 12, "w": 24.484375}, {"x": 490, "y": 447, "h": 12, "w": 24.484375}, {"x": 554, "y": 447, "h": 12, "w": 23.65625}, {"x": 617, "y": 447, "h": 12, "w": 24.484375}, {"x": 681, "y": 447, "h": 12, "w": 24.484375}], "values": ["2004", "2005", "2006", "2007", "2008", "2009", "2010", "2011", "2012", "2013"]}, "label": {}}}, "models": [{"name": {}, "bboxes": [{"x": 99, "y": 130, "w": 44, "h": 308}, {"x": 163, "y": 138, "w": 44, "h": 300}, {"x": 226, "y": 122, "w": 44, "h": 316}, {"x": 290, "y": 134, "w": 44, "h": 304}, {"x": 353, "y": 135, "w": 44, "h": 303}, {"x": 417, "y": 174, "w": 44, "h": 264}, {"x": 481, "y": 169, "w": 44, "h": 269}, {"x": 544, "y": 143, "w": 44, "h": 295}, {"x": 608, "y": 113, "w": 44, "h": 325}, {"x": 671, "y": 125, "w": 44, "h": 313}], "x": ["2004", "2005", "2006", "2007", "2008", "2009", "2010", "2011", "2012", "2013"], "y": ["47.2", "45.92", "48.35", "46.56", "46.38", "40.44", "41.11", "45.17", "49.71", "47.88"], "colors": ["#2876dd", "#2876dd", "#2876dd", "#2876dd", "#2876dd", "#2876dd", "#2876dd", "#2876dd", "#2876dd", "#2876dd"], "labels": ["2004", "2005", "2006", "2007", "2008", "2009", "2010", "2011", "2012", "2013"]}], "type": "v_bar"}