{"general_figure_info": {"figure_info": {"bbox": {"x": 111, "y": 35, "w": 599, "h": 380}}, "y_axis": {"label": {"bbox": [{"x": 380, "y": 446, "w": 60.046875, "h": 11}], "text": "Index ranking"}, "major_labels": {"bboxes": [{"x": 90.5, "y": 421, "w": 54.875, "h": 26.0}, {"x": 176.5, "y": 421, "w": 54.875, "h": 26.0}, {"x": 261.5, "y": 421, "w": 54.875, "h": 26.0}, {"x": 347.5, "y": 421, "w": 54.875, "h": 26.0}, {"x": 432.5, "y": 421, "w": 54.875, "h": 26.0}, {"x": 518.5, "y": 421, "w": 54.875, "h": 26.0}, {"x": 603.5, "y": 421, "w": 54.875, "h": 26.0}, {"x": 690.5, "y": 421, "w": 54.875, "h": 26.0}]}}, "x_axis": {"major_labels": {"bboxes": [{"x": 59, "y": 67, "h": 12, "w": 39.6337890625}, {"x": 56, "y": 143, "h": 12, "w": 42.13671875}, {"x": 51, "y": 219, "h": 12, "w": 47.078125}, {"x": 44, "y": 295, "h": 12, "w": 54.4384765625}, {"x": 48, "y": 371, "h": 12, "w": 50.0107421875}], "values": ["Subway", "Wendy's", "Pizza Hut", "Chick-Fil-A", "Five Guys"]}, "label": {}}}, "models": [{"name": {}, "bboxes": [{"x": 110, "y": 47, "w": 522, "h": 52}, {"x": 110, "y": 123, "w": 479, "h": 52}, {"x": 110, "y": 199, "w": 409, "h": 52}, {"x": 110, "y": 275, "w": 397, "h": 52}, {"x": 110, "y": 351, "w": 366, "h": 52}], "x": ["Subway", "Wendy's", "Pizza Hut", "Chick-Fil-A", "Five Guys"], "y": ["30.5", "28", "23.9", "23.2", "21.4"], "colors": ["#2876dd", "#2876dd", "#2876dd", "#2876dd", "#2876dd"], "labels": ["Subway", "Wendy's", "Pizza Hut", "Chick-Fil-A", "Five Guys"]}], "type": "h_bar"}