{"general_figure_info": {"figure_info": {"bbox": {"x": 169, "y": 35, "w": 541, "h": 1080}}, "y_axis": {"label": {"bbox": [{"x": 380, "y": 1146, "w": 118.375, "h": 11}], "text": "Twitter followers in millions"}, "major_labels": {"bboxes": [{"x": 148.5, "y": 1121, "w": 47.625, "h": 26.0}, {"x": 225.5, "y": 1121, "w": 47.625, "h": 26.0}, {"x": 303.5, "y": 1121, "w": 47.625, "h": 26.0}, {"x": 380.5, "y": 1121, "w": 47.625, "h": 26.0}, {"x": 457.5, "y": 1121, "w": 47.625, "h": 26.0}, {"x": 534.5, "y": 1121, "w": 47.625, "h": 26.0}, {"x": 612.5, "y": 1121, "w": 47.625, "h": 26.0}, {"x": 690.5, "y": 1121, "w": 47.625, "h": 26.0}]}}, "x_axis": {"major_labels": {"bboxes": [{"x": 50, "y": 46, "h": 12, "w": 106}, {"x": 55, "y": 81, "h": 12, "w": 101.9921875}, {"x": 56, "y": 116, "h": 12, "w": 100.17138671875}, {"x": 58, "y": 151, "h": 12, "w": 98.9521484375}, {"x": 63, "y": 186, "h": 12, "w": 93.43603515625}, {"x": 58, "y": 221, "h": 12, "w": 98.94677734375}, {"x": 88, "y": 255, "h": 12, "w": 68.9814453125}, {"x": 65, "y": 290, "h": 12, "w": 91.6044921875}, {"x": 67, "y": 325, "h": 12, "w": 89.75146484375}, {"x": 65, "y": 360, "h": 12, "w": 91.00830078125}, {"x": 97, "y": 395, "h": 12, "w": 59.796875}, {"x": 58, "y": 430, "h": 12, "w": 98.125}, {"x": 84, "y": 464, "h": 12, "w": 72.45654296875}, {"x": 74, "y": 499, "h": 12, "w": 82.42529296875}, {"x": 73, "y": 534, "h": 12, "w": 83.6552734375}, {"x": 56, "y": 569, "h": 12, "w": 100.97705078125}, {"x": 83, "y": 604, "h": 12, "w": 73.87451171875}, {"x": 66, "y": 639, "h": 12, "w": 90.96533203125}, {"x": 53, "y": 674, "h": 12, "w": 102.734375}, {"x": 81, "y": 708, "h": 12, "w": 75.203125}, {"x": 79, "y": 743, "h": 12, "w": 77.521484375}, {"x": 61, "y": 778, "h": 12, "w": 95.87451171875}, {"x": 79, "y": 813, "h": 12, "w": 77.5322265625}, {"x": 74, "y": 848, "h": 12, "w": 82.4306640625}, {"x": 87, "y": 883, "h": 12, "w": 69.58837890625}, {"x": 62, "y": 917, "h": 12, "w": 94.66064453125}, {"x": 58, "y": 952, "h": 12, "w": 98.265625}, {"x": 41, "y": 987, "h": 12, "w": 115.44140625}, {"x": 59, "y": 1022, "h": 12, "w": 97.7060546875}, {"x": 75, "y": 1057, "h": 12, "w": 81.2060546875}, {"x": 75, "y": 1092, "h": 12, "w": 81.2060546875}], "values": ["NHL - league account", "Chicago Blackhawks", "Toronto Maple Leafs", "Pittsburgh Penguins", "Philadelphia Flyers", "Montreal Canadiens", "Boston Bruins", "New York Rangers", "Detroit Red Wings", "Los Angeles Kings", "Dallas Stars", "Vancouver Canucks", "Buffalo Sabres", "Edmonton Oilers", "San Jose Sharks", "Washington Capitals", "St. Louis Blues", "New Jersey Devils", "Tampa Bay Lightning", "Minnesota Wild", "Calgary Flames", "Nashville Predators", "Anaheim Ducks", "Ottawa Senators", "Winnipeg Jets", "New York Islanders", "Colorado Avalanche", "Columbus Blue Jackets", "Carolina Hurricanes", "Florida Panthers", "Arizona Coyotes"]}, "label": {}}}, "models": [{"name": {}, "bboxes": [{"x": 168, "y": 40, "w": 487, "h": 24}, {"x": 168, "y": 75, "w": 185, "h": 24}, {"x": 168, "y": 110, "w": 147, "h": 24}, {"x": 168, "y": 145, "w": 139, "h": 24}, {"x": 168, "y": 180, "w": 116, "h": 24}, {"x": 168, "y": 215, "w": 116, "h": 24}, {"x": 168, "y": 249, "w": 116, "h": 24}, {"x": 168, "y": 284, "w": 108, "h": 24}, {"x": 168, "y": 319, "w": 93, "h": 24}, {"x": 168, "y": 354, "w": 85, "h": 24}, {"x": 168, "y": 389, "w": 77, "h": 24}, {"x": 168, "y": 424, "w": 77, "h": 24}, {"x": 168, "y": 458, "w": 66, "h": 24}, {"x": 168, "y": 493, "w": 65, "h": 24}, {"x": 168, "y": 528, "w": 63, "h": 24}, {"x": 168, "y": 563, "w": 60, "h": 24}, {"x": 168, "y": 598, "w": 58, "h": 24}, {"x": 168, "y": 633, "w": 57, "h": 24}, {"x": 168, "y": 667, "w": 56, "h": 24}, {"x": 168, "y": 702, "w": 53, "h": 24}, {"x": 168, "y": 737, "w": 49, "h": 24}, {"x": 168, "y": 772, "w": 47, "h": 24}, {"x": 168, "y": 807, "w": 46, "h": 24}, {"x": 168, "y": 842, "w": 46, "h": 24}, {"x": 168, "y": 876, "w": 43, "h": 24}, {"x": 168, "y": 911, "w": 43, "h": 24}, {"x": 168, "y": 946, "w": 43, "h": 24}, {"x": 168, "y": 981, "w": 39, "h": 24}, {"x": 168, "y": 1016, "w": 37, "h": 24}, {"x": 168, "y": 1051, "w": 30, "h": 24}, {"x": 168, "y": 1085, "w": 29, "h": 24}], "x": ["NHL - league account", "Chicago Blackhawks", "Toronto Maple Leafs", "Pittsburgh Penguins", "Philadelphia Flyers", "Montreal Canadiens", "Boston Bruins", "New York Rangers", "Detroit Red Wings", "Los Angeles Kings", "Dallas Stars", "Vancouver Canucks", "Buffalo Sabres", "Edmonton Oilers", "San Jose Sharks", "Washington Capitals", "St. Louis Blues", "New Jersey Devils", "Tampa Bay Lightning", "Minnesota Wild", "Calgary Flames", "Nashville Predators", "Anaheim Ducks", "Ottawa Senators", "Winnipeg Jets", "New York Islanders", "Colorado Avalanche", "Columbus Blue Jackets", "Carolina Hurricanes", "Florida Panthers", "Arizona Coyotes"], "y": ["6.3", "2.4", "1.9", "1.8", "1.5", "1.5", "1.5", "1.4", "1.2", "1.1", "1", "1", "0.86", "0.84", "0.81", "0.78", "0.75", "0.74", "0.73", "0.69", "0.64", "0.61", "0.6", "0.59", "0.56", "0.55", "0.55", "0.5", "0.48", "0.39", "0.38"], "colors": ["#2876dd", "#2876dd", "#2876dd", "#2876dd", "#2876dd", "#2876dd", "#2876dd", "#2876dd", "#2876dd", "#2876dd", "#2876dd", "#2876dd", "#2876dd", "#2876dd", "#2876dd", "#2876dd", "#2876dd", "#2876dd", "#2876dd", "#2876dd", "#2876dd", "#2876dd", "#2876dd", "#2876dd", "#2876dd", "#2876dd", "#2876dd", "#2876dd", "#2876dd", "#2876dd", "#2876dd"], "labels": ["NHL - league account", "Chicago Blackhawks", "Toronto Maple Leafs", "Pittsburgh Penguins", "Philadelphia Flyers", "Montreal Canadiens", "Boston Bruins", "New York Rangers", "Detroit Red Wings", "Los Angeles Kings", "Dallas Stars", "Vancouver Canucks", "Buffalo Sabres", "Edmonton Oilers", "San Jose Sharks", "Washington Capitals", "St. Louis Blues", "New Jersey Devils", "Tampa Bay Lightning", "Minnesota Wild", "Calgary Flames", "Nashville Predators", "Anaheim Ducks", "Ottawa Senators", "Winnipeg Jets", "New York Islanders", "Colorado Avalanche", "Columbus Blue Jackets", "Carolina Hurricanes", "Florida Panthers", "Arizona Coyotes"]}], "type": "h_bar"}