{"general_figure_info": {"figure_info": {"bbox": {"x": 143, "y": 35, "w": 567, "h": 540}}, "y_axis": {"label": {"bbox": [{"x": 350, "y": 606, "w": 153.984375, "h": 11}], "text": "Number of punt return touchdowns"}, "major_labels": {"bboxes": [{"x": 122.5, "y": 581, "w": 43.0, "h": 26.0}, {"x": 193.5, "y": 581, "w": 43.0, "h": 26.0}, {"x": 264.5, "y": 581, "w": 43.0, "h": 26.0}, {"x": 335.5, "y": 581, "w": 43.0, "h": 26.0}, {"x": 406.5, "y": 581, "w": 43.0, "h": 26.0}, {"x": 476.5, "y": 581, "w": 43.0, "h": 26.0}, {"x": 547.5, "y": 581, "w": 43.0, "h": 26.0}, {"x": 618.5, "y": 581, "w": 43.0, "h": 26.0}, {"x": 690.5, "y": 581, "w": 43.0, "h": 26.0}]}}, "x_axis": {"major_labels": {"bboxes": [{"x": 66, "y": 50, "h": 12, "w": 63.91455078125}, {"x": 73, "y": 91, "h": 12, "w": 58.3984375}, {"x": 64, "y": 133, "h": 12, "w": 66.03125}, {"x": 43, "y": 174, "h": 12, "w": 86.828125}, {"x": 42, "y": 216, "h": 12, "w": 88.046875}, {"x": 58, "y": 257, "h": 12, "w": 71.53125}, {"x": 62, "y": 299, "h": 12, "w": 68.484375}, {"x": 56, "y": 341, "h": 12, "w": 74.47607421875}, {"x": 54, "y": 382, "h": 12, "w": 75.828125}, {"x": 79, "y": 424, "h": 12, "w": 51.359375}, {"x": 65, "y": 465, "h": 12, "w": 64.828125}, {"x": 54, "y": 507, "h": 12, "w": 76.919921875}, {"x": 57, "y": 548, "h": 12, "w": 73.267578125}], "values": ["Devin Hester", "Eric Metcalf", "Brian Mitchell", "Jack Christiansen", "Desmond Howard", "Rick Upchurch", "Dave Meggett", "Darren Sproles", "Darrien Gordon", "Dante Hall", "Billy Johnson", "Jermaine Lewis", "Deion Sanders"]}, "label": {}}}, "models": [{"name": {}, "bboxes": [{"x": 142, "y": 41, "w": 496, "h": 29}, {"x": 142, "y": 83, "w": 354, "h": 29}, {"x": 142, "y": 124, "w": 319, "h": 29}, {"x": 142, "y": 166, "w": 283, "h": 29}, {"x": 142, "y": 207, "w": 283, "h": 29}, {"x": 142, "y": 249, "w": 283, "h": 29}, {"x": 142, "y": 290, "w": 248, "h": 29}, {"x": 142, "y": 332, "w": 248, "h": 29}, {"x": 142, "y": 373, "w": 213, "h": 29}, {"x": 142, "y": 415, "w": 213, "h": 29}, {"x": 142, "y": 456, "w": 213, "h": 29}, {"x": 142, "y": 498, "w": 213, "h": 29}, {"x": 142, "y": 539, "w": 213, "h": 29}], "x": ["Devin Hester", "Eric Metcalf", "Brian Mitchell", "Jack Christiansen", "Desmond Howard", "Rick Upchurch", "Dave Meggett", "Darren Sproles", "Darrien Gordon", "Dante Hall", "Billy Johnson", "Jermaine Lewis", "Deion Sanders"], "y": ["14", "10", "9", "8", "8", "8", "7", "7", "6", "6", "6", "6", "6"], "colors": ["#2876dd", "#2876dd", "#2876dd", "#2876dd", "#2876dd", "#2876dd", "#2876dd", "#2876dd", "#2876dd", "#2876dd", "#2876dd", "#2876dd", "#2876dd"], "labels": ["Devin Hester", "Eric Metcalf", "Brian Mitchell", "Jack Christiansen", "Desmond Howard", "Rick Upchurch", "Dave Meggett", "Darren Sproles", "Darrien Gordon", "Dante Hall", "Billy Johnson", "Jermaine Lewis", "Deion Sanders"]}], "type": "h_bar"}