{"general_figure_info": {"figure_info": {"bbox": {"x": 134, "y": 35, "w": 576, "h": 380}}, "y_axis": {"label": {"bbox": [{"x": 384, "y": 446, "w": 76.140625, "h": 11}], "text": "Number of SMEs"}, "major_labels": {"bboxes": [{"x": 113.5, "y": 421, "w": 37.6, "h": 26.0}, {"x": 177.5, "y": 421, "w": 37.6, "h": 26.0}, {"x": 241.5, "y": 421, "w": 37.6, "h": 26.0}, {"x": 305.5, "y": 421, "w": 37.6, "h": 26.0}, {"x": 369.5, "y": 421, "w": 37.6, "h": 26.0}, {"x": 433.5, "y": 421, "w": 37.6, "h": 26.0}, {"x": 497.5, "y": 421, "w": 37.6, "h": 26.0}, {"x": 561.5, "y": 421, "w": 37.6, "h": 26.0}, {"x": 625.5, "y": 421, "w": 37.6, "h": 26.0}, {"x": 690.5, "y": 421, "w": 37.6, "h": 26.0}]}}, "x_axis": {"major_labels": {"bboxes": [{"x": 101, "y": 61, "h": 12, "w": 20.673828125}, {"x": 43, "y": 124, "h": 12, "w": 78.28125}, {"x": 87, "y": 187, "h": 12, "w": 34.25}, {"x": 93, "y": 251, "h": 12, "w": 28.140625}, {"x": 87, "y": 314, "h": 12, "w": 34.265625}, {"x": 76, "y": 377, "h": 12, "w": 45.7353515625}], "values": ["Italy", "United Kingdom", "France", "Spain", "Poland", "Germany"]}, "label": {}}}, "models": [{"name": {}, "bboxes": [{"x": 133, "y": 44, "w": 521, "h": 44}, {"x": 133, "y": 108, "w": 417, "h": 44}, {"x": 133, "y": 171, "w": 388, "h": 44}, {"x": 133, "y": 234, "w": 372, "h": 44}, {"x": 133, "y": 298, "w": 340, "h": 44}, {"x": 133, "y": 361, "w": 223, "h": 44}], "x": ["Italy", "United Kingdom", "France", "Spain", "Poland", "Germany"], "y": ["814", "652", "607", "582", "531", "348"], "colors": ["#2876dd", "#2876dd", "#2876dd", "#2876dd", "#2876dd", "#2876dd"], "labels": ["Italy", "United Kingdom", "France", "Spain", "Poland", "Germany"]}], "type": "h_bar"}