{"general_figure_info": {"figure_info": {"bbox": {"x": 96, "y": 45, "w": 629, "h": 392}}, "y_axis": {"label": {"bbox": [{"x": 40, "y": 170, "w": 11, "h": 141.734375}], "text": "Total investment in million euros"}, "major_labels": {"bboxes": [{"x": 65, "y": 422.5, "w": 21.0, "h": 36.0}, {"x": 65, "y": 357.5, "w": 21.0, "h": 36.0}, {"x": 65, "y": 291.5, "w": 21.0, "h": 36.0}, {"x": 65, "y": 226.5, "w": 21.0, "h": 36.0}, {"x": 65, "y": 161.5, "w": 21.0, "h": 36.0}, {"x": 65, "y": 95.5, "w": 21.0, "h": 36.0}, {"x": 65, "y": 29.5, "w": 21.0, "h": 36.0}]}}, "x_axis": {"major_labels": {"bboxes": [{"x": 115, "y": 447, "h": 12, "w": 24.484375}, {"x": 178, "y": 447, "h": 12, "w": 24.484375}, {"x": 241, "y": 447, "h": 12, "w": 24.484375}, {"x": 304, "y": 447, "h": 12, "w": 24.484375}, {"x": 367, "y": 447, "h": 12, "w": 23.65625}, {"x": 430, "y": 447, "h": 12, "w": 24.484375}, {"x": 493, "y": 447, "h": 12, "w": 24.484375}, {"x": 556, "y": 447, "h": 12, "w": 24.484375}, {"x": 618, "y": 447, "h": 12, "w": 24.484375}, {"x": 681, "y": 447, "h": 12, "w": 24.484375}], "values": ["2007", "2008", "2009", "2010", "2011", "2012", "2013", "2014", "2015", "2016"]}, "label": {}}}, "models": [{"name": {}, "bboxes": [{"x": 106, "y": 321, "w": 44, "h": 117}, {"x": 169, "y": 133, "w": 44, "h": 305}, {"x": 232, "y": 386, "w": 44, "h": 52}, {"x": 295, "y": 418, "w": 44, "h": 20}, {"x": 358, "y": 426, "w": 44, "h": 12}, {"x": 420, "y": 438, "w": 44, "h": 0}, {"x": 483, "y": 437, "w": 44, "h": 1}, {"x": 546, "y": 438, "w": 44, "h": 0}, {"x": 609, "y": 438, "w": 44, "h": 0}, {"x": 672, "y": 438, "w": 44, "h": 0}], "x": ["2007", "2008", "2009", "2010", "2011", "2012", "2013", "2014", "2015", "2016"], "y": ["89.62", "233.7", "40.01", "15", "9.29", "0", "1.14", "0.2", "0", "0"], "colors": ["#2876dd", "#2876dd", "#2876dd", "#2876dd", "#2876dd", "#2876dd", "#2876dd", "#2876dd", "#2876dd", "#2876dd"], "labels": ["2007", "2008", "2009", "2010", "2011", "2012", "2013", "2014", "2015", "2016"]}], "type": "v_bar"}