{"general_figure_info": {"figure_info": {"bbox": {"x": 89, "y": 45, "w": 636, "h": 392}}, "y_axis": {"label": {"bbox": [{"x": 40, "y": 198, "w": 11, "h": 86.734375}], "text": "Share of population"}, "major_labels": {"bboxes": [{"x": 65, "y": 422.5, "w": 14.0, "h": 45.33333333333333}, {"x": 65, "y": 344.5, "w": 14.0, "h": 45.33333333333333}, {"x": 65, "y": 265.5, "w": 14.0, "h": 45.33333333333333}, {"x": 65, "y": 187.5, "w": 14.0, "h": 45.33333333333333}, {"x": 65, "y": 108.5, "w": 14.0, "h": 45.33333333333333}, {"x": 65, "y": 29.5, "w": 14.0, "h": 45.33333333333333}]}}, "x_axis": {"major_labels": {"bboxes": [{"x": 133, "y": 447, "h": 12, "w": 70.328125}, {"x": 289, "y": 447, "h": 12, "w": 76.4375}, {"x": 448, "y": 447, "h": 12, "w": 76.4375}, {"x": 607, "y": 447, "h": 12, "w": 76.4375}], "values": ["March 5, 2020", "March 12, 2020", "March 19, 2020", "March 26, 2020"]}, "label": {}}}, "models": [{"name": {}, "bboxes": [{"x": 114, "y": 199, "w": 109, "h": 239}, {"x": 273, "y": 173, "w": 109, "h": 265}, {"x": 432, "y": 116, "w": 109, "h": 322}, {"x": 591, "y": 122, "w": 109, "h": 316}], "x": ["March 5, 2020", "March 12, 2020", "March 19, 2020", "March 26, 2020"], "y": ["15.26", "16.87", "20.56", "20.14"], "colors": ["#2876dd", "#2876dd", "#2876dd", "#2876dd"], "labels": ["March 5, 2020", "March 12, 2020", "March 19, 2020", "March 26, 2020"]}], "type": "v_bar"}