{"general_figure_info": {"figure_info": {"bbox": {"x": 196, "y": 35, "w": 514, "h": 1260}}, "y_axis": {"label": {"bbox": [{"x": 393, "y": 1326, "w": 120.65625, "h": 11}], "text": "Volume in thousand tonnes"}, "major_labels": {"bboxes": [{"x": 175.5, "y": 1301, "w": 31.4, "h": 26.0}, {"x": 232.5, "y": 1301, "w": 31.4, "h": 26.0}, {"x": 289.5, "y": 1301, "w": 31.4, "h": 26.0}, {"x": 346.5, "y": 1301, "w": 31.4, "h": 26.0}, {"x": 403.5, "y": 1301, "w": 31.4, "h": 26.0}, {"x": 461.5, "y": 1301, "w": 31.4, "h": 26.0}, {"x": 518.5, "y": 1301, "w": 31.4, "h": 26.0}, {"x": 575.5, "y": 1301, "w": 31.4, "h": 26.0}, {"x": 632.5, "y": 1301, "w": 31.4, "h": 26.0}, {"x": 690.5, "y": 1301, "w": 31.4, "h": 26.0}]}}, "x_axis": {"major_labels": {"bboxes": [{"x": 149, "y": 46, "h": 12, "w": 34.265625}, {"x": 142, "y": 80, "h": 12, "w": 41.265625}, {"x": 163, "y": 114, "h": 12, "w": 20.673828125}, {"x": 149, "y": 148, "h": 12, "w": 34.25}, {"x": 138, "y": 182, "h": 12, "w": 45.7353515625}, {"x": 141, "y": 216, "h": 12, "w": 42.07763671875}, {"x": 155, "y": 250, "h": 12, "w": 28.140625}, {"x": 139, "y": 284, "h": 12, "w": 44.90380859375}, {"x": 105, "y": 318, "h": 12, "w": 78.28125}, {"x": 149, "y": 353, "h": 12, "w": 35.11767578125}, {"x": 144, "y": 387, "h": 12, "w": 39.85302734375}, {"x": 147, "y": 421, "h": 12, "w": 36.078125}, {"x": 132, "y": 455, "h": 12, "w": 52.07763671875}, {"x": 124, "y": 489, "h": 12, "w": 59.81298828125}, {"x": 142, "y": 523, "h": 12, "w": 40.984375}, {"x": 126, "y": 557, "h": 12, "w": 56.859375}, {"x": 143, "y": 591, "h": 12, "w": 40.623046875}, {"x": 99, "y": 625, "h": 12, "w": 84.64990234375}, {"x": 47, "y": 659, "h": 12, "w": 136.4736328125}, {"x": 139, "y": 693, "h": 12, "w": 44.75146484375}, {"x": 148, "y": 727, "h": 12, "w": 36.34228515625}, {"x": 141, "y": 761, "h": 12, "w": 43.07763671875}, {"x": 138, "y": 795, "h": 12, "w": 45.5322265625}, {"x": 143, "y": 829, "h": 12, "w": 41.24072265625}, {"x": 141, "y": 863, "h": 12, "w": 42.4599609375}, {"x": 138, "y": 897, "h": 12, "w": 45.123046875}, {"x": 143, "y": 931, "h": 12, "w": 39.765625}, {"x": 149, "y": 965, "h": 12, "w": 33.640625}, {"x": 154, "y": 1000, "h": 12, "w": 30.2353515625}, {"x": 142, "y": 1034, "h": 12, "w": 41.68994140625}, {"x": 138, "y": 1068, "h": 12, "w": 45.34228515625}, {"x": 147, "y": 1102, "h": 12, "w": 36.078125}, {"x": 137, "y": 1136, "h": 12, "w": 47.17919921875}, {"x": 122, "y": 1170, "h": 12, "w": 61.15625}, {"x": 113, "y": 1204, "h": 12, "w": 71.04296875}, {"x": 146, "y": 1238, "h": 12, "w": 37.572265625}, {"x": 156, "y": 1272, "h": 12, "w": 27.78076171875}], "values": ["Poland", "Turkey *", "Italy", "France", "Germany", "Hungary", "Spain", "Romania", "United Kingdom", "Austria", "Serbia *", "Greece", "Belgium **", "Netherlands", "Portugal", "Switzerland", "Czechia", "North Macedonia", "Bosnia and Herzegovina\n***", "Albania *", "Croatia", "Slovenia", "Lithuania", "Bulgaria", "Slovakia", "Denmark", "Sweden", "Ireland", "Latvia", "Kosovo*", "Norway *", "Finland", "Cyprus **", "Luxembourg", "Montenegro **", "Estonia", "Malta"]}, "label": {}}}, "models": [{"name": {}, "bboxes": [{"x": 195, "y": 40, "w": 457, "h": 24}, {"x": 195, "y": 74, "w": 346, "h": 24}, {"x": 195, "y": 108, "w": 280, "h": 24}, {"x": 195, "y": 142, "w": 204, "h": 24}, {"x": 195, "y": 176, "w": 137, "h": 24}, {"x": 195, "y": 210, "w": 77, "h": 24}, {"x": 195, "y": 244, "w": 64, "h": 24}, {"x": 195, "y": 278, "w": 63, "h": 24}, {"x": 195, "y": 312, "w": 57, "h": 24}, {"x": 195, "y": 346, "w": 44, "h": 24}, {"x": 195, "y": 380, "w": 43, "h": 24}, {"x": 195, "y": 414, "w": 32, "h": 24}, {"x": 195, "y": 448, "w": 31, "h": 24}, {"x": 195, "y": 482, "w": 31, "h": 24}, {"x": 195, "y": 516, "w": 31, "h": 24}, {"x": 195, "y": 550, "w": 19, "h": 24}, {"x": 195, "y": 585, "w": 17, "h": 24}, {"x": 195, "y": 619, "w": 16, "h": 24}, {"x": 195, "y": 653, "w": 13, "h": 24}, {"x": 195, "y": 687, "w": 11, "h": 24}, {"x": 195, "y": 721, "w": 10, "h": 24}, {"x": 195, "y": 755, "w": 10, "h": 24}, {"x": 195, "y": 789, "w": 9, "h": 24}, {"x": 195, "y": 823, "w": 6, "h": 24}, {"x": 195, "y": 857, "w": 5, "h": 24}, {"x": 195, "y": 891, "w": 4, "h": 24}, {"x": 195, "y": 925, "w": 3, "h": 24}, {"x": 195, "y": 959, "w": 2, "h": 24}, {"x": 195, "y": 993, "w": 2, "h": 24}, {"x": 195, "y": 1027, "w": 2, "h": 24}, {"x": 195, "y": 1061, "w": 1, "h": 24}, {"x": 195, "y": 1095, "w": 1, "h": 24}, {"x": 195, "y": 1129, "w": 0, "h": 24}, {"x": 195, "y": 1163, "w": 0, "h": 24}, {"x": 195, "y": 1198, "w": 0, "h": 24}, {"x": 195, "y": 1232, "w": 0, "h": 24}, {"x": 195, "y": 1266, "w": 0, "h": 24}], "x": ["Poland", "Turkey *", "Italy", "France", "Germany", "Hungary", "Spain", "Romania", "United Kingdom", "Austria", "Serbia *", "Greece", "Belgium **", "Netherlands", "Portugal", "Switzerland", "Czechia", "North Macedonia", "Bosnia and Herzegovina\n***", "Albania *", "Croatia", "Slovenia", "Lithuania", "Bulgaria", "Slovakia", "Denmark", "Sweden", "Ireland", "Latvia", "Kosovo*", "Norway *", "Finland", "Cyprus **", "Luxembourg", "Montenegro **", "Estonia", "Malta"], "y": ["3 999.52", "3 032", "2 449.09", "1 781.93", "1 198.52", "674.53", "562.95", "548.09", "502.7", "387.95", "378.64", "282.8", "273.95", "269.1", "267.44", "167.11", "151.53", "140.3", "112.51", "96.3", "88.72", "86.59", "80.68", "50.3", "43.93", "32.65", "30.61", "20.14", "13.9", "13.2", "12.66", "7.2", "3.77", "2.08", "1.69", "1.64", "0.02"], "colors": ["#2876dd", "#2876dd", "#2876dd", "#2876dd", "#2876dd", "#2876dd", "#2876dd", "#2876dd", "#2876dd", "#2876dd", "#2876dd", "#2876dd", "#2876dd", "#2876dd", "#2876dd", "#2876dd", "#2876dd", "#2876dd", "#2876dd", "#2876dd", "#2876dd", "#2876dd", "#2876dd", "#2876dd", "#2876dd", "#2876dd", "#2876dd", "#2876dd", "#2876dd", "#2876dd", "#2876dd", "#2876dd", "#2876dd", "#2876dd", "#2876dd", "#2876dd", "#2876dd"], "labels": ["Poland", "Turkey *", "Italy", "France", "Germany", "Hungary", "Spain", "Romania", "United Kingdom", "Austria", "Serbia *", "Greece", "Belgium **", "Netherlands", "Portugal", "Switzerland", "Czechia", "North Macedonia", "Bosnia and Herzegovina\n***", "Albania *", "Croatia", "Slovenia", "Lithuania", "Bulgaria", "Slovakia", "Denmark", "Sweden", "Ireland", "Latvia", "Kosovo*", "Norway *", "Finland", "Cyprus **", "Luxembourg", "Montenegro **", "Estonia", "Malta"]}], "type": "h_bar"}